text_sample,actual_class,ttr,tree_depth,adj_noun_ratio,flesch_kincaid,semicolon_density,comma_density,pred_tier_a_xgb,pred_tier_b_ffnn,pred_tier_c_transformer,all_correct,deceptive_sample
"The history of political movements demonstrates a consistent reliance on psychological manipulation to achieve widespread support. Consider propaganda during wartime – not merely disseminating information, but crafting narratives designed to evoke specific emotional responses: fear, patriotism, or righteous anger. These appeals bypass rational thought, tapping into primal instincts and pre-existing biases. Modern political campaigns employ similar tactics, utilizing micro-targeting based on data analytics to deliver personalized messages that exploit individual anxieties and aspirations. The ethical implications are profound, raising questions about the very nature of informed consent and the potential for democratic processes to be subverted by emotionally charged rhetoric rather than reasoned debate.",ai_neutral,0.8942307692307693,8.6,0.5714285714285714,19.93914563106796,0.0,6.0,ai_neutral,ai_neutral,ai_neutral,True,False
"The remains of my poor sister had been brought round by the kitchen door, and, it being a point of Undertaking ceremony that the six bearers must be stifled and blinded under a horrible black velvet housing with a white border, the whole looked like a blind monster with twelve human legs, shuffling and blundering along, under the guidance of two keepers, the postboy and his comrade. The neighbourhood, however, highly approved of these arrangements, and we were much admired as we went through the village; the more youthful and vigorous part of the community making dashes now and then to cut us off, and lying in wait to intercept us at points of vantage.",human,0.7657657657657657,10.0,0.3461538461538461,24.07326086956522,1.0,10.0,ai_mimicked,human,human,False,False
"If you have not been mistaken here, I must have been in an error. Your superior knowledge of your sister must make the latter probable. If it be so, if I have been misled by such error to inflict pain on her, your resentment has not been unreasonable. But I shall not scruple to assert, that the serenity of your sister's countenance and air was such as might have given the most acute observer a conviction that, however amiable her temper, her heart was not likely to be easily touched. That I was desirous of believing her indifferent is certain; but I will venture to say that my investigations and decisions are not usually influenced by my hopes or fears.",human,0.6578947368421053,5.8,0.631578947368421,11.568333333333335,1.0,6.0,human,human,human,True,False
"Mrs. Hawthorne, a woman whose judgment, though frequently exercised upon matters of little consequence, was rarely mistaken in assessing the value of a connection, observed with a knowing glance the arrival of the new curate’s wife. It was not her modest gown, nor her unassuming manner, that drew Mrs. Hawthorne’s attention, but rather the distinct lack of family portraits adorning the carriage. A clergyman, yes, and therefore respectable, but a clergyman *without* lineage? Such a circumstance spoke volumes. One could scarcely expect a gentleman of established breeding to associate with those whose roots were so…tenuous. The consequence, she predicted with a certainty born of long observation, would be a gradual, yet inexorable, exclusion from the best houses in the parish, a fate she considered most regrettable, though entirely deserved.",ai_mimicked,0.7916666666666666,6.666666666666667,0.46875,12.178538205980068,0.0,16.0,ai_mimicked,ai_mimicked,ai_mimicked,True,False
"Imagine a life where every interaction feels performative, a carefully constructed facade masking an underlying emptiness. This is the reality for many experiencing chronic social isolation. It’s not necessarily a lack of *opportunities* for connection, but a crippling fear of vulnerability, a belief that authentic self-expression will lead to rejection. This fear often stems from past experiences of trauma, bullying, or social exclusion, creating a self-perpetuating cycle. Breaking free requires cultivating self-compassion, challenging negative thought patterns, and gradually taking small risks to rebuild trust in others. Therapy, support groups, and mindful practices can provide valuable tools for navigating these complex emotional landscapes.",ai_neutral,0.8888888888888888,5.666666666666667,0.4166666666666667,16.14392156862745,0.0,10.0,ai_neutral,ai_neutral,ai_neutral,True,False
"It was the afternoon coach by which I had taken my place, and, as winter had now come round, I should not arrive at my destination until two or three hours after dark. Our time of starting from the Cross Keys was two o'clock. I arrived on the ground with a quarter of an hour to spare, attended by the Avenger, if I may connect that expression with one who never attended on me if he could possibly help it. At that time it was customary to carry Convicts down to the dock-yards by stage-coach. As I had often heard of them in the capacity of outside passengers, and had more than once seen them on the high road dangling their ironed legs over the coach roof, I had no cause to be surprised when Herbert, meeting me in the yard, came up and told me there were two convicts going down with me.",human,0.6778523489932886,7.2,0.2592592592592592,12.12979220779221,0.0,9.0,human,human,human,True,False
"Society has claims on us all; and I profess myself one of those who consider intervals of recreation and amusement as desirable for everybody.” Elizabeth's spirits were so high on the occasion, that though she did not often speak unnecessarily to Mr. Collins, she could not help asking him whether he intended to accept Mr. Bingley's invitation, and if he did, whether he would think it proper to join in the evening's amusement; and she was rather surprised to find that he entertained no scruple whatever on that head, and was very far from dreading a rebuke, either from the Archbishop or Lady Catherine de Bourgh, by venturing to dance.",human,0.75,11.5,0.3076923076923077,14.229545454545455,2.0,7.0,human,human,human,True,False
"We exchanged a cordial good-night, and I went home, with new matter for my thoughts, though with no relief from the old. Putting Miss Havisham's note in my pocket, that it might serve as my credentials for so soon reappearing at Satis House, in case her waywardness should lead her to express any surprise at seeing me, I went down again by the coach next day. But I alighted at the Halfway House, and breakfasted there, and walked the rest of the distance; for I sought to get into the town quietly by the unfrequented ways, and to leave it in the same manner.",human,0.74,8.0,0.4117647058823529,13.247307692307691,1.0,9.0,human,human,human,True,False
"One frequently encounters the assertion that merit alone should dictate a person’s standing in society, a sentiment which, whilst undeniably pleasing to the ear, bears little resemblance to the realities of human behaviour. Observe, for instance, the plight of Mr. Thornton, a man of undeniable intellect and industry, yet perpetually excluded from the more exclusive circles of the county. His father, a humble apothecary, had amassed a considerable fortune, but this, rather than elevating the family, seemed only to serve as a constant reminder of their origins. It is a curious paradox, is it not, that those who strive to improve their condition through honest endeavour are often met with a resistance born not of disapproval of their efforts, but of a deep-seated anxiety regarding the disruption of the established order.",ai_mimicked,0.7886178861788617,10.5,0.3548387096774194,15.795938931297712,0.0,15.0,ai_mimicked,ai_mimicked,ai_mimicked,True,False
"Consider, if you will, the nursery – a chamber ostensibly dedicated to joy and burgeoning life – and observe how closely it borders upon the shadow of the grave. A child’s fleeting illness, a feverish flush upon a rosy cheek, and suddenly the delicate balance is disturbed, the laughter stilled. Mrs. Featherstonehaugh, a woman of considerable fortune but little fortitude, found herself thus afflicted, watching her youngest, little Cecil, succumb to a complaint the physician vaguely termed “a weakness of the lungs.” The irony, of course, was not lost upon her; to amass wealth, to secure comfort, only to be rendered powerless before the simple, brutal fact of mortality. It is a truth that haunts the gilded cage as surely as it does the workhouse door, a constant, unwelcome guest at every feast.",ai_mimicked,0.7704918032786885,8.8,0.4193548387096774,13.724183206106872,1.0,17.0,ai_mimicked,ai_mimicked,ai_mimicked,True,False
"Consider the carefully curated image of success presented on social media. This constant bombardment of aspirational lifestyles doesn’t just inspire; it actively obscures the realities of economic struggle for many. Class consciousness, in the digital age, is increasingly about deconstructing these illusions. It’s recognizing that the “self-made” narrative often ignores the privileges and advantages that paved the way. It’s about critically analyzing the algorithms that reinforce existing inequalities and the marketing strategies that exploit insecurities. This form of awareness requires a deliberate effort to seek out alternative perspectives and challenge the dominant cultural narratives that perpetuate class divisions. It’s a constant process of unlearning and re-evaluation.",ai_neutral,0.7547169811320755,6.857142857142857,0.375,15.474204851752024,1.0,2.0,ai_neutral,ai_neutral,ai_neutral,True,False
"Ultimately, the debate surrounding gender roles isn’t about eliminating differences between people, but about dismantling power imbalances. Historically, the assignment of roles has been intrinsically linked to systems of oppression, with masculinity often equated with dominance and femininity with subservience. This hierarchy has justified discrimination and violence against those who don’t conform. Moving forward requires a critical examination of these power dynamics and a commitment to creating a society where all individuals, regardless of gender identity, have equal opportunities and are treated with dignity and respect. This necessitates not just individual changes in attitude, but systemic reforms in laws, policies, and institutions.",ai_neutral,0.7878787878787878,7.0,0.1111111111111111,18.62678431372549,0.0,9.0,ai_neutral,ai_neutral,ai_neutral,True,False
"But he found, in reply to this question, that Wickham still cherished the hope of more effectually making his fortune by marriage, in some other country. Under such circumstances, however, he was not likely to be proof against the temptation of immediate relief. They met several times, for there was much to be discussed. Wickham, of course, wanted more than he could get; but at length was reduced to be reasonable. Everything being settled between them, Mr. Darcy's next step was to make your uncle acquainted with it, and he first called in Gracechurch Street the evening before I came home.",human,0.79,6.0,0.5625,8.266089108910894,1.0,10.0,human,human,human,True,False
"There exists, amongst the more charitable souls, a notion that poverty is a moral failing, a consequence of idleness or intemperance. A convenient fiction, I submit, for those who benefit from the existing order. Observe, however, the tireless industry of the match girls, toiling in conditions that would shame a beast, earning a pittance barely sufficient to sustain life. Or the ragged newsboys, hawking their wares in the streets from dawn till dusk, their small hands numb with cold. Are these individuals lacking in virtue? Nay, they are victims of a system that exploits their desperation, that values profit above human dignity. To blame the afflicted for their suffering is a cruelty surpassing even the harshest winter gale.",ai_mimicked,0.7889908256880734,6.571428571428571,0.2571428571428571,10.084285714285716,0.0,13.0,ai_mimicked,ai_mimicked,ai_mimicked,True,False
"I hope and do not doubt it will be agreeable to see him, even though a gentleman, for you had ever a good heart, and he is a worthy, worthy man. I have read him all, excepting only the last little sentence, and he wishes me most particular to write again what larks.” I received this letter by the post on Monday morning, and therefore its appointment was for next day. Let me confess exactly with what feelings I looked forward to Joe's coming. Not with pleasure, though I was bound to him by so many ties; no; with considerable disturbance, some mortification, and a keen sense of incongruity.",human,0.79,6.2,0.6875,9.908330275229355,2.0,10.0,human,human,human,True,False
"Observe, if you will, the nursery of Mrs. Grimalkin, a boarding establishment of decidedly dubious repute. Within those walls, painted a sickly shade of green and smelling faintly of mildew and despair, resided a collection of small, forlorn creatures, each a testament to the casual cruelty of fate. Young Master Cecil, though born to privilege, was utterly bereft of affection, his days measured not in laughter but in the rigid schedule imposed by a governess whose heart appeared to have been long since frozen. His vulnerability lay not in poverty, but in isolation, in the suffocating weight of expectation, and in the chilling realization that wealth could not purchase a single genuine embrace. A gilded cage, indeed, but a cage nonetheless.",ai_mimicked,0.7699115044247787,7.6,0.4516129032258064,11.779132231404962,0.0,15.0,ai_mimicked,ai_mimicked,ai_mimicked,True,False
"Joe offered no answer, poor fellow, but stood feeling his whisker and looking dejectedly at me, as if he thought it really might have been a better speculation. It was a trial to my feelings, on the next day but one, to see Joe arraying himself in his Sunday clothes to accompany me to Miss Havisham's. However, as he thought his court-suit necessary to the occasion, it was not for me to tell him that he looked far better in his working-dress; the rather, because I knew he made himself so dreadfully uncomfortable, entirely on my account, and that it was for me he pulled up his shirt-collar so very high behind, that it made the hair on the crown of his head stand up like a tuft of feathers.",human,0.6511627906976745,7.333333333333333,0.2857142857142857,17.920769230769235,1.0,11.0,human,human,human,True,False
"The cobbled streets, slick with a perpetual dampness, mirrored the shadowed corners of young Timothy’s heart, a heart scarcely warmed by the meagre comforts afforded him by a world too vast and indifferent to notice its fluttering. He was a wisp of a lad, scarcely seven years of age, yet already burdened with a knowledge no child ought possess – the gnawing ache of hunger, the chilling fear of the workhouse, and the hollow echo of a mother’s vanished smile. One observed him, a fleeting figure amongst the bustling throng, and understood, without need of spoken word, that vulnerability was not merely a state of being, but a garment woven of threadbare hope and constant apprehension, clinging to him like the grime of the city itself. It was a fragility that invited exploitation, a silent plea lost in the cacophony of London’s relentless advance.",ai_mimicked,0.7480916030534351,8.25,0.375,16.67138111888112,0.0,14.0,ai_mimicked,ai_mimicked,ai_mimicked,True,False
"I should infinitely prefer a book.” But of this answer Lydia heard not a word. She seldom listened to anybody for more than half a minute, and never attended to Mary at all. In the afternoon Lydia was urgent with the rest of the girls to walk to Meryton, and see how everybody went on; but Elizabeth steadily opposed the scheme. It should not be said, that the Miss Bennets could not be at home half a day before they were in pursuit of the officers. There was another reason, too, for her opposition. She dreaded seeing Wickham again, and was resolved to avoid it as long as possible.",human,0.7307692307692307,5.857142857142857,0.2142857142857142,7.803958060288338,1.0,6.0,human,human,human,True,False
"It is a truth universally acknowledged, that a single woman with a moderate fortune must be in want of a husband – or, at least, subjected to the relentless machinations of those who believe she ought to be. Yet, the pursuit of a suitable establishment is rarely a matter of simple necessity, but rather a complex negotiation of family expectations, personal inclinations, and, most crucially, the delicate balance of power inherent in the marriage market. Miss Eleanor Ainsworth, for instance, possessed a competence sufficient to render her independent, yet found herself besieged by gentlemen whose attentions were less focused on her person than upon the security her funds might afford. One cannot but observe the subtle, and not-so-subtle, calculations that underpin these connections, a world where affection is frequently a fortunate, rather than a foundational, element.",ai_mimicked,0.8015873015873016,10.0,0.5161290322580645,18.899907407407408,0.0,17.0,ai_mimicked,ai_mimicked,ai_mimicked,True,False
"The persistent idea that social class is solely determined by individual choices ignores the powerful influence of intergenerational wealth and systemic disadvantage. Consider the seemingly simple act of homeownership: for many, it’s the primary means of building equity. However, historical and ongoing discriminatory housing practices – redlining, restrictive covenants – have systematically denied opportunities for wealth accumulation to communities of color, effectively locking generations into cycles of poverty. This isn’t a matter of poor financial decisions; it’s a consequence of deliberate policies designed to maintain existing power structures. Consequently, focusing solely on individual responsibility overlooks the structural impediments that prevent equitable access to resources and opportunities, reinforcing existing inequalities.",ai_neutral,0.7904761904761904,6.4,0.5428571428571428,21.428897196261683,1.0,6.0,ai_neutral,ai_neutral,ai_neutral,True,False
"It plaited itself into whatever I thought of, as a bodily pain would have done. Not long before, I had read in the newspapers, how a gentleman unknown had come to the Hummums in the night, and had gone to bed, and had destroyed himself, and had been found in the morning weltering in blood. It came into my head that he must have occupied this very vault of mine, and I got out of bed to assure myself that there were no red marks about; then opened the door to look out into the passages, and cheer myself with the companionship of a distant light, near which I knew the chamberlain to be dozing.",human,0.6944444444444444,7.333333333333333,0.2777777777777778,15.059130434782611,1.0,9.0,human,human,human,True,False
"Is the pursuit of a life partner truly diminishing in importance, or is it simply evolving beyond traditional expectations? Contemporary marriage prospects are increasingly shaped by economic realities; student loan debt, housing costs, and career instability often delay or deter commitment. Beyond finances, shifting societal norms prioritize individual fulfillment and self-discovery, leading many to postpone marriage indefinitely while focusing on personal growth. The rise of cohabitation and long-term partnerships without legal binding further complicates the landscape. While romantic love remains a powerful motivator, pragmatic considerations – shared values, emotional maturity, and mutual life goals – are gaining prominence as essential components of a successful, lasting union. The ‘checklist’ approach, though sometimes criticized, reflects a desire for stability in an uncertain world.",ai_neutral,0.8632478632478633,6.166666666666667,0.4186046511627907,17.529873949579834,1.0,11.0,ai_neutral,ai_neutral,ai_neutral,True,False
"She turned her face to me for the first time since she had averted it, and, to my amazement, I may even add to my terror, dropped on her knees at my feet; with her folded hands raised to me in the manner in which, when her poor heart was young and fresh and whole, they must often have been raised to heaven from her mother's side. To see her with her white hair and her worn face kneeling at my feet gave me a shock through all my frame. I entreated her to rise, and got my arms about her to help her up; but she only pressed that hand of mine which was nearest to her grasp, and hung her head over it and wept.",human,0.6370967741935484,9.0,0.3809523809523809,14.392440944881894,2.0,8.0,human,human,human,True,False
"Mrs. Featherstonehaugh, a woman whose pronouncements on the subject of eligibility were invariably delivered with the air of one dispensing profound wisdom, declared to Miss Bingley, over a particularly delicate cup of tea, that “it is not enough to *be* born well, my dear, one must *act* well also.” And indeed, the observation held a certain truth. For while birth conferred advantage, it did not guarantee success in the intricate game of society. A family might boast an ancient lineage, yet a single scandal – a dissipated son, a gambling husband, a daughter’s imprudent attachment – could swiftly erode generations of carefully constructed prestige. The maintenance of social rank, therefore, demanded a constant vigilance, a meticulous adherence to established norms, and a willingness to sacrifice personal inclination upon the altar of public perception.",ai_mimicked,0.8416666666666667,7.2,0.4285714285714285,16.15624427480916,0.0,15.0,ai_mimicked,ai_mimicked,ai_mimicked,True,False
"It is a melancholy truth, and one too often overlooked in the bustling pursuit of commerce and respectability, that the tenderest blossoms are frequently those most exposed to the harsh winds of circumstance. Observe young Timothy, for instance, a lad scarcely seven years of age, yet already burdened with a responsibility no child ought to bear – the care of a widowed mother and a gaggle of younger siblings. His face, though still bearing the faint vestiges of youthful mirth, is etched with a premature gravity, his eyes holding a knowingness that chills the heart. He trades scraps of collected coal for a crust of bread, his small hands roughened beyond their years, a miniature man forced to navigate a world designed for giants, and one cannot help but wonder what dreams lie dormant within him, crushed beneath the weight of necessity.",ai_mimicked,0.7862595419847328,8.5,0.3333333333333333,15.98303191489362,0.0,12.0,ai_mimicked,ai_mimicked,ai_mimicked,True,False
"It was not that I knew I could never bear to speak to him about her, that I knew I could never bear to hear him creak his boots at her, that I knew I could never bear to see him wash his hands of her; it was, that my admiration should be within a foot or two of him, it was, that my feelings should be in the same place with him, that, was the agonizing circumstance. We played until nine o'clock, and then it was arranged that when Estella came to London I should be forewarned of her coming and should meet her at the coach; and then I took leave of her, and touched her and left her.",human,0.5178571428571429,9.0,0.2,21.852933884297524,2.0,9.0,human,human,human,True,False
"“It is all very well to speak of merit,” declared Sir Thomas Bertram, adjusting his spectacles with an air of profound wisdom, “but merit, without the sanction of birth, is a precarious foundation upon which to build a life.” His words, though delivered with characteristic pomposity, contained a grain of uncomfortable truth. For whilst sensibility and good sense were undoubtedly desirable qualities, they were rarely sufficient to overcome the barriers erected by generations of privilege. A young man of talent, lacking the advantages of a noble lineage, might achieve a degree of professional success, but he would invariably find himself excluded from the inner circles of power and influence. The subtle slights, the veiled condescension – these were the constant reminders of his inferior status.",ai_mimicked,0.7796610169491526,7.0,0.46875,15.017483870967745,0.0,12.0,ai_mimicked,ai_mimicked,ai_mimicked,True,False
"Down to that moment, I had vainly supposed that my creditor had withdrawn, or suspended proceedings until I should be quite recovered. I had never dreamed of Joe's having paid the money; but Joe had paid it, and the receipt was in his name. What remained for me now, but to follow him to the dear old forge, and there to have out my disclosure to him, and my penitent remonstrance with him, and there to relieve my mind and heart of that reserved Secondly, which had begun as a vague something lingering in my thoughts, and had formed into a settled purpose?",human,0.6836734693877551,7.333333333333333,0.3076923076923077,13.724271844660198,1.0,9.0,human,human,human,True,False
"The rise of digital connectivity, paradoxically, appears to be fueling a growing epidemic of social isolation. While platforms promise connection, they often deliver curated performances of self, fostering comparison and a sense of inadequacy. Scrolling through endless feeds of seemingly perfect lives can exacerbate feelings of loneliness, creating a distorted perception of social reality. Furthermore, online interactions frequently lack the nuanced nonverbal cues crucial for building genuine rapport. This isn’t to demonize technology, but to acknowledge its potential to *simulate* connection without providing the deep, empathetic bonds humans require. A mindful approach to digital engagement, prioritizing real-world interactions, is essential to counteract this trend.",ai_neutral,0.8217821782178217,6.666666666666667,0.5806451612903226,16.47192307692308,0.0,10.0,ai_neutral,ai_neutral,ai_neutral,True,False
"This son was to join in cutting off the entail, as soon as he should be of age, and the widow and younger children would by that means be provided for. Five daughters successively entered the world, but yet the son was to come; and Mrs. Bennet, for many years after Lydia's birth, had been certain that he would. This event had at last been despaired of, but it was then too late to be saving. Mrs. Bennet had no turn for economy; and her husband's love of independence had alone prevented their exceeding their income. Five thousand pounds was settled by marriage articles on Mrs. Bennet and the children.",human,0.6545454545454545,6.4,0.2272727272727272,7.165844155844159,2.0,6.0,human,human,human,True,False
"Imagine a world where competence, kindness, and creativity are valued regardless of gender. This isn’t a utopian fantasy, but a practical goal achievable through deliberate societal shifts. The current system, predicated on outdated notions of gender roles, actively wastes human potential. By encouraging boys to embrace vulnerability and emotional intelligence, and girls to pursue STEM fields and leadership opportunities, we unlock a wider range of skills and perspectives. This benefits everyone, fostering innovation, empathy, and a more balanced and fulfilling society. The focus should be on individual strengths and passions, not predetermined expectations based on assigned gender.",ai_neutral,0.8260869565217391,6.5,0.40625,14.80159793814433,0.0,11.0,ai_neutral,ai_neutral,ai_neutral,True,False
"Mrs. Featherstonehaugh, a woman whose pronouncements on the subject of eligible connections were considered law within her circle, declared with a sniff that “it is not merely *having* money, my dear, but *knowing* what to do with it.” This sentiment, though delivered with characteristic bluntness, contained a kernel of profound truth. The merely wealthy, those who had acquired their fortunes through trade or colonial enterprise, were often viewed with a suspicion bordering on contempt by the landed gentry. Their manners, their tastes, their very understanding of propriety were deemed deficient, lacking the refinement born of generations spent in the pursuit of leisure and the cultivation of the arts. To marry into such a family, however advantageous financially, risked a dilution of one’s own social capital, a descent into vulgarity from which recovery might prove impossible.",ai_mimicked,0.8046875,8.6,0.3142857142857143,15.480740740740742,0.0,14.0,ai_mimicked,ai_mimicked,ai_mimicked,True,False
"“Man is born free, and everywhere he is in chains,” Rousseau famously wrote, and this observation remains startlingly relevant when examining the role of consumer culture in social control. Advertising, marketing, and the relentless pursuit of novelty don’t simply sell products; they cultivate desires, anxieties, and a sense of inadequacy that can only be alleviated through consumption. This creates a cycle of dependence, where individuals are perpetually striving to attain an elusive ideal presented by external forces. The freedom to choose feels illusory when those choices are pre-defined and heavily influenced by commercial interests. This form of control is particularly insidious because it’s often perceived as empowering – we *choose* to buy these things – obscuring the underlying manipulation.",ai_neutral,0.8017241379310345,7.8,0.3793103448275862,16.430017094017092,1.0,8.0,ai_neutral,ai_neutral,ai_neutral,True,False
"From a purely evolutionary perspective, social expectations served a vital purpose. Early human survival depended on cooperation and adherence to group norms; deviation could mean ostracism and, potentially, death. While the stakes are considerably lower in contemporary society, this deeply ingrained need for belonging continues to drive our behavior. We are, fundamentally, social creatures, wired to seek approval and avoid rejection. This explains why even seemingly minor transgressions against social etiquette can trigger anxiety. The challenge lies in balancing this innate drive with a critical awareness of which expectations are genuinely beneficial – promoting empathy and respect – and which are simply arbitrary constraints hindering personal growth and societal progress.",ai_neutral,0.819047619047619,7.0,0.5161290322580645,16.122592592592593,1.0,7.0,ai_neutral,ai_neutral,ai_neutral,True,False
"The insidious nature of this influence lies not merely in the act itself, but in its very invisibility. It is a fog that creeps into the mind, obscuring judgment and distorting perception. Think upon the mesmerist, flourishing in fashionable society, claiming to command the very thoughts of his subjects! Though many dismiss such displays as mere trickery, the underlying principle – the power of one mind to dominate another – is profoundly disturbing. For if a charlatan can achieve such an effect through theatrical artifice, what then of those who possess a more subtle, a more deeply ingrained talent for persuasion? The question haunts the discerning observer, suggesting a fragility within us all, a susceptibility to forces we scarcely comprehend.",ai_mimicked,0.8125,6.5,0.4074074074074074,12.980000000000004,0.0,9.0,ai_neutral,ai_mimicked,ai_mimicked,False,False
"As a clergyman, moreover, I feel it my duty to promote and establish the blessing of peace in all families within the reach of my influence; and on these grounds I flatter myself that my present overtures of good-will are highly commendable, and that the circumstance of my being next in the entail of Longbourn estate will be kindly overlooked on your side, and not lead you to reject the offered olive branch. I cannot be otherwise than concerned at being the means of injuring your amiable daughters, and beg leave to apologize for it, as well as to assure you of my readiness to make them every possible amends; but of this hereafter.",human,0.6846846846846847,11.5,0.2608695652173913,24.65052631578948,2.0,6.0,human,human,human,True,False
"It is a truth universally acknowledged, that a single fortune, however modest, must be the object of every young woman of good family; yet, the manner in which such a fortune is *acquired* often dictates its social consequence with a precision exceeding even the most rigid rules of the establishment. Miss Penrose, for instance, possessed a comfortable income derived from a distant relation, a circumstance which rendered her eligible, certainly, but not entirely welcome in circles where lineage was prized above all else. Her manners, though perfectly correct, lacked the effortless grace born of generations accustomed to privilege, and a certain eagerness in her conversation betrayed a consciousness of her own somewhat precarious position. One could observe, with a degree of melancholy, how readily society assigns value not to the person, but to the accident of birth, and how difficult it proves to overcome such deeply ingrained prejudice, even with the most amiable disposition.",ai_mimicked,0.7638888888888888,8.75,0.5142857142857142,20.343181818181822,1.0,17.0,ai_mimicked,ai_mimicked,ai_mimicked,True,False
"Reflect, if you will, upon the humble street musician, his melody a plaintive cry lost amidst the clamor of the city. He stands upon a corner, pouring his heart into a tune, yet rarely receiving more than a fleeting glance or a carelessly tossed coin. His isolation is not one of wealth or social standing, but of recognition – a profound sense of being unseen, unheard, unvalued. He is a ghost in the machine, a fleeting shadow in the grand procession of life. And yet, within that solitary performance lies a poignant beauty, a testament to the enduring human need to express, to connect, even in the face of utter indifference. It is a loneliness born not of choice, but of circumstance, and all the more heartbreaking for its quiet dignity.",ai_mimicked,0.7394957983193278,7.166666666666667,0.5517241379310345,10.923076923076923,0.0,15.0,ai_mimicked,ai_mimicked,ai_mimicked,True,False
"It is a peculiar habit of humankind, is it not, to build monuments to those already departed, grand testaments in stone and marble, whilst neglecting the living who stand in desperate need of succour? The newly erected memorial to Sir Reginald Blount, a man remembered more for his ruthless ambition than his charitable deeds, loomed over the marketplace, a cold and imposing structure. Yet, just beyond its shadow, a widow and her children begged for scraps, their plight utterly ignored by the gentlemen admiring the sculptor’s skill. Such displays are a hollow mockery, a vain attempt to defy the natural order, to cheat time of its victory. Better, surely, to offer a loaf of bread to the hungry than to carve an epitaph for the dead.",ai_mimicked,0.773109243697479,8.2,0.4193548387096774,12.593555555555556,0.0,14.0,ai_mimicked,ai_mimicked,ai_mimicked,True,False
"The promised letter of thanks from Mr. Collins arrived on Tuesday, addressed to their father, and written with all the solemnity of gratitude which a twelve-month's abode in the family might have prompted. After discharging his conscience on that head, he proceeded to inform them, with many rapturous expressions, of his happiness in having obtained the affection of their amiable neighbour, Miss Lucas, and then explained that it was merely with the view of enjoying her society that he had been so ready to close with their kind wish of seeing him again at Longbourn, whither he hoped to be able to return on Monday fortnight; for Lady Catherine, he added, so heartily approved his marriage, that she wished it to take place as soon as possible, which he trusted would be an unanswerable argument with his amiable Charlotte to name an early day for making him the happiest of men.",human,0.695364238410596,14.5,0.4583333333333333,22.404238410596022,1.0,12.0,human,human,human,True,False
"Observing the contemporary landscape, it’s clear that social class increasingly intersects with other forms of identity, creating compounded disadvantages. The experience of being a woman of color from a low-income background, for example, is qualitatively different from that of a white man from the same socioeconomic strata. Intersectional inequalities mean that individuals face multiple layers of discrimination, limiting their opportunities and exacerbating existing vulnerabilities. Ignoring these complexities risks implementing solutions that address only one facet of the problem, leaving many behind. A truly equitable society requires acknowledging and actively dismantling the interconnected systems of oppression that perpetuate social stratification.",ai_neutral,0.8125,7.4,0.5357142857142857,19.90371717171717,0.0,6.0,ai_neutral,ai_neutral,ai_neutral,True,False
"The white vapour of the kiln was passing from us as we went by, and as I had thought a prayer before, I thought a thanksgiving now. Entreating Herbert to tell me how he had come to my rescue, which at first he had flatly refused to do, but had insisted on my remaining quiet, I learnt that I had in my hurry dropped the letter, open, in our chambers, where he, coming home to bring with him Startop whom he had met in the street on his way to me, found it, very soon after I was gone. Its tone made him uneasy, and the more so because of the inconsistency between it and the hasty letter I had left for him.",human,0.6956521739130435,8.666666666666666,0.3846153846153846,15.461788617886182,0.0,12.0,human,human,human,True,False
"Imagine a complex ecosystem – a forest, a coral reef. Power isn’t a singular entity held by one organism, but a constantly shifting web of relationships. A large tree exerts power through its size and access to sunlight, but it’s also dependent on the fungi in the soil and the insects that pollinate its flowers. Similarly, human power dynamics are rarely linear. A manager may have authority over their team, but they are simultaneously influenced by upper management, market forces, and the expertise of their employees. Understanding this interconnectedness is vital. Attempts to exert absolute control are often counterproductive, as they disrupt the delicate balance of the system and create unintended consequences. Effective leadership acknowledges this interdependence and fosters collaborative relationships.",ai_neutral,0.7876106194690266,5.875,0.3947368421052631,13.565000000000005,0.0,8.0,ai_neutral,ai_neutral,ai_neutral,True,False
"The present age, it seems, places an undue emphasis upon outward appearances, a tendency which, whilst not entirely novel, has reached a pitch of refinement bordering on the absurd. One observes it particularly in the arrangements of a drawing-room, where the costliness of the furniture and the profusion of ornaments are deemed far more significant than the comfort of those who are expected to occupy it. Is it not a melancholy reflection that individuals should expend so much energy in cultivating a facade, whilst neglecting the cultivation of the mind? Such a preoccupation with the superficial suggests a profound insecurity, a desperate attempt to impress upon others – and perhaps upon themselves – a sense of consequence where none truly exists. The truly elegant, one might venture to suggest, require no such elaborate displays.",ai_mimicked,0.7419354838709677,8.4,0.4,15.534787878787878,0.0,10.0,ai_mimicked,ai_mimicked,ai_mimicked,True,False
"And then I told Joe that I felt very miserable, and that I hadn't been able to explain myself to Mrs. Joe and Pumblechook, who were so rude to me, and that there had been a beautiful young lady at Miss Havisham's who was dreadfully proud, and that she had said I was common, and that I knew I was common, and that I wished I was not common, and that the lies had come of it somehow, though I didn't know how. This was a case of metaphysics, at least as difficult for Joe to deal with as for me.",human,0.6333333333333333,8.5,2.75,12.494455445544556,0.0,9.0,human,human,human,True,False
"One might be tempted to believe that the chasm between rich and poor is simply a matter of differing fortunes, a natural consequence of individual merit and industry. But to entertain such a notion is to wilfully ignore the intricate web of circumstance, the inherited advantages, and the systemic barriers that conspire to perpetuate inequality. It is akin to admiring a magnificent rose whilst overlooking the festering compost heap from which it sprung. For every self-made man who rises through the ranks, there are a thousand others, equally deserving, whose potential is stifled by the weight of their origins. And until we acknowledge this fundamental truth, until we address the root causes of this injustice, we shall continue to witness a society fractured by resentment and despair, a society teetering on the brink of moral ruin.",ai_mimicked,0.7461538461538462,8.0,0.3125,15.841529411764707,0.0,9.0,ai_mimicked,ai_mimicked,ai_mimicked,True,False
"He is now, perhaps, sorry for what he has done, and anxious to re-establish a character. We must not make him desperate.” The tumult of Elizabeth's mind was allayed by this conversation. She had got rid of two of the secrets which had weighed on her for a fortnight, and was certain of a willing listener in Jane, whenever she might wish to talk again of either. But there was still something lurking behind, of which prudence forbade the disclosure. She dared not relate the other half of Mr. Darcy's letter, nor explain to her sister how sincerely she had been valued by his friend.",human,0.7572815533980582,5.833333333333333,0.4615384615384615,7.0047619047619065,0.0,7.0,human,human,human,True,False
"It came out that the whole of the back of the coach had been taken by a family removing from London, and that there were no places for the two prisoners but on the seat in front behind the coachman. Hereupon, a choleric gentleman, who had taken the fourth place on that seat, flew into a most violent passion, and said that it was a breach of contract to mix him up with such villainous company, and that it was poisonous, and pernicious, and infamous, and shameful, and I don't know what else. At this time the coach was ready and the coachman impatient, and we were all preparing to get up, and the prisoners had come over with their keeper, bringing with them that curious flavour of bread-poultice, baize, rope-yarn, and hearthstone, which attends the convict presence.",human,0.6666666666666666,8.666666666666666,0.3666666666666666,18.68188405797101,0.0,17.0,human,human,human,True,False
"Those two should pull a pair of oars, we settled, and I would steer; our charge would be sitter, and keep quiet; as speed was not our object, we should make way enough. We arranged that Herbert should not come home to dinner before going to Mill Pond Bank that evening; that he should not go there at all to-morrow evening, Tuesday; that he should prepare Provis to come down to some stairs hard by the house, on Wednesday, when he saw us approach, and not sooner; that all the arrangements with him should be concluded that Monday night; and that he should be communicated with no more in any way, until we took him on board.",human,0.6551724137931034,6.5,0.1764705882352941,22.35320512820513,6.0,9.0,human,human,human,True,False
"One might be tempted to believe that the grand institutions of our nation – the schools, the churches, the very Parliament itself – exist for the betterment of mankind, yet a closer inspection reveals a more calculating design. Consider the education imparted to the children of the working classes: not a fostering of critical thought, nor an encouragement of ambition, but a rote learning of obedience, a preparation for the unquestioning acceptance of their station. They are taught to read, yes, but to read only what is deemed suitable, to contemplate only what is permitted. And the sermons preached from the pulpits, however eloquent, often serve to reinforce the existing order, to remind the poor of their duties and the rich of their privileges. Thus, control is achieved not through brute force, but through the shaping of minds, the cultivation of a docile citizenry.",ai_mimicked,0.6764705882352942,7.6,0.3548387096774194,14.76487323943662,0.0,15.0,ai_mimicked,ai_mimicked,ai_mimicked,True,False
"Isn't it strange how often we categorize people based on what they *have* rather than who they *are*? Class consciousness, at its core, isn’t simply awareness of economic disparity; it’s the understanding of one’s position within a larger system of power, and how that position shapes lived experience. This realization often begins with noticing patterns – the subtle differences in opportunity, access, and even expectation based on socioeconomic background. It’s recognizing that individual struggles aren’t isolated incidents, but rather symptoms of systemic issues. Developing this consciousness can be uncomfortable, forcing a re-evaluation of personal beliefs and challenging the narratives of meritocracy. Ultimately, it’s a crucial step towards collective action and advocating for a more equitable society, moving beyond individual ambition to shared progress.",ai_neutral,0.7899159663865546,7.333333333333333,0.3611111111111111,16.907213114754096,1.0,9.0,ai_neutral,ai_neutral,ai_neutral,True,False
"Is the pursuit of a life partner truly diminishing in importance, or is it simply evolving? Contemporary societal shifts – increased financial independence for women, delayed milestones like homeownership, and the prevalence of diverse relationship structures – undeniably impact how individuals approach marital prospects. Where once marriage was often a financial or social necessity, it’s increasingly viewed as a choice predicated on emotional fulfillment and shared values. This doesn’t signal the *end* of marriage, but rather a recalibration of expectations. Potential partners are now assessed not just on their suitability for building a family or maintaining a household, but on their compatibility as intellectual peers, emotional supports, and co-creators of a meaningful life. The bar, in many ways, has been raised, leading to later marriages and a greater acceptance of alternative paths.",ai_neutral,0.7886178861788617,6.833333333333333,0.425,15.733846153846155,0.0,11.0,ai_neutral,ai_neutral,ai_neutral,True,False
"It is a melancholy truth, and one too often overlooked in the breathless pursuit of fortune, that the very act of *aspiring* to be someone else is, in itself, a defining characteristic. Observe Mr. Septimus Finch, a clerk of modest means, yet possessed of an ambition so vast it threatened to consume him. He affected the mannerisms of his betters, adopted a vocabulary far exceeding his station, and even, it was whispered, padded his waistcoat to appear more substantial. But this mimicry, this desperate striving for a borrowed identity, revealed not a lack of self, but a profound and yearning *need* for one. For even in imitation, a man declares himself – declares his dissatisfaction, his hopes, his peculiar and pitiable longing. He is, in short, defining himself *through* his artifice.",ai_mimicked,0.7131147540983607,6.166666666666667,0.4615384615384615,12.375384615384617,0.0,18.0,ai_mimicked,ai_mimicked,ai_mimicked,True,False
"He protested that, except Lady Catherine and her daughter, he had never seen a more elegant woman; for she had not only received him with the utmost civility, but had even pointedly included him in her invitation for the next evening, although utterly unknown to her before. Something, he supposed, might be attributed to his connection with them, but yet he had never met with so much attention in the whole course of his life. As no objection was made to the young people's engagement with their aunt, and all Mr. Collins's scruples of leaving Mr. and Mrs. Bennet for a single evening during his visit were most steadily resisted, the coach conveyed him and his five cousins at a suitable hour to Meryton; and the girls had the pleasure of hearing, as they entered the drawing-room, that Mr. Wickham had accepted their uncle's invitation, and was then in the house.",human,0.6644295302013423,7.666666666666667,0.3333333333333333,12.276655629139077,2.0,12.0,human,human,human,True,False
"But I saw that everything within my view which ought to be white, had been white long ago, and had lost its lustre and was faded and yellow. I saw that the bride within the bridal dress had withered like the dress, and like the flowers, and had no brightness left but the brightness of her sunken eyes. I saw that the dress had been put upon the rounded figure of a young woman, and that the figure upon which it now hung loose had shrunk to skin and bone. Once, I had been taken to see some ghastly waxwork at the Fair, representing I know not what impossible personage lying in state.",human,0.6261682242990654,6.25,0.5555555555555556,10.569092920353985,0.0,7.0,human,human,human,True,False
"Looking beyond individual circumstances, the very structure of modern economies often exacerbates social class divisions. The rise of the gig economy, for example, while offering flexibility, frequently lacks the benefits and security of traditional employment, disproportionately impacting those with fewer resources. Similarly, automation threatens to displace workers in low-skill jobs, potentially widening the gap between the highly skilled and the less skilled. These aren’t inevitable consequences of progress; they are policy choices. Investing in retraining programs, strengthening labor protections, and exploring alternative economic models – such as universal basic income – are vital steps towards mitigating these risks and creating a more equitable society.",ai_neutral,0.8431372549019608,6.4,0.5483870967741935,18.04835294117647,1.0,9.0,ai_neutral,ai_neutral,ai_neutral,True,False
"“We don’t need marriage to have a committed relationship,” a sentiment once radical, is now commonplace. This perspective doesn’t necessarily signal a rejection of marriage itself, but rather a re-evaluation of its necessity. For many, the legal and social implications of marriage feel outdated or irrelevant, while the financial and emotional risks associated with divorce are significant deterrents. Instead, couples are opting for long-term partnerships built on mutual respect, trust, and shared values, without the formal trappings of matrimony. This trend impacts marriage prospects by reducing the perceived urgency to marry, allowing individuals to prioritize compatibility and emotional connection over societal expectations. The focus shifts from *getting* married to *being* in a fulfilling, committed relationship, regardless of its legal status.",ai_neutral,0.7863247863247863,6.5,0.5555555555555556,16.4,0.0,12.0,ai_neutral,ai_neutral,ai_neutral,True,False
"“We inherit the earth from our ancestors, but borrow it from our children,” a sentiment often attributed to Native American wisdom, highlights a crucial, often overlooked aspect of parental influence: legacy. Parents aren’t simply shaping individuals; they’re contributing to a chain of values and beliefs that extend across generations. This influence isn’t limited to direct descendants, but ripples outwards through community and society. A parent who champions social justice, for example, instills not only a moral compass in their child, but also contributes to a broader cultural shift. Understanding this intergenerational responsibility can motivate parents to consciously cultivate qualities they wish to see perpetuated in the world, moving beyond personal desires to consider the long-term impact of their actions.",ai_neutral,0.808695652173913,7.2,0.3636363636363636,17.391159663865547,1.0,9.0,ai_neutral,ai_neutral,ai_neutral,True,False
"Observe the theatre, good sir, for is it not a grand spectacle of orchestrated illusion? The playwright, the director, the very actors themselves – all engaged in a delicate dance of persuasion, seeking to sway the emotions of the audience. But consider the more insidious performances played out beyond the footlights, in the drawing rooms and counting houses of London. A carefully crafted reputation, a strategically placed rumour, a feigned display of sympathy – these are the tools of the manipulator, employed with a skill that rivals the most accomplished thespian. The world, in essence, is a stage, and we, alas, are often unwitting players in a drama not of our own devising, our strings pulled by hands unseen, our actions dictated by motives concealed.",ai_mimicked,0.7565217391304347,7.2,0.2941176470588235,13.574731707317074,0.0,16.0,ai_mimicked,ai_mimicked,ai_mimicked,True,False
"“Marriage is no longer seen as a necessity, but as a choice,” a sentiment echoed in countless surveys and sociological studies. This reframing of marriage has dramatically altered the landscape of relationship expectations. Where once societal pressure and familial obligation often drove individuals towards marriage, today’s generation prioritizes personal happiness and fulfillment. This doesn’t equate to a decline in the desire for companionship, but rather a demand for a higher standard of emotional intimacy, intellectual connection, and mutual respect within a partnership. Consequently, individuals are more willing to remain single or explore alternative relationship structures if they don’t find a partner who meets these evolving criteria. The emphasis has shifted from ‘finding someone’ to ‘finding the *right* someone.’",ai_neutral,0.8,6.666666666666667,0.3333333333333333,15.980000000000004,0.0,7.0,ai_neutral,ai_neutral,ai_neutral,True,False
"Frequently overlooked is the role of language itself as a tool of social control. The words we use to describe events, people, and ideas aren’t neutral; they carry connotations and frame perceptions. Political rhetoric, for instance, often employs carefully chosen language to evoke specific emotions and shape public opinion. Similarly, the labeling of certain behaviors as ‘deviant’ or ‘criminal’ isn’t simply a descriptive act, but a powerful form of social control that carries legal and social consequences. Even seemingly innocuous phrases can reinforce existing power structures and perpetuate stereotypes. Critical analysis of language, therefore, is essential for deconstructing the subtle ways in which control operates.",ai_neutral,0.7941176470588235,6.5,0.5483870967741935,14.497857142857146,1.0,8.0,ai_neutral,ai_neutral,ai_neutral,True,False
"As for Elizabeth, her thoughts were at Pemberley this evening more than the last; and the evening, though as it passed it seemed long, was not long enough to determine her feelings towards one in that mansion; and she lay awake two whole hours, endeavouring to make them out. She certainly did not hate him. No; hatred had vanished long ago, and she had almost as long been ashamed of ever feeling a dislike against him, that could be so called. The respect created by the conviction of his valuable qualities, though at first unwillingly admitted, had for some time ceased to be repugnant to her feelings; and it was now heightened into somewhat of a friendlier nature by the testimony so highly in his favour, and bringing forward his disposition in so amiable a light, which yesterday had produced.",human,0.6788321167883211,7.0,0.4736842105263157,15.507142857142856,4.0,10.0,human,human,human,True,False
"The air in the Ragged School hung thick with the scent of damp wool and unwashed bodies, a palpable testament to the destitution surrounding it. Yet, even within those grim walls, one could discern the flicker of resilience in the eyes of the children gathered there, a desperate clinging to the promise of knowledge, of betterment. But how fragile that hope! How easily extinguished by a harsh word, a dismissive glance, or the crushing weight of knowing their families faced starvation. Their vulnerability lay not simply in their poverty, but in their utter dependence upon a society that too often turned a blind eye to their plight, preferring to dwell in comfortable illusions of progress and prosperity. The very stones of the building seemed to weep with the unspoken sorrows of its young inhabitants.",ai_mimicked,0.71875,7.0,0.4242424242424242,11.524477611940297,0.0,9.0,human,ai_mimicked,ai_mimicked,False,False
"Isn't it a paradox that the spaces designed for safety – homes, families – can sometimes become the very source of lasting emotional wounds? Childhood trauma isn’t simply about dramatic, overt events; it encompasses a spectrum of adverse experiences, including emotional neglect, witnessing domestic violence, or consistently experiencing parental invalidation. These experiences fundamentally alter a child’s developing brain, impacting their capacity for emotional regulation, attachment, and self-perception. The insidious nature of such trauma lies in its normalization; a child may not recognize their environment as harmful, internalizing the dysfunction as their own failing. Consequently, adults who experienced this often struggle with chronic feelings of inadequacy, difficulty forming healthy relationships, and a pervasive sense of unease, even in seemingly secure situations.",ai_neutral,0.8245614035087719,7.4,0.4473684210526316,19.514,2.0,13.0,ai_neutral,ai_neutral,ai_neutral,True,False
"The fog, a greasy, yellow visitation, clung to London as a mortal dread clings to the heart of a condemned man, and one could not but ponder, observing the hurried, shadowed figures flitting through the gloom, whether the true peril lay in visible thieves or in the unseen dissolution of all order – a creeping paralysis of the soul brought on by the relentless march of industry and the forgetting of ancient pieties. For what, after all, is a pickpocket but a symptom, a mere outward manifestation of a deeper rot? The true threat is not the loss of a purse, but the loss of faith in one’s neighbour, the erosion of common decency, the chilling suspicion that even within the bosom of one’s family, a cold calculation might prevail. It is a fear, whispered in darkened alleys and echoing in the cavernous halls of commerce, that humanity itself is becoming a commodity, traded and bartered without regard for its intrinsic worth.",ai_mimicked,0.6912751677852349,9.75,0.4090909090909091,18.35718944099379,0.0,17.0,ai_mimicked,ai_mimicked,ai_mimicked,True,False
"Consider, if you will, the cobbled streets of Spitalfields, not merely as thoroughfares for commerce and conveyance, but as repositories of lost laughter and unfulfilled promise. It is within these narrow, suffocating lanes that the seeds of a peculiar melancholy are most readily sown, for here, amidst the clamor of hawkers and the stench of refuse, dwell children burdened with responsibilities far beyond their tender years. Young Timothy, scarcely seven summers old, toils from dawn till dusk, matching boots with a speed born not of skill, but of desperation – his mother, a widow ravaged by consumption, relying upon his meager earnings for sustenance. The absence of play, of simple childish delight, is a wound upon his soul, a deprivation that no amount of future prosperity, should fortune ever smile upon him, could ever truly mend. The very air seems to weep with the weight of their collective sorrow.",ai_mimicked,0.7692307692307693,7.6,0.3333333333333333,14.690486486486488,0.0,19.0,ai_mimicked,ai_mimicked,ai_mimicked,True,False
"What if the self wasn’t a fixed point, but a constantly shifting archipelago? Identity formation isn’t a singular event of ‘discovery,’ but rather a continuous process of negotiation between internal desires and external expectations. From childhood, we absorb narratives – familial, cultural, societal – and initially internalize them, often unconsciously. However, adolescence frequently marks a period of active dismantling and reconstruction, as individuals begin to question these inherited frameworks. This isn’t necessarily rebellion for its own sake, but a crucial step in differentiating the ‘I’ from the ‘we.’ The process is rarely linear; regressions, contradictions, and periods of uncertainty are inherent. Ultimately, a robust sense of self emerges not from finding a definitive answer, but from embracing the ongoing exploration.",ai_neutral,0.8073394495412844,6.0,0.4848484848484848,16.084285714285716,1.0,13.0,ai_neutral,ai_neutral,ai_neutral,True,False
"I thought it my duty to give the speediest intelligence of this to my cousin, that she and her noble admirer may be aware of what they are about, and not run hastily into a marriage which has not been properly sanctioned.' Mr. Collins, moreover, adds, ‘I am truly rejoiced that my cousin Lydia's sad business has been so well hushed up, and am only concerned that their living together before the marriage took place should be so generally known. I must not, however, neglect the duties of my station, or refrain from declaring my amazement, at hearing that you received the young couple into your house as soon as they were married.",human,0.7522935779816514,8.0,0.4285714285714285,16.538938053097343,0.0,10.0,ai_mimicked,human,human,False,False
"I consumed the whole time in thinking how strange it was that I should be encompassed by all this taint of prison and crime; that, in my childhood out on our lonely marshes on a winter evening, I should have first encountered it; that, it should have reappeared on two occasions, starting out like a stain that was faded but not gone; that, it should in this new way pervade my fortune and advancement. While my mind was thus engaged, I thought of the beautiful young Estella, proud and refined, coming towards me, and I thought with absolute abhorrence of the contrast between the jail and her.",human,0.69,11.0,0.5294117647058824,21.1553738317757,3.0,9.0,human,human,human,True,False
"We sat in the dreamy room among the old strange influences which had so wrought upon me, and I learnt that she had but just come home from France, and that she was going to London. Proud and wilful as of old, she had brought those qualities into such subjection to her beauty that it was impossible and out of nature or I thought so to separate them from her beauty. Truly it was impossible to dissociate her presence from all those wretched hankerings after money and gentility that had disturbed my boyhood, from all those ill-regulated aspirations that had first made me ashamed of home and Joe, from all those visions that had raised her face in the glowing fire, struck it out of the iron on the anvil, extracted it from the darkness of night to look in at the wooden window of the forge, and flit away.",human,0.5906040268456376,6.5,0.5217391304347826,20.351333333333333,0.0,8.0,human,human,human,True,False
"If you love Mr. Darcy half so well as I do my dear Wickham, you must be very happy. It is a great comfort to have you so rich; and when you have nothing else to do, I hope you will think of us. I am sure Wickham would like a place at court very much; and I do not think we shall have quite money enough to live upon without some help. Any place would do of about three or four hundred a year; but, however, do not speak to Mr. Darcy about it, if you had rather not.",human,0.6881720430107527,5.75,0.7142857142857143,5.306000000000001,3.0,5.0,human,human,human,True,False
"One might be tempted to believe that the pursuit of ambition, the relentless climb up the social ladder, offers a remedy for loneliness. Yet, I posit that it often exacerbates it, creating a chasm between the aspirant and those left behind. Mr. Silas Blackwood, a man consumed by his desire for wealth and influence, discovered, to his profound dismay, that each rung he ascended only served to isolate him further. Old friends, once cherished companions, became inconvenient reminders of a past he wished to forget. Genuine affection was replaced by the hollow flattery of sycophants. He found himself surrounded by admirers, yet utterly alone, a gilded cage being a prison nonetheless, and the price of success, a desolate and echoing emptiness.",ai_mimicked,0.7876106194690266,6.666666666666667,0.2962962962962963,12.16921487603306,0.0,14.0,ai_mimicked,ai_mimicked,ai_mimicked,True,False
"Observing the subtle cues of class – the way people speak, dress, and carry themselves – reveals how deeply ingrained these distinctions are in our social fabric. These aren’t necessarily conscious signals, but rather learned behaviors that reflect one’s upbringing and social environment. Someone raised in a working-class family might prioritize practicality and resilience, while someone from an upper-class background might emphasize refinement and networking. These differences, though often superficial, can create barriers to communication and understanding, fostering a sense of “otherness” and reinforcing social divisions. Recognizing these subtle markers isn’t about judgment, but about acknowledging the diverse ways in which class shapes identity and social interaction.",ai_neutral,0.7619047619047619,7.0,0.3636363636363636,15.975238095238094,0.0,8.0,ai_neutral,ai_neutral,ai_neutral,True,False
"To observe the courtship rituals of the ton is to witness a delicate dance of propriety and deception. Every glance, every compliment, every carefully worded inquiry is fraught with hidden meaning, a subtle attempt to gauge the other party’s intentions and assess their worth. It is a game played with the utmost seriousness, for the stakes are exceedingly high. A misstep, a poorly chosen word, can ruin a promising prospect and condemn a young lady to the dreaded status of a spinster. One cannot help but feel a degree of sympathy for those caught in this intricate web of social expectation, particularly those who possess a genuine desire for affection, rather than merely a desire for a comfortable establishment.",ai_mimicked,0.7757009345794392,8.0,0.4516129032258064,13.821411764705882,0.0,8.0,ai_neutral,ai_mimicked,ai_mimicked,False,False
"Isn't it strange how the world feels infinitely larger when you’re small? Childhood vulnerability isn’t simply about physical helplessness, though that’s certainly a component. It’s the cognitive dissonance of understanding danger intellectually, yet lacking the emotional and experiential tools to navigate it effectively. A scraped knee feels catastrophic, a harsh word feels like a personal failing, and the absence of a parent triggers a primal fear of abandonment. This isn’t weakness; it’s a necessary stage of development where the brain is actively building its protective mechanisms. The intensity of these feelings, while overwhelming in the moment, are crucial for learning boundaries, trust, and ultimately, resilience. It’s a period defined by a profound openness to influence, both positive and negative, shaping the foundations of the adult to come.",ai_neutral,0.7815126050420168,5.714285714285714,0.6333333333333333,13.59910011248594,1.0,11.0,ai_neutral,ai_neutral,ai_neutral,True,False
"To speak of manipulation is to speak, in truth, of a profound imbalance – a disparity of power cloaked in the guise of affection or necessity. It is a disease of the spirit, festering in the shadowed recesses of the human condition. One recalls the Reverend Mr. Ainsworth, a pillar of the community, lauded for his piety and charitable works. Yet, beneath the veneer of sanctity lay a chilling ambition. He cultivated a network of informants, subtly encouraging gossip and discord amongst his parishioners, all to maintain his position of authority. He did not demand obedience; he *engineered* it, fostering a climate of fear and dependence, where dissent was swiftly and silently extinguished. A shepherd who tended his flock not with love, but with a calculating eye.",ai_mimicked,0.717948717948718,6.571428571428571,0.1111111111111111,11.062023809523811,1.0,11.0,human,ai_mimicked,ai_mimicked,False,False
"Of the conduct of the worldly minded Pumblechook while this was doing, I desire to say no more than it was all addressed to me; and that even when those noble passages were read which remind humanity how it brought nothing into the world and can take nothing out, and how it fleeth like a shadow and never continueth long in one stay, I heard him cough a reservation of the case of a young gentleman who came unexpectedly into large property. When we got back, he had the hardihood to tell me that he wished my sister could have known I had done her so much honour, and to hint that she would have considered it reasonably purchased at the price of her death.",human,0.7394957983193278,12.0,0.4,24.833,1.0,5.0,human,human,human,True,False
"Old Man Tiber, they called him, a river-watcher whose life had been measured by the ebb and flow of the Thames, possessed a peculiar melancholy, born not of personal misfortune, but of a profound understanding of impermanence. He’d seen empires rise and fall reflected in the murky waters, witnessed the relentless encroachment of brick and mortar upon the green fields, and declared, with a shake of his grizzled head, that the greatest danger facing mankind was not famine, nor plague, nor even the wrath of foreign powers, but the insidious belief in one’s own permanence. “We build our monuments,” he’d croak, his voice raspy as river stones, “and fancy they’ll stand for eternity, forgetting that even the mountains themselves are worn down by the patient hand of time. It’s the forgetting, you see, the forgetting that’s the killer.” A grim philosophy, to be sure, but one that resonated with a chilling truth.",ai_mimicked,0.722972972972973,7.2,0.3414634146341463,14.043631578947366,0.0,20.0,ai_mimicked,ai_mimicked,ai_mimicked,True,False
"The drawing-room, with its delicate furnishings and carefully arranged displays of accomplishment, served as a gilded cage for many a young lady. There, amidst the pianoforte practice and the embroidery frames, a subtle but pervasive lesson was imparted: that a woman’s sphere of influence was limited to the domestic, that her intellect was best employed in the cultivation of pleasing accomplishments, and that her ambition should not extend beyond securing a suitable husband. One could scarcely blame those who, finding such limitations irksome, sought solace in clandestine correspondence or in the pursuit of intellectual interests deemed unfeminine. Yet, to openly defy these conventions was to risk social ostracism, and to forfeit the very protections afforded by a well-regulated society.",ai_mimicked,0.8,8.0,0.4827586206896552,17.331827731092442,0.0,10.0,ai_neutral,ai_mimicked,ai_mimicked,False,False
"Historically, the control of information has been a cornerstone of power. Before the printing press, knowledge was largely confined to the elite – the clergy, the aristocracy – who carefully curated and disseminated information to maintain their authority. Scribes painstakingly copied manuscripts, controlling not only *what* was known, but also *who* had access to it. This deliberate restriction of knowledge served to reinforce existing social hierarchies and suppress challenges to the status quo. The democratization of information through technologies like the printing press and, later, the internet, represents a significant shift in power, though even today, access to reliable information remains unevenly distributed, demonstrating the enduring link between knowledge and control.",ai_neutral,0.7009345794392523,6.2,0.1470588235294117,16.62025688073395,0.0,11.0,ai_neutral,ai_neutral,ai_neutral,True,False
"The workhouse, a grim and forbidding edifice, stood as a stark reminder of the precariousness of existence, a monument to the indifference of fate. Within its walls, the aged and infirm, the orphaned and destitute, huddled together, stripped of dignity and hope, their lives reduced to a monotonous cycle of toil and privation. But the true horror, it seemed to me, observing the gaunt faces pressed against the barred windows, was not merely the physical suffering, but the utter lack of agency, the complete surrender to circumstance. To be reduced to a mere object of charity, to have one’s fate determined by the whims of a parish beadle, was to experience a kind of living death, a slow erosion of the self. The existential threat, therefore, resided not in poverty itself, but in the annihilation of the human spirit.",ai_mimicked,0.6717557251908397,7.8,0.4054054054054054,14.098043165467626,0.0,19.0,ai_mimicked,ai_mimicked,ai_mimicked,True,False
"As she applied herself to set the tea-things, Joe peeped down at me over his leg, as if he were mentally casting me and himself up, and calculating what kind of pair we practically should make, under the grievous circumstances foreshadowed. After that, he sat feeling his right-side flaxen curls and whisker, and following Mrs. Joe about with his blue eyes, as his manner always was at squally times. My sister had a trenchant way of cutting our bread and butter for us, that never varied. First, with her left hand she jammed the loaf hard and fast against her bib, where it sometimes got a pin into it, and sometimes a needle, which we afterwards got into our mouths.",human,0.7647058823529411,7.75,0.2608695652173913,10.191666666666666,0.0,12.0,human,human,human,True,False
"So, when I had pledged myself to comfort and abet Herbert in the affair of his heart by all practicable and impracticable means, and when Herbert had told me that his affianced already knew me by reputation and that I should be presented to her, and when we had warmly shaken hands upon our mutual confidence, we blew out our candles, made up our fire, locked our door, and issued forth in quest of Mr. Wopsle and Denmark. On our arrival in Denmark, we found the king and queen of that country elevated in two arm-chairs on a kitchen-table, holding a Court.",human,0.68,7.5,0.1578947368421052,15.13862745098039,0.0,9.0,human,human,human,True,False
"The present unhappy state of the family rendered any other excuse for the lowness of her spirits unnecessary; nothing, therefore, could be fairly conjectured from that,--though Elizabeth, who was by this time tolerably well acquainted with her own feelings, was perfectly aware that, had she known nothing of Darcy, she could have borne the dread of Lydia's infamy somewhat better. It would have spared her, she thought, one sleepless night out of two. When Mr. Bennet arrived, he had all the appearance of his usual philosophic composure. He said as little as he had ever been in the habit of saying; made no mention of the business that had taken him away; and it was some time before his daughters had courage to speak of it.",human,0.7165354330708661,6.25,0.7058823529411765,14.488650793650796,3.0,10.0,human,human,human,True,False
"The concept of a “safe space” has gained traction in recent years, and rightly so, because it directly addresses the inherent vulnerability of childhood. Before abstract reasoning fully develops, children are remarkably susceptible to environmental stressors. Trauma, even seemingly minor incidents, can become deeply ingrained, altering neurological pathways and impacting future emotional regulation. This isn’t to suggest overprotection, but rather a recognition that children require consistent, nurturing relationships and predictable environments to thrive. A lack of these foundational elements doesn’t necessarily result in overt pathology, but can manifest as subtle difficulties with self-esteem, attachment, or impulse control later in life. Prioritizing emotional safety isn’t coddling; it’s providing the necessary conditions for healthy brain development.",ai_neutral,0.8571428571428571,6.333333333333333,0.625,17.904210526315797,1.0,11.0,ai_neutral,ai_neutral,ai_neutral,True,False
"“My dear,” Mr. Alistair Finchley declared to his youngest, Penelope, “a sensible marriage is not merely a matter of affection, but of securing one’s future.” Penelope, accustomed to her father’s pronouncements on all matters practical, merely offered a polite inclination of the head. He continued, expounding upon the virtues of Mr. Grimshaw, a man of considerable fortune but lamentable conversation, and the advantages of a connection with his family. It was a scene repeated in countless households, the father assuming the mantle of protector and provider, the daughter expected to acquiesce to his judgment. Yet, one could not help but wonder if such arrangements, born of prudence rather than inclination, were truly conducive to happiness, or merely a perpetuation of societal expectations, devoid of genuine warmth.",ai_mimicked,0.7394957983193278,8.6,0.3636363636363636,13.250634920634925,0.0,16.0,ai_mimicked,ai_mimicked,ai_mimicked,True,False
"The grand edifice of society, viewed from the shadowed alleyways where misfortune dwells, reveals itself not as a structure of justice and benevolence, but a monstrous pyramid, precariously balanced upon the bowed backs of the unseen and unheard. Observe, if you will, the portly merchant, puffed with self-importance and the fruits of industry – industry, mind you, often built upon the slender wages and broken spirits of those who toil in his warehouses. He strides forth, oblivious to the pinched faces peering from doorways, secure in the knowledge that the law, and custom too, conspire to maintain his elevated position. It is a cruel arithmetic, this, where the sum of another’s suffering invariably adds to one’s own comfort, and the scales, so deliberately weighted, rarely offer a moment’s respite to the burdened. A chilling spectacle, indeed, for any soul possessed of a compassionate heart.",ai_mimicked,0.7608695652173914,8.6,0.5,15.20316083916084,0.0,20.0,ai_mimicked,ai_mimicked,ai_mimicked,True,False
"The concept of parental duty often defaults to providing basic needs – food, shelter, education – yet a crucial, often overlooked, component is the transmission of values. These aren’t necessarily religious or political doctrines, but fundamental principles like empathy, integrity, and respect for diverse perspectives. This transmission isn’t achieved through lectures, but through modeling. Children are astute observers, internalizing behaviors far more readily than pronouncements. A parent who consistently demonstrates kindness, honesty, and a willingness to listen cultivates these qualities in their child. This ethical foundation isn’t about creating perfect individuals, but about fostering responsible citizens capable of contributing positively to society. It’s a long-term investment, shaping not just a child’s character, but the future community.",ai_neutral,0.8363636363636363,7.142857142857143,0.3947368421052631,15.603533834586464,0.0,14.0,ai_mimicked,ai_neutral,ai_neutral,False,False
"After breakfast, Joe brought out my indentures from the press in the best parlour, and we put them in the fire, and I felt that I was free. With all the novelty of my emancipation on me, I went to church with Joe, and thought perhaps the clergyman wouldn't have read that about the rich man and the kingdom of Heaven, if he had known all. After our early dinner, I strolled out alone, purposing to finish off the marshes at once, and get them done with. As I passed the church, I felt (as I had felt during service in the morning) a sublime compassion for the poor creatures who were destined to go there, Sunday after Sunday, all their lives through, and to lie obscurely at last among the low green mounds.",human,0.6825396825396826,6.25,0.45,12.97350746268657,0.0,13.0,human,human,human,True,False
"It was clear that I must repair to our town next day, and in the first flow of my repentance, it was equally clear that I must stay at Joe's. But, when I had secured my box-place by to-morrow's coach, and had been down to Mr. Pocket's and back, I was not by any means convinced on the last point, and began to invent reasons and make excuses for putting up at the Blue Boar. I should be an inconvenience at Joe's; I was not expected, and my bed would not be ready; I should be too far from Miss Havisham's, and she was exacting and mightn't like it.",human,0.6826923076923077,8.0,0.4285714285714285,10.085206422018349,2.0,8.0,human,human,human,True,False
"Old Man Tiber, they called him – a name bestowed not out of respect, but a grim acknowledgement of his age and the relentless current of misfortune that had carried him to the lowest ebb. He was, in his youth, a master carpenter, a craftsman of renown, building grand staircases for the very houses that now turned their backs upon him. But a twist of fate – a crippling accident, a dishonest partner, the usual catalogue of calamities – had stripped him of his livelihood and his dignity. And yet, observe the subtle pride that remains in his bearing, the faint echo of skill in his gnarled hands. It is not charity he craves, mark you, but opportunity; a chance to prove that even in the winter of his years, a man may still possess worth, a value beyond the price of a crust of bread.",ai_mimicked,0.6893939393939394,8.4,0.2972972972972973,12.150013986013992,1.0,14.0,human,ai_mimicked,ai_mimicked,False,False
"It is a truth universally acknowledged, that a parent possessed of fortune must be in want of a suitable plan for its disposal, and frequently, though not invariably, that plan will involve the securing of a comfortable establishment for a daughter. Yet, to consider parental duty merely as a financial transaction, a shrewd calculation of dowries and settlements, is to diminish its true significance. For what, after all, is wealth but a means to an end? A prudent mother will not solely concern herself with providing for her child’s material needs, but will cultivate within her a disposition to virtue, a capacity for rational enjoyment, and a discernment sufficient to resist the allurements of folly. To neglect the formation of character in pursuit of a handsome match is a disservice, not merely to the daughter herself, but to society at large, for it risks propagating ignorance and impertinence under the guise of respectability.",ai_mimicked,0.6834532374100719,7.8,0.2682926829268293,16.704784313725494,0.0,15.0,ai_mimicked,ai_mimicked,ai_mimicked,True,False
"“It takes a village to raise a child,” an African proverb reminds us, and while the nuclear family remains central, acknowledging the broader network of influence is vital to understanding parental duty. Modern parents aren’t isolated units; they operate within a complex web of support systems – schools, community organizations, extended family, even online resources. Recognizing limitations and actively seeking assistance isn’t a sign of failure, but a demonstration of responsible parenting. This collaborative approach extends to co-parenting, even in challenging circumstances, prioritizing the child’s well-being above personal grievances. Effective parenting, therefore, isn’t about solitary control, but about strategically leveraging available resources to create a nurturing and supportive environment.",ai_neutral,0.8173076923076923,7.0,0.4736842105263157,18.837703703703703,1.0,12.0,ai_neutral,ai_neutral,ai_neutral,True,False
"From an evolutionary perspective, humans are fundamentally social creatures, hardwired for connection and cooperation. Our ancestors thrived through collective effort, and social bonds were essential for survival. Therefore, prolonged social isolation triggers a stress response, activating the same neural pathways as physical pain. This isn’t hyperbole; studies demonstrate that isolation weakens the immune system, increases inflammation, and elevates the risk of cardiovascular disease. Recognizing this biological imperative underscores the seriousness of the issue, moving it beyond a purely psychological concern and positioning it as a fundamental threat to human health and longevity.",ai_neutral,0.8202247191011236,6.6,0.5925925925925926,17.10991304347826,1.0,8.0,ai_neutral,ai_neutral,ai_neutral,True,False
"When I had been in Mr. Pocket's family a month or two, Mr. and Mrs. Camilla turned up. Camilla was Mr. Pocket's sister. Georgiana, whom I had seen at Miss Havisham's on the same occasion, also turned up. She was a cousin, an indigestive single woman, who called her rigidity religion, and her liver love. These people hated me with the hatred of cupidity and disappointment. As a matter of course, they fawned upon me in my prosperity with the basest meanness. Towards Mr. Pocket, as a grown-up infant with no notion of his own interests, they showed the complacent forbearance I had heard them express.",human,0.74,6.0,0.2727272727272727,7.371257861635222,0.0,9.0,human,human,human,True,False
"But here I anticipate a little, for I was not a Finch, and could not be, according to the sacred laws of the society, until I came of age. In my confidence in my own resources, I would willingly have taken Herbert's expenses on myself; but Herbert was proud, and I could make no such proposal to him. So he got into difficulties in every direction, and continued to look about him. When we gradually fell into keeping late hours and late company, I noticed that he looked about him with a desponding eye at breakfast-time; that he began to look about him more hopefully about midday; that he drooped when he came into dinner; that he seemed to descry Capital in the distance, rather clearly, after dinner; that he all but realised Capital towards midnight; and that at about two o'clock in the morning, he became so deeply despondent again as to talk of buying a rifle and going to America, with a general purpose of compelling buffaloes to make his fortune.",human,0.6319018404907976,7.25,0.4,19.28443641618497,6.0,12.0,human,human,human,True,False
"The pervasive myth of social mobility frequently obscures the reality of class consciousness. While stories of “rags to riches” capture the imagination, they are statistically rare and often presented as exceptional cases, reinforcing the idea that success is solely dependent on individual effort. However, a growing awareness of intergenerational wealth transfer, coupled with stagnant wages for many, is fostering a renewed sense of class identity. This isn’t necessarily about resentment, but about recognizing the structural barriers that limit upward mobility. It’s about understanding that the playing field isn’t level, and that systemic advantages and disadvantages are passed down through families, impacting everything from educational opportunities to healthcare access.",ai_neutral,0.7924528301886793,7.4,0.4333333333333333,17.854370370370372,0.0,8.0,ai_neutral,ai_neutral,ai_neutral,True,False
"To consider the matter with a degree of philosophical detachment, one is struck by the human propensity for self-deception. Individuals, it seems, are rarely content to accept themselves as they are, preferring instead to construct elaborate facades designed to impress and mislead. The pursuit of admiration, though a natural inclination, can easily devolve into a desperate striving for external validation, leading to a neglect of inner development. Miss Elmsworth, for example, devoted an inordinate amount of time to perfecting her French accent, despite possessing a limited grasp of the language itself. Such efforts, though undeniably amusing, betray a fundamental insecurity, and a willingness to sacrifice authenticity upon the altar of social acceptance.",ai_mimicked,0.8113207547169812,8.0,0.5555555555555556,16.219214285714283,0.0,13.0,ai_mimicked,ai_mimicked,ai_mimicked,True,False
"Frequently overlooked is the impact of childhood trauma on identity formation. When a child’s sense of self is repeatedly invalidated or threatened, it can lead to a fragmented and unstable sense of identity. Individuals may struggle with questions of “Who am I?” and “What do I want?” feeling lost and disconnected from their authentic selves. This can manifest as a chameleon-like tendency to adapt to others’ expectations, a lack of clear values, or a persistent feeling of emptiness. Reclaiming a sense of self requires a process of exploration, self-discovery, and the cultivation of self-acceptance, allowing the individual to define their own narrative, independent of past wounds.",ai_neutral,0.72,7.333333333333333,0.3333333333333333,11.466657681940704,0.0,7.0,human,ai_neutral,ai_neutral,False,False
"From a developmental perspective, childhood trauma represents a disruption in the natural unfolding of growth. A child’s primary task is to develop a secure attachment to caregivers, fostering a sense of trust and safety. When this foundation is compromised, it impacts all subsequent developmental stages. For example, a child who experiences chronic neglect may struggle with forming healthy attachments in adulthood, exhibiting either avoidant or anxious attachment styles. Similarly, witnessing domestic violence can disrupt the development of emotional regulation skills, leading to difficulties managing anger or anxiety. Understanding these developmental impacts provides a framework for targeted interventions and supports the individual’s journey towards wholeness.",ai_neutral,0.8350515463917526,5.666666666666667,0.3714285714285714,15.904615384615386,0.0,7.0,ai_neutral,ai_neutral,ai_neutral,True,False
"Every kind of pride must revolt from the connection. He had, to be sure, done much. She was ashamed to think how much. But he had given a reason for his interference, which asked no extraordinary stretch of belief. It was reasonable that he should feel he had been wrong; he had liberality, and he had the means of exercising it; and though she would not place herself as his principal inducement, she could perhaps believe, that remaining partiality for her might assist his endeavours in a cause where her peace of mind must be materially concerned. It was painful, exceedingly painful, to know that they were under obligations to a person who could never receive a return.",human,0.7017543859649122,6.666666666666667,0.5555555555555556,9.880000000000004,2.0,8.0,human,human,human,True,False
"But, whatever may be their own wishes, it is very unlikely they should have opposed their brother's. What sister would think herself at liberty to do it, unless there were something very objectionable? If they believed him attached to me they would not try to part us; if he were so, they could not succeed. By supposing such an affection, you make everybody acting unnaturally and wrong, and me most unhappy. Do not distress me by the idea. I am not ashamed of having been mistaken--or, at least, it is slight, it is nothing in comparison of what I should feel in thinking ill of him or his sisters.",human,0.7129629629629629,6.0,1.125,8.491330275229359,1.0,9.0,human,human,human,True,False
"My thoughts passed into the great room across the landing where the table was spread, and I saw it written, as it were, in the falls of the cobwebs from the centre-piece, in the crawlings of the spiders on the cloth, in the tracks of the mice as they betook their little quickened hearts behind the panels, and in the gropings and pausings of the beetles on the floor. It happened on the occasion of this visit that some sharp words arose between Estella and Miss Havisham. It was the first time I had ever seen them opposed. We were seated by the fire, as just now described, and Miss Havisham still had Estella's arm drawn through her own, and still clutched Estella's hand in hers, when Estella gradually began to detach herself.",human,0.6515151515151515,7.0,0.2222222222222222,13.16998120300752,0.0,10.0,human,human,human,True,False
"To speak plainly, the anxieties surrounding a daughter’s future often reveal more about the parent than the child. A mother, obsessed with securing a advantageous marriage, may inadvertently communicate a disheartening message: that her daughter’s worth is contingent upon her ability to attract a suitable husband. Such a notion, though perhaps unspoken, can be profoundly damaging to a young woman’s self-esteem, fostering a dependence upon external validation and a diminished sense of her own intrinsic value. Is it not a parent’s sacred duty to instill in their child a belief in her own capabilities, to encourage her intellectual pursuits, and to prepare her for a life of independent thought and action, regardless of her marital status? To prioritize social climbing over genuine happiness is a moral failing, and a betrayal of the very trust placed in parental care.",ai_mimicked,0.76,8.0,0.6571428571428571,16.465304347826088,0.0,10.0,ai_mimicked,ai_neutral,ai_neutral,False,True
"Frequently, discussions of parental duty center on obligation, but a more nuanced perspective reveals a profound opportunity for reciprocal growth. Raising a child forces a re-evaluation of one’s own beliefs, values, and priorities. The questions a child asks, the challenges they face, and the unique perspective they offer can be deeply transformative for the parent. In this sense, parental duty isn’t solely a one-way street of imparting wisdom; it’s a dynamic process of mutual learning and evolution. It’s a chance to revisit childhood through a new lens, to confront unresolved issues, and to become a more fully realized human being alongside the one you are nurturing.",ai_neutral,0.7755102040816326,6.6,0.3823529411764705,13.383660377358492,1.0,9.0,ai_neutral,ai_neutral,ai_neutral,True,False
"The rise of influencer culture provides a particularly stark illustration of superficiality’s contemporary power. “Authenticity,” ironically, has become a carefully constructed brand, a performance of relatable vulnerability designed to maximize engagement. This isn’t to dismiss all online personalities, but to recognize the inherent pressure to present an idealized version of self, one meticulously filtered and curated for public consumption. The focus shifts from lived experience to projected image, from genuine emotion to calculated appeal. This creates a feedback loop where superficial qualities – physical attractiveness, material possessions, perceived success – are disproportionately rewarded, reinforcing the notion that worth is determined by external validation rather than intrinsic value. The consequences extend beyond the digital realm, shaping aspirations and fueling anxieties.",ai_neutral,0.8584070796460177,7.0,0.3684210526315789,18.438931623931627,0.0,10.0,ai_neutral,ai_neutral,ai_neutral,True,False
"But that he was not to be, without ignorance or prejudice, mistaken for a gentleman, my father most strongly asseverates; because it is a principle of his that no man who was not a true gentleman at heart ever was, since the world began, a true gentleman in manner. He says, no varnish can hide the grain of the wood; and that the more varnish you put on, the more the grain will express itself. This man pursued Miss Havisham closely, and professed to be devoted to her. I believe she had not shown much susceptibility up to that time; but all the susceptibility she possessed certainly came out then, and she passionately loved him.",human,0.7,6.5,0.3684210526315789,12.65554347826087,3.0,9.0,human,human,human,True,False
"It is not always the overt cruelty, the raised hand or the harsh word, that leaves the deepest scars upon a child’s soul, but rather the insidious poison of neglect. Little Barnaby, left to wander the labyrinthine streets of the city whilst his parents pursued their own fleeting pleasures, learned early the bitter lesson that he was, in essence, invisible. The bustling crowds flowed around him as if he were a phantom, his cries for attention swallowed by the cacophony of commerce and despair. He became a creature of shadows, haunting the alleyways and scavenging for scraps, his spirit slowly eroding under the weight of utter abandonment. A chilling testament, indeed, to the profound damage wrought by a heartless indifference.",ai_mimicked,0.782608695652174,8.0,0.4838709677419355,12.355,0.0,12.0,ai_mimicked,ai_mimicked,ai_mimicked,True,False
"Mrs. Featherstonehaugh, a woman whose pronouncements on the subject of propriety were invariably delivered with the air of one dispensing divine wisdom, remarked to her daughter, “It is not merely *having* connections, my dear, but *knowing* your place within them.” And indeed, the intricacies of social rank were often more perplexing than any mathematical equation. Young Mr. Harrington, though possessed of an ancient estate and a lineage stretching back to the Norman Conquest, found his suit for Miss Ainsworth repeatedly discouraged, not for any deficiency in his person or fortune, but because his mother, a woman of decidedly provincial origins, lacked the requisite polish to navigate the London season with sufficient grace. The consequence was a young man’s unhappiness, and a pointed illustration of how rigidly the boundaries of class were maintained, even at the expense of individual felicity.",ai_mimicked,0.7761194029850746,8.25,0.3636363636363636,19.015737410071942,0.0,14.0,ai_mimicked,ai_mimicked,ai_mimicked,True,False
"His present pursuit could not make him forget that Elizabeth had been the first to excite and to deserve his attention, the first to listen and to pity, the first to be admired; and in his manner of bidding her adieu, wishing her every enjoyment, reminding her of what she was to expect in Lady Catherine de Bourgh, and trusting their opinion of her--their opinion of everybody--would always coincide, there was a solicitude, an interest, which she felt must ever attach her to him with a most sincere regard; and she parted from him convinced, that, whether married or single, he must always be her model of the amiable and pleasing.",human,0.6486486486486487,15.0,0.9090909090909092,45.66576576576577,2.0,11.0,human,human,human,True,False
"For the rest, he was a young gentleman in a grey suit (when not denuded for battle), with his elbows, knees, wrists, and heels considerably in advance of the rest of him as to development. My heart failed me when I saw him squaring at me with every demonstration of mechanical nicety, and eyeing my anatomy as if he were minutely choosing his bone. I never have been so surprised in my life, as I was when I let out the first blow, and saw him lying on his back, looking up at me with a bloody nose and his face exceedingly fore-shortened.",human,0.6907216494845361,9.0,0.2857142857142857,14.411650485436894,0.0,9.0,human,human,human,True,False
"You must allow me to tell you how ardently I admire and love you.” Elizabeth's astonishment was beyond expression. She stared, coloured, doubted, and was silent. This he considered sufficient encouragement, and the avowal of all that he felt and had long felt for her immediately followed. He spoke well; but there were feelings besides those of the heart to be detailed, and he was not more eloquent on the subject of tenderness than of pride. His sense of her inferiority, of its being a degradation, of the family obstacles which judgment had always opposed to inclination, were dwelt on with a warmth which seemed due to the consequence he was wounding, but was very unlikely to recommend his suit.",human,0.6923076923076923,6.666666666666667,0.2631578947368421,10.303333333333338,1.0,9.0,human,human,human,True,False
"The cobbled streets of London, teeming with a humanity both wretched and wondrous, offer a most peculiar education in the matter of self – for what, pray tell, *is* a man but the sum of the reflections cast back at him by the faces he encounters? Young Timothy Cratchit, for instance, scarcely knew his own worth until Mr. Grimshaw, the beadle, declared it to be precisely two shillings and sixpence per week, a valuation which, though cruelly low, nonetheless *defined* him in the eyes of the parish, and, alas, for a time, in his own. Such pronouncements, delivered with the cold certainty of the law, are the bricks and mortar with which a fragile identity is constructed, often upon foundations of sand, leaving a soul vulnerable to the shifting winds of circumstance and the capricious judgements of others. It is a sobering thought, is it not, that we are so readily shaped by the opinions of those who know us least?",ai_mimicked,0.7171052631578947,10.5,0.4117647058823529,14.295000000000002,0.0,21.0,ai_mimicked,ai_mimicked,ai_mimicked,True,False
"He was declared to be in debt to every tradesman in the place, and his intrigues, all honoured with the title of seduction, had been extended into every tradesman's family. Everybody declared that he was the wickedest young man in the world; and everybody began to find out that they had always distrusted the appearance of his goodness. Elizabeth, though she did not credit above half of what was said, believed enough to make her former assurance of her sister's ruin still more certain; and even Jane, who believed still less of it, became almost hopeless, more especially as the time was now come, when, if they had gone to Scotland, which she had never before entirely despaired of, they must in all probability have gained some news of them.",human,0.6846153846153846,8.666666666666666,0.3157894736842105,18.828461538461543,2.0,12.0,human,human,human,True,False
"The chilling paradox of an existential threat lies in its often-invisible nature until it’s almost too late. Unlike a visible enemy, climate change operates on timescales that dwarf human perception, its consequences unfolding gradually, yet relentlessly. It’s not a sudden explosion, but a creeping fever, altering ecosystems, displacing populations, and destabilizing global systems. The danger isn’t solely in rising sea levels or extreme weather events, but in the cascading effects – resource scarcity, mass migration, political instability – that amplify existing vulnerabilities. This slow-motion crisis demands a fundamental shift in perspective, moving beyond short-term economic gains to prioritize long-term planetary health, a challenge that requires unprecedented international cooperation and a willingness to confront uncomfortable truths about our consumption-driven lifestyles.",ai_neutral,0.8879310344827587,7.4,0.4878048780487805,19.45565811965812,0.0,12.0,ai_neutral,ai_neutral,ai_neutral,True,False
"Imagine a garden filled with plastic flowers – visually appealing at first glance, but utterly devoid of fragrance or life. This analogy captures the essence of superficiality: a captivating illusion that lacks depth and substance. It’s a world built on fleeting trends and disposable connections, where value is assigned based on popularity rather than intrinsic worth. The danger lies not just in the deception itself, but in the erosion of our ability to discern genuine quality. When constantly bombarded with artificiality, we risk losing our appreciation for the raw, imperfect beauty of the real world, becoming desensitized to authenticity and increasingly reliant on superficial markers of value.",ai_neutral,0.8058252427184466,7.2,0.4482758620689655,15.164792452830191,0.0,6.0,ai_neutral,ai_neutral,ai_neutral,True,False
"“The stone of Sisyphus is the absurd.” Albert Camus’s observation resonates deeply when contemplating the existential threats of the 21st century. We are engaged in constant, often futile, efforts to maintain control in a world increasingly defined by chaos and uncertainty. The pursuit of economic growth, for example, continues despite overwhelming evidence of its environmental consequences. The relentless drive for technological innovation proceeds without adequate consideration of its ethical implications. This isn’t necessarily malicious; it’s simply the human tendency to cling to familiar patterns, even when those patterns are demonstrably unsustainable. The threat lies not in the inevitability of failure, but in the refusal to acknowledge the absurdity of the task itself.",ai_neutral,0.7477477477477478,6.285714285714286,0.5714285714285714,14.460714285714284,1.0,6.0,ai_neutral,ai_neutral,ai_neutral,True,False
"The concept of inherited trauma, increasingly recognized in psychological research, offers a compelling lens through which to view parental influence. Beyond genetics, parents transmit patterns of emotional regulation – or dysregulation – to their children. A parent consistently responding to stress with anger, for example, may inadvertently teach their child that anger is a valid, even necessary, response to adversity. This isn’t a matter of deliberate teaching, but of neurological mirroring and the development of attachment styles. Consequently, individuals may find themselves repeating unhealthy relational patterns, struggling with anxiety or depression, or exhibiting behaviors that seem illogical from an external perspective. Breaking these cycles requires acknowledging the intergenerational transmission of emotional burdens and actively cultivating alternative coping mechanisms.",ai_neutral,0.8214285714285714,6.5,0.3783783783783784,18.500000000000004,0.0,11.0,ai_neutral,ai_neutral,ai_neutral,True,False
"From a practical standpoint, parental duty necessitates a constant re-evaluation of boundaries and expectations as a child matures. What constitutes appropriate guidance at age five differs significantly from what’s needed at fifteen. Rigid adherence to outdated rules can stifle independence and breed resentment, while a complete lack of structure can lead to insecurity and poor decision-making. Effective parenting requires a flexible approach, adapting to the child’s evolving needs and capabilities. This includes fostering open communication, encouraging critical thinking, and gradually relinquishing control as the child demonstrates increasing responsibility. It’s a delicate balancing act, demanding patience, empathy, and a willingness to learn alongside one’s child.",ai_neutral,0.8181818181818182,6.666666666666667,0.3513513513513513,16.018076923076922,0.0,8.0,ai_neutral,ai_neutral,ai_neutral,True,False
"The modern workplace, despite rhetoric about valuing diversity and inclusion, often operates on a foundation of superficial assessments. Consider the emphasis placed on “personal branding” and networking – skills that, while useful, can easily overshadow actual competence. A polished presentation, a confident handshake, and the ability to “work a room” frequently carry more weight than demonstrable expertise or innovative thinking. This isn’t to say these skills are unimportant, but their disproportionate influence reveals a troubling trend. It suggests that appearances and perceived potential are often prioritized over proven ability, creating an environment where genuine talent can be overlooked in favor of those who excel at self-promotion. This ultimately stifles innovation and rewards conformity.",ai_neutral,0.8518518518518519,7.5,0.4375,16.027500000000003,0.0,8.0,ai_neutral,ai_neutral,ai_neutral,True,False
"“Marry your best friend,” the adage goes, but what happens when friendships themselves are increasingly transient? The fluidity of modern relationships – the ease with which connections are formed and dissolved through social media – impacts how we approach potential long-term partnerships. Individuals may hesitate to fully invest in a romantic connection, fearing the potential for loss or the disruption of their social networks. This creates a paradox: a desire for deep connection coupled with a reluctance to fully commit. Marriage prospects are thus often weighed against the perceived risk of vulnerability and the potential for future regret. The emphasis on maintaining a wide social circle can inadvertently hinder the development of the intense, focused intimacy required for a successful marriage.",ai_neutral,0.7631578947368421,7.666666666666667,0.4838709677419355,13.66264705882353,0.0,4.0,human,ai_neutral,ai_neutral,False,False
"Isn't it curious how often we attribute our core beliefs – not just habits, but fundamental perspectives – to the echoes of our upbringing? Parental influence isn’t simply about direct instruction; it’s a pervasive atmospheric pressure shaping our emotional landscapes. Children, acting as remarkably sensitive barometers, absorb not only *what* their parents say, but *how* they say it, the unspoken anxieties hovering in the air, and the values demonstrated through consistent action (or inaction). This absorption creates internal working models of relationships, self-worth, and the world’s inherent safety. Consequently, even conscious rebellion can be interpreted as a reaction *to* that initial influence, proving its enduring power. The challenge, then, isn’t necessarily escaping parental patterns, but becoming aware of them to consciously choose which to perpetuate and which to revise.",ai_neutral,0.7777777777777778,6.166666666666667,0.5483870967741935,15.893346456692914,1.0,13.0,ai_neutral,ai_neutral,ai_neutral,True,False
"“Innocence is ignorance,” a cynical adage suggests, but it touches upon a crucial aspect of childhood vulnerability. Children, lacking the accumulated knowledge and experience of adults, are inherently trusting. This isn’t naiveté, but a necessary condition for learning and growth. They approach the world with an open heart, assuming good intentions until proven otherwise. This inherent trust, however, makes them exceptionally susceptible to manipulation, exploitation, and abuse. The vulnerability lies not in a lack of intelligence, but in a lack of contextual understanding – an inability to recognize predatory behavior or deceptive tactics. Protecting this innocence, while simultaneously preparing children for the complexities of the world, is a delicate and vital balancing act.",ai_neutral,0.7641509433962265,6.0,0.3529411764705882,14.77678571428572,0.0,13.0,ai_neutral,ai_neutral,ai_neutral,True,False
"One observes, strolling through the bustling markets of London, a curious spectacle: the abundance. Mountains of produce, glistening fish, plump poultry – enough to feed a nation, yet so much of it destined for the tables of the wealthy, whilst within a stone’s throw, gaunt figures rummage through refuse heaps, seeking sustenance in discarded scraps. The very air seems to vibrate with the paradox of plenty and privation, a discordant symphony of excess and want. It is a moral failing, surely, a stain upon the national character, that such disparity should exist in a land blessed with such resources, a testament to a system that prioritizes profit over people, and allows the fruits of labour to be enjoyed by those who contribute least to their creation.",ai_mimicked,0.7844827586206896,9.0,0.3428571428571428,15.383100000000002,0.0,14.0,ai_mimicked,ai_mimicked,ai_mimicked,True,False
"The human tendency to compartmentalize – to push unpleasant truths to the periphery of consciousness – is particularly evident when it comes to our own mortality. We build systems, create legacies, and pursue ambitions, often as subconscious attempts to transcend the limitations of our finite lifespan. Yet, this avoidance isn’t necessarily pathological. It’s a coping mechanism, a way to function in a world where constant contemplation of death would be paralyzing. However, a complete denial can lead to a life lived on autopilot, devoid of intentionality. A healthy relationship with mortality involves acknowledging its inevitability without being consumed by it, allowing it to inform our choices rather than dictate our fears.",ai_neutral,0.8155339805825242,7.0,0.3846153846153846,14.878486238532115,0.0,8.0,ai_neutral,ai_neutral,ai_neutral,True,False
"Many circumstances might make it more eligible for them to be married privately in town than to pursue their first plan; and even if he could form such a design against a young woman of Lydia's connections, which is not likely, can I suppose her so lost to everything? I grieve to find, however, that Colonel F. is not disposed to depend upon their marriage: he shook his head when I expressed my hopes, and said he feared W. was not a man to be trusted. My poor mother is really ill, and keeps her room. Could she exert herself, it would be better, but this is not to be expected; and as to my father, I never in my life saw him so affected.",human,0.7413793103448276,7.0,0.7142857142857143,8.583000000000002,2.0,9.0,human,human,human,True,False
"They were rather handsome; had been educated in one of the first private seminaries in town; had a fortune of twenty thousand pounds; were in the habit of spending more than they ought, and of associating with people of rank; and were, therefore, in every respect entitled to think well of themselves and meanly of others. They were of a respectable family in the north of England; a circumstance more deeply impressed on their memories than that their brother's fortune and their own had been acquired by trade. Mr. Bingley inherited property to the amount of nearly a hundred thousand pounds from his father, who had intended to purchase an estate, but did not live to do it.",human,0.6666666666666666,9.0,0.3333333333333333,17.55,5.0,5.0,human,human,human,True,False
"Consider the immigrant experience: a powerful illustration of the dynamic process of identity formation. Leaving behind a familiar cultural landscape forces a re-evaluation of deeply held beliefs and values. Individuals navigate the tension between preserving their heritage and assimilating into a new society, often resulting in a hybrid identity that blends elements of both worlds. This process isn’t always seamless; it can involve feelings of displacement, alienation, and a struggle to belong. However, it also fosters resilience, adaptability, and a unique perspective shaped by cross-cultural understanding. The forging of a new identity, in this context, becomes a testament to the human capacity for growth and reinvention.",ai_neutral,0.7777777777777778,8.333333333333334,0.4,15.901886792452837,1.0,8.0,ai_neutral,ai_neutral,ai_neutral,True,False
"Isn't it curious how often we find ourselves performing roles dictated not by genuine desire, but by an internalized script of ‘shoulds’? Social expectations, at their core, are a complex negotiation between individual autonomy and collective cohesion. They aren’t necessarily malicious constructs, often arising from a desire for predictability and smooth social functioning. However, the pressure to conform – to pursue specific careers, achieve certain milestones by particular ages, or even express emotions in ‘acceptable’ ways – can stifle creativity and lead to widespread feelings of inadequacy. The modern emphasis on curated online personas only exacerbates this, presenting idealized versions of life that few can realistically attain, further solidifying unrealistic benchmarks for success and happiness. Ultimately, recognizing these expectations as constructs, rather than immutable laws, is the first step towards authentic living.",ai_neutral,0.859375,7.166666666666667,0.6176470588235294,17.730769230769237,0.0,12.0,ai_neutral,ai_neutral,ai_neutral,True,False
"But in all, and in almost every line of each, there was a want of that cheerfulness which had been used to characterize her style, and which, proceeding from the serenity of a mind at ease with itself, and kindly disposed towards everyone, had been scarcely ever clouded. Elizabeth noticed every sentence conveying the idea of uneasiness, with an attention which it had hardly received on the first perusal. Mr. Darcy's shameful boast of what misery he had been able to inflict gave her a keener sense of her sister's sufferings. It was some consolation to think that his visit to Rosings was to end on the day after the next, and a still greater that in less than a fortnight she should herself be with Jane again, and enabled to contribute to the recovery of her spirits, by all that affection could do.",human,0.6834532374100719,9.25,0.28,16.150000000000002,0.0,10.0,human,human,human,True,False
"This observation would not have prevented her from trying to talk to the latter, had they not been seated at an inconvenient distance; but she was not sorry to be spared the necessity of saying much: her own thoughts were employing her. She expected every moment that some of the gentlemen would enter the room: she wished, she feared, that the master of the house might be amongst them; and whether she wished or feared it most, she could scarcely determine. After sitting in this manner a quarter of an hour, without hearing Miss Bingley's voice, Elizabeth was roused by receiving from her a cold inquiry after the health of her family.",human,0.7,9.333333333333334,0.375,16.24857142857143,2.0,6.0,human,human,human,True,False
"And she lets the injury done to Jane and the contempt shown to the rest of her family aggravate this resentment in the healthiest way in the world. Still, all this does not explain her charm, which, taking beauty as a common form of all heroines, may perhaps consist in the addition to her playfulness, her wit, her affectionate and natural disposition, of a certain fearlessness very uncommon in heroines of her type and age. Nearly all of them would have been in speechless awe of the magnificent Darcy; nearly all of them would have palpitated and fluttered at the idea of proposals, even naughty ones, from the fascinating Wickham.",human,0.6388888888888888,11.333333333333334,0.4347826086956521,16.94636363636364,1.0,9.0,human,human,ai_mimicked,False,True
"My watchfulness has been effectual; and though I should certainly be a more interesting object to all my acquaintance, were I distractedly in love with him, I cannot say that I regret my comparative insignificance. Importance may sometimes be purchased too dearly. Kitty and Lydia take his defection much more to heart than I do. They are young in the ways of the world, and not yet open to the mortifying conviction that handsome young men must have something to live on as well as the plain.” With no greater events than these in the Longbourn family, and otherwise diversified by little beyond the walks to Meryton, sometimes dirty and sometimes cold, did January and February pass away.",human,0.7589285714285714,6.0,0.75,11.914,1.0,6.0,human,human,human,True,False
"Consider the delicate art of the morning visit. It is not merely a matter of politeness, but a carefully orchestrated performance, governed by a complex set of unwritten rules. The duration of the call, the topics of conversation, even the manner in which one takes tea – all are subject to scrutiny and interpretation. A visit that is too brief may be construed as a slight; one that is too prolonged, as an intrusion. To speak too freely of one’s own concerns is considered indelicate; to remain entirely silent, aloof. The entire exercise, ostensibly designed to foster goodwill, often serves only to reinforce the rigid boundaries of social hierarchy. It is a dance of propriety, where a single misstep can have lasting repercussions upon one’s reputation.",ai_mimicked,0.7372881355932204,6.714285714285714,0.5,11.481485714285718,2.0,9.0,human,ai_mimicked,ai_mimicked,False,False
"Isn't it strange how easily we categorize people, reducing complex individuals to curated online profiles or snap judgments based on appearance? Superficiality, in its modern guise, isn’t necessarily about malice, but a pervasive lack of sustained attention. We skim surfaces, absorbing information in digestible snippets, prioritizing aesthetics over substance. This extends beyond personal interactions, influencing our consumption habits and political discourse. The relentless pursuit of ‘likes’ and validation fosters a culture where image trumps authenticity, and genuine connection suffers. It’s a self-perpetuating cycle; the more we engage with the superficial, the less equipped we become to appreciate depth, nuance, and the messy realities of human experience. Ultimately, this shallow engagement diminishes our capacity for empathy and critical thought.",ai_neutral,0.8362068965517241,5.857142857142857,0.4722222222222222,16.284285714285716,1.0,12.0,ai_neutral,ai_neutral,ai_neutral,True,False
"It is a truth too often overlooked, and yet one which stares us boldly in the face from the workhouses and the debtors’ prisons, that social isolation is frequently the *consequence* of circumstance, a cruel and inexorable chain forged by misfortune. Young Timothy Cratchit, orphaned and cast adrift after his mother’s untimely demise, found himself not merely without sustenance, but without a single soul to offer a kind word or a guiding hand. He was a cipher, a shadow flitting through the crowded markets, unseen and unheard. The bustling energy of the city, which should have offered opportunity, instead served only to highlight his vulnerability, his utter lack of connection. To be invisible in a throng is a torment surpassing any physical hardship.",ai_mimicked,0.8157894736842105,6.8,0.5185185185185185,13.574731707317074,0.0,11.0,ai_neutral,ai_mimicked,ai_mimicked,False,False
"A drawing-room, richly appointed with velvet and gilt, offers a deceptively tranquil stage upon which dramas of power are frequently enacted. Lady Beatrice, ostensibly a creature of refinement and grace, possesses a subtle, yet formidable, influence over her husband, a man of considerable wealth and social standing. She does not shout commands, nor issue direct orders, but rather employs a delicate art of persuasion, a carefully calibrated blend of flattery and reproach. Her power resides not in overt authority, but in her ability to anticipate his desires, to shape his opinions, and to subtly guide his actions. A most cunning game, played with the utmost discretion, and one that reveals the insidious ways in which power can be exercised even within the most seemingly harmonious of households.",ai_mimicked,0.775,7.6,0.3235294117647059,15.22151181102362,0.0,15.0,ai_mimicked,ai_mimicked,ai_mimicked,True,False
"The strangeness of Mr. Collins's making two offers of marriage within three days was nothing in comparison of his being now accepted. She had always felt that Charlotte's opinion of matrimony was not exactly like her own; but she could not have supposed it possible that, when called into action, she would have sacrificed every better feeling to worldly advantage. Charlotte, the wife of Mr. Collins, was a most humiliating picture! And to the pang of a friend disgracing herself, and sunk in her esteem, was added the distressing conviction that it was impossible for that friend to be tolerably happy in the lot she had chosen. ]",human,0.6857142857142857,6.75,0.3684210526315789,10.11266355140187,1.0,6.0,human,human,human,True,False
"It's something to have seen the object of one's love and duty for even so short a time. I shall think of it with a melancholy satisfaction when I wake up in the night. I wish Matthew could have that comfort, but he sets it at defiance. I am determined not to make a display of my feelings, but it's very hard to be told one wants to feast on one's relations, as if one was a Giant, and to be told to go. Mr. Camilla interposing, as Mrs. Camilla laid her hand upon her heaving bosom, that lady assumed an unnatural fortitude of manner which I supposed to be expressive of an intention to drop and choke when out of view, and kissing her hand to Miss Havisham, was escorted forth.",human,0.6991869918699187,7.6,0.2727272727272727,9.349090909090917,0.0,8.0,human,human,human,True,False
"“The art of living lies in our refusal to be determined by the limitations of our biology,” wrote philosopher Ernest Becker. While seemingly defiant, this statement points to a crucial aspect of mortality awareness: the power of meaning-making. Knowing that our physical existence is finite doesn’t necessitate despair; instead, it compels us to create systems of belief, values, and narratives that transcend our individual lifespans. These can take the form of artistic expression, scientific discovery, social activism, or simply the cultivation of loving relationships. By contributing to something larger than ourselves, we find a way to symbolically overcome the limitations of our mortality, leaving a lasting impact on the world.",ai_neutral,0.7685185185185185,9.2,0.3548387096774194,16.16090909090909,1.0,10.0,ai_mimicked,ai_neutral,ai_neutral,False,False
"The fog, a greasy, yellow visitation, clung to London as a mortal dread clings to the heart of a condemned man, and one could not but ponder, whilst observing the spectral figures flitting through its embrace, upon the fragility of all earthly endeavour. For what, after all, are our grandest monuments, our bustling commerce, our very lives, but fleeting shadows cast against an infinite darkness? The chimney sweep, blackened and diminutive, seemed a poignant emblem of our shared fate – a brief spark extinguished in the vast, uncaring void. Even the most opulent carriage, rattling past with its fur-clad occupants, offered no true solace, for beneath the veneer of wealth and privilege lay the same chilling uncertainty, the same inevitable descent into the silence from whence we came. It was a truth whispered on the wind, a truth reflected in the grimy windows, a truth that haunted the very stones of the city.",ai_mimicked,0.7724137931034483,8.2,0.575,14.509421052631575,0.0,20.0,ai_mimicked,ai_mimicked,ai_mimicked,True,False
"When we drove up to the Blue Boar after a drizzly ride, whom should I see come out under the gateway, toothpick in hand, to look at the coach, but Bentley Drummle! As he pretended not to see me, I pretended not to see him. It was a very lame pretence on both sides; the lamer, because we both went into the coffee-room, where he had just finished his breakfast, and where I ordered mine. It was poisonous to me to see him in the town, for I very well knew why he had come there. Pretending to read a smeary newspaper long out of date, which had nothing half so legible in its local news, as the foreign matter of coffee, pickles, fish sauces, gravy, melted butter, and wine with which it was sprinkled all over, as if it had taken the measles in a highly irregular form, I sat at my table while he stood before the fire.",human,0.6842105263157895,7.6,0.2413793103448276,12.451250000000002,1.0,18.0,ai_mimicked,human,human,False,False
"To speak of a child’s vulnerability is, perhaps, to speak of a garden left ungarded, wherein the delicate seedlings of hope and affection are mercilessly trampled by the heedless boots of the world. Consider young Timothy Cratchit, not so different from many a lad pressed into service before his time, his small hands already roughened by labour, his brow furrowed with a concern far beyond his years. It is not the physical privation alone – though that is grievous enough – but the insidious erosion of joy, the stifling of imagination, the slow extinguishing of that inner light which makes a child a child. Such early burdens, borne with a stoicism that would shame many a grown man, leave scars upon the soul, invisible yet enduring, shaping a future shadowed by the ghosts of lost opportunities.",ai_mimicked,0.752,10.25,0.5151515151515151,16.055597014925375,0.0,12.0,ai_mimicked,ai_mimicked,ai_mimicked,True,False
"The very architecture of London, with its labyrinthine alleys and towering tenements, speaks volumes of a society intent upon containing and categorizing its inhabitants. Each street, each district, a carefully demarcated zone, separating the opulent from the squalid, the respectable from the disreputable. It is a spatial control, a deliberate fragmentation of the urban landscape designed to prevent the mingling of classes, to reinforce the boundaries of social hierarchy. Observe how the grand avenues lead directly to the seats of power, whilst the narrow, winding lanes terminate in dead ends, trapping those who dwell within them in a perpetual cycle of poverty and despair. A city built not for communion, but for containment.",ai_mimicked,0.7663551401869159,7.6,0.3870967741935484,14.839929203539825,0.0,12.0,ai_mimicked,ai_mimicked,ai_mimicked,True,False
"One cannot but reflect upon the peculiar burden placed upon those who bring new life into the world. It is a responsibility extending far beyond the mere act of procreation, encompassing the moral and intellectual cultivation of a being destined to navigate a society riddled with complexities and temptations. The truly conscientious parent understands that fortune, though advantageous, is a poor substitute for character, and that the greatest gift one can bestow is not wealth, but the capacity for sound judgment and virtuous conduct. To neglect this duty, to prioritize personal comfort over the well-being of one’s child, is a failing of the gravest kind, and one which frequently returns to haunt both parent and offspring with equal measure.",ai_mimicked,0.7217391304347827,9.5,0.5,16.439390756302526,0.0,8.0,human,ai_mimicked,ai_mimicked,False,False
"From a neuroscientific perspective, psychological manipulation leverages the brain’s reward system. Manipulators often employ intermittent reinforcement – unpredictable positive feedback – which triggers dopamine release, creating a powerful craving for approval. This is similar to the mechanisms underlying addiction. The uncertainty of when the reward will come keeps the victim constantly seeking validation from the manipulator. Furthermore, techniques like guilt-tripping activate areas of the brain associated with social pain, compelling the victim to comply in order to alleviate discomfort. Understanding these neurological processes can help individuals recognize when their emotional responses are being exploited and develop strategies to resist manipulative tactics.",ai_neutral,0.8367346938775511,6.333333333333333,0.3333333333333333,18.13994949494949,0.0,4.0,ai_neutral,ai_neutral,ai_neutral,True,False
"It was necessary to make this circumstance a matter of pleasure, because on such occasions it is the etiquette; but no one was less likely than Mrs. Bennet to find comfort in staying at home at any period of her life. She concluded with many good wishes that Lady Lucas might soon be equally fortunate, though evidently and triumphantly believing there was no chance of it. In vain did Elizabeth endeavour to check the rapidity of her mother's words, or persuade her to describe her felicity in a less audible whisper; for to her inexpressible vexation she could perceive that the chief of it was overheard by Mr. Darcy, who sat opposite to them.",human,0.75,9.333333333333334,0.4,12.037087719298246,2.0,4.0,human,human,human,True,False
"I dozed off, myself, in considering the question whether I ought to restore a couple of pounds sterling to this creature before losing sight of him, and how it could best be done. In the act of dipping forward as if I were going to bathe among the horses, I woke in a fright and took the question up again. But I must have lost it longer than I had thought, since, although I could recognise nothing in the darkness and the fitful lights and shadows of our lamps, I traced marsh country in the cold damp wind that blew at us.",human,0.7717391304347826,9.666666666666666,0.25,12.709215686274508,0.0,7.0,human,human,human,True,False
"One observes, with a degree of melancholy, how readily society accords esteem to those who merely *appear* to possess merit. The late Sir Reginald, though burdened with neither wit nor wisdom, enjoyed a considerable reputation for sagacity, solely by virtue of his pronouncements being delivered in a tone of unwavering authority. His opinions, when subjected to even the mildest scrutiny, proved to be remarkably devoid of originality, or indeed, of common sense; yet, who dared to contradict him? The establishment, it seems, values conformity above all else, and readily rewards those who possess the art of appearing profound, even when uttering the most egregious nonsense.",ai_mimicked,0.7843137254901961,8.0,0.3809523809523809,16.11226190476191,1.0,14.0,ai_mimicked,ai_mimicked,ai_mimicked,True,False
"It is a truth universally acknowledged, that a single woman with a moderate fortune must be in want of a husband; though, perhaps, a more accurate observation would be that she is in want of *prospects* of a husband, for the mere existence of eligible gentlemen does not invariably lead to an offer. Indeed, the art of securing such an establishment lies not solely in possessing accomplishments, though a proficiency in music or drawing is rarely unwelcome, but rather in the delicate management of one’s own affections, and a judicious understanding of the expectations – often unspoken – of those whose good opinion is essential. For a young lady to display too eager a desire is to forfeit all advantage; yet to appear entirely indifferent is to risk being overlooked altogether. A precarious balance, truly, and one which demands a degree of self-possession rarely found in those whose hearts are most engaged.",ai_mimicked,0.7266187050359713,8.25,0.5,19.173666666666666,2.0,10.0,human,ai_mimicked,ai_mimicked,False,False
"Darcy was not of a disposition in which happiness overflows in mirth; and Elizabeth, agitated and confused, rather knew that she was happy than felt herself to be so; for, besides the immediate embarrassment, there were other evils before her. She anticipated what would be felt in the family when her situation became known: she was aware that no one liked him but Jane; and even feared that with the others it was a dislike which not all his fortune and consequence might do away. At night she opened her heart to Jane. Though suspicion was very far from Miss Bennet's general habits, she was absolutely incredulous here.",human,0.7547169811320755,6.75,0.5,13.29555555555556,3.0,5.0,human,human,human,True,False
"“The greatest trick the Devil ever pulled was convincing the world he didn’t exist,” and similarly, effective psychological manipulation often operates in the shadows, masking itself as genuine care or helpful guidance. Unlike coercion, which relies on explicit threats, manipulation works by exploiting emotional responses. A manipulator might, for example, consistently offer ‘help’ that actually increases dependence, or feign vulnerability to elicit sympathy and compliance. This creates a complex dynamic where the victim feels obligated, even grateful, to the person controlling them. The key difference is intent: while genuine support aims to empower, manipulation seeks to maintain control, often at the expense of the other person’s emotional and psychological health.",ai_neutral,0.8055555555555556,7.0,0.6153846153846154,16.911818181818187,0.0,12.0,ai_neutral,ai_neutral,ai_neutral,True,False
"One might be tempted to believe that the grandest houses, filled with servants and bustling with activity, offer immunity from this pervasive malady. Yet, I assure you, the loneliness that afflicts the wealthy is often of a more refined, and therefore, more agonizing variety. Lord Ashworth, for instance, surrounded by obsequious flatterers and burdened by the weight of his estate, found himself utterly unable to confide in another soul. The very structure of his life, built upon privilege and expectation, prevented genuine intimacy. He paced the halls of his ancestral home, a prisoner of his own grandeur, haunted by the silence that echoed between the pronouncements of duty and the whispers of discontent. A vast emptiness, concealed beneath a veneer of respectability.",ai_mimicked,0.7521367521367521,8.0,0.4137931034482758,12.844918032786886,0.0,14.0,ai_mimicked,ai_mimicked,ai_mimicked,True,False
"The anxieties surrounding a young lady’s marital prospects were, perhaps, most keenly felt by the lady herself, though rarely expressed with any degree of candour. Miss Beatrice, though possessed of a lively wit and a pleasing countenance, found herself increasingly burdened by the weight of expectation. Each ball, each visit, became a stage upon which she was compelled to perform, to attract, to assess, and to be assessed. The very air seemed thick with unspoken questions: Was she sufficiently accomplished? Was her temper amiable enough? Was her dowry adequate? Such scrutiny, though often veiled in polite conversation, could prove a considerable trial to a sensitive mind, and one could scarcely blame her for occasionally retreating into a world of novels and quiet contemplation.",ai_mimicked,0.7672413793103449,5.857142857142857,0.6086956521739131,11.217328687572593,0.0,13.0,ai_mimicked,ai_mimicked,ai_mimicked,True,False
"Often, the most effective psychological manipulation isn’t grand or dramatic, but a series of small, consistent behaviors designed to normalize control. This gradual erosion of boundaries can be particularly insidious in romantic relationships. What begins as “concern” can morph into possessiveness, “helpful suggestions” into demands, and “acts of service” into obligations. The victim, initially grateful for the attention, may slowly find themselves isolated from friends and family, their independence curtailed, and their own needs consistently overlooked. The key is the incremental nature of the abuse; each individual act may seem minor, but collectively they create a web of control that is difficult to escape, leaving the victim questioning their own reality and worth.",ai_neutral,0.7747747747747747,6.2,0.6428571428571429,15.988601769911504,1.0,11.0,ai_neutral,ai_neutral,ai_neutral,True,False
"One might be tempted to believe that the vulnerability of childhood is a relic of bygone eras, a consequence of poverty and social neglect. But I contend that it persists, albeit in more subtle forms, even within the seemingly ordered confines of respectable society. For what is a child but a creature utterly reliant upon the integrity of those entrusted with its care? A misplaced confidence, a whispered falsehood, a subtle act of emotional manipulation – these can inflict wounds far deeper and more lasting than any physical blow. The vulnerability lies not merely in the absence of worldly possessions, but in the profound trust placed in the hands of others, a trust that, alas, is so often betrayed.",ai_mimicked,0.7522935779816514,9.2,0.5185185185185185,13.314000000000004,0.0,9.0,human,ai_mimicked,ai_mimicked,False,False
"Let us turn our gaze, not to the grand pronouncements of Parliament, nor the machinations of the wealthy, but to the seemingly innocuous routines of daily life. Consider the relentless schedule imposed upon the factory children, rising before dawn, toiling until dusk, their bodies and spirits broken by monotonous labour. This is not merely a matter of economic necessity, but a deliberate strategy to instill obedience and suppress independent thought. Deprived of education, of leisure, of any opportunity for self-improvement, these young souls are molded into compliant workers, their potential stifled, their futures predetermined. The very rhythm of their existence – a ceaseless, grinding cycle of work and exhaustion – serves as a potent reminder of their powerlessness, a chilling illustration of how social control can be woven into the fabric of everyday life.",ai_mimicked,0.765625,7.8,0.4358974358974359,16.249939393939393,0.0,14.0,ai_mimicked,ai_mimicked,ai_mimicked,True,False
"The railway, that iron horse of progress, whilst lauded for its speed and convenience, served also to accentuate the divisions within our society. Observe the carriages: plush velvet and polished mahogany for those of means, whilst the lower orders were crammed into open trucks, exposed to the elements, treated little better than livestock. Even in the pursuit of advancement, the poor were reminded of their station. The very landscape, altered by the railway’s relentless advance, seemed to reflect this imbalance – grand estates looming over shantytowns, the smoke from factory chimneys obscuring the sun for those who toiled within their shadows. A nation on the move, yes, but a nation irrevocably fractured along lines of fortune and circumstance.",ai_mimicked,0.7565217391304347,7.0,0.25,13.000957264957268,0.0,12.0,ai_mimicked,ai_mimicked,ai_mimicked,True,False
"Imagine a city divided not by walls, but by invisible lines of access. One side boasts thriving businesses, well-funded schools, and safe, clean environments. The other struggles with underemployment, dilapidated infrastructure, and limited opportunities. This isn’t a dystopian fantasy; it’s the reality for many urban centers grappling with the effects of class disparity. The physical manifestation of this inequality – segregated neighborhoods, unequal access to resources – reinforces social divisions and perpetuates cycles of disadvantage. Addressing this requires intentional urban planning, investment in underserved communities, and a commitment to creating inclusive spaces where everyone has the opportunity to thrive.",ai_neutral,0.8105263157894737,7.333333333333333,0.5294117647058824,16.26139175257732,1.0,9.0,ai_neutral,ai_neutral,ai_neutral,True,False
"“Children must be taught how to think, not what to think,” and this directive speaks directly to the core of childhood vulnerability. Before critical thinking skills fully develop, children are exceptionally susceptible to manipulation and misinformation. This isn’t necessarily malicious; it can stem from simple misunderstandings or the unintentional biases of adults. A child’s trust is readily given, making them vulnerable to exploitation, whether emotional, physical, or psychological. This susceptibility isn’t simply a matter of naiveté, but a developmental stage where the capacity for abstract thought and nuanced judgment is still emerging. Protecting children, therefore, requires not just physical safety, but also fostering a healthy skepticism and encouraging questioning.",ai_neutral,0.7904761904761904,6.0,0.5185185185185185,15.636284403669729,1.0,11.0,ai_neutral,ai_neutral,ai_neutral,True,False
"I must now mention a circumstance which I would wish to forget myself, and which no obligation less than the present should induce me to unfold to any human being. Having said thus much, I feel no doubt of your secrecy. My sister, who is more than ten years my junior, was left to the guardianship of my mother's nephew, Colonel Fitzwilliam, and myself. About a year ago, she was taken from school, and an establishment formed for her in London; and last summer she went with the lady who presided over it to Ramsgate; and thither also went Mr. Wickham, undoubtedly by design; for there proved to have been a prior acquaintance between him and Mrs. Younge, in whose character we were most unhappily deceived; and by her connivance and aid he so far recommended himself to Georgiana, whose affectionate heart retained a strong impression of his kindness to her as a child, that she was persuaded to believe herself in love and to consent to an elopement.",human,0.7391304347826086,7.75,0.2413793103448276,12.92044378698225,4.0,12.0,human,human,human,True,False
"She told the story, however, with great spirit among her friends; for she had a lively, playful disposition, which delighted in anything ridiculous. The evening altogether passed off pleasantly to the whole family. Mrs. Bennet had seen her eldest daughter much admired by the Netherfield party. Mr. Bingley had danced with her twice, and she had been distinguished by his sisters. Jane was as much gratified by this as her mother could be, though in a quieter way. Elizabeth felt Jane's pleasure. Mary had heard herself mentioned to Miss Bingley as the most accomplished girl in the neighbourhood; and Catherine and Lydia had been fortunate enough to be never without partners, which was all that they had yet learnt to care for at a ball.",human,0.7049180327868853,6.142857142857143,0.4705882352941176,9.310285714285715,2.0,7.0,human,human,human,True,False
"The core of any power dynamic lies in perceived scarcity. Whether it’s resources, opportunities, or even attention, the belief that something is limited creates competition, and competition inevitably establishes hierarchies. This isn’t simply a matter of individual ambition; systemic structures actively cultivate this scarcity. For example, limited funding for research projects forces scientists to compete fiercely for grants, granting disproportionate power to those already established within the field. This creates a self-perpetuating cycle where newcomers struggle to gain a foothold, and innovative ideas from outside the established network are often overlooked. Addressing power imbalances, therefore, requires not just changing individual behaviors, but fundamentally rethinking the systems that create and reinforce these conditions of scarcity.",ai_neutral,0.7857142857142857,7.0,0.2222222222222222,17.179649122807017,1.0,10.0,ai_neutral,ai_neutral,ai_neutral,True,False
"It was generally evident, whenever they met, that he did admire her; and to her it was equally evident that Jane was yielding to the preference which she had begun to entertain for him from the first, and was in a way to be very much in love; but she considered with pleasure that it was not likely to be discovered by the world in general, since Jane united with great strength of feeling, a composure of temper and an uniform cheerfulness of manner, which would guard her from the suspicions of the impertinent. She mentioned this to her friend, Miss Lucas.",human,0.65,8.0,0.5,21.30588235294118,2.0,7.0,human,human,human,True,False
"The theatre, that glittering palace of illusion, offers a most peculiar and poignant reflection upon our mortal condition. For what is a performance, after all, but a fleeting imitation of life, played out before a captivated audience? The actors strut and fret their hour upon the stage, embodying joys and sorrows, triumphs and tragedies – all the while knowing that the curtain will inevitably fall. And as we, the spectators, become engrossed in their fabricated realities, are we not reminded of our own roles in a far grander, and far less predictable, drama? The applause fades, the lights dim, and the players vanish, leaving us to ponder the ephemeral nature of existence, and the ultimate, unavoidable exit of us all.",ai_mimicked,0.7280701754385965,6.2,0.3548387096774194,13.722252100840336,0.0,17.0,ai_mimicked,ai_mimicked,ai_mimicked,True,False
"One cannot deny the influence of fortune upon the marriage market, though to speak of it openly is, of course, considered indelicate. A young lady with a substantial inheritance possesses a power that no amount of beauty or wit can replicate. She is not compelled to accept the first offer, nor to endure the condescension of a suitor who views her as a mere addition to his estate. Indeed, she may choose to remain unmarried altogether, a prospect which, while shocking to some, is becoming increasingly common amongst those of independent means. It is a curious reversal of expectations, and one which forces gentlemen to reconsider their standards. For what use is a title or a handsome face when weighed against the security of a comfortable income?",ai_mimicked,0.7777777777777778,7.666666666666667,0.4444444444444444,12.083897637795278,0.0,9.0,ai_mimicked,ai_mimicked,ai_mimicked,True,False
"It is frequently remarked that a young lady’s education should prepare her for the duties of wifehood, but rarely is she instructed in the art of discerning genuine affection. She is taught to play the pianoforte, to embroider, to converse with elegance – accomplishments undoubtedly valuable in securing a husband – yet she receives little guidance in navigating the treacherous waters of the human heart. Consequently, she is often ill-equipped to distinguish between a sincere attachment and a calculated pursuit. The consequence is a prevalence of unhappy marriages, born not of malice, but of ignorance and a misplaced emphasis upon external appearances. A more judicious curriculum, one that prioritizes self-awareness and emotional intelligence, might prove a more effective preparation for the realities of matrimony.",ai_mimicked,0.7413793103448276,8.0,0.4827586206896552,16.268622950819672,0.0,8.0,human,ai_mimicked,ai_mimicked,False,False
"Is it a paradox that acknowledging our eventual demise can actually enrich life? The consistent denial of mortality, prevalent in modern society, often leads to a frantic pursuit of distractions – possessions, status, fleeting pleasures – all attempts to mask an underlying anxiety. However, confronting the finite nature of existence doesn’t necessitate despair; instead, it can be a powerful catalyst for prioritizing genuine connection, pursuing meaningful work, and appreciating the simple beauty of the present moment. Recognizing that time is limited encourages a shift in perspective, moving away from accumulating ‘things’ and towards cultivating experiences and relationships that truly resonate. This isn’t about dwelling on death, but about living more fully *because* of it.",ai_neutral,0.8333333333333334,6.8,0.5172413793103449,17.483500000000003,1.0,10.0,ai_neutral,ai_neutral,ai_neutral,True,False
"“All happy families are alike,” Tolstoy famously wrote, but the pursuit of that familial happiness often begins with a pragmatic evaluation of marital prospects. Beyond emotional connection, factors like financial stability, career compatibility, and shared life goals play a significant role in long-term relationship success. This isn’t to suggest that love is transactional, but rather that sustainable partnerships require a degree of practical alignment. Ignoring these considerations in favor of purely romantic feelings can lead to avoidable stress and conflict down the line. A realistic assessment of these elements, alongside emotional compatibility, provides a more solid foundation for building a lasting future together.",ai_neutral,0.8571428571428571,6.6,0.53125,16.61681553398058,0.0,8.0,ai_neutral,ai_neutral,ai_neutral,True,False
"Observing political discourse, it’s clear that superficiality extends far beyond personal interactions. Sound bites, emotionally charged rhetoric, and the prioritization of image over policy substance have become hallmarks of modern campaigning. Complex issues are reduced to simplistic narratives, appealing to base emotions rather than fostering critical thinking. This isn’t merely a matter of media sensationalism; it reflects a broader societal trend towards instant gratification and a diminished capacity for nuanced understanding. The consequences are profound, hindering meaningful dialogue and eroding trust in institutions. When substance is sacrificed for spectacle, informed decision-making becomes increasingly difficult, leaving citizens vulnerable to manipulation and misinformation.",ai_neutral,0.8787878787878788,6.5,0.5454545454545454,17.963118811881184,1.0,7.0,ai_neutral,ai_neutral,ai_neutral,True,False
"The river Thames, that ceaseless artery of the city, flows onward with a grim indifference to the human dramas unfolding upon its banks. One might observe, upon a particularly murky evening, the flotsam and jetsam carried along by the current – broken furniture, discarded refuse, and, occasionally, something far more unsettling. Old Silas, the night watchman, swore he’d seen faces staring up from the depths, pale and spectral, reminders of those lost to the river’s embrace. It is a chilling thought, that the very waters which sustain life also hold the secrets of its ending, a constant, murmuring testament to the fragility of existence. The river remembers all, and offers no solace.",ai_mimicked,0.7757009345794392,7.6,0.3571428571428571,12.522054054054056,0.0,16.0,ai_mimicked,ai_mimicked,ai_mimicked,True,False
"The bustling marketplace of London, with its cries and clamor, offers a fitting metaphor for the contest of wills that plays out in countless drawing rooms and humble dwellings. For manipulation, at its heart, is a transaction – an exchange of vulnerability for control. Old Man Hemlock, a pawnbroker of dubious reputation, understood this principle intimately. He did not threaten his clients with the law, nor did he resort to outright coercion. Instead, he offered a sympathetic ear, a carefully timed loan, and a subtle suggestion of their own failings, preying upon their desperation and anxieties until they were utterly beholden to his whims. A chillingly efficient system, built upon the bedrock of human weakness and the promise of temporary relief.",ai_mimicked,0.7787610619469026,7.166666666666667,0.3939393939393939,12.565000000000005,0.0,12.0,ai_mimicked,ai_mimicked,ai_mimicked,True,False
"Philosophically, the concept of gender roles raises fundamental questions about essentialism versus social construction. Are there inherent differences between men and women that justify different societal expectations, or are these differences largely created and perpetuated by culture? While biological sex is a reality, gender – the social roles, behaviors, expressions, and identities of individuals – is demonstrably fluid and varies across cultures and time periods. Recognizing this distinction is vital. To assume fixed roles based on sex ignores the diversity of human experience and limits the potential for individual self-discovery and societal progress.",ai_neutral,0.7692307692307693,6.8,0.375,17.05305494505495,0.0,6.0,ai_neutral,ai_neutral,ai_neutral,True,False
"Looking beyond individual psychology, identity formation can be understood as a political act. The very act of defining oneself – choosing one’s affiliations, beliefs, and values – is a form of resistance against societal pressures to conform. Marginalized groups, in particular, often engage in deliberate identity work to reclaim agency and challenge dominant narratives. This can involve embracing previously stigmatized aspects of their identity, creating alternative communities, and advocating for social change. In this context, identity isn’t simply about personal self-discovery, but about collective empowerment and the pursuit of social justice.",ai_neutral,0.7954545454545454,6.4,0.4814814814814814,17.073348314606744,0.0,9.0,ai_neutral,ai_neutral,ai_neutral,True,False
"“Who am I?” is a question often posed during adolescence, but the search for self isn’t solely a teenage preoccupation. Neurological research suggests that the prefrontal cortex, responsible for self-reflection and decision-making, continues to develop well into the twenties. This prolonged maturation period explains why young adults often experience uncertainty about their career paths, relationships, and life goals. Moreover, significant life events – trauma, loss, or profound change – can trigger periods of identity re-evaluation at any age. These moments of disruption force individuals to confront their core beliefs and values, potentially leading to a revised understanding of themselves and their place in the world.",ai_neutral,0.8431372549019608,7.0,0.2142857142857142,14.13218446601942,0.0,9.0,ai_neutral,ai_neutral,ai_neutral,True,False
"The chilling paradox of an existential threat lies in its often subtle beginnings. Frequently, it doesn’t announce itself with dramatic fanfare, but rather manifests as a gradual shift in underlying conditions – a slow creep of instability. Climate change, for example, isn’t a single catastrophic event, but a cascade of interconnected crises: resource scarcity, mass migration, extreme weather, and ecological collapse. Each individual event might be manageable, but their combined effect threatens to overwhelm adaptive capacity, potentially destabilizing global systems and triggering widespread conflict. This isn’t about the end of the world in a fiery apocalypse; it’s about the unraveling of the complex web of dependencies that sustain modern civilization, leading to a protracted period of decline and suffering.",ai_neutral,0.8125,7.0,0.5263157894736842,17.314000000000004,1.0,11.0,ai_neutral,ai_neutral,ai_neutral,True,False
"Consider the long-term implications: parental duty isn’t a finite task completed upon a child’s eighteenth birthday, but a continuing commitment that evolves over time. While the nature of support shifts from direct provision to guidance and encouragement, the underlying responsibility remains. This ongoing involvement acknowledges the inherent complexities of adulthood and the inevitable challenges that arise. It means being a sounding board, offering advice when solicited, and providing a safety net without enabling dependence. Maintaining open communication and fostering a strong, enduring relationship are crucial components of this extended parental duty, ensuring a lifelong source of support and connection.",ai_neutral,0.8279569892473119,6.4,0.46875,16.685535353535354,0.0,6.0,ai_neutral,ai_neutral,ai_neutral,True,False
"This was the only retort except glass or crockery that the heavy creature was capable of making; but, I became as highly incensed by it as if it had been barbed with wit, and I immediately rose in my place and said that I could not but regard it as being like the honourable Finch's impudence to come down to that Grove, we always talked about coming down to that Grove, as a neat Parliamentary turn of expression, down to that Grove, proposing a lady of whom he knew nothing. Mr. Drummle, upon this, starting up, demanded what I meant by that?",human,0.7291666666666666,9.0,0.6,20.843137254901965,1.0,9.0,human,human,human,True,False
"With my head full of George Barnwell, I was at first disposed to believe that I must have had some hand in the attack upon my sister, or at all events that as her near relation, popularly known to be under obligations to her, I was a more legitimate object of suspicion than any one else. But when, in the clearer light of next morning, I began to reconsider the matter and to hear it discussed around me on all sides, I took another view of the case, which was more reasonable. Joe had been at the Three Jolly Bargemen, smoking his pipe, from a quarter after eight o'clock to a quarter before ten.",human,0.7735849056603774,9.333333333333334,0.3157894736842105,15.584385964912284,0.0,10.0,ai_mimicked,human,human,False,False
"To observe the machinations surrounding a marriage settlement is to witness a spectacle of calculated self-interest, cloaked in the language of affection and concern. Parents, aunts, and guardians all contribute their opinions, weighing the advantages and disadvantages of each potential match with a dispassion that would be admirable were it not so utterly devoid of sentiment. The young people themselves, often relegated to the role of passive observers, are expected to acquiesce in arrangements that will secure their future comfort, even if those arrangements fail to ignite the spark of genuine attachment. One wonders, not infrequently, whether happiness is truly considered a necessary component of a successful union, or merely a fortunate byproduct.",ai_mimicked,0.7870370370370371,6.75,0.3548387096774194,17.46112831858407,0.0,10.0,ai_neutral,ai_mimicked,ai_mimicked,False,False
"It is frequently remarked that a woman’s value lies primarily in her ability to make a good marriage. A harsh assessment, perhaps, yet one that reflects the prevailing sentiments of society. However, to reduce a woman to merely a bargaining chip in the pursuit of fortune and social advancement is to ignore the complexities of her character and the potential for intellectual and emotional fulfillment. The truly fortunate woman, one might argue, is not she who secures the wealthiest husband, but she who finds a companion with whom she can share a mutual respect and affection, a partnership founded upon genuine understanding. Such unions, though rarer, are infinitely more valuable than those dictated solely by considerations of propriety and consequence.",ai_mimicked,0.7678571428571429,8.0,0.4285714285714285,15.010000000000002,0.0,9.0,ai_neutral,ai_mimicked,ai_mimicked,False,False
"“The greatest tyranny is not one of force, but of the mind,” a sentiment echoing throughout history, perfectly encapsulates the long-term impact of psychological manipulation. Unlike physical coercion, the wounds inflicted are often invisible, residing in damaged self-esteem, anxiety, and a pervasive sense of distrust. Recovering from such abuse isn’t simply about escaping the manipulator; it’s about rebuilding a fractured internal landscape. Therapy, self-compassion, and establishing healthy boundaries are crucial components of this process. The lingering effects can manifest in difficulty forming healthy relationships, chronic self-doubt, and a heightened susceptibility to future manipulation, highlighting the profound and enduring consequences.",ai_neutral,0.797979797979798,7.0,0.4838709677419355,17.758262626262624,1.0,12.0,ai_neutral,ai_neutral,ai_neutral,True,False
"It is a common, and often lamentable, failing of those in positions of authority – be they parents, guardians, or heads of establishments – to assume their own judgment superior to that of those under their care. Old Mr. Hargrave, a man of considerable estate and inflexible opinions, determined that his niece, Louisa, should marry his neighbour’s son, a gentleman of amiable, if unremarkable, character. He dismissed Louisa’s quiet protestations, attributing them to girlish fancy and a lack of understanding of ‘true propriety.’ He failed to perceive, in his self-assuredness, the genuine affection Louisa harboured for a struggling artist, a man deemed unsuitable by virtue of his lack of fortune. Such instances serve as a cautionary tale, reminding us that even the most well-intentioned interference can have unforeseen, and often regrettable, consequences.",ai_mimicked,0.76,9.0,0.5151515151515151,16.153076923076924,0.0,18.0,ai_mimicked,ai_mimicked,ai_mimicked,True,False
"The present age, with its increasing emphasis upon individual liberty, has begun to question the long-held assumptions regarding the roles assigned to women. Though such discussions are often conducted in hushed tones, and frequently dismissed as radical notions, they nonetheless represent a significant shift in perspective. It is no longer sufficient to declare that a woman’s happiness lies solely within the domestic sphere; one must also acknowledge her right to self-determination, to pursue intellectual and professional fulfillment independent of marital status. Whether society will readily embrace such a change remains to be seen, but the very fact that the question is being asked suggests that the foundations of the old order are, perhaps, beginning to tremble.",ai_mimicked,0.808695652173913,7.0,0.56,17.08206896551724,1.0,8.0,ai_neutral,ai_neutral,ai_mimicked,False,False
"“The greatest tyranny is not force but a uniform thought,” B.F. Skinner observed, and this rings particularly true when examining group manipulation. Cults, extremist ideologies, and even certain marketing campaigns demonstrate how shared beliefs can be engineered to suppress critical thinking. This often involves isolating individuals from dissenting viewpoints, creating an echo chamber where the manipulator’s narrative is unchallenged. Repetition, simplification of complex issues, and the demonization of outsiders are common tools. The goal isn’t necessarily to convince someone of a specific belief, but to dismantle their capacity for independent judgment, making them susceptible to external control.",ai_neutral,0.8617021276595744,6.4,0.4,15.16654639175258,0.0,9.0,ai_neutral,ai_neutral,ai_neutral,True,False
"It is a truth universally acknowledged, that a single fortune, though never so modest, must be the object of every young lady of good family; yet, it is a truth less frequently observed, that the pursuit of such a convenience often eclipses any genuine regard for qualities of mind or character. Miss Penrose, for instance, possessed a countenance agreeable enough, and accomplishments sufficient to render her tolerable in any drawing-room; however, her conversation consisted chiefly of detailing the ribbons and laces adorning her person, and lamenting the deficiencies of the local milliner. Such a display, while perhaps securing her a husband of comfortable means, could scarcely be expected to foster a connection founded on esteem, or to contribute to the rational happiness of either party. One might almost suspect a deliberate cultivation of such emptiness, believing it a more certain path to advantage than the troublesome exertion of intellectual improvement.",ai_mimicked,0.75177304964539,8.5,0.4444444444444444,20.668333333333333,2.0,14.0,human,ai_mimicked,ai_mimicked,False,False
"Poor Lydia's situation must, at best, be bad enough; but that it was no worse, she had need to be thankful. She felt it so; and though, in looking forward, neither rational happiness, nor worldly prosperity could be justly expected for her sister, in looking back to what they had feared, only two hours ago, she felt all the advantages of what they had gained. Mr. Bennet had very often wished, before this period of his life, that, instead of spending his whole income, he had laid by an annual sum, for the better provision of his children, and of his wife, if she survived him.",human,0.7452830188679245,7.0,0.6153846153846154,15.110754716981134,2.0,16.0,ai_mimicked,human,human,False,False
"Consider the subtle, yet powerful, influence of social media on contemporary marriage prospects. Platforms like Instagram and Facebook present curated versions of reality, fostering unrealistic expectations about relationships and creating a constant comparison to others’ perceived happiness. This can lead to dissatisfaction within existing partnerships or a reluctance to settle for anything less than the ‘perfect’ relationship portrayed online. Moreover, social media expands the potential dating pool exponentially, but simultaneously encourages superficial connections based on appearance and carefully constructed online personas. The pressure to present a ‘couple aesthetic’ can also add undue stress to relationships, impacting their authenticity and longevity.",ai_neutral,0.8144329896907216,7.2,0.5555555555555556,18.40600000000001,0.0,6.0,ai_neutral,ai_neutral,ai_neutral,True,False
"The chill November fog, clinging to the stones of the rookeries like a shroud, served as a most unwelcome reminder – not merely of the season’s damp and discomfort, but of that greater, inescapable dampness which awaits us all. For in the very breath that condensed upon the windowpanes, one might perceive the fleeting nature of existence, the swift passage from warmth to cold, from being to nothingness. Old Man Hemlock, huddled in his doorway, a figure sculpted by sorrow and the relentless march of years, exemplified this truth with every rattling cough. He was a living testament to time’s dominion, a walking, breathing memento mori, and his presence cast a pall upon even the most boisterous street cries, whispering of the inevitable dissolution that awaits even the heartiest amongst us. It is a grim contemplation, to be sure, yet one which a thoughtful soul cannot, in good conscience, entirely avoid.",ai_mimicked,0.7535211267605634,8.0,0.4054054054054054,14.675333333333338,0.0,18.0,ai_mimicked,ai_mimicked,ai_mimicked,True,False
"“The worst loneliness is not to be alone, but to be among thousands and to feel unseen,” wrote Simone Weil, a sentiment that resonates deeply in our increasingly populous world. This speaks to the qualitative aspect of isolation – it’s not about *how many* people you encounter, but *how well* you are known and understood. A crowded city can be a breeding ground for anonymity, where individuals exist in close proximity yet remain emotionally distant. This form of isolation often disproportionately affects marginalized communities, where systemic barriers and discrimination can limit access to social networks and opportunities for inclusion. Breaking down these barriers requires a commitment to fostering inclusive spaces and actively challenging societal norms that perpetuate exclusion.",ai_neutral,0.7787610619469026,7.4,0.5185185185185185,16.430017094017092,0.0,6.0,ai_neutral,ai_neutral,ai_neutral,True,False
"Old Man Tiber, they called him, a river-watcher whose life had been spent observing the Thames’s ceaseless flow. He’d seen fortunes rise and fall with the tide, witnessed joy and sorrow reflected in its murky depths, but lately, a new disquiet had taken root within him. It wasn’t the river’s changing currents, nor the increased traffic of steam-packets, but a sense that the very water itself lacked conviction, flowing not *to* anywhere, but simply *because* it must. He’d begun to question the purpose of his own vigil, the meaning of his long years spent charting the river’s moods. What, he wondered, if the river, like all things, was merely a consequence of chance, a fleeting arrangement of molecules destined to dissolve back into the formless chaos from whence it came? A most unsettling thought for a man who had always believed the river held secrets, a narrative, a *reason* for being.",ai_mimicked,0.7638888888888888,7.666666666666667,0.2564102564102564,11.338907284768217,0.0,17.0,ai_mimicked,ai_mimicked,ai_mimicked,True,False
"Isn't it curious how often the illusion of choice masks deeply ingrained power imbalances? Contemporary consumer culture, for instance, thrives on presenting endless options – brands, products, lifestyles – yet these choices are fundamentally shaped by marketing strategies designed to dictate desire. This isn’t about genuine autonomy, but a carefully constructed system where corporations wield significant power over individual preferences and, ultimately, behavior. The very act of ‘choosing’ reinforces the system, solidifying the power dynamic where needs are manufactured and fulfilled on terms dictated by those who control the means of production and persuasion. This subtle control extends beyond economics, influencing social norms and political discourse, demonstrating how power operates not just through overt force, but through the shaping of perception.",ai_neutral,0.788135593220339,8.6,0.2682926829268293,17.391159663865547,0.0,11.0,ai_mimicked,ai_neutral,ai_neutral,False,False
"Consider, if you will, the drawing-rooms of the affluent, glittering with chandeliers and echoing with polite conversation – spaces seemingly designed for connection, yet often breeding a more subtle, and perhaps more devastating, form of isolation. Miss Eleanor Ainsworth, possessed of a fortune exceeding her years and a beauty that drew admiring glances, found herself a prisoner within their gilded cages. Surrounded by suitors motivated by avarice rather than affection, and attended by servants whose deference masked a profound indifference, she yearned for a genuine exchange, a kindred spirit. Her loneliness was not one of physical absence, but of spiritual emptiness, a hollow ache within a heart starved of true companionship, proving that wealth and social standing are poor substitutes for affection.",ai_mimicked,0.8230088495575221,8.5,0.3333333333333333,17.27196280991736,0.0,14.0,ai_mimicked,ai_mimicked,ai_mimicked,True,False
"Isn't it curious how often the unspoken rules of engagement dictate our interactions, subtly shifting the balance of power even when no formal hierarchy exists? Power dynamics aren’t always about overt control; they frequently manifest as influence, access to information, or the ability to define narratives. Consider a brainstorming session where one individual consistently steers the conversation, not through authority, but through confident articulation and interruption patterns. This isn’t necessarily malicious, but it demonstrates a power imbalance – their ideas gain traction simply because they’re presented with more force. Recognizing these subtle cues is crucial for fostering equitable collaboration and ensuring all voices are genuinely heard, moving beyond performative inclusivity to actual shared decision-making. The quietest contributions often hold the most value, if only given space to emerge.",ai_neutral,0.8582677165354331,6.833333333333333,0.3888888888888889,17.47287401574803,1.0,8.0,ai_neutral,ai_neutral,ai_neutral,True,False
"A ball at Hartfield presented a microcosm of the prevailing anxieties. The eligible young ladies, naturally, occupied the most advantageous positions, their gowns and accomplishments meticulously scrutinized. Yet, it was the observation of those *between* stations – the daughters of clergymen with modest livings, the nieces of impoverished baronets – which proved most instructive. They moved with a peculiar blend of hope and resignation, acutely aware of their limited prospects. Their smiles were brighter, their efforts to engage more pronounced, as if to compensate for a perceived deficiency in their standing. One could scarcely blame them for striving to make an impression, yet the very act of striving served only to highlight the insurmountable obstacles placed before them by the rigid dictates of society.",ai_mimicked,0.7542372881355932,6.833333333333333,0.5185185185185185,13.135081967213118,0.0,9.0,ai_neutral,ai_mimicked,ai_mimicked,False,False
"Consider, if you will, the peculiar injustice inherent in a creature born into a world it did not choose, burdened with an innocence it cannot defend. The child, a blank slate upon which the world inscribes its lessons – often cruel ones – possesses no power to negotiate the terms of its existence. It is a recipient, not a participant, in the grand drama of life, subject to the caprices of fortune and the failings of mankind. This helplessness, this utter lack of self-determination, is not merely a matter of physical weakness, but a profound moral vulnerability. For it is in childhood that the seeds of character are sown, and a poisoned soil yields a bitter harvest. To deny a child kindness, education, or even simple affection is to inflict a wound upon the very soul of society.",ai_mimicked,0.7301587301587301,7.333333333333333,0.358974358974359,12.164705882352944,0.0,13.0,ai_mimicked,ai_mimicked,ai_mimicked,True,False
"The fog, sir, a veritable miasma of despair, clung not merely to the cobbled streets and grimy buildings of this great city, but to the very souls of those who trod them alone. Observe, if you will, the elderly gentleman, hunched against the chill, his threadbare coat offering scant protection against the November air – a man once, no doubt, surrounded by family and the warmth of hearth, now reduced to a spectral figure, passing unnoticed amidst the bustling throng. It is not poverty alone that isolates, though poverty is a cruel master, but a gradual erosion of connection, a silencing of the voice, a fading from the memory of those who once held it dear. He seeks no conversation, offers no greeting; his eyes, fixed upon the pavement, betray a resignation that chills the blood more effectively than any winter blast. Such is the fate of many, lost in the labyrinthine alleys of a society too preoccupied with its own affairs to notice their slow, quiet disappearance.",ai_mimicked,0.7468354430379747,9.0,0.525,15.807257485029943,1.0,21.0,ai_mimicked,ai_mimicked,ai_mimicked,True,False
"About ten or a dozen years ago, before her marriage, she had spent a considerable time in that very part of Derbyshire to which he belonged. They had, therefore, many acquaintance in common; and, though Wickham had been little there since the death of Darcy's father, five years before, it was yet in his power to give her fresher intelligence of her former friends than she had been in the way of procuring. Mrs. Gardiner had seen Pemberley, and known the late Mr. Darcy by character perfectly well. Here, consequently, was an inexhaustible subject of discourse. In comparing her recollection of Pemberley with the minute description which Wickham could give, and in bestowing her tribute of praise on the character of its late possessor, she was delighting both him and herself.",human,0.6744186046511628,6.6,0.391304347826087,11.120419847328243,1.0,12.0,human,human,human,True,False
"I am not quite clear whether these articles were carried penitentially or ostentatiously; but I rather think they were displayed as articles of property, much as Cleopatra or any other sovereign lady on the Rampage might exhibit her wealth in a pageant or procession. When we came to Pumblechook's, my sister bounced in and left us. As it was almost noon, Joe and I held straight on to Miss Havisham's house. Estella opened the gate as usual, and, the moment she appeared, Joe took his hat off and stood weighing it by the brim in both his hands; as if he had some urgent reason in his mind for being particular to half a quarter of an ounce.",human,0.7787610619469026,7.25,0.3,12.815,2.0,6.0,ai_neutral,human,human,False,False
"The fog, a greasy, yellow shroud, clung to the cobbles of Bleak Street not merely as a meteorological phenomenon, but as a visible manifestation of the gulf that yawned between those who warmed themselves by private hearths and those who shivered in doorways. Old Man Hemlock, a watchmaker by trade – or rather, a former watchmaker, now reduced to mending broken toys for pennies – possessed a skill once esteemed, a livelihood now rendered worthless by the relentless march of mechanisation and the indifference of a society that valued novelty above honest labour. His fingers, nimble still, traced the chipped paint of a wooden soldier, a pathetic echo of the intricate movements he once coaxed from brass and steel. It was not simply poverty that afflicted him, but a profound erasure, a feeling of being utterly *unseen* by the bustling world that hurried past, deaf to the silent plea in his hollowed cheeks.",ai_mimicked,0.7553956834532374,10.5,0.5277777777777778,17.653029801324504,0.0,14.0,ai_mimicked,ai_mimicked,ai_mimicked,True,False
"Elizabeth, feeling it incumbent on her to relieve him from so unpleasant a situation, now put herself forward to confirm his account, by mentioning her prior knowledge of it from Charlotte herself; and endeavoured to put a stop to the exclamations of her mother and sisters, by the earnestness of her congratulations to Sir William, in which she was readily joined by Jane, and by making a variety of remarks on the happiness that might be expected from the match, the excellent character of Mr. Collins, and the convenient distance of Hunsford from London. Mrs. Bennet was, in fact, too much overpowered to say a great deal while Sir William remained; but no sooner had he left them than her feelings found a rapid vent.",human,0.7,9.5,0.4210526315789473,18.7848,2.0,10.0,human,human,human,True,False
"Isn't it curious how deeply ingrained expectations about “masculinity” and “femininity” often limit individual potential? These socially constructed roles, rather than being inherent traits, are learned behaviors reinforced through family, media, and cultural norms. Historically, these roles served practical purposes – division of labor for survival – but their rigid continuation in modern society frequently hinders personal fulfillment. Men are often discouraged from expressing vulnerability or pursuing traditionally “feminine” careers, while women face barriers in fields dominated by men, and are often judged more harshly for ambition. Challenging these norms isn’t about erasing difference, but about creating space for individuals to define themselves outside of pre-determined boxes, fostering a society where everyone can thrive based on their unique talents and passions.",ai_neutral,0.8151260504201681,7.8,0.3714285714285714,18.680235294117647,0.0,9.0,ai_neutral,ai_neutral,ai_neutral,True,False
"Reflecting on the current dating scene, it’s clear that a significant barrier to marital prospects is simply a lack of practice in forming deep, meaningful connections. Social media and constant digital stimulation have arguably eroded our ability to engage in genuine face-to-face interaction, fostering a culture of superficiality and instant gratification. Many individuals lack the skills necessary to navigate vulnerability, resolve conflict constructively, or build emotional intimacy. Consequently, even when promising connections are made, they often falter due to a lack of foundational communication skills and an inability to sustain long-term emotional investment. Rebuilding these skills requires intentional effort and a willingness to prioritize quality over quantity in our relationships.",ai_neutral,0.7962962962962963,7.2,0.5757575757575758,19.05727272727273,0.0,7.0,ai_neutral,ai_neutral,ai_neutral,True,False
"Reflecting on childhood, it becomes clear how profoundly social control begins – not with grand pronouncements, but with the seemingly innocuous rules of the playground. Sharing, taking turns, using ‘inside voices’ – these aren’t simply about politeness; they’re lessons in self-regulation, in deferring to the group, and in understanding the consequences of non-compliance. This early socialization process lays the foundation for accepting authority and internalizing societal norms. While essential for developing social skills, it also establishes a pattern of external validation, where self-worth is often tied to meeting expectations. The challenge, then, lies in navigating this ingrained conditioning and cultivating a sense of autonomy.",ai_neutral,0.8076923076923077,7.2,0.3870967741935484,15.734627450980394,1.0,10.0,ai_neutral,ai_neutral,ai_neutral,True,False
"It is a truth universally acknowledged, that a single man in possession of a good fortune, must be the object of every young lady’s consideration; yet, to dwell solely upon the gentleman’s wealth is to betray a lamentable deficiency in discernment, for the true measure of a family’s standing lies not merely in its coffers, but in the generations spent cultivating a reputation for propriety and good connections. One observes, with a degree of melancholy, the swift ascent of those newly enriched, whose manners, lacking the polish of long-established lineage, often prove as jarring as a discordant note in a carefully composed sonata. Such individuals, though possessing the means to purchase an estate, can rarely acquire the social grace to inhabit it with true consequence, and their attempts to integrate into the higher circles are frequently met with a polite, yet impenetrable, reserve.",ai_mimicked,0.7686567164179104,8.666666666666666,0.4705882352941176,23.299300699300694,1.0,15.0,ai_mimicked,ai_mimicked,ai_mimicked,True,False
"Mrs. Hawthorne, a woman of undeniable sensibility, yet lamentably deficient in firmness, confided in me her distress regarding her eldest son, Frederick. He possessed a handsome person and a tolerable fortune, yet displayed a singular aversion to any occupation beyond the pursuit of amusement. “It is not,” she lamented, with a fluttering of her lace handkerchief, “that he is actively *vicious*, my dear; merely…indolent. He declares a profession ‘uncongenial,’ and insists upon ‘following his inclinations.’ Inclinations! As if life were a perpetual picnic!” One could scarcely blame the young man entirely, for his mother’s indulgence had, from infancy, fostered a belief in his own importance, and a corresponding disregard for the duties which attend a comfortable existence. The consequence, one fears, will be a life of quiet dissipation and increasing dissatisfaction.",ai_mimicked,0.8099173553719008,5.5,0.4705882352941176,13.416968375136316,1.0,16.0,ai_mimicked,ai_mimicked,ai_mimicked,True,False
"The notion that “opposites attract” often proves misleading when contemplating marriage. While initial sparks might fly with someone vastly different, sustained compatibility requires a foundation of shared fundamental beliefs. This isn’t about mirroring every preference, but rather aligning on crucial life decisions – parenting styles, geographic preferences, and approaches to personal growth. A significant disparity in these areas can create friction that, over time, erodes the initial attraction. Therefore, evaluating marital prospects should prioritize identifying someone whose worldview complements your own, fostering a partnership built on mutual understanding and collaborative decision-making, rather than constant negotiation of opposing viewpoints.",ai_neutral,0.9157894736842104,6.8,0.5357142857142857,18.130639175257738,0.0,9.0,ai_neutral,ai_neutral,ai_neutral,True,False
"I had previously sought in my pockets for the letter, that I might refer to it again; but I could not find it, and was uneasy to think that it must have been dropped in the straw of the coach. I knew very well, however, that the appointed place was the little sluice-house by the limekiln on the marshes, and the hour nine. Towards the marshes I now went straight, having no time to spare. It was a dark night, though the full moon rose as I left the enclosed lands, and passed out upon the marshes. Beyond their dark line there was a ribbon of clear sky, hardly broad enough to hold the red large moon.",human,0.7181818181818181,8.0,0.45,8.159931623931623,1.0,9.0,human,human,human,True,False
"If he wishes to avoid seeing me he must go. We are not on friendly terms, and it always gives me pain to meet him, but I have no reason for avoiding him but what I might proclaim to all the world--a sense of very great ill-usage, and most painful regrets at his being what he is. His father, Miss Bennet, the late Mr. Darcy, was one of the best men that ever breathed, and the truest friend I ever had; and I can never be in company with this Mr. Darcy without being grieved to the soul by a thousand tender recollections.",human,0.7777777777777778,7.0,0.6153846153846154,8.139145631067965,1.0,7.0,human,human,human,True,False
"And when the verdict come, warn't it Compeyson as was recommended to mercy on account of good character and bad company, and giving up all the information he could agen me, and warn't it me as got never a word but Guilty? And when I says to Compeyson, ‘Once out of this court, I'll smash that face of yourn!' ain't it Compeyson as prays the Judge to be protected, and gets two turnkeys stood betwixt us? And when we're sentenced, ain't it him as gets seven year, and me fourteen, and ain't it him as the Judge is sorry for, because he might a done so well, and ain't it me as the Judge perceives to be a old offender of wiolent passion, likely to come to worse?”",human,0.608,7.0,0.4375,11.732187500000002,0.0,12.0,human,human,human,True,False
"I rang for the tea, and the waiter, reappearing with his magic clue, brought in by degrees some fifty adjuncts to that refreshment, but of tea not a glimpse. A teaboard, cups and saucers, plates, knives and forks (including carvers), spoons (various), salt-cellars, a meek little muffin confined with the utmost precaution under a strong iron cover, Moses in the bulrushes typified by a soft bit of butter in a quantity of parsley, a pale loaf with a powdered head, two proof impressions of the bars of the kitchen fireplace on triangular bits of bread, and ultimately a fat family urn; which the waiter staggered in with, expressing in his countenance burden and suffering.",human,0.7523809523809524,11.0,0.275,24.44350877192983,1.0,15.0,ai_mimicked,ai_mimicked,human,False,False
"Often overlooked in discussions of power is the power *of* vulnerability. While traditionally associated with weakness, genuine openness and the willingness to admit mistakes can be surprisingly effective in shifting dynamics. This isn’t about self-deprecation, but about demonstrating authenticity and building trust. A leader who openly acknowledges a miscalculation, for instance, can disarm potential critics and foster a more collaborative environment. This approach challenges the conventional notion that power requires a facade of infallibility, suggesting that true influence stems from connection and shared humanity, rather than dominance and control. It’s a subtle, yet potent, form of leverage.",ai_neutral,0.8279569892473119,5.833333333333333,0.2647058823529412,15.653144329896907,0.0,8.0,ai_neutral,ai_neutral,ai_neutral,True,False
"To know that she had the power of revealing what would so exceedingly astonish Jane, and must, at the same time, so highly gratify whatever of her own vanity she had not yet been able to reason away, was such a temptation to openness as nothing could have conquered, but the state of indecision in which she remained as to the extent of what she should communicate, and her fear, if she once entered on the subject, of being hurried into repeating something of Bingley, which might only grieve her sister further. It was the second week in May, in which the three young ladies set out together from Gracechurch Street for the town of ----, in Hertfordshire; and, as they drew near the appointed inn where Mr. Bennet's carriage was to meet them, they quickly perceived, in token of the coachman's punctuality, both Kitty and Lydia looking out of a dining-room upstairs.",human,0.7019867549668874,11.5,0.35,21.32657894736842,1.0,15.0,ai_mimicked,human,human,False,False
"But, to be sure, the good lady who showed us the house did give him a most flaming character! I could hardly help laughing aloud sometimes. But he is a liberal master, I suppose, and that, in the eye of a servant, comprehends every virtue.” Elizabeth here felt herself called on to say something in vindication of his behaviour to Wickham; and, therefore, gave them to understand, in as guarded a manner as she could, that by what she had heard from his relations in Kent, his actions were capable of a very different construction; and that his character was by no means so faulty, nor Wickham's so amiable, as they had been considered in Hertfordshire.",human,0.7431192660550459,6.25,0.5333333333333333,13.114827586206896,2.0,13.0,human,human,human,True,False
"He assured her that, as to dancing, he was perfectly indifferent to it; that his chief object was, by delicate attentions, to recommend himself to her; and that he should therefore make a point of remaining close to her the whole evening. There was no arguing upon such a project. She owed her greatest relief to her friend Miss Lucas, who often joined them, and good-naturedly engaged Mr. Collins's conversation to herself. She was at least free from the offence of Mr. Darcy's further notice: though often standing within a very short distance of her, quite disengaged, he never came near enough to speak.",human,0.7352941176470589,7.5,0.7692307692307693,8.756538461538465,2.0,8.0,human,human,human,True,False
"“Mama,” protested young Miss Penrose, her voice barely above a whisper, “must I *really* spend the entire evening conversing with Mr. Grimshaw about his turnips?” Mrs. Penrose, adjusting her spectacles with an air of long-suffering patience, replied, “My dear, Mr. Grimshaw is a man of property, and a connection with his family would be most advantageous. It is your duty to make yourself agreeable, however tedious you may find the subject matter.” The scene, though commonplace, revealed a truth of considerable import: the cultivation of social graces was not merely a matter of politeness, but a strategic necessity. A young lady’s ability to endure boredom, to feign interest in the mundane, and to offer flattering remarks to those of questionable intellect, was directly proportional to her chances of securing a favourable match. It was, in essence, a performance, and one in which success depended upon a masterful command of artifice.",ai_mimicked,0.7571428571428571,6.833333333333333,0.4444444444444444,12.097166666666666,0.0,18.0,ai_mimicked,ai_mimicked,ai_mimicked,True,False
"The inherent vulnerability of childhood stems from an incomplete neurological development, a brain still under construction. This isn’t a deficit to be pitied, but a fundamental state of being. The prefrontal cortex, responsible for executive functions like impulse control and long-term planning, isn’t fully formed. Consequently, children operate largely in the present moment, experiencing emotions with an intensity adults often struggle to recall. This immediacy, while beautiful, also leaves them susceptible to overwhelming feelings and impulsive behaviors. Trauma, even seemingly minor incidents, can be deeply imprinted because the neural pathways for processing and contextualizing experiences are still developing. Protective factors, like secure attachment, are crucial in building resilience during this formative period.",ai_neutral,0.8363636363636363,6.428571428571429,0.6666666666666666,15.83035714285715,0.0,12.0,ai_neutral,ai_neutral,ai_neutral,True,False
"The recent elopement of Miss Selina Grey with a gentleman of decidedly inferior connections has occasioned much discussion in the neighbourhood, and serves, perhaps, as a cautionary tale regarding the delicate balance between parental guidance and youthful independence. It is easy, of course, to condemn Miss Grey’s impetuosity, and to attribute her folly to a want of proper supervision. However, one cannot entirely dismiss the possibility that a more lenient, more understanding approach from her mother might have fostered a confidence and openness which would have allowed her to confide her affections, and thus avoid the necessity of such a desperate measure. For a parent’s duty extends beyond the mere prevention of imprudence; it encompasses the creation of a relationship built on trust and mutual respect, a haven where a daughter might safely reveal her heart.",ai_mimicked,0.7619047619047619,8.75,0.4117647058823529,18.667058823529413,1.0,10.0,human,ai_mimicked,ai_mimicked,False,False
"Estella, to the last hour of my life, you cannot choose but remain part of my character, part of the little good in me, part of the evil. But, in this separation, I associate you only with the good; and I will faithfully hold you to that always, for you must have done me far more good than harm, let me feel now what sharp distress I may. O God bless you, God forgive you!” In what ecstasy of unhappiness I got these broken words out of myself, I don't know. The rhapsody welled up within me, like blood from an inward wound, and gushed out.",human,0.7,6.6,0.3529411764705882,8.040264150943397,1.0,12.0,human,human,human,True,False
"The city itself, with its labyrinthine streets and teeming multitudes, provides a breeding ground for the subtle arts of control. Observe the street vendor, Old Man Hemlock, and his seemingly harmless game of chance. He does not shout or coerce, but employs a carefully crafted illusion of fairness, a patter of cheerful deception designed to disarm the unwary. The painted boxes, the weighted dice, the knowing wink – all contribute to a sense of camaraderie, a false promise of easy fortune. His victims, lured by the hope of a quick gain, rarely suspect the game is rigged, their losses dismissed as mere bad luck. The fog-laden air, mirroring the obscurity of his intentions, hangs heavy with the scent of broken dreams and pilfered shillings.",ai_mimicked,0.7796610169491526,7.666666666666667,0.3611111111111111,10.248902439024391,0.0,14.0,ai_mimicked,ai_mimicked,ai_mimicked,True,False
"My dear Lizzy, they must have passed within ten miles of us. Colonel Forster gives us reason to expect him here soon. Lydia left a few lines for his wife, informing her of their intention. I must conclude, for I cannot be long from my poor mother. I am afraid you will not be able to make it out, but I hardly know what I have written.” Without allowing herself time for consideration, and scarcely knowing what she felt, Elizabeth, on finishing this letter, instantly seized the other, and opening it with the utmost impatience, read as follows: it had been written a day later than the conclusion of the first.",human,0.8269230769230769,5.666666666666667,0.75,8.527702702702705,0.0,10.0,human,human,human,True,False
"Reflecting on a recent encounter, I realized how easily I’d fallen into the trap of judging someone based on their initial presentation. Their quiet demeanor and understated clothing led me to underestimate their intelligence and depth. It was a humbling reminder that superficial assessments are often profoundly inaccurate. The discomfort stemmed from my own need to categorize, to quickly assess and file people away in my mind. Breaking free from this habit requires conscious effort – a willingness to slow down, to listen attentively, and to actively challenge our own assumptions, recognizing that true value lies far beneath the surface.",ai_neutral,0.8191489361702128,7.2,0.5,13.34816161616162,0.0,5.0,ai_neutral,ai_neutral,ai_neutral,True,False
"From a philosophical perspective, the very notion of “marital prospects” implies a consumerist approach to relationships – a search for the ‘best’ partner as if selecting a product. This framing diminishes the reciprocal nature of love and commitment, suggesting that happiness is something *found* rather than *created*. A more nuanced view acknowledges that relationships are dynamic processes requiring continuous effort, vulnerability, and mutual adaptation. Instead of focusing on identifying the ideal partner, perhaps the emphasis should be on cultivating the capacity for deep connection and compassionate understanding, qualities that can transform any compatible individual into a fulfilling life partner.",ai_neutral,0.8260869565217391,7.25,0.4666666666666667,19.00989795918368,0.0,6.0,ai_neutral,ai_neutral,ai_neutral,True,False
"Mr. Wickham's society was of material service in dispelling the gloom which the late perverse occurrences had thrown on many of the Longbourn family. They saw him often, and to his other recommendations was now added that of general unreserve. The whole of what Elizabeth had already heard, his claims on Mr. Darcy, and all that he had suffered from him, was now openly acknowledged and publicly canvassed; and everybody was pleased to think how much they had always disliked Mr. Darcy before they had known anything of the matter. Miss Bennet was the only creature who could suppose there might be any extenuating circumstances in the case unknown to the society of Hertfordshire: her mild and steady candour always pleaded for allowances, and urged the possibility of mistakes; but by everybody else Mr. Darcy was condemned as the worst of men.",human,0.6619718309859155,9.5,0.6,11.766498993963785,2.0,5.0,human,human,human,True,False
