text_sample,actual_class,ttr,tree_depth,adj_noun_ratio,flesch_kincaid,semicolon_density,comma_density,pred_tier_a_xgb,pred_tier_b_ffnn,pred_tier_c_transformer,all_correct,deceptive_sample
"His being neither is exactly consistent with the probable feelings of a man spoilt in the common sense, but not really injured in disposition, and thoroughly in love. As for his being in love, Elizabeth has given as just an exposition of the causes of that phenomenon as Darcy has of the conditions of his unregenerate state, only she has of course not counted in what was due to her own personal charm. The secret of that charm many men and not a few women, from Miss Austen herself downwards, have felt, and like most charms it is a thing rather to be felt than to be explained.",human,0.6857142857142857,8.333333333333334,0.5263157894736842,15.494444444444444,0.0,7.0,human,human,ai,False,True
"It is natural that obligation should be felt, and if I could feel gratitude, I would now thank you. But I cannot--I have never desired your good opinion, and you have certainly bestowed it most unwillingly. I am sorry to have occasioned pain to anyone. It has been most unconsciously done, however, and I hope will be of short duration. The feelings which you tell me have long prevented the acknowledgment of your regard can have little difficulty in overcoming it after this explanation.” Mr. Darcy, who was leaning against the mantel-piece with his eyes fixed on her face, seemed to catch her words with no less resentment than surprise.",human,0.8018867924528302,6.333333333333333,0.375,9.581818181818182,0.0,7.0,human,human,human,True,False
"I cannot conceive why everybody of his standing who visited at our house should always have put me through the same inflammatory process under similar circumstances. Yet I do not call to mind that I was ever in my earlier youth the subject of remark in our social family circle, but some large-handed person took some such ophthalmic steps to patronise me. All this while, the strange man looked at nobody but me, and looked at me as if he were determined to have a shot at me at last, and bring me down. But he said nothing after offering his Blue Blazes observation, until the glasses of rum and water were brought; and then he made his shot, and a most extraordinary shot it was.",human,0.7131147540983607,7.5,0.6190476190476191,13.926746031746031,1.0,6.0,human,human,human,True,False
"It is a truth universally acknowledged, that a single woman possessed of a moderate fortune must be the subject of much speculation regarding her matrimonial prospects; yet, seldom is consideration given to the constraints under which she must navigate such a pursuit. For while a gentleman enjoys the liberty of choosing a wife based upon inclination, or even a calculated advantage to his estate, a lady’s choice is frequently dictated by necessity, by the imperative to secure a comfortable establishment, and to avoid the precariousness of dependence. To speak plainly, a woman’s value in society is too often measured by her potential to provide an heir, or to enhance a gentleman’s standing, rather than by her accomplishments or her understanding. Such a disparity, though rarely acknowledged with bluntness, casts a long shadow upon the lives of those whose fortunes do not grant them complete independence.",ai,0.7575757575757576,10.25,0.25,19.46198275862069,1.0,11.0,human,ai,ai,False,False
"The concept of inherited trauma, increasingly recognized in psychological research, offers a compelling lens through which to view parental influence. Beyond genetics, parents transmit patterns of emotional regulation – or dysregulation – to their children. A parent consistently responding to stress with anger, for example, may inadvertently teach their child that anger is a valid, even necessary, response to adversity. This isn’t a matter of deliberate teaching, but of neurological mirroring and the development of attachment styles. Consequently, individuals may find themselves repeating unhealthy relational patterns, struggling with anxiety or depression, or exhibiting behaviors that seem illogical from an external perspective. Breaking these cycles requires acknowledging the intergenerational transmission of emotional burdens and actively cultivating alternative coping mechanisms.",ai,0.8214285714285714,6.5,0.3783783783783784,18.500000000000004,0.0,11.0,ai,ai,ai,True,False
"The consequence of it is, that Lady Lucas will have a daughter married before I have, and that Longbourn estate is just as much entailed as ever. The Lucases are very artful people, indeed, sister. They are all for what they can get. I am sorry to say it of them, but so it is. It makes me very nervous and poorly, to be thwarted so in my own family, and to have neighbours who think of themselves before anybody else. However, your coming just at this time is the greatest of comforts, and I am very glad to hear what you tell us of long sleeves.”",human,0.6990291262135923,5.833333333333333,0.7,7.245373831775701,0.0,9.0,human,human,human,True,False
"It is not always the villain, cloaked in darkness, who practices this artful dominion, but often the seemingly harmless soul, brimming with an excess of solicitude. Consider the case of Mrs. Hawthorne, a widow of gentle mien and perpetually anxious brow. Her late husband, a man of considerable fortune, had instilled in her a profound distrust of independent thought, particularly in their daughter, Eliza. Every decision, from the cut of Eliza’s gown to the selection of a suitor, was presented not as a command, but as a necessary precaution against the cruelties of the world. Eliza, suffocated by this well-intentioned tyranny, bloomed not into a woman of spirit, but a pale imitation of her mother’s anxieties, her own voice lost in a chorus of cautionary whispers. A gilded cage, constructed with the finest threads of maternal concern.",ai,0.7421875,8.0,0.4054054054054054,11.939207507820653,0.0,17.0,ai,ai,ai,True,False
"Isn't it strange how often we categorize people based on what they *have* rather than who they *are*? Class consciousness, at its core, isn’t simply awareness of economic disparity; it’s the understanding of one’s position within a larger system of power, and how that position shapes lived experience. This realization often begins with noticing patterns – the subtle differences in opportunity, access, and even expectation based on socioeconomic background. It’s recognizing that individual struggles aren’t isolated incidents, but rather symptoms of systemic issues. Developing this consciousness can be uncomfortable, forcing a re-evaluation of personal beliefs and challenging the narratives of meritocracy. Ultimately, it’s a crucial step towards collective action and advocating for a more equitable society, moving beyond individual ambition to shared progress.",ai,0.7899159663865546,7.333333333333333,0.3611111111111111,16.907213114754096,1.0,9.0,ai,ai,ai,True,False
"One is compelled to consider the inherent paradox within the very concept of parental duty. To nurture a child is to foster their independence, to equip them with the faculties necessary to navigate the world on their own terms. Yet, to exercise that duty effectively often necessitates a degree of control, a shaping of their inclinations towards what is deemed proper and advantageous. Where, then, lies the boundary between benevolent guidance and oppressive interference? It is a question that vexes the most conscientious of parents, and one for which there is, perhaps, no easy answer. The truly wise, one suspects, understand that their role is not to *dictate* happiness, but to provide the conditions in which it may flourish – even if those conditions differ from their own expectations.",ai,0.7016129032258065,8.166666666666666,0.5,12.458125000000004,0.0,11.0,ai,ai,ai,True,False
"The fog, a greasy, yellow shroud, clung to the cobbled streets not merely as a meteorological phenomenon, but as a visible manifestation of the loneliness that permeated the very stones of London; for what, after all, is a city but a multitude of solitudes pressed together, each heart a darkened room wherein dwells a silent, unseen grief? Old Man Hemlock, huddled in a doorway with his threadbare coat pulled tight, was but one such room, a forgotten chamber in the vast, echoing house of humanity. He’d once possessed a trade, a wife, a boisterous son – memories now faded to the colour of dust, leaving him adrift in a sea of indifferent faces. The clatter of carriages, the cries of street vendors, served only to amplify his isolation, a cruel chorus mocking the silence within. Even the warmth of a flickering gas lamp offered no solace, merely casting a longer, more desolate shadow.",ai,0.8014705882352942,7.6,0.4047619047619047,14.74231578947369,1.0,20.0,ai,ai,ai,True,False
"Among the wretched creatures before him whom he must single out for special address was one who almost from his infancy had been an offender against the laws; who, after repeated imprisonments and punishments, had been at length sentenced to exile for a term of years; and who, under circumstances of great violence and daring, had made his escape and been re-sentenced to exile for life. That miserable man would seem for a time to have become convinced of his errors, when far removed from the scenes of his old offences, and to have lived a peaceable and honest life.",human,0.6938775510204082,10.0,0.3809523809523809,21.02,2.0,6.0,human,human,human,True,False
"Is it possible to build a life on shimmering surfaces, devoid of genuine connection? Superficiality, at its core, isn’t simply about appearances; it’s a deliberate avoidance of depth, a preference for the easily digestible over the complex and challenging. We curate online personas, meticulously crafting images of success and happiness, often masking insecurities and vulnerabilities. This performative existence extends beyond the digital realm, influencing how we interact in person, prioritizing social acceptance over authentic self-expression. The danger lies not in wanting to be liked, but in losing sight of *who* we are in the pursuit of approval. Ultimately, a life built on superficiality is a fragile one, susceptible to collapse at the first sign of genuine scrutiny.",ai,0.7610619469026548,7.166666666666667,0.5161290322580645,15.211581196581196,1.0,11.0,ai,ai,ai,True,False
"There was duty to be done, and it was done, but not harshly. The officer always gave me the assurance that he was worse, and some other sick prisoners in the room, and some other prisoners who attended on them as sick nurses, (malefactors, but not incapable of kindness, God be thanked!) always joined in the same report. As the days went on, I noticed more and more that he would lie placidly looking at the white ceiling, with an absence of light in his face until some word of mine brightened it for an instant, and then it would subside again.",human,0.6633663366336634,6.25,0.4444444444444444,10.319705882352944,0.0,10.0,human,human,human,True,False
"Mrs. Bennet, as any acquaintance could attest, possessed a singular talent for misinterpreting the motives of others, particularly when those motives concerned the advantageous pairing of her daughters. Yet, even in her most zealous machinations, one could discern a genuine, if misguided, affection. It was not merely ambition that drove her, though ambition certainly played its part, but a profound anxiety for their future well-being. She had witnessed, in her own youth, the precariousness of a woman’s position, dependent upon the goodwill of others, and determined, with a force bordering on the tyrannical, to shield her offspring from a similar fate. One might condemn her methods, but to deny the sincerity of her maternal concern would be a display of unforgivable harshness.",ai,0.7844827586206896,6.8,0.4482758620689655,14.527639344262294,0.0,16.0,ai,ai,ai,True,False
"Consider the subtle ways parents communicate expectations through seemingly innocuous choices. The books they read aloud, the activities they prioritize, the professions they subtly praise or dismiss – all contribute to a child’s understanding of what is valued in the world. This isn’t necessarily about overt pressure; often, it’s a matter of creating a cultural context within the family. A household that consistently celebrates intellectual achievement, for example, may inadvertently discourage artistic pursuits, even if those pursuits aren’t explicitly forbidden. These implicit messages, absorbed over years, can profoundly shape a child’s self-perception, career aspirations, and overall life choices, often operating outside of conscious awareness.",ai,0.8686868686868687,6.8,0.3103448275862069,16.7313786407767,1.0,11.0,ai,ai,ai,True,False
"Darcy was not of a disposition in which happiness overflows in mirth; and Elizabeth, agitated and confused, rather knew that she was happy than felt herself to be so; for, besides the immediate embarrassment, there were other evils before her. She anticipated what would be felt in the family when her situation became known: she was aware that no one liked him but Jane; and even feared that with the others it was a dislike which not all his fortune and consequence might do away. At night she opened her heart to Jane. Though suspicion was very far from Miss Bennet's general habits, she was absolutely incredulous here.",human,0.7547169811320755,6.75,0.5,13.29555555555556,3.0,5.0,human,human,human,True,False
"That matter of Herbert's was still progressing, and everything with me was as I have brought it down to the close of the last preceding chapter. Business had taken Herbert on a journey to Marseilles. I was alone, and had a dull sense of being alone. Dispirited and anxious, long hoping that to-morrow or next week would clear my way, and long disappointed, I sadly missed the cheerful face and ready response of my friend. It was wretched weather; stormy and wet, stormy and wet; and mud, mud, mud, deep in all the streets. Day after day, a vast heavy veil had been driving over London from the East, and it drove still, as if in the East there were an eternity of cloud and wind.",human,0.6611570247933884,6.666666666666667,0.6086956521739131,8.520634920634922,2.0,12.0,human,human,human,True,False
"From a sociological perspective, parental influence isn’t isolated; it’s interwoven with broader cultural narratives and socioeconomic factors. Parents, themselves products of their own upbringing and societal pressures, transmit not only family values but also ingrained biases and expectations. A parent’s aspirations for their child – whether consciously articulated or subtly conveyed – are often shaped by their own opportunities and limitations. This creates a complex dynamic where individual parental influence is simultaneously personal and representative of larger systemic forces, perpetuating cycles of privilege or disadvantage across generations. Recognizing this broader context is crucial for understanding the full scope of parental impact.",ai,0.8125,6.6,0.7037037037037037,18.830989898989905,1.0,4.0,ai,ai,ai,True,False
"Often, the lack of class consciousness isn’t a result of ignorance, but of deliberate fragmentation. Political rhetoric frequently emphasizes individual responsibility and downplays the role of systemic factors, fostering a sense of isolation and preventing the formation of collective identity. Media representations often reinforce stereotypes and perpetuate narratives that pit different groups against each other, obscuring shared economic interests. Overcoming this requires actively seeking out diverse perspectives, engaging in critical media literacy, and fostering dialogue across socioeconomic lines. Building genuine class consciousness demands a conscious effort to dismantle the barriers that prevent us from recognizing our common humanity and shared struggles.",ai,0.8061224489795918,7.6,0.4545454545454545,19.276118811881187,0.0,6.0,ai,ai,ai,True,False
"And I must consult you a little more, as I used to do. Let us have a quiet walk on the marshes next Sunday, Biddy, and a long chat.” My sister was never left alone now; but Joe more than readily undertook the care of her on that Sunday afternoon, and Biddy and I went out together. It was summer-time, and lovely weather. When we had passed the village and the church and the churchyard, and were out on the marshes and began to see the sails of the ships as they sailed on, I began to combine Miss Havisham and Estella with the prospect, in my usual way.",human,0.6893203883495146,5.6,0.4117647058823529,8.500990825688074,1.0,8.0,human,human,human,True,False
"We should then be well in those long reaches below Gravesend, between Kent and Essex, where the river is broad and solitary, where the water-side inhabitants are very few, and where lone public-houses are scattered here and there, of which we could choose one for a resting-place. There, we meant to lie by all night. The steamer for Hamburg and the steamer for Rotterdam would start from London at about nine on Thursday morning. We should know at what time to expect them, according to where we were, and would hail the first; so that, if by any accident we were not taken abroad, we should have another chance.",human,0.7207207207207207,6.0,0.4666666666666667,11.167775229357796,1.0,10.0,human,human,human,True,False
"Not a word passed between the sisters concerning Bingley; but Elizabeth went to bed in the happy belief that all must speedily be concluded, unless Mr. Darcy returned within the stated time. Seriously, however, she felt tolerably persuaded that all this must have taken place with that gentleman's concurrence. Bingley was punctual to his appointment; and he and Mr. Bennet spent the morning together, as had been agreed on. The latter was much more agreeable than his companion expected. There was nothing of presumption or folly in Bingley that could provoke his ridicule, or disgust him into silence; and he was more communicative, and less eccentric, than the other had ever seen him.",human,0.7410714285714286,5.8,0.4666666666666667,10.128723135271809,3.0,7.0,human,human,human,True,False
"From a purely demographic perspective, marriage prospects are increasingly unevenly distributed. Factors like gender ratios, regional population shifts, and evolving cultural norms create significant disparities in the marriage market. In some areas, a surplus of men or women can limit opportunities for finding a partner. Furthermore, the declining birth rate in many developed countries is shrinking the pool of potential spouses overall. These structural imbalances aren’t merely statistical curiosities; they have real-world consequences for individuals seeking long-term relationships, potentially leading to increased rates of singleness or a greater willingness to consider partners from different backgrounds or locations.",ai,0.8736842105263158,6.6,0.3333333333333333,17.157443298969074,1.0,6.0,ai,ai,ai,True,False
"Nor, did Miss Havisham's manner towards Estella in anywise change, except that I believed it to have something like fear infused among its former characteristics. It is impossible to turn this leaf of my life, without putting Bentley Drummle's name upon it; or I would, very gladly. On a certain occasion when the Finches were assembled in force, and when good feeling was being promoted in the usual manner by nobody's agreeing with anybody else, the presiding Finch called the Grove to order, forasmuch as Mr. Drummle had not yet toasted a lady; which, according to the solemn constitution of the society, it was the brute's turn to do that day.",human,0.794392523364486,9.0,0.3157894736842105,13.7297972972973,2.0,9.0,human,human,human,True,False
"‘This young gentleman is blessed, in a peculiar way, with everything the heart of mortal can most desire,--splendid property, noble kindred, and extensive patronage. Yet, in spite of all these temptations, let me warn my cousin Elizabeth, and yourself, of what evils you may incur by a precipitate closure with this gentleman's proposals, which, of course, you will be inclined to take immediate advantage of.' Have you any idea, Lizzy, who this gentleman is? But now it comes out. ‘My motive for cautioning you is as follows:--We have reason to imagine that his aunt, Lady Catherine de Bourgh, does not look on the match with a friendly eye.'",human,0.8037383177570093,6.8,0.3636363636363636,11.0802962962963,0.0,16.0,ai,human,human,False,False
"Perhaps the most pervasive, and therefore most dangerous, existential threat is the normalization of short-term thinking. Driven by economic pressures, political cycles, and the constant demands of the present, we consistently prioritize immediate gratification over long-term sustainability. This manifests in everything from climate inaction to unsustainable consumption patterns to the erosion of social safety nets. The problem isn’t a lack of awareness, but a systemic inability to delay gratification and invest in the future. This myopic focus creates a self-perpetuating cycle of crisis and reactive measures, leaving us perpetually unprepared for the challenges that inevitably arise. A civilization that cannot plan beyond the next quarter, or the next election, is a civilization on a path to self-destruction.",ai,0.7478260869565218,7.333333333333333,0.4102564102564102,16.522692307692314,0.0,9.0,ai,ai,ai,True,False
"In the first place, he must make such an agreement for tithes as may be beneficial to himself and not offensive to his patron. He must write his own sermons; and the time that remains will not be too much for his parish duties, and the care and improvement of his dwelling, which he cannot be excused from making as comfortable as possible. And I do not think it of light importance that he should have attentive and conciliatory manners towards everybody, especially towards those to whom he owes his preferment. I cannot acquit him of that duty; nor could I think well of the man who should omit an occasion of testifying his respect towards anybody connected with the family.”",human,0.6610169491525424,9.75,0.5555555555555556,13.858739669421492,2.0,4.0,human,human,human,True,False
"Colonel Fitzwilliam, who led the way, was about thirty, not handsome, but in person and address most truly the gentleman. Mr. Darcy looked just as he had been used to look in Hertfordshire, paid his compliments, with his usual reserve, to Mrs. Collins; and whatever might be his feelings towards her friend, met her with every appearance of composure. Elizabeth merely courtesied to him, without saying a word. Colonel Fitzwilliam entered into conversation directly, with the readiness and ease of a well-bred man, and talked very pleasantly; but his cousin, after having addressed a slight observation on the house and garden to Mrs. Collins, sat for some time without speaking to anybody.",human,0.7727272727272727,6.25,0.15,10.970357142857146,2.0,13.0,ai,human,human,False,False
"What alone was wanting to the realisation of a vast fortune, he considered to be More Capital. Those were the two little words, more capital. Now it appeared to him (Pumblechook) that if that capital were got into the business, through a sleeping partner, sir, which sleeping partner would have nothing to do but walk in, by self or deputy, whenever he pleased, and examine the books, and walk in twice a year and take his profits away in his pocket, to the tune of fifty per cent, it appeared to him that that might be an opening for a young gentleman of spirit combined with property, which would be worthy of his attention.",human,0.6727272727272727,9.0,0.2608695652173913,15.99842105263158,0.0,12.0,human,human,human,True,False
"Wednesday being so close upon us, we determined to go back to London that night, three in the post-chaise; the rather, as we should then be clear away before the night's adventure began to be talked of. Herbert got a large bottle of stuff for my arm; and by dint of having this stuff dropped over it all the night through, I was just able to bear its pain on the journey. It was daylight when we reached the Temple, and I went at once to bed, and lay in bed all day. My terror, as I lay there, of falling ill, and being unfitted for to-morrow, was so besetting, that I wonder it did not disable me of itself.",human,0.6837606837606838,7.5,0.3888888888888889,11.155,2.0,11.0,human,human,human,True,False
"The notion that social standing is entirely dependent upon birth and wealth is, of course, a vulgar simplification. Yet, to deny its pervasive influence would be to ignore the very fabric of our existence. Consider the plight of Mr. Finch, a man of undeniable intellect and considerable artistic talent. He possesses a sensibility far exceeding that of many a titled lord, yet his lack of fortune condemns him to a life of obscurity, his paintings admired only by a select few, his opinions disregarded by the majority. Is this justice? Perhaps not. But it is, undeniably, the established order. And to rail against it, however eloquently, is to invite ridicule, or worse, to be deemed a dangerous radical, unsettling the delicate balance of society.",ai,0.7435897435897436,5.5,0.5185185185185185,11.771129032258065,0.0,14.0,ai,ai,ai,True,False
"From an economic perspective, marriage increasingly resembles a complex business partnership. While romance certainly plays a role, financial stability, shared assets, and career compatibility are often paramount considerations. This isn’t cynical; it’s a reflection of the practical realities of modern life. Individuals are more likely to seek partners with similar financial backgrounds and earning potential, recognizing the shared responsibility of managing household expenses, investments, and future financial security. Marriage prospects are therefore often assessed through a pragmatic lens, evaluating the potential for mutual economic benefit and long-term financial well-being. This doesn’t negate the importance of emotional connection, but it elevates financial compatibility to a critical decision-making factor.",ai,0.7714285714285715,6.5,0.5405405405405406,17.832289719626164,1.0,9.0,ai,ai,ai,True,False
"“From each according to his ability, to each according to his needs,” Karl Marx famously wrote, a statement that implicitly demands a heightened class consciousness. But beyond ideological frameworks, the practical implications of recognizing class are surprisingly mundane. It influences where we choose to live, the schools we send our children to, the healthcare we can access, and even the media we consume. It shapes our perceptions of others, often unconsciously, and dictates the kinds of social networks we navigate. Ignoring this reality doesn’t make it disappear; it simply allows existing power dynamics to perpetuate themselves unchallenged. Acknowledging class isn’t about guilt or blame, but about understanding the invisible forces shaping our lives.",ai,0.7387387387387387,5.666666666666667,0.24,13.579778761061949,1.0,10.0,ai,ai,ai,True,False
"Consider the subtle, yet pervasive, impact of social capital. While financial resources are undeniably important, networks and connections often prove equally valuable in securing opportunities. Individuals from affluent backgrounds typically inherit access to influential networks – alumni associations, family contacts, exclusive social circles – that open doors to internships, jobs, and mentorship. Conversely, those from disadvantaged backgrounds often lack these crucial connections, facing an uphill battle to navigate professional landscapes. This invisible advantage perpetuates inequality, demonstrating that class disparity extends beyond tangible assets to encompass the intangible benefits of social privilege.",ai,0.8426966292134831,6.0,0.6129032258064516,18.796943820224723,0.0,10.0,ai,ai,ai,True,False
"A most unsettling stillness descended upon the apothecary’s shop this afternoon, a silence broken only by the ticking of the grandfather clock and the faint scent of carbolic acid. Mr. Grimshaw, a man whose countenance perpetually suggested a recent acquaintance with sorrow, was preparing a draught for young Master Abernathy, afflicted with a wasting illness. The boy’s mother, a fragile creature consumed by grief, wrung her hands and pleaded for a miracle. But Mr. Grimshaw, though possessing a vast knowledge of herbs and potions, knew full well the limitations of his art. He could alleviate suffering, perhaps, but he could not conquer Death, that ultimate physician, whose prescriptions are written in an ink no mortal can decipher, and whose final summons admits of no appeal.",ai,0.8017241379310345,7.2,0.2777777777777778,13.512,0.0,13.0,ai,ai,ai,True,False
"From a practical standpoint, effective social control requires a functioning system of communication and trust. When citizens believe institutions are corrupt or unresponsive, compliance erodes, and alternative forms of control – such as vigilantism or civil unrest – may emerge. This is particularly evident in contexts of political instability or economic inequality. Building trust necessitates accountability, transparency, and a commitment to fairness in the application of rules. Furthermore, social control isn’t solely the responsibility of the state; community organizations, families, and individuals all play a role in reinforcing norms and values. A holistic approach, fostering both formal and informal mechanisms, is essential for maintaining a stable and cohesive society.",ai,0.7920792079207921,7.0,0.5142857142857142,17.28088785046729,1.0,10.0,ai,ai,ai,True,False
"The relentless pursuit of appearing ‘normal’ often overshadows the beauty of individual difference. Social expectations function as a kind of invisible architecture, structuring our interactions and defining acceptable boundaries. Consider the workplace, where unspoken rules about dress, communication style, and ambition dictate success. Or the family dynamic, where expectations regarding career paths, relationships, and even leisure activities can create significant tension. While these expectations can provide a sense of belonging, they simultaneously risk homogenizing experience, diminishing the richness that comes from diverse perspectives and lifestyles. A truly thriving society isn’t one where everyone conforms, but one that celebrates and supports the unique contributions of its members.",ai,0.8058252427184466,7.0,0.3333333333333333,16.569811320754713,0.0,10.0,ai,ai,ai,True,False
"He is now, perhaps, sorry for what he has done, and anxious to re-establish a character. We must not make him desperate.” The tumult of Elizabeth's mind was allayed by this conversation. She had got rid of two of the secrets which had weighed on her for a fortnight, and was certain of a willing listener in Jane, whenever she might wish to talk again of either. But there was still something lurking behind, of which prudence forbade the disclosure. She dared not relate the other half of Mr. Darcy's letter, nor explain to her sister how sincerely she had been valued by his friend.",human,0.7572815533980582,5.833333333333333,0.4615384615384615,7.0047619047619065,0.0,7.0,human,human,human,True,False
"“Class is not a feeling, but a fact,” as the saying goes, and that fact manifests powerfully in geographic segregation. Increasingly, communities are stratified along class lines, leading to vastly different experiences of public services, environmental quality, and even safety. Well-funded schools in affluent areas contrast sharply with under-resourced schools in poorer neighborhoods, perpetuating educational inequalities. Access to healthy food, green spaces, and reliable transportation also varies dramatically. This spatial division isn’t accidental; it’s often the result of deliberate policies and market forces that reinforce existing inequalities. Breaking down these geographic barriers – through affordable housing initiatives, equitable resource allocation, and integrated community planning – is crucial for fostering a more just and inclusive society.",ai,0.8482142857142857,6.5,0.5277777777777778,18.07004424778761,1.0,12.0,ai,ai,ai,True,False
"Consider the plight of the governess, Miss Watson, newly arrived at Longbourne to instruct the younger Bennet sisters. She possesses a respectable education, a gentle disposition, and yet, her position is one of precarious dependence, neither fully accepted as a member of the household nor entirely free to pursue her own inclinations. She is expected to impart knowledge and cultivate refinement, while simultaneously remaining mindful of her subordinate status. It is a delicate balance, and one which demands a degree of self-effacement that few possess. One cannot help but observe the irony: a woman tasked with shaping the minds of others, yet denied the opportunity to fully develop her own. The consequence is a stifling of potential, a quiet tragedy played out in countless households across the nation.",ai,0.743801652892562,7.333333333333333,0.4482758620689655,13.74875,0.0,10.0,ai,ai,ai,True,False
"The pervasive myth of social mobility frequently obscures the reality of class consciousness. While stories of “rags to riches” capture the imagination, they are statistically rare and often presented as exceptional cases, reinforcing the idea that success is solely dependent on individual effort. However, a growing awareness of intergenerational wealth transfer, coupled with stagnant wages for many, is fostering a renewed sense of class identity. This isn’t necessarily about resentment, but about recognizing the structural barriers that limit upward mobility. It’s about understanding that the playing field isn’t level, and that systemic advantages and disadvantages are passed down through families, impacting everything from educational opportunities to healthcare access.",ai,0.7924528301886793,7.4,0.4333333333333333,17.854370370370372,0.0,8.0,ai,ai,ai,True,False
"It is not always in grand houses, nor amongst the titled gentry, that one witnesses the cruel artistry of manipulation, but often in the humblest of dwellings, where desperation breeds a peculiar vulnerability. Consider the widow, Mrs. Plimpton, a woman worn thin by grief and circumstance, and the oily attentions of Silas Cratchit, the pawnbroker. He offered not comfort, mind you, but ‘assistance’ – loans secured against her few remaining possessions, each transaction accompanied by a lamentable recounting of her misfortunes and a gentle suggestion that *he* alone understood her plight. The interest, of course, was exorbitant, a slow strangulation of her independence disguised as benevolent charity. The air in his shop, thick with the scent of dust and despair, became a prison of her own making, built brick by brick with her own acquiescence.",ai,0.734375,8.2,0.3684210526315789,13.109552238805971,0.0,17.0,ai,ai,ai,True,False
"Consider the ripple effect of unresolved childhood trauma extending beyond the individual. Patterns of unhealthy relating, learned helplessness, or emotional unavailability are often unconsciously replicated in subsequent generations. A parent who experienced emotional neglect may struggle to provide consistent emotional support to their own children, perpetuating a cycle of disconnection. Breaking this cycle requires a conscious effort to understand one’s own trauma history, to challenge ingrained beliefs and behaviors, and to actively cultivate healthier parenting strategies. This isn’t about blame, but about recognizing the intergenerational transmission of trauma and taking responsibility for creating a different future.",ai,0.7934782608695652,6.8,0.5172413793103449,18.448,0.0,6.0,ai,ai,ai,True,False
"She knew not the exact degree of his affection for his aunt, or his dependence on her judgment, but it was natural to suppose that he thought much higher of her Ladyship than she could do; and it was certain, that in enumerating the miseries of a marriage with one whose immediate connections were so unequal to his own, his aunt would address him on his weakest side. With his notions of dignity, he would probably feel that the arguments, which to Elizabeth had appeared weak and ridiculous, contained much good sense and solid reasoning. If he had been wavering before, as to what he should do, which had often seemed likely, the advice and entreaty of so near a relation might settle every doubt, and determine him at once to be as happy as dignity unblemished could make him.",human,0.6666666666666666,10.333333333333334,0.7142857142857143,20.057142857142853,1.0,11.0,human,human,human,True,False
"From an evolutionary perspective, humans are fundamentally social creatures, hardwired for connection and cooperation. Our ancestors thrived through collective effort, and social bonds were essential for survival. Therefore, prolonged social isolation triggers a stress response, activating the same neural pathways as physical pain. This isn’t hyperbole; studies demonstrate that isolation weakens the immune system, increases inflammation, and elevates the risk of cardiovascular disease. Recognizing this biological imperative underscores the seriousness of the issue, moving it beyond a purely psychological concern and positioning it as a fundamental threat to human health and longevity.",ai,0.8202247191011236,6.6,0.5925925925925926,17.10991304347826,1.0,8.0,ai,ai,ai,True,False
"Frequently, discussions about class disparity center on income inequality, but a crucial element often overlooked is intergenerational wealth transfer. While some inherit substantial assets, providing a financial cushion and opportunities for investment, others start with nothing, facing an uphill battle from birth. This inherited advantage isn’t earned; it’s a consequence of historical privilege and existing power structures. Consequently, policies aimed at addressing class disparity must consider not only current income but also the accumulated wealth that perpetuates inequality. Estate taxes, increased funding for public education, and affordable housing initiatives are all potential tools for leveling the playing field and fostering a more equitable distribution of resources across generations.",ai,0.875,6.8,0.282051282051282,18.29140740740741,1.0,8.0,ai,ai,ai,True,False
"Observe the proliferation of filters and editing apps – digital tools designed to refine and perfect our self-representation. This isn’t simply about vanity; it’s a symptom of a deeper cultural malaise. The relentless pursuit of an unattainable ideal, propagated by heavily curated media, has warped our perception of beauty and authenticity. We’ve become accustomed to seeing only polished, perfected versions of reality, leading to dissatisfaction with our own natural imperfections. This constant comparison fosters insecurity and fuels a cycle of self-improvement driven not by genuine desire, but by a desperate attempt to conform to an artificial standard. The result is a collective erosion of self-acceptance and a distorted understanding of what truly constitutes beauty.",ai,0.7657657657657657,6.666666666666667,0.3888888888888889,16.190398230088498,1.0,5.0,ai,ai,ai,True,False
"Imagine a game of Monopoly where one player starts with all the properties, hotels already built, and a substantial cash reserve. The other players begin with nothing. That, in essence, is the reality of class disparity. While the rhetoric of meritocracy suggests a level playing field, the starting points are drastically unequal. Inherited wealth, social connections, and access to quality education provide an insurmountable advantage to some, while others are burdened by systemic disadvantages from birth. This isn’t to dismiss individual achievement, but to acknowledge the profound impact of circumstance. True fairness demands a re-evaluation of the rules of the game, ensuring a more equitable distribution of resources and opportunities.",ai,0.7924528301886793,5.571428571428571,0.282051282051282,13.173116883116888,0.0,10.0,ai,ai,ai,True,False
"It is in the bustling marketplaces and crowded thoroughfares of London, one observes, that the art of manipulation flourishes most brazenly. Not amongst the gentry, with their formal pronouncements and veiled threats, but amongst those who ply a trade dependent upon the gullibility of others. Consider the patent medicine vendors, hawking their elixirs and draughts with promises of miraculous cures. They do not *lie*, precisely; they merely… amplify hope, diminish fear, and skillfully exploit the desperation of the afflicted. A sickly pallor is described as a ‘temporary indisposition’, a racking cough as a ‘slight congestion’ – and thus, a vulnerable soul is persuaded to part with their last shilling for a concoction of dubious efficacy. The very air hangs thick with deception, a miasma of false assurances and artfully constructed narratives, preying upon the anxieties of a populace ever eager to believe in a swift and easy remedy.",ai,0.7445255474452555,9.0,0.475,14.755476190476193,1.0,12.0,ai,ai,ai,True,False
"Is it possible to truly comprehend a threat that promises not annihilation, but *unmaking* – the dissolution of meaning itself? An existential threat isn’t simply about physical destruction; it’s about the potential erosion of the foundations upon which we build our understanding of reality. Consider the accelerating pace of misinformation, amplified by algorithmic echo chambers. This isn’t a bomb, but a slow corrosion of shared truth, fracturing societal cohesion and rendering rational discourse increasingly difficult. The danger lies not in a single, dramatic event, but in the gradual dismantling of our collective ability to discern fact from fiction, leaving us vulnerable to manipulation and ultimately, incapable of addressing genuine challenges. This subtle unraveling poses a profound risk to the very fabric of a functioning society.",ai,0.7711864406779662,7.0,0.6333333333333333,16.736129032258066,1.0,8.0,ai,ai,ai,True,False
"Miss Eleanor Ainsworth, though possessed of a pleasing countenance and a passable skill at the pianoforte, laboured under the disadvantage of a somewhat independent spirit. Her mother, a woman of considerable, though frequently misapplied, energy, lamented this deficiency with a vehemence that bordered on the alarming. “A little *deference*, my dear,” she would pronounce, “is so very becoming! A gentleman dislikes a woman who thinks too highly of herself.” Eleanor, however, found it difficult to feign an enthusiasm for the attentions of Sir Reginald, a man whose conversation consisted primarily of accounts of his hunting exploits and complaints about the price of oats. To accept him solely for the sake of establishment felt a degradation, a silencing of the very sensibility that made life worth enduring. One could not help but wonder if such a sacrifice truly constituted happiness, or merely a gilded cage.",ai,0.8244274809160306,8.428571428571429,0.2941176470588235,13.164801587301586,0.0,14.0,ai,ai,ai,True,False
"Every hour so increased my abhorrence of him, that I even think I might have yielded to this impulse in the first agonies of being so haunted, notwithstanding all he had done for me and the risk he ran, but for the knowledge that Herbert must soon come back. Once, I actually did start out of bed in the night, and begin to dress myself in my worst clothes, hurriedly intending to leave him there with everything else I possessed, and enlist for India as a private soldier. I doubt if a ghost could have been more terrible to me, up in those lonely rooms in the long evenings and long nights, with the wind and the rain always rushing by.",human,0.7368421052631579,8.0,0.5,15.93834710743802,0.0,9.0,ai,human,human,False,False
"Of course he knew about my father from his connection with Miss Havisham. My father is Miss Havisham's cousin; not that that implies familiar intercourse between them, for he is a bad courtier and will not propitiate her.” Herbert Pocket had a frank and easy way with him that was very taking. I had never seen any one then, and I have never seen any one since, who more strongly expressed to me, in every look and tone, a natural incapacity to do anything secret and mean. There was something wonderfully hopeful about his general air, and something that at the same time whispered to me he would never be very successful or rich.",human,0.7155963302752294,5.8,0.8571428571428571,10.79498245614035,1.0,6.0,human,human,human,True,False
"I should certainly not have gone, but for the reference to my Uncle Provis. That, coming on Wemmick's letter and the morning's busy preparation, turned the scale. It is so difficult to become clearly possessed of the contents of almost any letter, in a violent hurry, that I had to read this mysterious epistle again twice, before its injunction to me to be secret got mechanically into my mind. Yielding to it in the same mechanical kind of way, I left a note in pencil for Herbert, telling him that as I should be so soon going away, I knew not for how long, I had decided to hurry down and back, to ascertain for myself how Miss Havisham was faring.",human,0.7256637168141593,7.75,0.4666666666666667,13.663698347107438,0.0,11.0,ai,human,human,False,False
"“We are what we repeatedly do. Excellence, then, is not an act, but a habit,” as Aristotle observed, yet modern life often rewards the *appearance* of doing, rather than the doing itself. Superficiality thrives in environments where optics matter more than outcomes. Think of corporate cultures prioritizing presentations over productivity, or political campaigns focused on soundbites rather than substantive policy. This emphasis on form over function creates a distorted reality, where genuine competence is overshadowed by skillful self-promotion. The long-term consequences are a decline in quality, a loss of trust, and a pervasive cynicism about institutions and individuals alike.",ai,0.8333333333333334,6.166666666666667,0.2903225806451613,14.325808080808084,0.0,10.0,ai,ai,ai,True,False
"Consider the bustling marketplace of Newgate, a swirling vortex of commerce and desperation. Each transaction, each shouted price, each grasping hand, represents a frantic attempt to stave off the inevitable – the hunger, the cold, the ultimate oblivion. Yet, observe closely, and one perceives a peculiar hollowness beneath the surface. Men barter not for genuine need, but for the illusion of control, for a momentary respite from the gnawing awareness of their own insignificance. They accumulate possessions, build empires of petty trade, all to construct a fragile bulwark against the encroaching darkness. It is a pathetic, yet profoundly human, spectacle – a desperate dance with the void.",ai,0.7959183673469388,6.833333333333333,0.4333333333333333,12.02547619047619,0.0,14.0,ai,ai,ai,True,False
"The very air within the old manor house seemed to hold its breath, thick with the unspoken horrors of young Barnaby’s past. It was not a tale of physical violence, understand, but of a more subtle, insidious cruelty – the deliberate undermining of a child’s sense of reality. His governess, a woman of rigid piety and unsettling calm, filled his head with tales of divine retribution and inherent wickedness, fostering a crippling fear of his own thoughts and feelings. Barnaby, a sensitive and imaginative boy, retreated into a world of shadows and whispers, haunted by the conviction that he was fundamentally flawed, unworthy of love or happiness. The damage, wrought not by blows but by words, proved far more enduring, leaving him a fragile and trembling creature, forever adrift in a sea of self-doubt.",ai,0.76,8.4,0.5833333333333334,14.125353383458648,0.0,15.0,ai,ai,ai,True,False
"The workhouse, that grim repository of the aged and infirm, presents a particularly harrowing spectacle of enforced solitude. Not merely the physical separation from family and friends, but the systematic dismantling of individuality itself. Each inmate, reduced to a number, stripped of possessions and dignity, exists in a state of suspended animation, a living ghost haunting the cold, stone corridors. Old Mother Griggs, her eyes clouded with years of sorrow, sat rocking in a corner, muttering fragments of forgotten songs – a desperate attempt to reclaim a past that had been ruthlessly erased. The silence, broken only by the coughs of the dying and the harsh commands of the overseer, was a suffocating blanket, smothering any flicker of hope or human connection.",ai,0.7876106194690266,7.2,0.2777777777777778,14.52238016528926,0.0,14.0,ai,ai,ai,True,False
"Considering the current dating landscape, it’s clear that assessing marital prospects isn’t simply about finding someone compatible; it’s about evaluating long-term life alignment. Beyond shared hobbies and immediate attraction lies a crucial examination of financial habits, career ambitions, and core values. A prospective partner’s relationship with their family offers significant insight – are they supportive and healthy, or fraught with conflict? Equally important is observing how they handle stress and setbacks; resilience is paramount for navigating the inevitable challenges of a long-term commitment. Ultimately, successful marital prospects hinge on a realistic appraisal of these deeper, less glamorous aspects of a person’s character, rather than solely focusing on romantic ideals.",ai,0.8380952380952381,7.2,0.7666666666666667,17.19881481481482,2.0,7.0,ai,ai,ai,True,False
"“Mama,” Miss Beaumont protested, her voice laced with a delicate indignation, “surely you do not mean to suggest that I should *accept* an invitation from the Misses Grimshaw? Their father, though recently knighted, made his fortune in…railways!” Lady Beaumont, smoothing the folds of her silk gown, replied with a cool detachment, “My dear, propriety demands a certain discernment. Sir Thomas Grimshaw’s elevation is a matter of recent date, and his wealth, however substantial, lacks the patina of generations. To associate too closely with the newly rich is to risk compromising one’s own standing. It is a delicate matter, I grant you, but one which requires a firm hand and a clear understanding of the established rules.” The conversation, though conducted in hushed tones, revealed a truth universally understood.",ai,0.7899159663865546,5.571428571428571,0.3928571428571428,10.992991071428571,0.0,16.0,ai,ai,ai,True,False
"The drawing-rooms of our acquaintance are, alas, frequently populated by individuals whose chief occupation appears to be the cultivation of an outward semblance of refinement, a pursuit which, one cannot help observing, often masks a lamentable deficiency within. Mrs. Armitage, a lady whose connections are undeniably respectable, prides herself upon her knowledge of the arts, yet her pronouncements on painting and music are invariably second-hand, gleaned from the opinions of others and delivered with an air of unquestionable authority. It is not the absence of taste which is so distressing, but the conviction of its presence, a self-deception which allows her to pronounce judgment where understanding is wholly lacking, and to hold forth as an oracle on subjects of which she possesses no true comprehension.",ai,0.7580645161290323,11.666666666666666,0.2727272727272727,21.9,0.0,12.0,human,ai,ai,False,False
"Till I have your disposition, your goodness, I never can have your happiness. No, no, let me shift for myself; and, perhaps, if I have very good luck, I may meet with another Mr. Collins in time.” The situation of affairs in the Longbourn family could not be long a secret. Mrs. Bennet was privileged to whisper it to Mrs. Philips, and she ventured, without any permission, to do the same by all her neighbours in Meryton. The Bennets were speedily pronounced to be the luckiest family in the world; though only a few weeks before, when Lydia had first run away, they had been generally proved to be marked out for misfortune.",human,0.7757009345794392,6.2,0.3333333333333333,8.040227560050571,2.0,12.0,human,human,human,True,False
"One might be tempted to believe that the pursuit of ambition, the relentless climb up the social ladder, offers a remedy for loneliness. Yet, I posit that it often exacerbates it, creating a chasm between the aspirant and those left behind. Mr. Silas Blackwood, a man consumed by his desire for wealth and influence, discovered, to his profound dismay, that each rung he ascended only served to isolate him further. Old friends, once cherished companions, became inconvenient reminders of a past he wished to forget. Genuine affection was replaced by the hollow flattery of sycophants. He found himself surrounded by admirers, yet utterly alone, a gilded cage being a prison nonetheless, and the price of success, a desolate and echoing emptiness.",ai,0.7876106194690266,6.666666666666667,0.2962962962962963,12.16921487603306,0.0,14.0,ai,ai,ai,True,False
"What if, instead of focusing solely on the pathology of childhood trauma, we shifted our perspective to acknowledge the resilience it can foster? While undeniably damaging, navigating adversity can also cultivate profound strengths – heightened empathy, a deep understanding of human suffering, and an unwavering determination to create a better life. This isn’t to minimize the pain, but to recognize the potential for post-traumatic growth. Individuals who have overcome significant childhood trauma often possess a unique capacity for compassion, creativity, and a profound appreciation for the fragility and beauty of life. This perspective doesn’t negate the need for healing, but it reframes the narrative, emphasizing agency and possibility.",ai,0.7403846153846154,7.4,0.375,16.90740186915888,0.0,10.0,ai,ai,ai,True,False
"as we went along Kitty and me drew up all the blinds, and pretended there was nobody in the coach; and I should have gone so all the way, if Kitty had not been sick; and when we got to the George, I do think we behaved very handsomely, for we treated the other three with the nicest cold luncheon in the world, and if you would have gone, we would have treated you too. And then when we came away it was such fun! I thought we never should have got into the coach. I was ready to die of laughter.",human,0.6326530612244898,6.0,0.75,8.584411764705884,2.0,6.0,human,human,human,True,False
"The late season in Bath afforded ample opportunity for observing the delicate dance surrounding marriage prospects, and one could not help but reflect upon the peculiar pressures exerted upon young ladies. It is not merely the securing of a husband that is deemed paramount, but the securing of a *suitable* husband – a distinction often lost upon those most eager to achieve the former. Mrs. Featherstonehaugh, a woman whose pronouncements on the subject were invariably delivered with an air of profound wisdom, declared that a connection with landed gentry was the only path to true respectability. Such pronouncements, while perhaps reflecting the anxieties of a declining fortune, served only to narrow the field of eligible men and to elevate consequence above compatibility. One wonders if happiness is ever truly considered in these arrangements, or if it is merely assumed to follow from a secure income and a respectable lineage.",ai,0.7357142857142858,8.4,0.53125,16.92291891891892,0.0,7.0,ai,ai,ai,True,False
"The delicate balance between parental guidance and youthful autonomy is, perhaps, the most perplexing challenge in the education of a young lady. Too much constraint breeds resentment, stifling the very qualities one hopes to cultivate; too little, and the consequence may be a rash and imprudent attachment. Miss Eleanor Ainsworth, shielded from all hardship by an overprotective mother, possessed a romantic sensibility bordering on the fantastical. She viewed the world through the lens of novels, expecting grand gestures and declarations of undying love, and was, predictably, disappointed by the more prosaic attentions of her suitors. Her mother, convinced she acted for Eleanor’s benefit, failed to recognize that her very vigilance had rendered her daughter ill-equipped to navigate the realities of courtship.",ai,0.7647058823529411,6.8,0.5714285714285714,15.00998347107438,1.0,12.0,ai,ai,ai,True,False
"“Mama, do you truly believe that Mr. Harding would consider a proposal from Miss Ainsworth?” inquired young Miss Charlotte, her voice laced with a delicate curiosity. Her mother, a woman of considerable experience in the matrimonial market, replied with a knowing smile, “My dear, Mr. Harding’s family has held the manor of Oakhaven for centuries. Whilst Miss Ainsworth is a perfectly respectable young lady, her father’s fortune, though substantial, is of a decidedly *modern* complexion. The connection, I fear, would be deemed… unsuitable.” Charlotte, though disappointed, could not fault her mother’s logic. The subtle language of social acceptance, she was beginning to understand, was far more potent than any declaration of affection. It was a language spoken not in words, but in averted glances and carefully worded invitations.",ai,0.7666666666666667,5.714285714285714,0.5185185185185185,10.1441875,0.0,16.0,ai,ai,ai,True,False
"Mrs. Featherstonehaugh, a woman whose pronouncements on the subject of propriety were invariably delivered with the air of one dispensing divine wisdom, remarked to her daughter, “It is not merely *having* connections, my dear, but *knowing* your place within them.” And indeed, the intricacies of social rank were often more perplexing than any mathematical equation. Young Mr. Harrington, though possessed of an ancient estate and a lineage stretching back to the Norman Conquest, found his suit for Miss Ainsworth repeatedly discouraged, not for any deficiency in his person or fortune, but because his mother, a woman of decidedly provincial origins, lacked the requisite polish to navigate the London season with sufficient grace. The consequence was a young man’s unhappiness, and a pointed illustration of how rigidly the boundaries of class were maintained, even at the expense of individual felicity.",ai,0.7761194029850746,8.25,0.3636363636363636,19.015737410071942,0.0,14.0,ai,ai,ai,True,False
"The pursuit of accomplishments, so diligently encouraged in young ladies, frequently serves merely to mask a lamentable emptiness of character. Mrs. Armitage, a woman whose pianoforte playing was the envy of the county, and whose embroidery would have graced a royal chamber, yet possessed a sensibility so narrowly confined to her own comforts and vanities as to render her quite incapable of genuine sympathy. She spoke often of the importance of ‘feeling,’ yet her expressions were invariably self-regarding, lamenting a draught in the room, or the inadequacy of the cook’s skill. It was a curious spectacle, to witness such outward displays of refinement coexisting with such a profound inward deficiency; a gilded cage, containing nothing but air.",ai,0.7727272727272727,7.25,0.4137931034482758,16.99698717948718,1.0,10.0,ai,ai,ai,True,False
"The present age, it seems, places an undue emphasis upon outward appearances, a tendency which, whilst not entirely novel, has reached a pitch of refinement bordering on the absurd. One observes it particularly in the arrangements of a drawing-room, where the costliness of the furniture and the profusion of ornaments are deemed far more significant than the comfort of those who are expected to occupy it. Is it not a melancholy reflection that individuals should expend so much energy in cultivating a facade, whilst neglecting the cultivation of the mind? Such a preoccupation with the superficial suggests a profound insecurity, a desperate attempt to impress upon others – and perhaps upon themselves – a sense of consequence where none truly exists. The truly elegant, one might venture to suggest, require no such elaborate displays.",ai,0.7419354838709677,8.4,0.4,15.534787878787878,0.0,10.0,ai,ai,ai,True,False
"After overhearing this dialogue, I should assuredly have got down and been left in the solitude and darkness of the highway, but for feeling certain that the man had no suspicion of my identity. Indeed, I was not only so changed in the course of nature, but so differently dressed and so differently circumstanced, that it was not at all likely he could have known me without accidental help. Still, the coincidence of our being together on the coach, was sufficiently strange to fill me with a dread that some other coincidence might at any moment connect me, in his hearing, with my name.",human,0.7227722772277227,7.666666666666667,0.4117647058823529,15.630000000000004,0.0,9.0,ai,human,human,False,False
"In truth, he said this with so much delicacy, that I felt the subject done with, even though I should be under his father's roof for years and years to come. Yet he said it with so much meaning, too, that I felt he as perfectly understood Miss Havisham to be my benefactress, as I understood the fact myself. It had not occurred to me before, that he had led up to the theme for the purpose of clearing it out of our way; but we were so much the lighter and easier for having broached it, that I now perceived this to be the case.",human,0.6336633663366337,7.666666666666667,0.2857142857142857,13.106981132075472,1.0,8.0,human,human,human,True,False
"The separation between her and her family was rather noisy than pathetic. Kitty was the only one who shed tears; but she did weep from vexation and envy. Mrs. Bennet was diffuse in her good wishes for the felicity of her daughter, and impressive in her injunctions that she would not miss the opportunity of enjoying herself as much as possible,--advice which there was every reason to believe would be attended to; and, in the clamorous happiness of Lydia herself in bidding farewell, the more gentle adieus of her sisters were uttered without being heard. Had Elizabeth's opinion been all drawn from her own family, she could not have formed a very pleasing picture of conjugal felicity or domestic comfort.",human,0.7166666666666667,7.5,0.5714285714285714,15.186666666666673,2.0,5.0,human,human,human,True,False
"One cannot but remark the curious inconsistency with which society judges the transgressions of men and women. A gentleman, indulging in a youthful indiscretion, is often regarded with a tolerant amusement, his errors dismissed as the inevitable consequence of high spirits and youthful folly. A lady, however, found guilty of a similar lapse in judgment, is subjected to a far more severe censure, her reputation irrevocably tarnished. The double standard, so deeply ingrained within the establishment, serves to reinforce the notion that a woman’s virtue is her sole possession, and that any compromise of that virtue renders her utterly unworthy of respect. It is a lamentable truth, and one which breeds a quiet desperation in the hearts of many.",ai,0.7363636363636363,7.8,0.5517241379310345,14.713848739495802,0.0,11.0,ai,ai,ai,True,False
"Observe, if you will, the pawnbroker, Mr. Pinchbeck, a man whose very countenance seems etched with the anxieties of those who entrust him with their last possessions. He handles heirlooms, trinkets, and instruments of trade – each object a silent testament to a life’s hopes and disappointments, now surrendered to the grim necessity of survival. Yet, does he ever pause to consider the stories behind these items, the dreams they represent, the futures they once promised? No. He sees only their monetary value, their potential to alleviate *his* anxieties, oblivious to the quiet desperation of those who part with them. And in this, dear reader, lies a chilling allegory for our own fleeting existence: we are all, in the end, merely exchanging our precious moments for the illusion of security, unaware of the ultimate reckoning that awaits us.",ai,0.7518796992481203,7.833333333333333,0.4516129032258064,12.866824817518252,0.0,17.0,ai,ai,ai,True,False
"But there was much to be talked of, in marrying her; and the good-natured wishes for her well-doing, which had proceeded before from all the spiteful old ladies in Meryton, lost but little of their spirit in this change of circumstances, because with such a husband her misery was considered certain. It was a fortnight since Mrs. Bennet had been down stairs, but on this happy day she again took her seat at the head of her table, and in spirits oppressively high. No sentiment of shame gave a damp to her triumph. The marriage of a daughter, which had been the first object of her wishes since Jane was sixteen, was now on the point of accomplishment, and her thoughts and her words ran wholly on those attendants of elegant nuptials, fine muslins, new carriages, and servants.",human,0.6764705882352942,8.0,0.40625,11.67689855072464,1.0,12.0,human,human,human,True,False
"Old Man Hemlock, the clockmaker, possessed a peculiar understanding of control, for his trade dealt not merely with the measurement of time, but with its regulation. Each cog, each spring, each delicately balanced wheel, functioned in precise accordance with his design, and any deviation resulted in chaos. He observed a similar principle at work in society, though the mechanisms were far more complex and far less benevolent. The railways, for instance, heralded as symbols of progress, were also instruments of control, dictating the movement of people and goods, connecting centres of power and isolating those on the periphery. Even the very rhythm of the factory whistle, a relentless, metallic pulse, served to govern the lives of those who toiled within its reach, reducing them to mere components in a vast, impersonal machine.",ai,0.7421875,6.8,0.3157894736842105,14.640848484848489,0.0,19.0,ai,ai,ai,True,False
"One frequently encounters families where the parental example proves a far more potent instructor than any direct admonishment. The elder Mr. Harrington, a man whose fortune had been amassed through shrewd, if not entirely scrupulous, dealings, instilled in his son, not through lectures on morality, but through a constant demonstration of self-interest, a similar disposition. Young Harrington, though possessing a veneer of politeness, approached every interaction with a calculating eye, assessing the potential advantage to be gained. It was a melancholy spectacle, to witness the corruption of a youthful mind, not by overt instruction in vice, but by the insidious example of a father who valued prosperity above all else, and considered honour a mere impediment to its attainment.",ai,0.8363636363636363,7.5,0.4666666666666667,15.407966386554625,0.0,14.0,ai,ai,ai,True,False
"“Boys don’t cry,” and countless similar phrases, represent the insidious power of gender socialization. From infancy, children are subtly – and sometimes not so subtly – taught how to *perform* their gender. This performance isn’t about genuine expression, but about adhering to externally imposed standards. The consequences are far-reaching, impacting emotional intelligence, relationship dynamics, and even physical health. Suppressing emotions, for example, is often linked to increased rates of aggression in men, while limiting ambition in women can stifle innovation and leadership. Breaking free from these scripts requires conscious effort, self-awareness, and a willingness to challenge deeply held beliefs.",ai,0.8469387755102041,6.666666666666667,0.2424242424242424,14.071701030927835,0.0,12.0,ai,ai,ai,True,False
"Consider the case of young Mr. Harrington, returned from the West Indies with a fortune sufficient to purchase a respectable estate. He found, to his considerable dismay, that his wealth, though readily accepted by the tradesmen of the town, did little to soften the hearts of the local ladies’ mothers. They acknowledged his prosperity, certainly, but viewed him with a cool reserve, questioning the source of his funds and hinting at the moral compromises inherent in colonial commerce. It was a delicate situation, requiring a considerable degree of tact and perseverance on his part. He was, in essence, attempting to purchase his way into a society that valued birth and breeding above all else, a task which, one suspected, would prove far more challenging than amassing a fortune in the first place.",ai,0.75,9.0,0.4827586206896552,12.388484848484854,0.0,14.0,ai,ai,ai,True,False
"The grand estates, with their manicured lawns and imposing facades, speak volumes of a control extending beyond the merely economic. They are not simply residences, but statements – declarations of ownership, of power, of a social order rigidly defined. Note the carefully positioned gates, the watchful eyes of the gatekeepers, the very layout of the grounds, designed to separate and exclude. Within those walls, a life of privilege and ease is enjoyed, shielded from the harsh realities faced by the majority. But this separation is not merely physical; it is also intellectual and emotional. Those who dwell within are encouraged to believe in their inherent superiority, to view the poor as deserving of their fate, thus perpetuating a system of control that benefits the few at the expense of the many, a system as cold and unyielding as the stone from which those grand houses are built.",ai,0.6737588652482269,7.166666666666667,0.4838709677419355,13.378082191780823,1.0,13.0,human,ai,ai,False,False
"It is a truth universally acknowledged, that a young lady’s prospects are seldom wholly her own; and though romantic inclinations may dictate a preference, the weight of parental expectation, and indeed, the very security of a comfortable establishment, frequently rest upon a more pragmatic choice. One observes, with a degree of melancholy, how often affection is sacrificed upon the altar of prudence, and how many a heart is rendered uneasy by a connection devoid of genuine esteem, yet deemed suitable by those whose authority is unquestioned. The consequence, too often, is a life of quiet resignation, or, worse still, a simmering discontent which poisons the very source of domestic felicity. For what avails a handsome fortune if it cannot purchase happiness, or a respectable alliance if it lacks the foundation of mutual regard?",ai,0.7768595041322314,7.5,0.6896551724137931,18.315845864661657,1.0,15.0,ai,ai,ai,True,False
"Mrs. Bennet was restored to her usual querulous serenity; and by the middle of June Kitty was so much recovered as to be able to enter Meryton without tears,--an event of such happy promise as to make Elizabeth hope, that by the following Christmas she might be so tolerably reasonable as not to mention an officer above once a day, unless, by some cruel and malicious arrangement at the War Office, another regiment should be quartered in Meryton. The time fixed for the beginning of their northern tour was now fast approaching; and a fortnight only was wanting of it, when a letter arrived from Mrs. Gardiner, which at once delayed its commencement and curtailed its extent.",human,0.7391304347826086,9.5,0.5294117647058824,18.17726495726496,2.0,7.0,human,human,human,True,False
"“My dear,” Mr. Alistair Finchley declared to his youngest, Penelope, “a sensible marriage is not merely a matter of affection, but of securing one’s future.” Penelope, accustomed to her father’s pronouncements on all matters practical, merely offered a polite inclination of the head. He continued, expounding upon the virtues of Mr. Grimshaw, a man of considerable fortune but lamentable conversation, and the advantages of a connection with his family. It was a scene repeated in countless households, the father assuming the mantle of protector and provider, the daughter expected to acquiesce to his judgment. Yet, one could not help but wonder if such arrangements, born of prudence rather than inclination, were truly conducive to happiness, or merely a perpetuation of societal expectations, devoid of genuine warmth.",ai,0.7394957983193278,8.6,0.3636363636363636,13.250634920634925,0.0,16.0,ai,ai,ai,True,False
"The cobbled streets, slick with a perpetual dampness, mirrored the shadowed corners of young Timothy’s heart, a heart scarcely warmed by the meagre comforts afforded him by a world too vast and indifferent to notice its fluttering. He was a wisp of a lad, scarcely seven years of age, yet already burdened with a knowledge no child ought possess – the gnawing ache of hunger, the chilling fear of the workhouse, and the hollow echo of a mother’s vanished smile. One observed him, a fleeting figure amongst the bustling throng, and understood, without need of spoken word, that vulnerability was not merely a state of being, but a garment woven of threadbare hope and constant apprehension, clinging to him like the grime of the city itself. It was a fragility that invited exploitation, a silent plea lost in the cacophony of London’s relentless advance.",ai,0.7480916030534351,8.25,0.375,16.67138111888112,0.0,14.0,ai,ai,ai,True,False
"Mrs. Featherstonehaugh, a woman whose sensibility was perpetually offended by any deviation from what she deemed proper, lamented to her daughter the increasing fluidity of social boundaries. “It is quite distressing, my dear,” she declared, whilst meticulously arranging her lace cap, “to witness tradesmen aping the manners of gentlemen, and families of recent wealth presuming to associate with those whose lineage extends back centuries! Where, I ask you, is the consequence in such a world?” The young lady, accustomed to her mother’s pronouncements, merely offered a dutiful murmur of agreement. Yet, one could not help but wonder if Mrs. Featherstonehaugh’s anxieties stemmed less from a genuine concern for the fabric of society, and more from a fear that her own position, built upon a rather precarious foundation of inherited title and dwindling funds, might be rendered less secure by the rising tide of mercantile prosperity.",ai,0.7971014492753623,8.6,0.3142857142857143,14.74948275862069,0.0,15.0,ai,ai,ai,True,False
"Her mother's ungraciousness made the sense of what they owed him more painful to Elizabeth's mind; and she would, at times, have given anything to be privileged to tell him, that his kindness was neither unknown nor unfelt by the whole of the family. She was in hopes that the evening would afford some opportunity of bringing them together; that the whole of the visit would not pass away without enabling them to enter into something more of conversation, than the mere ceremonious salutation attending his entrance. Anxious and uneasy, the period which passed in the drawing-room before the gentlemen came, was wearisome and dull to a degree that almost made her uncivil.",human,0.6902654867256637,9.0,0.5,17.4787610619469,2.0,6.0,human,human,human,True,False
"If he wishes to avoid seeing me he must go. We are not on friendly terms, and it always gives me pain to meet him, but I have no reason for avoiding him but what I might proclaim to all the world--a sense of very great ill-usage, and most painful regrets at his being what he is. His father, Miss Bennet, the late Mr. Darcy, was one of the best men that ever breathed, and the truest friend I ever had; and I can never be in company with this Mr. Darcy without being grieved to the soul by a thousand tender recollections.",human,0.7777777777777778,7.0,0.6153846153846154,8.139145631067965,1.0,7.0,human,human,human,True,False
"The account of his connection with the Pemberley family was exactly what he had related himself; and the kindness of the late Mr. Darcy, though she had not before known its extent, agreed equally well with his own words. So far each recital confirmed the other; but when she came to the will, the difference was great. What Wickham had said of the living was fresh in her memory; and as she recalled his very words, it was impossible not to feel that there was gross duplicity on one side or the other, and, for a few moments, she flattered herself that her wishes did not err.",human,0.6981132075471698,7.333333333333333,0.625,11.384556074766357,3.0,7.0,human,human,human,True,False
"Let us turn our gaze, not to the grand pronouncements of Parliament, nor the machinations of the wealthy, but to the seemingly innocuous routines of daily life. Consider the relentless schedule imposed upon the factory children, rising before dawn, toiling until dusk, their bodies and spirits broken by monotonous labour. This is not merely a matter of economic necessity, but a deliberate strategy to instill obedience and suppress independent thought. Deprived of education, of leisure, of any opportunity for self-improvement, these young souls are molded into compliant workers, their potential stifled, their futures predetermined. The very rhythm of their existence – a ceaseless, grinding cycle of work and exhaustion – serves as a potent reminder of their powerlessness, a chilling illustration of how social control can be woven into the fabric of everyday life.",ai,0.765625,7.8,0.4358974358974359,16.249939393939393,0.0,14.0,ai,ai,ai,True,False
"“All that glitters is not gold,” a proverb echoing through centuries, speaks directly to the deceptive nature of superficiality. However, it’s crucial to acknowledge that a degree of presentation is inherent in human interaction. We all employ social masks to navigate different situations. The problem arises when the mask *becomes* the face, when outward appearances entirely eclipse inner substance. This isn’t merely a personal failing; societal pressures often reward superficiality, particularly in fields like politics and entertainment. Individuals are often judged more on their charisma and image than on their competence or integrity, creating a system that actively incentivizes shallow performance.",ai,0.8247422680412371,5.666666666666667,0.4285714285714285,14.69183168316832,1.0,6.0,ai,ai,ai,True,False
"This led to Mr. Wopsle's (who had never been heard of before) coming in with a star and garter on, as a plenipotentiary of great power direct from the Admiralty, to say that the Swabs were all to go to prison on the spot, and that he had brought the boatswain down the Union Jack, as a slight acknowledgment of his public services. The boatswain, unmanned for the first time, respectfully dried his eyes on the Jack, and then cheering up, and addressing Mr. Wopsle as Your Honour, solicited permission to take him by the fin. Mr. Wopsle, conceding his fin with a gracious dignity, was immediately shoved into a dusty corner, while everybody danced a hornpipe; and from that corner, surveying the public with a discontented eye, became aware of me.",human,0.672,6.666666666666667,0.4285714285714285,12.316606060606064,1.0,14.0,human,human,human,True,False
"It is possible that the romantic paste in her composition was defective: we must always remember that hardly anybody born in her decade--that of the eighteenth-century seventies--independently exhibited the full romantic quality. Even Scott required hill and mountain and ballad, even Coleridge metaphysics and German to enable them to chip the classical shell. Miss Austen was an English girl, brought up in a country retirement, at the time when ladies went back into the house if there was a white frost which might pierce their kid shoes, when a sudden cold was the subject of the gravest fears, when their studies, their ways, their conduct were subject to all those fantastic limits and restrictions against which Mary Wollstonecraft protested with better general sense than particular taste or judgment.",human,0.765625,8.333333333333334,0.6206896551724138,20.317187500000006,0.0,7.0,ai,human,ai,False,True
"From a neurological perspective, our brains are wired for social connection, and therefore, susceptible to the influence of group norms. Mirror neurons, for example, contribute to our ability to empathize and learn by observing others, but also make us prone to adopting the behaviors and beliefs of those around us. This inherent social mirroring can explain why expectations, even unspoken ones, are so readily internalized. However, neuroplasticity offers a counterpoint: the brain’s ability to rewire itself. Consciously challenging limiting beliefs, seeking out diverse perspectives, and cultivating self-awareness can gradually reshape neural pathways, diminishing the power of ingrained social expectations and fostering greater autonomy.",ai,0.7745098039215687,6.4,0.4074074074074074,16.7313786407767,0.0,12.0,ai,ai,ai,True,False
"Isn't it strange how easily we categorize people, reducing complex individuals to curated online profiles or snap judgments based on appearance? Superficiality, at its core, is this relentless drive to assess worth based on the immediately visible, a shortcut that bypasses genuine connection. It thrives in environments saturated with imagery – social media, advertising, even casual conversation – where presentation often eclipses substance. This isn’t merely about vanity; it’s a defense mechanism, a way to navigate a world overflowing with information by creating easily digestible labels. However, this constant skimming prevents us from appreciating the nuanced beauty of imperfection and the richness of untold stories, leaving us perpetually unsatisfied with surface-level interactions.",ai,0.8504672897196262,9.0,0.3939393939393939,18.091818181818187,1.0,9.0,ai,ai,ai,True,False
"“The rich get richer and the poor get poorer,” a sentiment echoed throughout history, unfortunately holds considerable truth in contemporary society. However, focusing solely on wealth accumulation misses a crucial element: the erosion of the middle class. The shrinking middle class isn’t merely a statistical trend; it represents a weakening of the societal buffer, increasing polarization and instability. As secure, well-paying jobs disappear and the cost of living rises, more individuals are pushed towards economic precarity, fueling resentment and distrust. Rebuilding a robust middle class requires policies that prioritize fair wages, affordable housing, and accessible education, fostering economic security for a broader segment of the population.",ai,0.801980198019802,6.2,0.6774193548387096,17.947811320754713,1.0,10.0,ai,ai,ai,True,False
"It is frequently remarked that a woman’s choice of a husband is the most important decision of her life, and indeed, there is a considerable degree of truth in this assertion. Yet, one cannot help but wonder if the emphasis placed upon *finding* a husband does not, in itself, prove detrimental to the pursuit of genuine happiness. Too often, young ladies are encouraged to view marriage as an end in itself, rather than as a means to a fulfilling partnership. The consequence is a regrettable number of unions founded upon expediency or social pressure, rather than upon mutual affection and respect. Such marriages, though perhaps respectable in the eyes of society, are rarely conducive to domestic tranquility or lasting contentment.",ai,0.7522123893805309,7.2,0.4827586206896552,14.026666666666667,0.0,10.0,ai,ai,ai,True,False
"Lady Catherine, Sir William, and Mr. and Mrs. Collins sat down to quadrille; and as Miss De Bourgh chose to play at cassino, the two girls had the honour of assisting Mrs. Jenkinson to make up her party. Their table was superlatively stupid. Scarcely a syllable was uttered that did not relate to the game, except when Mrs. Jenkinson expressed her fears of Miss De Bourgh's being too hot or too cold, or having too much or too little light. A great deal more passed at the other table. Lady Catherine was generally speaking--stating the mistakes of the three others, or relating some anecdote of herself.",human,0.6952380952380952,6.6,0.4666666666666667,7.0548584905660405,1.0,6.0,human,human,human,True,False
"It is a truth universally acknowledged, that a single man in possession of a good fortune must be the object of every young lady’s regard; yet, to dwell solely upon the lady’s ambition is to misunderstand the more subtle workings of the establishment. For it is not merely the prospect of advantageous alliance which dictates behaviour, but the intricate web of dependencies woven by inherited circumstance. Those born to estates, however modest, possess a quiet power, a claim upon deference which no newly acquired wealth can entirely replicate. Miss Penrose, though possessed of a considerable dowry from a mercantile father, found herself perpetually on the periphery of the truly eligible circle, her manners, though perfectly correct, lacking the ease born of generations accustomed to command. Such distinctions, though rarely spoken of directly, formed the bedrock of social interaction, influencing every ball, every visit, every carefully worded compliment.",ai,0.7642857142857142,8.0,0.3888888888888889,17.87055782312925,1.0,16.0,ai,ai,ai,True,False
"But I am willing to hope the best, and that his character has been misunderstood. Thoughtless and indiscreet I can easily believe him, but this step (and let us rejoice over it) marks nothing bad at heart. His choice is disinterested at least, for he must know my father can give her nothing. Our poor mother is sadly grieved. My father bears it better. How thankful am I, that we never let them know what has been said against him; we must forget it ourselves. They were off Saturday night about twelve, as is conjectured, but were not missed till yesterday morning at eight.",human,0.7524752475247525,4.714285714285714,0.7272727272727273,6.429285714285715,1.0,6.0,human,human,human,True,False
"Mrs. Hawthorne, a woman of undeniable sensibility, yet sadly prone to flights of fancy, declared to her eldest, Miss Eleanor, that a mother’s duty was to anticipate every possible sorrow her child might encounter, and to shield her from every gust of misfortune. “It is a tender burden, my dear,” she sighed, arranging a particularly voluminous shawl, “to bear the weight of another’s happiness.” Eleanor, however, possessed a more practical disposition. She observed, with a quietness that belied a shrewd understanding, that such excessive protection could scarcely prepare one for the inevitable disappointments of life. Indeed, a daughter perpetually swaddled in maternal solicitude might find herself quite incapable of navigating the world’s complexities, and thus, ironically, more vulnerable to unhappiness than if she had been allowed a reasonable degree of independence.",ai,0.8032786885245902,6.6,0.4827586206896552,16.966931297709923,0.0,18.0,ai,ai,ai,True,False
"Imagine a world where competence, kindness, and creativity are valued regardless of gender. This isn’t a utopian fantasy, but a practical goal achievable through deliberate societal shifts. The current system, predicated on outdated notions of gender roles, actively wastes human potential. By encouraging boys to embrace vulnerability and emotional intelligence, and girls to pursue STEM fields and leadership opportunities, we unlock a wider range of skills and perspectives. This benefits everyone, fostering innovation, empathy, and a more balanced and fulfilling society. The focus should be on individual strengths and passions, not predetermined expectations based on assigned gender.",ai,0.8260869565217391,6.5,0.40625,14.80159793814433,0.0,11.0,ai,ai,ai,True,False
"Imagine a city divided not by walls, but by invisible lines of access. One side boasts thriving businesses, well-funded schools, and safe, clean environments. The other struggles with underemployment, dilapidated infrastructure, and limited opportunities. This isn’t a dystopian fantasy; it’s the reality for many urban centers grappling with the effects of class disparity. The physical manifestation of this inequality – segregated neighborhoods, unequal access to resources – reinforces social divisions and perpetuates cycles of disadvantage. Addressing this requires intentional urban planning, investment in underserved communities, and a commitment to creating inclusive spaces where everyone has the opportunity to thrive.",ai,0.8105263157894737,7.333333333333333,0.5294117647058824,16.26139175257732,1.0,9.0,ai,ai,ai,True,False
"The prevalence of empty compliment is, without doubt, a symptom of a more pervasive ill: a society that values appearance above all else. It is a curious phenomenon, this willingness to sacrifice truth for the sake of politeness, to offer assurances of admiration that bear no relation to genuine sentiment. Consider the endless stream of pronouncements regarding the beauty of a new bonnet, or the brilliance of a mediocre waltz. Such declarations, repeated ad nauseam, lose all meaning, becoming mere social currency, exchanged to facilitate agreeable conversation. One begins to suspect that sincerity itself is a lost art, replaced by a carefully constructed performance designed to avoid offence and secure acceptance.",ai,0.8058252427184466,8.4,0.3939393939393939,14.860792792792797,0.0,10.0,ai,ai,ai,True,False
"“But Mama,” protested Miss Ainsworth, her voice trembling with suppressed indignation, “surely I ought to have some voice in the matter! Mr. Finch is… insufferable!” Her mother, however, remained unmoved. “Nonsense, child. Mr. Finch possesses a comfortable income and a respectable lineage. These are considerations of far greater weight than any fleeting fancy. You are young, and will soon learn to appreciate his good qualities.” Such dialogues, alas, are not uncommon. The assumption that a daughter’s affections are easily swayed, or entirely irrelevant, reveals a lamentable deficiency in paternal understanding. It is a dangerous notion, to believe that propriety can compensate for a lack of genuine attachment, and one which frequently leads to years of quiet misery.",ai,0.8363636363636363,4.7,0.7083333333333334,10.962051282051284,0.0,13.0,ai,ai,ai,True,False
"The chill November fog, clinging to the stones of the rookeries like a shroud, served as a most unwelcome reminder – not merely of the season’s damp and discomfort, but of that greater, inescapable dampness which awaits us all. Old Man Hemlock, huddled in a doorway with a cough that rattled like loose pebbles, possessed a face etched with the knowledge of approaching dissolution, a map of fading colour and dwindling strength. It was not the poverty, grievous though it was, that struck the observer most keenly, but the quiet acceptance in his eyes, a resignation to the inevitable journey. For even amidst the bustling commerce and clamorous life of London, Death maintained his silent, relentless progress, claiming his due from pauper and peer alike, a collector of debts none could ultimately evade, and leaving behind only echoes in the cobbled streets and a lingering scent of woodsmoke and decay.",ai,0.7357142857142858,8.5,0.4285714285714285,17.073070469798655,0.0,16.0,ai,ai,ai,True,False
"If I had taken a hackney-chariot and gone by the streets, I should have missed my aim; going as I did, I caught the coach just as it came out of the yard. I was the only inside passenger, jolting away knee-deep in straw, when I came to myself. For I really had not been myself since the receipt of the letter; it had so bewildered me, ensuing on the hurry of the morning. The morning hurry and flutter had been great; for, long and anxiously as I had waited for Wemmick, his hint had come like a surprise at last.",human,0.7096774193548387,6.25,0.2222222222222222,9.796113861386145,3.0,7.0,human,human,human,True,False
"The late Mr. Penrose, a man of rigid propriety and considerable estate, held a rather singular view on the education of his daughters. He deemed it quite unnecessary to burden their minds with accomplishments beyond those strictly requisite for attracting a suitable husband. “A woman’s sphere,” he was wont to pronounce, “lies within the domestic circle; her influence is exerted through her charms and her good management, not through intellectual pursuits.” While his intentions were undoubtedly guided by a desire to secure their future happiness, one could not help but question whether such a limited preparation truly constituted a fulfillment of parental duty. To deny a female the opportunity to develop her faculties, to confine her to a narrow existence, seemed a rather selfish exercise of paternal authority.",ai,0.8050847457627118,7.2,0.5517241379310345,14.025312500000002,1.0,8.0,ai,ai,ai,True,False
"The scent of cardamom and simmering tomatoes always pulls Elara back to her grandmother’s kitchen, a space that feels intrinsically linked to her sense of belonging. This illustrates a fundamental aspect of identity formation: its deep entanglement with place and sensory experience. We aren’t born with a pre-defined self; it’s woven from the textures of our environments, the rhythms of our communities, and the emotional resonance of specific locations. These aren’t merely backdrops to our lives, but active participants in shaping who we become. Displacement, conversely, can be profoundly destabilizing, severing those crucial connections and forcing a renegotiation of self in a new context. The stories we tell about where we’re from, and the memories we associate with those places, are vital threads in the tapestry of identity.",ai,0.72,6.833333333333333,0.3939393939393939,14.025312500000002,1.0,9.0,ai,ai,ai,True,False
"It had been placed there since my last visit, and I entered, that same day, on a regular occupation of pushing Miss Havisham in this chair (when she was tired of walking with her hand upon my shoulder) round her own room, and across the landing, and round the other room. Over and over and over again, we would make these journeys, and sometimes they would last as long as three hours at a stretch. I insensibly fall into a general mention of these journeys as numerous, because it was at once settled that I should return every alternate day at noon for these purposes, and because I am now going to sum up a period of at least eight or ten months.",human,0.7304347826086957,8.333333333333334,0.5263157894736842,16.6130081300813,0.0,9.0,ai,human,human,False,False
"The concept of parental duty often defaults to providing basic needs – food, shelter, education – yet a crucial, often overlooked, component is the transmission of values. These aren’t necessarily religious or political doctrines, but fundamental principles like empathy, integrity, and respect for diverse perspectives. This transmission isn’t achieved through lectures, but through modeling. Children are astute observers, internalizing behaviors far more readily than pronouncements. A parent who consistently demonstrates kindness, honesty, and a willingness to listen cultivates these qualities in their child. This ethical foundation isn’t about creating perfect individuals, but about fostering responsible citizens capable of contributing positively to society. It’s a long-term investment, shaping not just a child’s character, but the future community.",ai,0.8363636363636363,7.142857142857143,0.3947368421052631,15.603533834586464,0.0,14.0,ai,ai,ai,True,False
"That the place could possibly be, without her, was something my mind seemed unable to compass; and whereas she had seldom or never been in my thoughts of late, I had now the strangest ideas that she was coming towards me in the street, or that she would presently knock at the door. In my rooms too, with which she had never been at all associated, there was at once the blankness of death and a perpetual suggestion of the sound of her voice or the turn of her face or figure, as if she were still alive and had been often there.",human,0.6237623762376238,7.5,0.2857142857142857,19.846456310679617,1.0,7.0,human,human,human,True,False
"The fevered dreams of the afflicted, those nocturnal wanderings of the mind, often reveal more of a man’s true self than all his waking pronouncements. For when the constraints of propriety are cast aside, and the censor within is silenced, what emerges is a raw, untamed expression of the deepest desires and most carefully concealed fears. Old Man Hemlock, a pillar of respectability in his waking hours, confessed, during a delirium brought on by a summer ague, to a lifelong yearning for the stage, a secret ambition stifled by the expectations of his family. This, then, is the tragedy of so many lives: the suppression of authentic selfhood in favour of a socially acceptable facade. The true identity, like a buried treasure, lies hidden beneath layers of convention and regret.",ai,0.7355371900826446,7.2,0.3529411764705882,13.793076923076924,0.0,14.0,ai,ai,ai,True,False
"It is a peculiar affliction, this blindness to the suffering of others, particularly when that suffering is cloaked in respectability. Mr. Featherstonehaugh, a man of considerable property and even more considerable self-regard, frequently lamented the “improvidence” of the lower classes, conveniently overlooking the fact that their opportunities were deliberately curtailed. He spoke of thrift and industry as though these were readily available virtues, ignoring the crushing weight of circumstance that pressed upon their lives. His charitable donations, though publicly lauded, were but a paltry sum, a salve to his conscience rather than a genuine attempt to alleviate the misery he so readily condemned. Such hypocrisy, alas, is the hallmark of a society built upon inequality, a festering wound beneath a veneer of civility.",ai,0.75,7.4,0.2352941176470588,17.02839024390244,0.0,12.0,ai,ai,ai,True,False
"One might observe, with a melancholy detachment, the peculiar resilience of the child’s heart, its capacity to fashion joy from the most meagre of circumstances. Young Timothy, for instance, a lad scarcely seven years of age, possessed but a single, chipped marble – a swirling blue, reminiscent of a summer sky – yet this humble treasure afforded him hours of contented amusement, transforming a grimy alleyway into a kingdom of boundless imagination. But to mistake such fortitude for a lack of suffering would be a grievous error. It is a defence, a fragile bulwark erected against the overwhelming tide of hardship, and one easily breached by a harsh word, a vacant stare, or the simple, devastating realization of their own powerlessness. The bloom of childhood, so easily crushed, requires a tenderness rarely afforded in these bustling, unforgiving times.",ai,0.8360655737704918,7.6,0.5675675675675675,15.32094117647059,0.0,17.0,ai,ai,ai,True,False
"Every kind of pride must revolt from the connection. He had, to be sure, done much. She was ashamed to think how much. But he had given a reason for his interference, which asked no extraordinary stretch of belief. It was reasonable that he should feel he had been wrong; he had liberality, and he had the means of exercising it; and though she would not place herself as his principal inducement, she could perhaps believe, that remaining partiality for her might assist his endeavours in a cause where her peace of mind must be materially concerned. It was painful, exceedingly painful, to know that they were under obligations to a person who could never receive a return.",human,0.7017543859649122,6.666666666666667,0.5555555555555556,9.880000000000004,2.0,8.0,human,human,human,True,False
"Consider the case of young Master Cecil, a boy of privilege, yet possessed of a sorrow that no amount of finery could conceal. His father, a man of stern ambition and colder affections, viewed Cecil not as a son to be cherished, but as an heir to be molded in his own image. Every childish whim was suppressed, every spontaneous joy extinguished, replaced by a relentless regimen of study and discipline. The grand nursery, filled with expensive toys, felt less like a haven and more like a gilded cage, its beauty serving only to accentuate the boy’s profound loneliness. Such a stifling upbringing, though cloaked in respectability, is a form of cruelty most insidious, for it crushes the very spirit it purports to elevate.",ai,0.8,7.0,0.4,12.828774193548387,0.0,13.0,ai,ai,ai,True,False
"The concept of social control frequently evokes images of authoritarian regimes, but a more pervasive form exists within democratic societies through the lens of risk management. Modern governance increasingly prioritizes anticipating and mitigating potential harms, leading to a proliferation of regulations and surveillance technologies. While ostensibly designed to protect citizens – from terrorism to public health crises – these measures inevitably curtail certain freedoms. The justification often rests on a utilitarian calculus: sacrificing individual liberties for the collective good. However, this approach raises critical questions about who defines “risk,” whose freedoms are prioritized, and the potential for these controls to become entrenched even after the initial threat subsides. This isn’t necessarily malicious, but a consequence of a system focused on preemptive security.",ai,0.808695652173913,7.333333333333333,0.4571428571428571,17.776666666666667,0.0,6.0,ai,ai,ai,True,False
"When I got up to my little room and said my prayers, I did not forget Joe's recommendation, and yet my young mind was in that disturbed and unthankful state, that I thought long after I laid me down, how common Estella would consider Joe, a mere blacksmith; how thick his boots, and how coarse his hands. I thought how Joe and my sister were then sitting in the kitchen, and how I had come up to bed from the kitchen, and how Miss Havisham and Estella never sat in a kitchen, but were far above the level of such common doings.",human,0.6702127659574468,9.5,0.7142857142857143,19.45490196078432,1.0,9.0,human,human,human,True,False
"If they had asked me any more questions, I should undoubtedly have betrayed myself, for I was even then on the point of mentioning that there was a balloon in the yard, and should have hazarded the statement but for my invention being divided between that phenomenon and a bear in the brewery. They were so much occupied, however, in discussing the marvels I had already presented for their consideration, that I escaped. The subject still held them when Joe came in from his work to have a cup of tea. To whom my sister, more for the relief of her own mind than for the gratification of his, related my pretended experiences.",human,0.7075471698113207,8.75,0.15,13.075287610619473,0.0,8.0,human,human,human,True,False
"Considering the evolving landscape of modern relationships, the question of marital prospects often hinges less on societal expectation and more on individual financial stability. Increasingly, potential partners assess not just emotional compatibility, but also career trajectories, debt levels, and long-term earning potential. This isn’t necessarily a cynical shift, but a pragmatic response to the rising costs of living and the desire for a secure future. Homeownership, childcare, and even everyday expenses demand a level of financial comfort previously less critical for establishing a household. While love remains a vital component, a shared economic vision and demonstrable financial responsibility are becoming non-negotiable criteria for many seeking a lifelong commitment. This trend impacts dating app profiles, conversation topics, and ultimately, the selection process itself.",ai,0.8189655172413793,6.5,0.575,17.584262295081974,0.0,12.0,ai,ai,ai,True,False
"The curated perfection presented on social media platforms exemplifies a particularly insidious form of social expectation. Beyond the traditional pressures of career and family, individuals now face a constant barrage of images depicting idealized lifestyles – flawless bodies, exotic vacations, effortless success. This creates a distorted benchmark against which people measure their own lives, fostering feelings of inadequacy and anxiety. The algorithmic nature of these platforms further exacerbates the problem, reinforcing existing biases and creating echo chambers of unrealistic standards. Consequently, genuine self-acceptance becomes increasingly difficult, replaced by a relentless pursuit of external validation and a fear of falling short of perceived norms.",ai,0.8367346938775511,8.4,0.4705882352941176,18.27972549019608,0.0,7.0,ai,ai,ai,True,False
"One finds, in the quiet contemplation of a graveyard, a most unsettling peace. Not a peace born of acceptance, mind you, but of a grim resignation. The rows of weathered headstones, each bearing a name and a date, are a stark reminder of the levelling power of death. Here lie merchants and beggars, lords and labourers, all reduced to the same state of silent anonymity. The epitaphs, often filled with pious platitudes and self-serving boasts, seem hollow and meaningless in the face of such finality. It is a democratic realm, this, where rank and fortune count for naught. A chilling reminder, perhaps, that the pursuit of worldly possessions is a vanity, and that the only true preparation for the inevitable is a life lived with humility and compassion – though even *that*, one suspects, is a small comfort against the encroaching darkness.",ai,0.7307692307692307,6.428571428571429,0.3953488372093023,10.593373860182371,0.0,17.0,ai,ai,ai,True,False
"Your retrospections must be so totally void of reproach, that the contentment arising from them is not of philosophy, but, what is much better, of ignorance. But with me, it is not so. Painful recollections will intrude, which cannot, which ought not to be repelled. I have been a selfish being all my life, in practice, though not in principle. As a child I was taught what was right, but I was not taught to correct my temper. I was given good principles, but left to follow them in pride and conceit. Unfortunately an only son (for many years an only child), I was spoiled by my parents, who, though good themselves, (my father particularly, all that was benevolent and amiable,) allowed, encouraged, almost taught me to be selfish and overbearing, to care for none beyond my own family circle, to think meanly of all the rest of the world, to wish at least to think meanly of their sense and worth compared with my own.",human,0.6163522012578616,5.571428571428571,0.76,10.434475043029265,0.0,22.0,ai,human,human,False,False
"The gleaming skyscrapers and luxury boutiques of a city often mask a stark reality: a widening gulf between the ‘haves’ and ‘have-nots’. Class disparity manifests not just in financial terms, but also in social capital – the networks, connections, and cultural knowledge that facilitate advancement. Those with privilege often inherit these advantages, effortlessly navigating systems designed, consciously or unconsciously, to favor them. Meanwhile, individuals from disadvantaged backgrounds must expend significantly more energy simply to achieve the same level of access. This isn’t about individual failings; it’s about structural barriers. Ignoring this imbalance isn’t just ethically questionable, it’s economically short-sighted, as untapped potential represents a significant loss for innovation and growth.",ai,0.8598130841121495,5.666666666666667,0.3939393939393939,15.96105504587156,1.0,9.0,ai,ai,ai,True,False
"Miss Bingley's congratulations to her brother on his approaching marriage were all that was affectionate and insincere. She wrote even to Jane on the occasion, to express her delight, and repeat all her former professions of regard. Jane was not deceived, but she was affected; and though feeling no reliance on her, could not help writing her a much kinder answer than she knew was deserved. The joy which Miss Darcy expressed on receiving similar information was as sincere as her brother's in sending it. Four sides of paper were insufficient to contain all her delight, and all her earnest desire of being loved by her sister.",human,0.660377358490566,6.6,0.4705882352941176,10.952261682242993,1.0,5.0,human,human,human,True,False
"The two girls had been whispering to each other during the whole visit; and the result of it was, that the youngest should tax Mr. Bingley with having promised on his first coming into the country to give a ball at Netherfield. Lydia was a stout, well-grown girl of fifteen, with a fine complexion and good-humoured countenance; a favourite with her mother, whose affection had brought her into public at an early age. She had high animal spirits, and a sort of natural self-consequence, which the attentions of the officers, to whom her uncle's good dinners and her own easy manners recommended her, had increased into assurance.",human,0.7333333333333333,9.0,0.5416666666666666,12.59764018691589,2.0,8.0,human,human,human,True,False
"In consequence of an agreement between the sisters, Elizabeth wrote the next morning to her mother, to beg that the carriage might be sent for them in the course of the day. But Mrs. Bennet, who had calculated on her daughters remaining at Netherfield till the following Tuesday, which would exactly finish Jane's week, could not bring herself to receive them with pleasure before. Her answer, therefore, was not propitious, at least not to Elizabeth's wishes, for she was impatient to get home. Mrs. Bennet sent them word that they could not possibly have the carriage before Tuesday; and in her postscript it was added, that if Mr. Bingley and his sister pressed them to stay longer, she could spare them very well.",human,0.6666666666666666,6.75,0.2222222222222222,11.080422764227643,1.0,11.0,human,human,human,True,False
"One could scarcely venture into the assembly rooms without encountering a demonstration of this regrettable human tendency – the elevation of appearance above all else. It was not, perhaps, a matter of deliberate deceit, but rather a pervasive lack of self-awareness, a conviction that a pleasing façade could compensate for deficiencies of character. Mr. Featherstonehaugh, a gentleman possessed of a comfortable estate but little conversation, was perpetually surrounded by ladies eager to demonstrate their approval, not of his wit – for he had none – but of his wealth and the fashionable cut of his coat. One wondered, observing such scenes, if genuine connection were not becoming a lost art, sacrificed upon the altar of social climbing and superficial compliments.",ai,0.7909090909090909,10.0,0.4516129032258064,17.198696581196582,0.0,10.0,ai,ai,ai,True,False
"Consider, if you will, the cobbled streets of Spitalfields, slick with rain and teeming with a wretchedness that clings to the very stones. It is not merely poverty that breeds the blight within a child’s soul, though poverty certainly provides the fertile ground. No, it is the *absence* of constancy, the perpetual shifting of faces and fortunes, the gnawing uncertainty of where the next crust will come from, or beneath what roof one might find temporary shelter. Little Eliza, orphaned before she could properly recall her mother’s face, drifted through this labyrinth of despair, a waif tossed upon a sea of indifference. Each fleeting kindness, each momentary respite, served only to sharpen the ache of abandonment, to underscore the precariousness of her existence. The city, vast and uncaring, became a monstrous surrogate parent, offering only hardship and the constant threat of oblivion.",ai,0.7591240875912408,7.0,0.358974358974359,12.752676056338032,0.0,17.0,ai,ai,ai,True,False
"It is a truth universally acknowledged, that a single fortune, however modest, must be the object of every young woman of good family; yet, the manner in which such a fortune is *acquired* often dictates its social consequence with a precision exceeding even the most rigid rules of the establishment. Miss Elmsworth, for instance, possessed a comfortable income derived from a thrice-removed uncle in the colonies, a circumstance which, whilst securing her a respectable position in society, simultaneously marked her as distinctly *other* – her manners, though perfectly polite, lacked the refinement born of generations spent within the established order. One could not but observe the subtle coolness with which the ladies of Longbourn regarded her offers of assistance, a coolness not born of malice, perhaps, but of an instinctive understanding that some distinctions, however inconvenient, must be maintained. The preservation of social hierarchies, it seemed, outweighed even the dictates of common courtesy.",ai,0.7152777777777778,8.25,0.4166666666666667,20.190526315789477,1.0,18.0,ai,ai,ai,True,False
"Imagine a garden filled with vibrant, exotic blooms, all genetically engineered for maximum visual impact but utterly devoid of fragrance or nutritional value. This is a fitting metaphor for a society consumed by superficiality. While aesthetic appeal has its place, an overemphasis on the external can lead to a profound emptiness. We become surrounded by beautiful things and impressive people, yet starved for genuine connection, intellectual stimulation, and emotional depth. The constant bombardment of curated perfection creates unrealistic expectations, fostering dissatisfaction and a sense of inadequacy. True richness lies not in what we *seem* to have, but in what we *are*.",ai,0.8541666666666666,6.166666666666667,0.72,13.640346534653464,0.0,8.0,ai,ai,ai,True,False
"One might be tempted to believe such practices confined to the lower orders, to those lacking education and refinement. Yet, a closer inspection of the drawing-rooms and stately homes reveals a far more insidious form of control. It is not the blatant coercion of the streets, but the subtle erosion of self-worth, the carefully calibrated praise and blame designed to mould a companion into a pleasing reflection of one’s own desires. Lady Beatrice, for instance, possessed a singular talent for rendering her husband, Sir Reginald, utterly dependent upon her approval. A raised eyebrow, a delicately expressed disappointment – these were sufficient to quell any independent thought or action. He lived, not as a man, but as a carefully trained performing animal, forever striving to earn a reward he rarely received, a prisoner within a gilded cage of his own making.",ai,0.7984496124031008,7.0,0.4545454545454545,13.394640287769786,0.0,13.0,ai,ai,ai,True,False
"The modern workplace, despite rhetoric about valuing diversity and inclusion, often operates on a foundation of superficial assessments. Consider the emphasis placed on “personal branding” and networking – skills that, while useful, can easily overshadow actual competence. A polished presentation, a confident handshake, and the ability to “work a room” frequently carry more weight than demonstrable expertise or innovative thinking. This isn’t to say these skills are unimportant, but their disproportionate influence reveals a troubling trend. It suggests that appearances and perceived potential are often prioritized over proven ability, creating an environment where genuine talent can be overlooked in favor of those who excel at self-promotion. This ultimately stifles innovation and rewards conformity.",ai,0.8518518518518519,7.5,0.4375,16.027500000000003,0.0,8.0,ai,ai,ai,True,False
"The scent of decaying roses, lingering in the abandoned conservatory of Blackwood Manor, possessed a melancholy sweetness that spoke volumes of vanished grandeur and irretrievable loss. Dust motes danced in the shafts of pale sunlight, illuminating the faded tapestries and the crumbling statues – relics of a family whose lineage had stretched back for centuries, now reduced to whispers and shadows. One could almost feel the presence of those who had once strolled these halls, their laughter and sorrows echoing in the stillness. It was a poignant reminder that even the most imposing structures, the most enduring legacies, are ultimately subject to the ravages of time. And that, like the roses, all beauty must eventually fade, returning to the earth from whence it came.",ai,0.7416666666666667,8.2,0.1875,13.1909918699187,0.0,10.0,ai,ai,ai,True,False
"My left arm was a good deal burned to the elbow, and, less severely, as high as the shoulder; it was very painful, but the flames had set in that direction, and I felt thankful it was no worse. My right hand was not so badly burnt but that I could move the fingers. It was bandaged, of course, but much less inconveniently than my left hand and arm; those I carried in a sling; and I could only wear my coat like a cloak, loose over my shoulders and fastened at the neck. My hair had been caught by the fire, but not my head or face.",human,0.6633663366336634,6.0,0.45,9.143703703703704,3.0,9.0,human,human,human,True,False
"The grand edifice of society, viewed from the shadowed alleyways where misfortune dwells, reveals itself not as a structure of justice and benevolence, but a monstrous pyramid, precariously balanced upon the bowed backs of the unseen and unheard. Observe, if you will, the portly merchant, puffed with self-importance and the fruits of industry – industry, mind you, often built upon the slender wages and broken spirits of those who toil in his warehouses. He strides forth, oblivious to the pinched faces peering from doorways, secure in the knowledge that the law, and custom too, conspire to maintain his elevated position. It is a cruel arithmetic, this, where the sum of another’s suffering invariably adds to one’s own comfort, and the scales, so deliberately weighted, rarely offer a moment’s respite to the burdened. A chilling spectacle, indeed, for any soul possessed of a compassionate heart.",ai,0.7608695652173914,8.6,0.5,15.20316083916084,0.0,20.0,ai,ai,ai,True,False
"But I saw that everything within my view which ought to be white, had been white long ago, and had lost its lustre and was faded and yellow. I saw that the bride within the bridal dress had withered like the dress, and like the flowers, and had no brightness left but the brightness of her sunken eyes. I saw that the dress had been put upon the rounded figure of a young woman, and that the figure upon which it now hung loose had shrunk to skin and bone. Once, I had been taken to see some ghastly waxwork at the Fair, representing I know not what impossible personage lying in state.",human,0.6261682242990654,6.25,0.5555555555555556,10.569092920353985,0.0,7.0,human,human,human,True,False
"I only wondered for the passing moment, as I stopped at the door and looked back, under what altered circumstances I should next see those rooms, if ever. We loitered down to the Temple stairs, and stood loitering there, as if we were not quite decided to go upon the water at all. Of course, I had taken care that the boat should be ready and everything in order. After a little show of indecision, which there were none to see but the two or three amphibious creatures belonging to our Temple stairs, we went on board and cast off; Herbert in the bow, I steering.",human,0.75,8.25,0.1875,10.775188679245286,1.0,9.0,human,human,human,True,False
"My watchfulness has been effectual; and though I should certainly be a more interesting object to all my acquaintance, were I distractedly in love with him, I cannot say that I regret my comparative insignificance. Importance may sometimes be purchased too dearly. Kitty and Lydia take his defection much more to heart than I do. They are young in the ways of the world, and not yet open to the mortifying conviction that handsome young men must have something to live on as well as the plain.” With no greater events than these in the Longbourn family, and otherwise diversified by little beyond the walks to Meryton, sometimes dirty and sometimes cold, did January and February pass away.",human,0.7589285714285714,6.0,0.75,11.914,1.0,6.0,human,human,human,True,False
"After that, he drank all the rest of the sherry, and Mr. Hubble drank the port, and the two talked (which I have since observed to be customary in such cases) as if they were of quite another race from the deceased, and were notoriously immortal. Finally, he went away with Mr. and Mrs. Hubble, to make an evening of it, I felt sure, and to tell the Jolly Bargemen that he was the founder of my fortunes and my earliest benefactor. When they were all gone, and when Trabb and his men but not his Boy; I looked for him had crammed their mummery into bags, and were gone too, the house felt wholesomer.",human,0.6785714285714286,8.0,0.4,9.07913043478261,1.0,11.0,human,human,human,True,False
"The fog, a greasy, yellow visitation, clung to London as a shroud might to a corpse, and within its suffocating embrace, a disquiet settled upon the hearts of men – not a fear of thieves or debtors, though those anxieties were plentiful enough, but a colder, more insidious dread: the creeping suspicion that all endeavour was vanity, that the grand clockwork of society, for all its bustling and clamour, was wound by a careless hand and destined to run down into silence. Old Man Tiber, the lamplighter, confided in me, a man not given to philosophical musings, that the very flames he coaxed to life seemed to flicker with a mournful resignation, as if acknowledging the ultimate darkness. Even the costermongers’ cries lacked their usual robust cheer, replaced by a hollow echo that spoke of a world teetering on the precipice of meaninglessness, a precipice from which no amount of gin or good fortune could save us.",ai,0.7777777777777778,11.666666666666666,0.3333333333333333,23.070769230769237,0.0,18.0,ai,ai,human,False,True
"The cobbled streets, slick with a perpetual dampness mirroring the tears so readily sprung to youthful eyes, offered little comfort to the diminutive forms that hurried through them, clutching at skirts or trouser legs for a semblance of protection. It was not merely the physical hardships – the gnawing hunger, the threadbare garments offering scant shield against the biting winds – but the utter lack of agency, the complete dependence upon the whims of adults, that constituted the true vulnerability of childhood. A dropped sweet, a harsh word, a moment’s inattention could shatter a small world, leaving behind a wreckage of inconsolable grief, dismissed by those whose own sorrows were, they believed, of a more substantial kind. To witness such fragility, such open-hearted trust betrayed by circumstance, was to glimpse the very heart of human suffering, a spectacle too often overlooked in the bustling indifference of the city.",ai,0.8043478260869565,9.5,0.625,17.71897260273973,0.0,15.0,ai,ai,ai,True,False
"Consider the plight of Miss Grey, a woman of undeniable accomplishments, yet possessing neither fortune nor striking beauty. She possessed a mind cultivated by diligent study, a talent for music, and a disposition of amiable sweetness. Yet, these qualities, though admirable in themselves, proved insufficient to attract the attention of eligible gentlemen. For what, one might ask, did she offer beyond her own person? A husband seeks not merely a companion, but an addition to his estate, a reinforcement of his social standing. Miss Grey, lacking these advantages, found herself relegated to the margins of society, a quiet observer of the happiness enjoyed by those more favourably endowed by circumstance. It is a melancholy reflection, but one which serves to illustrate the limitations imposed upon women by the prevailing social order.",ai,0.7786885245901639,7.571428571428571,0.3870967741935484,12.696357688113412,0.0,15.0,ai,ai,ai,True,False
"The concept of a “good match” has undergone a radical transformation, shifting from primarily familial and societal approval to a more individualized assessment of compatibility. Today, prospective partners are often evaluated based on shared values, emotional intelligence, and long-term life goals. This emphasis on personal connection, however, doesn’t negate the influence of social networks. Individuals frequently meet partners through friends, colleagues, or shared activities, suggesting that proximity and common interests remain crucial. Furthermore, the increasing acceptance of diverse relationship structures – cohabitation, long-term partnerships without marriage – provides alternative avenues for commitment, potentially lessening the urgency to find a “marriageable” partner within conventional parameters.",ai,0.86,6.6,0.4722222222222222,18.85815686274509,0.0,12.0,ai,ai,ai,True,False
"Isn't it ironic that in a society proclaiming opportunity for all, one’s starting point is so heavily dictated by the circumstances of their birth? Social class, far from being a relic of the past, continues to exert a powerful, often invisible, influence on life chances. Access to quality education, healthcare, and even nutritious food are demonstrably linked to socioeconomic status, creating a self-perpetuating cycle. This isn’t simply about income disparity; it’s about the accumulation of advantages – cultural capital, social networks, and inherited wealth – that provide a significant head start. While social mobility *is* possible, the statistics reveal it’s becoming increasingly difficult, particularly for those born into the lowest quintile. The narrative of meritocracy often obscures the systemic barriers that prevent genuine equality of opportunity.",ai,0.7916666666666666,7.666666666666667,0.3947368421052631,17.21193548387097,1.0,12.0,ai,ai,ai,True,False
"Mr. Collins was employed in agreeing to everything her Ladyship said, thanking her for every fish he won, and apologizing if he thought he won too many. Sir William did not say much. He was storing his memory with anecdotes and noble names. When Lady Catherine and her daughter had played as long as they chose, the tables were broken up, the carriage was offered to Mrs. Collins, gratefully accepted, and immediately ordered. The party then gathered round the fire to hear Lady Catherine determine what weather they were to have on the morrow. From these instructions they were summoned by the arrival of the coach; and with many speeches of thankfulness on Mr. Collins's side, and as many bows on Sir William's, they departed.",human,0.664,6.333333333333333,0.2631578947368421,8.817350000000001,1.0,8.0,human,human,human,True,False
"The motive professed was his conviction of its being owing to himself that Wickham's worthlessness had not been so well known as to make it impossible for any young woman of character to love or confide in him. He generously imputed the whole to his mistaken pride, and confessed that he had before thought it beneath him to lay his private actions open to the world. His character was to speak for itself. He called it, therefore, his duty to step forward, and endeavour to remedy an evil which had been brought on by himself. If he had another motive, I am sure it would never disgrace him.",human,0.6822429906542056,6.6,0.4615384615384615,9.878444444444444,0.0,5.0,human,human,human,True,False
"“Innocence is ignorance,” a cynical adage, yet it holds a kernel of truth when considering childhood vulnerability. Not because children are naive, but because their understanding of the world’s complexities is limited. This isn’t a moral failing, but a developmental stage. A child doesn’t grasp the nuances of power dynamics, the motivations behind adult behavior, or the potential for deliberate harm. This lack of awareness makes them easily manipulated, trusting to a fault, and vulnerable to exploitation. It’s a period where boundaries are still being defined, both internally and externally, and the line between safe and unsafe is often blurred, requiring consistent guidance and protection.",ai,0.8061224489795918,5.666666666666667,0.3225806451612903,13.37404761904762,0.0,11.0,ai,ai,ai,True,False
"Frequently, discussions of class consciousness focus on the experiences of the working class, but its absence is equally detrimental within the upper echelons of society. A lack of awareness among the wealthy regarding the systemic advantages they enjoy can lead to a profound disconnect from the realities faced by the majority. This detachment fosters a justification for inequality, often framed as a natural consequence of talent or hard work. Ironically, a genuine class consciousness within the privileged class – an understanding of their complicity in maintaining an unjust system – is arguably *more* crucial for enacting meaningful change, as they possess the power and resources to dismantle the structures that perpetuate inequality.",ai,0.7523809523809524,9.0,0.40625,18.09136363636364,0.0,5.0,ai,ai,ai,True,False
"Often, we associate psychological manipulation with malicious intent, but it’s crucial to acknowledge that it can also stem from deeply ingrained, unhealthy patterns of behavior. Someone who was raised in a manipulative environment might unconsciously replicate those dynamics in their own relationships, not out of a desire to harm, but because it’s the only relational model they know. This doesn’t excuse the behavior, but it highlights the importance of understanding the underlying causes. Recognizing this complexity allows for a more nuanced approach to intervention, focusing not just on stopping the manipulative behavior, but also on addressing the root issues driving it – often requiring therapy and a commitment to self-awareness.",ai,0.7547169811320755,7.25,0.5,17.879701834862384,0.0,8.0,ai,ai,ai,True,False
"Consider, if you will, the bustling Exchange, that very temple of industry and gain, where fortunes are made and lost with the turn of a hand. Yet, even amidst such feverish activity, such relentless pursuit of worldly advantage, the shadow of mortality stretches long and unwavering. For what are these sums, these bonds, these glittering promises, but dust and ashes in the face of eternity? Men strain and strive, accumulating wealth as if it could purchase them exemption from the common fate, forgetting that the grandest mansion, the fullest coffers, cannot hold back the tide of years. Indeed, the very urgency with which they pursue their ambitions betrays a subconscious awareness of time’s relentless flight, a desperate attempt to leave some mark upon a world from which they shall soon be removed. A foolish vanity, perhaps, but a profoundly human one.",ai,0.7703703703703704,6.833333333333333,0.4594594594594595,11.986347517730495,0.0,18.0,ai,ai,ai,True,False
"From a practical standpoint, fostering healthy identity formation requires creating spaces for exploration and self-expression. This begins in childhood, with parents and educators encouraging autonomy and allowing children to pursue their interests, even if they differ from expectations. Supportive relationships, where individuals feel safe to be vulnerable and authentic, are crucial. Equally important is exposure to diverse perspectives and experiences, challenging preconceived notions and broadening horizons. Conversely, environments characterized by rigid control, excessive criticism, or limited opportunities for self-discovery can stifle identity development, leading to feelings of insecurity and a lack of purpose.",ai,0.8494623655913979,7.2,0.3333333333333333,18.5629247311828,0.0,10.0,ai,ai,ai,True,False
"When we drove up to the Blue Boar after a drizzly ride, whom should I see come out under the gateway, toothpick in hand, to look at the coach, but Bentley Drummle! As he pretended not to see me, I pretended not to see him. It was a very lame pretence on both sides; the lamer, because we both went into the coffee-room, where he had just finished his breakfast, and where I ordered mine. It was poisonous to me to see him in the town, for I very well knew why he had come there. Pretending to read a smeary newspaper long out of date, which had nothing half so legible in its local news, as the foreign matter of coffee, pickles, fish sauces, gravy, melted butter, and wine with which it was sprinkled all over, as if it had taken the measles in a highly irregular form, I sat at my table while he stood before the fire.",human,0.6842105263157895,7.6,0.2413793103448276,12.451250000000002,1.0,18.0,ai,human,human,False,False
"Old Man Hemlock, the cobbler, possessed a quiet dignity that even his threadbare coat and patched boots could not entirely conceal; yet, for all his industry and honest toil, he was perpetually haunted by the spectre of the rent collector, a Mr. Grimshaw, whose very name bespoke his disposition. It was not merely the sum demanded – a paltry five shillings a week – but the manner in which it was exacted, with a condescending air and a thinly veiled threat of eviction that chipped away at Hemlock’s spirit. Such encounters, repeated with monotonous regularity, served as a constant reminder of his precarious position, a position dictated not by any lack of merit, but by the arbitrary distribution of wealth and opportunity, a lottery in which Hemlock, alas, had drawn a most unfortunate ticket.",ai,0.7540983606557377,9.666666666666666,0.3125,17.12545454545455,1.0,14.0,ai,ai,ai,True,False
"The rise of digital platforms has fundamentally altered the landscape of social control, shifting power dynamics in ways previously unimaginable. Where traditional methods relied on centralized institutions – schools, governments, religious organizations – to disseminate information and enforce norms, algorithms now curate our experiences, subtly guiding our perceptions and influencing our choices. This isn’t necessarily malicious; recommendation systems, for example, aim to provide relevant content, but they simultaneously create filter bubbles and reinforce existing biases. Furthermore, the constant surveillance inherent in online activity, even without direct governmental intervention, fosters a sense of self-censorship and conformity. The potential for social scoring and the weaponization of data represent a new, and potentially more insidious, form of control.",ai,0.8214285714285714,6.0,0.4210526315789473,19.852318584070805,1.0,13.0,ai,ai,ai,True,False
"Isn't it curious how easily we can be steered by appeals to our deepest insecurities? Psychological manipulation, at its core, isn’t about overt force, but a subtle erosion of self-perception. It thrives in environments where power imbalances exist, allowing the manipulator to exploit vulnerabilities – a need for approval, fear of abandonment, or a desire for belonging. This isn’t simply lying; it’s a calculated process of distorting reality to gain control. Techniques range from gaslighting, which denies a victim’s sanity, to love bombing, an overwhelming display of affection used to create dependency. The long-term effects can be devastating, leading to anxiety, depression, and a profound loss of trust, not only in others but in one’s own judgment. Recognizing these patterns is the first, crucial step towards reclaiming agency.",ai,0.8292682926829268,7.285714285714286,0.3095238095238095,13.784926884139484,1.0,14.0,ai,ai,ai,True,False
"“But Mama,” protested young Miss Ainsworth, her voice trembling with suppressed indignation, “Mr. Howard is a man of honour, and possesses a most amiable disposition!” Her mother, however, remained unmoved. “Amiable, perhaps,” she conceded, with a dismissive wave of her hand, “but lacking entirely in connection. Your grandfather, you must understand, would never countenance a match so…unsuitable.” The scene, though commonplace in its essence, revealed a truth often overlooked: parental authority, when wielded without discretion, can become a tyranny. It is not merely the denial of happiness that is so reprehensible, but the implicit assertion that a daughter’s judgment is inherently inferior to her mother’s – a proposition which, one suspects, few sensible young ladies would willingly accept.",ai,0.8181818181818182,5.5,0.4814814814814814,12.814041514041516,0.0,19.0,ai,ai,ai,True,False
"Consider, if you will, the nursery – a chamber ostensibly dedicated to joy and burgeoning life – and observe how closely it borders upon the shadow of the grave. A child’s fleeting illness, a feverish flush upon a rosy cheek, and suddenly the delicate balance is disturbed, the laughter stilled. Mrs. Featherstonehaugh, a woman of considerable fortune but little fortitude, found herself thus afflicted, watching her youngest, little Cecil, succumb to a complaint the physician vaguely termed “a weakness of the lungs.” The irony, of course, was not lost upon her; to amass wealth, to secure comfort, only to be rendered powerless before the simple, brutal fact of mortality. It is a truth that haunts the gilded cage as surely as it does the workhouse door, a constant, unwelcome guest at every feast.",ai,0.7704918032786885,8.8,0.4193548387096774,13.724183206106872,1.0,17.0,ai,ai,ai,True,False
"Consider the intergenerational transmission of trauma: the ways in which unresolved pain and maladaptive coping mechanisms are passed down through families. A parent who experienced childhood trauma may, unintentionally, recreate a similar emotional environment for their own children, perhaps through emotional unavailability or inconsistent parenting. This isn’t necessarily malicious; it’s often a reflection of their own limited emotional resources and coping skills. Breaking this cycle requires conscious effort – therapy, self-reflection, and a commitment to developing healthier patterns of relating. Recognizing the historical roots of family dynamics can be a powerful step towards healing and creating a more secure future for subsequent generations.",ai,0.8144329896907216,7.0,0.6,18.16403921568628,1.0,5.0,ai,ai,ai,True,False
"Frequently overlooked is the role of language itself as a tool of social control. The words we use to describe events, people, and ideas aren’t neutral; they carry connotations and frame perceptions. Political rhetoric, for instance, often employs carefully chosen language to evoke specific emotions and shape public opinion. Similarly, the labeling of certain behaviors as ‘deviant’ or ‘criminal’ isn’t simply a descriptive act, but a powerful form of social control that carries legal and social consequences. Even seemingly innocuous phrases can reinforce existing power structures and perpetuate stereotypes. Critical analysis of language, therefore, is essential for deconstructing the subtle ways in which control operates.",ai,0.7941176470588235,6.5,0.5483870967741935,14.497857142857146,1.0,8.0,ai,ai,ai,True,False
"It is a truth universally acknowledged, that a single man in possession of a good fortune must be the object of every young lady’s regard; yet, to dwell solely upon the lady’s ambition is to present but half the picture. For the gentleman, too, is constrained by the delicate machinery of the establishment, bound to seek a wife not merely of amiable disposition, but of suitable connections. A disparity of fortune, whilst perhaps not insurmountable, introduces a host of practical inconveniences, and a more grievous still, a subtle alteration in the tenor of domestic life. One observes, with a degree of melancholy, how readily affection is sacrificed upon the altar of prudence, and how often a perfectly respectable family finds itself excluded from the better circles, not through any deficiency in moral character, but simply through the unfortunate circumstance of a diminished inheritance.",ai,0.7272727272727273,7.75,0.5151515151515151,19.642010489510493,1.0,15.0,ai,ai,ai,True,False
"The online dating landscape has fundamentally altered the calculus of marital prospects, presenting a paradox of choice. While offering access to a wider pool of potential partners than ever before, these platforms often foster a “shopping” mentality, reducing individuals to profiles and prioritizing superficial attributes. This can lead to decision fatigue and a reluctance to invest deeply in any single connection, fearing a “better” option might be just a swipe away. Furthermore, the curated nature of online profiles often obscures genuine personality traits, creating unrealistic expectations and increasing the likelihood of disappointment. Successfully navigating this environment requires a conscious effort to move beyond surface-level assessments and prioritize authentic connection, a skill not always readily developed.",ai,0.8240740740740741,6.6,0.3529411764705882,17.903478260869566,0.0,7.0,ai,ai,ai,True,False
"The core of any power dynamic lies in perceived scarcity. Whether it’s resources, opportunities, or even attention, the belief that something is limited creates a competitive environment where individuals vie for control. This isn’t simply a matter of individual ambition; it’s a fundamental aspect of social organization. A company’s promotion structure, for example, inherently establishes a power dynamic because advancement is limited. Those in positions to grant promotions wield significant influence, shaping career trajectories and organizational culture. Understanding this scarcity principle allows us to analyze power structures not as personal failings, but as systemic outcomes of resource allocation and opportunity distribution.",ai,0.8229166666666666,5.833333333333333,0.2894736842105263,16.91163366336634,1.0,7.0,ai,ai,ai,True,False
"From an evolutionary perspective, quick assessments based on superficial cues – physical attractiveness, social status – were once crucial for survival and reproduction. However, in the modern world, these ingrained instincts can be profoundly detrimental. While initial impressions are unavoidable, allowing them to dictate our judgments prevents us from discovering the hidden depths within others. Superficiality, in this context, isn’t simply a character flaw; it’s a cognitive shortcut that limits our understanding of the world and hinders our ability to form meaningful relationships. Overcoming this requires deliberate practice in active listening, empathetic observation, and a willingness to challenge our own biases.",ai,0.8541666666666666,5.8,0.6153846153846154,16.685535353535354,1.0,9.0,ai,ai,ai,True,False
"In pursuance of this luminous conception I mentioned to Biddy when I went to Mr. Wopsle's great-aunt's at night, that I had a particular reason for wishing to get on in life, and that I should feel very much obliged to her if she would impart all her learning to me. Biddy, who was the most obliging of girls, immediately said she would, and indeed began to carry out her promise within five minutes. The Educational scheme or Course established by Mr. Wopsle's great-aunt may be resolved into the following synopsis. The pupils ate apples and put straws down one another's backs, until Mr. Wopsle's great-aunt collected her energies, and made an indiscriminate totter at them with a birch-rod.",human,0.7521367521367521,7.75,0.3043478260869565,8.888739495798319,0.0,7.0,human,human,human,True,False
"It is frequently observed that men possess a natural inclination towards dominion, and that women, by their very nature, are more inclined to submission. Such pronouncements, however, conveniently overlook the extent to which these characteristics are *cultivated* rather than inherent. A young lady, from her earliest years, is taught to defer to male authority, to suppress her own opinions, and to prioritize the comfort and approval of others. Is it then surprising that she should exhibit a seeming lack of independence, or a reluctance to assert her own will? To deny her the opportunities for education and self-improvement, and then to condemn her for her perceived deficiencies, is a practice both unjust and profoundly shortsighted.",ai,0.7207207207207207,6.6,0.4814814814814814,14.209565217391305,0.0,12.0,ai,ai,ai,True,False
"The present age, it seems, is particularly afflicted by a surfeit of young ladies, all eager to enter the matrimonial state, and a corresponding scarcity of eligible gentlemen. This imbalance, naturally, leads to a heightened degree of competition, and a regrettable tendency amongst mothers to exaggerate the charms and accomplishments of their daughters. One cannot but observe the absurdity of these displays – the forced vivacity, the ostentatious accomplishments, the desperate attempts to attract attention. It is a spectacle which, whilst occasionally diverting, serves primarily to demonstrate the folly of placing undue emphasis upon external appearances and superficial accomplishments, rather than upon genuine worth and compatibility of temper.",ai,0.7450980392156863,7.75,0.4642857142857143,18.663060747663557,0.0,12.0,ai,ai,ai,True,False
"Isn't it curious how deeply ingrained expectations about “masculinity” and “femininity” often limit individual potential? Traditional gender roles, frequently presented as natural or inevitable, are in reality social constructs – frameworks built over time through cultural norms and reinforced by institutions. These roles dictate not just behaviors, like emotional expression or career choices, but also internal experiences, shaping self-perception and aspirations. The pressure to conform can be particularly damaging, leading to mental health challenges and stifled creativity. Challenging these constructs isn’t about erasing difference, but about liberating individuals to define themselves authentically, free from pre-determined paths. A society that values diverse expressions of self, regardless of gender, is demonstrably a more innovative and equitable one.",ai,0.8508771929824561,6.333333333333333,0.5294117647058824,17.904210526315797,0.0,10.0,ai,ai,ai,True,False
"Observably, a significant existential threat stems from the diminishing capacity for empathy and critical thinking. The echo chambers of social media, coupled with the constant bombardment of sensationalized news, actively discourage nuanced understanding and constructive dialogue. Algorithms prioritize engagement over accuracy, rewarding outrage and reinforcing existing biases. This creates a climate of tribalism, where opposing viewpoints are not simply disagreed with, but demonized. Consequently, our ability to address shared challenges – from climate change to global pandemics – is severely compromised. The erosion of our collective intelligence, our ability to reason and cooperate, represents a profound and largely unrecognized danger to the future of humanity.",ai,0.79,6.666666666666667,0.4827586206896552,16.996262135922333,0.0,9.0,ai,ai,ai,True,False
"Consider the elderly widow, quietly tending her garden, surrounded by memories but lacking daily companionship. Social isolation disproportionately affects vulnerable populations – the elderly, individuals with disabilities, and those experiencing chronic illness. Often, these individuals face systemic barriers to participation, including limited mobility, financial constraints, and a lack of accessible social programs. But the issue isn’t solely logistical. Societal attitudes towards aging and disability can contribute to feelings of invisibility and marginalization, further reinforcing isolation. Addressing this requires a multi-faceted approach: increased funding for community support services, initiatives to combat ageism and ableism, and a conscious effort to include these populations in everyday life.",ai,0.8217821782178217,6.833333333333333,0.5142857142857142,19.402087378640772,0.0,11.0,ai,ai,ai,True,False
"The persistent idea that gender dictates capability has significant economic consequences. Consider the wage gap, a stark illustration of how jobs historically associated with women are often undervalued, and consequently, underpaid. This isn’t simply a matter of equal pay for equal work; it’s about dismantling the systemic biases that steer individuals towards certain professions based on gender. Furthermore, limiting career choices based on gender reduces the talent pool available for innovation and economic growth. A truly equitable society recognizes and rewards skills and contributions regardless of who possesses them, unlocking a broader range of perspectives and driving progress across all sectors.",ai,0.8144329896907216,7.6,0.40625,16.93948514851485,1.0,5.0,ai,ai,ai,True,False
"“Did you observe, my dear?” inquired Mrs. Bennet, her voice pitched to carry across the room, “how remarkably indifferent Mr. Bingley appeared to Miss Darcy’s accomplishments? A most egregious oversight, I assure you! She plays the pianoforte with a precision that would shame a professional, and her needlework is beyond reproach.” One could not help but reflect, upon hearing such pronouncements, that the value placed upon accomplishments was often entirely disproportionate to their actual merit. To excel at embroidery, or to execute a sonata flawlessly, was considered a sufficient qualification for esteem, whilst qualities of kindness, understanding, and genuine intellectual curiosity were frequently overlooked. It is a curious inversion of values, and one which serves only to perpetuate a society founded upon artifice and display.",ai,0.8290598290598291,6.5,0.4,12.78215,0.0,13.0,ai,ai,ai,True,False
"It is a melancholy truth, and one which weighs heavily upon the discerning observer, that power frequently resides not in grand pronouncements or overt displays of force, but in the quiet erosion of self-respect. Old Man Hemlock, the parish beadle, possessed no wealth, no lineage of note, and yet commanded a fearful obedience from the inhabitants of St. Giles. His authority stemmed not from any inherent strength, but from the desperation of those beneath him – the paupers, the vagrants, the fallen women – who clung to the slender hope that his favour might secure them a crust of bread or a night’s shelter. A pitiful dominion, to be sure, but a dominion nonetheless, built upon the ruins of dignity and the quicksand of despair.",ai,0.7288135593220338,8.75,0.2727272727272727,14.917947154471545,0.0,13.0,ai,ai,ai,True,False
"Isn't it curious how easily we can be steered by appeals to our deepest insecurities? Psychological manipulation, at its core, isn’t about overt force, but a subtle erosion of self-perception. It thrives on creating a power imbalance, where the manipulator exploits vulnerabilities – a need for approval, fear of abandonment, or a desire for belonging – to control another’s behavior. This isn’t simply persuasion; it’s a deliberate tactic to undermine autonomy, often employing techniques like gaslighting, where reality is distorted to make the victim doubt their own sanity. The long-term effects can be devastating, leading to anxiety, depression, and a profound loss of trust, not just in others, but in one’s own judgment. Recognizing these patterns is the first, crucial step towards reclaiming personal agency.",ai,0.8235294117647058,8.0,0.3684210526315789,14.757845528455288,1.0,14.0,ai,ai,ai,True,False
"One cannot but observe, in the education of young ladies, a peculiar emphasis placed upon accomplishments, as though a proficiency in pianoforte and watercolour painting might compensate for a deficiency in judgement or understanding. Yet, is it not the parent’s duty to cultivate not merely the surface graces, but the very core of a rational mind? Lady Beatrice, a woman of considerable fortune and even more considerable opinion, believed implicitly in the power of strict discipline. Her daughters, though flawlessly polite and exquisitely dressed, possessed a certain… rigidity of spirit, a consequence, one suspects, of being constantly reminded of their mother’s expectations and the impropriety of independent thought. Such a system, while producing outwardly compliant young women, risks stifling the very qualities that might render them truly happy.",ai,0.775,7.6,0.4411764705882353,16.334625000000003,0.0,14.0,ai,ai,ai,True,False
"That they might have met without ill consequence is, perhaps, probable; but his regard did not appear to me enough extinguished for him to see her without some danger. Perhaps this concealment, this disguise, was beneath me. It is done, however, and it was done for the best. On this subject I have nothing more to say, no other apology to offer. If I have wounded your sister's feelings, it was unknowingly done; and though the motives which governed me may to you very naturally appear insufficient, I have not yet learnt to condemn them.--With respect to that other, more weighty accusation, of having injured Mr. Wickham, I can only refute it by laying before you the whole of his connection with my family.",human,0.7024793388429752,6.2,0.5333333333333333,9.01857142857143,2.0,12.0,human,human,human,True,False
"It came out that the whole of the back of the coach had been taken by a family removing from London, and that there were no places for the two prisoners but on the seat in front behind the coachman. Hereupon, a choleric gentleman, who had taken the fourth place on that seat, flew into a most violent passion, and said that it was a breach of contract to mix him up with such villainous company, and that it was poisonous, and pernicious, and infamous, and shameful, and I don't know what else. At this time the coach was ready and the coachman impatient, and we were all preparing to get up, and the prisoners had come over with their keeper, bringing with them that curious flavour of bread-poultice, baize, rope-yarn, and hearthstone, which attends the convict presence.",human,0.6666666666666666,8.666666666666666,0.3666666666666666,18.68188405797101,0.0,17.0,ai,human,human,False,False
"When she thought of her mother, indeed, her confidence gave way a little; but she would not allow that any objections there had material weight with Mr. Darcy, whose pride, she was convinced, would receive a deeper wound from the want of importance in his friend's connections than from their want of sense; and she was quite decided, at last, that he had been partly governed by this worst kind of pride, and partly by the wish of retaining Mr. Bingley for his sister. The agitation and tears which the subject occasioned brought on a headache; and it grew so much worse towards the evening that, added to her unwillingness to see Mr. Darcy, it determined her not to attend her cousins to Rosings, where they were engaged to drink tea.",human,0.703125,9.5,0.2,11.111969465648857,3.0,11.0,human,human,human,True,False
"They agreed that Mrs. Bennet should only hear of the departure of the family, without being alarmed on the score of the gentleman's conduct; but even this partial communication gave her a great deal of concern, and she bewailed it as exceedingly unlucky that the ladies should happen to go away just as they were all getting so intimate together. After lamenting it, however, at some length, she had the consolation of thinking that Mr. Bingley would be soon down again, and soon dining at Longbourn; and the conclusion of all was the comfortable declaration, that, though he had been invited only to a family dinner, she would take care to have two full courses.",human,0.7168141592920354,9.5,0.4117647058823529,13.989456521739132,2.0,9.0,human,human,human,True,False
"The weight of social expectations isn’t a recent phenomenon; throughout history, communities have established unwritten rules governing behavior. Consider the mid-20th century American ideal of the nuclear family – a breadwinning father and a stay-at-home mother – a construct heavily reinforced by media and cultural narratives. While seemingly benign, this expectation limited opportunities for women and placed immense pressure on men to fulfill a specific economic role. These expectations weren’t universally embraced, of course, and resistance movements emerged, challenging the status quo. The ongoing evolution of societal norms demonstrates that expectations are not immutable laws, but rather fluid constructs shaped by power dynamics, economic conditions, and evolving values. Understanding this historical context is crucial for critically evaluating present-day pressures.",ai,0.853448275862069,6.833333333333333,0.4285714285714285,17.53123931623932,1.0,8.0,ai,ai,ai,True,False
"Consider the long-term impact of parental emotional availability, or the lack thereof. A consistently responsive and attuned parent fosters a secure attachment style in their child, leading to greater emotional intelligence, healthier relationships, and a stronger sense of self-worth. Conversely, inconsistent or emotionally distant parenting can contribute to anxious-avoidant or disorganized attachment styles, potentially manifesting as difficulties with intimacy, trust, and emotional regulation in adulthood. These early relational experiences aren’t merely childhood memories; they become internalized working models that shape expectations and behaviors throughout life, influencing the very architecture of the brain.",ai,0.8369565217391305,7.5,0.6451612903225806,19.54521739130435,1.0,9.0,ai,ai,ai,True,False
"Historically, economic systems have consistently functioned as potent tools of social control. From feudalism, where land ownership dictated social status and power, to modern capitalism, where access to resources and employment shapes opportunities, economic structures profoundly influence individual behavior. The need to earn a livelihood, the fear of financial insecurity, and the pursuit of material wealth all serve as powerful motivators, often aligning individual goals with the broader demands of the economic system. This isn’t always a conscious manipulation; rather, it’s an inherent consequence of the way economic incentives are structured. The control isn’t necessarily direct, but it’s pervasive, shaping life choices and reinforcing existing social hierarchies.",ai,0.7523809523809524,7.6,0.5588235294117647,17.789644859813084,1.0,11.0,ai,ai,ai,True,False
"Observe, if you will, the language employed when discussing the “lower orders.” Not “citizens,” not “neighbours,” but “the dangerous classes,” “the deserving poor,” or, most damningly, “the refuse of society.” Such terminology is not merely descriptive; it is actively *constructive*, shaping perceptions and justifying indifference. To dehumanize a segment of the population, to deny them agency and dignity through the very words used to address them, is a subtle but potent form of oppression. It allows the comfortable to sleep soundly at night, secure in the belief that their good fortune is entirely deserved, and that the misfortunes of others are entirely their own fault – a convenient, and profoundly immoral, delusion.",ai,0.7314814814814815,6.0,0.6,13.904036036036036,1.0,15.0,ai,ai,ai,True,False
"I brought it to the table near the fire, and asked him what he would have? He touched one of the bottles without looking at it or speaking, and I made him some hot rum and water. I tried to keep my hand steady while I did so, but his look at me as he leaned back in his chair with the long draggled end of his neckerchief between his teeth evidently forgotten made my hand very difficult to master. When at last I put the glass to him, I saw with amazement that his eyes were full of tears.",human,0.723404255319149,5.75,0.375,8.674000000000003,0.0,4.0,human,human,human,True,False
"The air in the Ragged Schoolroom, thick with the scent of lye soap and damp wool, held a peculiar poignancy. Rows of small faces, smudged with grime and alight with a tentative hope, strained towards the teacher’s words, grasping at the promise of knowledge as a drowning man clutches at a rope. Yet, even within those walls, a shadow lingered – the knowledge, unspoken but keenly felt, that for many, this brief respite from the harsh realities of the streets would be fleeting. The lessons learned, the letters traced, the sums attempted, were but fragile shields against the inevitable return to a world of labour, want, and despair. It was a heartbreaking spectacle, this striving for betterment amidst such overwhelming odds, a testament to the enduring power of the human spirit, even when flickering at its faintest.",ai,0.765625,9.2,0.4473684210526316,12.544470588235296,0.0,18.0,ai,ai,ai,True,False
"To witness the Earl of Ashworth attempting to guide his youngest daughter, Miss Penelope, was to observe a study in futility. His Lordship, a man of considerable intellect and rigid propriety, approached the subject of her future with the precision of a military campaign. He outlined eligible matches, detailed the advantages of each connection, and expounded upon the necessity of securing a suitable establishment. Miss Penelope, however, regarded these pronouncements with a polite, yet unwavering, indifference. It was clear she possessed a spirit far too independent for such calculated arrangements, and one suspected her father’s efforts, however well-intentioned, would only serve to strengthen her resolve to choose a path entirely of her own devising – a prospect which filled His Lordship with visible consternation.",ai,0.7586206896551724,8.4,0.5384615384615384,15.973105691056915,0.0,13.0,ai,ai,ai,True,False
"The human tendency to compartmentalize – to push unpleasant truths to the periphery of consciousness – is particularly evident when it comes to our own mortality. We build systems, create legacies, and pursue ambitions, often as subconscious attempts to transcend the limitations of our finite lifespan. Yet, this avoidance isn’t necessarily pathological. It’s a coping mechanism, a way to function in a world where constant contemplation of death would be paralyzing. However, a complete denial can lead to a life lived on autopilot, devoid of intentionality. A healthy relationship with mortality involves acknowledging its inevitability without being consumed by it, allowing it to inform our choices rather than dictate our fears.",ai,0.8155339805825242,7.0,0.3846153846153846,14.878486238532115,0.0,8.0,ai,ai,ai,True,False
"“Opportunity is not equally distributed,” as the saying goes, and this uneven playing field is the core of class disparity. Consider the hidden costs of poverty: the inability to afford reliable transportation, leading to job loss; the stress of housing insecurity, impacting mental and physical health; the lack of access to financial literacy, perpetuating debt. These aren’t isolated incidents, but interconnected challenges that create a web of disadvantage. Furthermore, the narrative often focuses on ‘pulling oneself up by one’s bootstraps,’ ignoring the fact that many lack even the boots to begin with. Acknowledging these systemic obstacles is the first step towards creating a more just and equitable society, one where everyone has a genuine chance to succeed.",ai,0.7807017543859649,7.6,0.3333333333333333,15.925743589743591,2.0,9.0,ai,ai,ai,True,False
"You must give me leave to judge for myself, and pay me the compliment of believing what I say. I wish you very happy and very rich, and by refusing your hand, do all in my power to prevent your being otherwise. In making me the offer, you must have satisfied the delicacy of your feelings with regard to my family, and may take possession of Longbourn estate whenever it falls, without any self-reproach. This matter may be considered, therefore, as finally settled.” And rising as she thus spoke, she would have quitted the room, had not Mr. Collins thus addressed her,--",human,0.7425742574257426,5.4,0.1333333333333333,8.508627450980391,0.0,11.0,human,human,human,True,False
"The pursuit of wealth, that feverish and relentless ambition which grips so many hearts, frequently proves a most treacherous path to self-discovery, or rather, to its utter corruption. Mr. Bartholomew Grimshaw, a merchant of considerable, though ill-gotten, gains, believed himself to be a man of consequence, a pillar of society. Yet, his every thought, his every gesture, was dictated by the accumulation of further riches. He had, in essence, traded his soul for a ledger, his humanity for a column of figures. And what remained? A hollow shell, a creature consumed by avarice, utterly devoid of genuine connection or moral compass. A cautionary tale, indeed, of how the relentless pursuit of external validation can obliterate the inner self.",ai,0.7837837837837838,6.0,0.4545454545454545,11.884285714285715,0.0,19.0,ai,ai,ai,True,False
"“We inherit the earth from our ancestors, but borrow it from our children,” a sentiment often attributed to Native American wisdom, highlights a crucial, often overlooked aspect of parental influence: legacy. Parents aren’t simply shaping individuals; they’re contributing to a chain of values and beliefs that extend across generations. This influence isn’t limited to direct descendants, but ripples outwards through community and society. A parent who champions social justice, for example, instills not only a moral compass in their child, but also contributes to a broader cultural shift. Understanding this intergenerational responsibility can motivate parents to consciously cultivate qualities they wish to see perpetuated in the world, moving beyond personal desires to consider the long-term impact of their actions.",ai,0.808695652173913,7.2,0.3636363636363636,17.391159663865547,1.0,9.0,ai,ai,ai,True,False
"One might be tempted to believe that the chasm between rich and poor is simply a matter of differing fortunes, a natural consequence of individual merit and industry. But to entertain such a notion is to wilfully ignore the intricate web of circumstance, the inherited advantages, and the systemic barriers that conspire to perpetuate inequality. It is akin to admiring a magnificent rose whilst overlooking the festering compost heap from which it sprung. For every self-made man who rises through the ranks, there are a thousand others, equally deserving, whose potential is stifled by the weight of their origins. And until we acknowledge this fundamental truth, until we address the root causes of this injustice, we shall continue to witness a society fractured by resentment and despair, a society teetering on the brink of moral ruin.",ai,0.7461538461538462,8.0,0.3125,15.841529411764707,0.0,9.0,ai,ai,ai,True,False
"Imagine a classroom where students are consistently called upon based on perceived intelligence or eagerness, rather than a rotating system. This seemingly innocuous practice subtly reinforces existing power dynamics, privileging certain voices while silencing others. Students who are less confident or come from backgrounds where assertive participation isn’t encouraged may become disengaged, internalizing the message that their contributions are less valuable. The teacher, even unintentionally, becomes the gatekeeper of knowledge and opportunity. This illustrates how power operates not just through overt acts of control, but through subtle patterns of interaction. Creating a truly inclusive learning environment requires conscious effort to equalize participation, actively solicit diverse perspectives, and challenge implicit biases.",ai,0.8598130841121495,6.333333333333333,0.3870967741935484,16.87636363636364,0.0,8.0,ai,ai,ai,True,False
"Consider the impact of delayed marriage on overall relationship dynamics. The average age at first marriage has steadily increased over the past several decades, largely due to extended education and career pursuits. This postponement, while allowing individuals to establish themselves independently, can also alter expectations and priorities within a marriage. Couples entering into marriage later in life may be more established in their routines and less willing to compromise, potentially leading to increased conflict. Conversely, they may possess greater emotional maturity and financial stability, creating a more solid foundation for long-term commitment. The effects are nuanced and depend heavily on individual circumstances.",ai,0.8217821782178217,6.0,0.5185185185185185,15.21843137254902,0.0,6.0,ai,ai,ai,True,False
"A young lady, possessing a spirit too lively and a mind too inquisitive for the quietude of domestic life, finds herself in a most unfortunate predicament. To encourage such qualities is deemed improper, yet to suppress them entirely is to risk a discontent that may manifest in ways far less agreeable. Miss Darcy, for instance, though possessed of fortune and rank, appeared burdened by a sense of constraint, her natural reserve mistaken by many for pride. It is a common error, to judge a woman’s character solely by her outward demeanour, failing to recognize the internal struggles that may lie beneath a composed exterior. The true art, perhaps, lies not in moulding women to fit a predetermined ideal, but in allowing them the freedom to cultivate their own unique sensibilities, even if those sensibilities challenge the established order.",ai,0.78125,9.0,0.6071428571428571,14.92617391304348,0.0,13.0,ai,ai,ai,True,False
"But when the defence come on, then I see the plan plainer; for, says the counsellor for Compeyson, ‘My lord and gentlemen, here you has afore you, side by side, two persons as your eyes can separate wide; one, the younger, well brought up, who will be spoke to as such; one, the elder, ill brought up, who will be spoke to as such; one, the younger, seldom if ever seen in these here transactions, and only suspected; t'other, the elder, always seen in 'em and always wi' his guilt brought home. Can you doubt, if there is but one in it, which is the one, and, if there is two in it, which is much the worst one?'",human,0.576271186440678,7.0,0.5,21.69567226890757,5.0,22.0,human,human,human,True,False
"It is a truth universally acknowledged, that a single fortune, though never so modest, must be the object of every young woman of good family; yet, it is a circumstance too often overlooked that the possession of such a competence does not invariably confer an equal degree of discernment, or indeed, of genuine worth. Miss Penrose, for instance, lately returned from a season in London, possessed a very comfortable income, and a wardrobe which, though not excessively brilliant, was undeniably fashionable. However, her conversation consisted chiefly of detailing the cut of a ballgown, or the precise shade of ribbon favoured by Lady Bellingham, matters of such profound consequence as to render any discussion of literature or morality quite superfluous. One could not but suspect that her mind, like a carefully arranged bouquet, was pleasing to the eye, but utterly devoid of fragrance.",ai,0.7894736842105263,7.75,0.5172413793103449,18.697253521126765,1.0,18.0,ai,ai,human,False,True
"The influence of a father, though often less overtly displayed than that of the mother, is, in its way, no less potent. Mr. Harrington, a man of quiet reserve and scholarly pursuits, allowed his daughters a degree of freedom rarely afforded to young ladies of their station. He encouraged their reading, tolerated their opinions, and, crucially, refrained from dictating their affections. This, however, was not without its critics. Mrs. Grimshaw, a neighbour of a more conventional disposition, lamented Mr. Harrington’s leniency, predicting that his daughters would inevitably fall prey to unsuitable attachments. “A little control,” she declared, “is essential to prevent young ladies from indulging their whims.” Whether her prediction proves accurate remains to be seen, but one cannot help but wonder if a surfeit of control is not a greater danger still.",ai,0.76,7.0,0.3666666666666666,11.033599624060152,0.0,18.0,ai,ai,ai,True,False
"The recent elopement of Miss Selina Grey with a gentleman of decidedly inferior connections has occasioned much discussion in the neighbourhood, and serves, perhaps, as a cautionary tale regarding the delicate balance between parental guidance and youthful independence. It is easy, of course, to condemn Miss Grey’s impetuosity, and to attribute her folly to a want of proper supervision. However, one cannot entirely dismiss the possibility that a more lenient, more understanding approach from her mother might have fostered a confidence and openness which would have allowed her to confide her affections, and thus avoid the necessity of such a desperate measure. For a parent’s duty extends beyond the mere prevention of imprudence; it encompasses the creation of a relationship built on trust and mutual respect, a haven where a daughter might safely reveal her heart.",ai,0.7619047619047619,8.75,0.4117647058823529,18.667058823529413,1.0,10.0,ai,ai,ai,True,False
"There was no gainsaying this difficulty, and we relinquished all thoughts of pursuing Orlick at that time. For the present, under the circumstances, we deemed it prudent to make rather light of the matter to Trabb's boy; who, I am convinced, would have been much affected by disappointment, if he had known that his intervention saved me from the limekiln. Not that Trabb's boy was of a malignant nature, but that he had too much spare vivacity, and that it was in his constitution to want variety and excitement at anybody's expense. When we parted, I presented him with two guineas (which seemed to meet his views), and told him that I was sorry ever to have had an ill opinion of him (which made no impression on him at all).",human,0.6771653543307087,8.25,0.2727272727272727,14.297003816793891,1.0,10.0,human,human,human,True,False
"Mr. Pumblechook's premises in the High Street of the market town, were of a peppercorny and farinaceous character, as the premises of a cornchandler and seedsman should be. It appeared to me that he must be a very happy man indeed, to have so many little drawers in his shop; and I wondered when I peeped into one or two on the lower tiers, and saw the tied-up brown paper packets inside, whether the flower-seeds and bulbs ever wanted of a fine day to break out of those jails, and bloom. It was in the early morning after my arrival that I entertained this speculation.",human,0.77,7.0,0.4090909090909091,14.692380952380956,1.0,6.0,ai,human,human,False,False
"Is it possible to feel utterly alone even within a crowd? Social isolation isn’t simply about physical distance; it’s a subjective experience of disconnection, a perceived lack of meaningful relationships and belonging. This feeling can stem from various sources – relocation, job loss, the ending of a significant relationship, or even a gradual drifting apart from established networks. The consequences extend beyond emotional distress, impacting physical health through increased cortisol levels and weakened immune function. Crucially, it’s not the *quantity* of interactions that matters, but the *quality*. Superficial engagements offer little solace against the ache of genuine loneliness, highlighting the human need for reciprocal care and understanding. Recognizing this distinction is the first step towards addressing the pervasive issue of modern isolation.",ai,0.8103448275862069,6.714285714285714,0.5526315789473685,14.8489492325856,1.0,8.0,ai,ai,ai,True,False
"The workhouse, a grim monument to societal failings, presents a particularly stark illustration of this affliction. Not merely the deprivation of comfort, nor the indignity of enforced labour, but the systematic dismantling of identity that constitutes its true horror. Each inmate, stripped of name and history, reduced to a number, exists in a state of utter disconnection. They eat in silence, labour in silence, sleep in silence – a chorus of the forgotten, their individual sorrows merging into a single, overwhelming lament. The very architecture of the place, with its long, echoing corridors and barren cells, seems designed to foster a sense of alienation, to crush the spirit and extinguish the last embers of hope. It is a deliberate, calculated isolation, a punishment not merely for poverty, but for existing outside the bounds of respectable society.",ai,0.7222222222222222,6.333333333333333,0.4102564102564102,14.599814814814817,0.0,18.0,ai,ai,ai,True,False
"The chilling paradox of an existential threat lies in its often-invisible nature until it’s almost too late. Unlike a visible enemy, climate change operates on timescales that dwarf human perception, its consequences unfolding gradually, yet relentlessly. It’s not a sudden explosion, but a creeping fever, altering ecosystems, displacing populations, and destabilizing global systems. The danger isn’t solely in rising sea levels or extreme weather events, but in the cascading effects – resource scarcity, mass migration, political instability – that amplify existing vulnerabilities. This slow-motion crisis demands a fundamental shift in perspective, moving beyond short-term economic gains to prioritize long-term planetary health, a challenge that requires unprecedented international cooperation and a willingness to confront uncomfortable truths about our consumption-driven lifestyles.",ai,0.8879310344827587,7.4,0.4878048780487805,19.45565811965812,0.0,12.0,ai,ai,ai,True,False
"Consider the impact of trauma on identity formation. While adversity can certainly be a catalyst for growth, profound experiences of pain or loss can fracture a person’s sense of self. The narrative we construct about our lives, and our place within it, is fundamentally altered. Rebuilding an identity after trauma isn’t simply a matter of returning to a pre-existing state; it requires a careful and often painful process of re-evaluation and reconstruction. This may involve challenging deeply held beliefs, redefining personal boundaries, and forging new connections with the world. It highlights the fragility of the self and the resilience required to integrate difficult experiences into a coherent sense of identity.",ai,0.7547169811320755,7.166666666666667,0.2857142857142857,14.30181818181818,1.0,5.0,ai,ai,ai,True,False
"The accelerating pace of technological advancement, while offering incredible benefits, presents a unique existential threat often overlooked in broader discussions. It’s not simply the fear of artificial intelligence surpassing human intelligence, though that’s a valid concern. Rather, it’s the potential for technology to fundamentally alter what it *means* to be human. As we increasingly outsource cognitive functions to algorithms, and as virtual realities become indistinguishable from the physical world, we risk losing touch with essential aspects of our experience – embodied knowledge, genuine connection, and the capacity for independent thought. This isn’t a question of machines taking over, but of us willingly relinquishing the qualities that define our humanity in exchange for convenience and simulated fulfillment.",ai,0.7857142857142857,7.6,0.5666666666666667,17.903478260869566,0.0,9.0,ai,ai,ai,True,False
"The chilling paradox of an existential threat lies in its often subtle beginnings. Frequently, it doesn’t announce itself with dramatic fanfare, but rather manifests as a gradual shift in underlying conditions – a slow creep of instability. Climate change, for example, isn’t a single catastrophic event, but a cascade of interconnected crises: resource scarcity, mass migration, extreme weather, and ecological collapse. Each individual event might be manageable, but their combined effect threatens to overwhelm adaptive capacity, potentially destabilizing global systems and triggering widespread conflict. This isn’t about the end of the world in a fiery apocalypse; it’s about the unraveling of the complex web of dependencies that sustain modern civilization, leading to a protracted period of decline and suffering.",ai,0.8125,7.0,0.5263157894736842,17.314000000000004,1.0,11.0,ai,ai,ai,True,False
"“Marry your best friend,” the adage goes, but what happens when friendships themselves are increasingly transient? The fluidity of modern relationships – the ease with which connections are formed and dissolved through social media – impacts how we approach potential long-term partnerships. Individuals may hesitate to fully invest in a romantic connection, fearing the potential for loss or the disruption of their social networks. This creates a paradox: a desire for deep connection coupled with a reluctance to fully commit. Marriage prospects are thus often weighed against the perceived risk of vulnerability and the potential for future regret. The emphasis on maintaining a wide social circle can inadvertently hinder the development of the intense, focused intimacy required for a successful marriage.",ai,0.7631578947368421,7.666666666666667,0.4838709677419355,13.66264705882353,0.0,4.0,ai,ai,ai,True,False
"One might be tempted to believe that the grand institutions of our nation – the schools, the churches, the very Parliament itself – exist for the betterment of mankind, yet a closer inspection reveals a more calculating design. Consider the education imparted to the children of the working classes: not a fostering of critical thought, nor an encouragement of ambition, but a rote learning of obedience, a preparation for the unquestioning acceptance of their station. They are taught to read, yes, but to read only what is deemed suitable, to contemplate only what is permitted. And the sermons preached from the pulpits, however eloquent, often serve to reinforce the existing order, to remind the poor of their duties and the rich of their privileges. Thus, control is achieved not through brute force, but through the shaping of minds, the cultivation of a docile citizenry.",ai,0.6764705882352942,7.6,0.3548387096774194,14.76487323943662,0.0,15.0,ai,ai,ai,True,False
"The workhouse, a grim and forbidding edifice, stood as a stark reminder of the precariousness of existence, a monument to the indifference of fate. Within its walls, the aged and infirm, the orphaned and destitute, huddled together, stripped of dignity and hope, their lives reduced to a monotonous cycle of toil and privation. But the true horror, it seemed to me, observing the gaunt faces pressed against the barred windows, was not merely the physical suffering, but the utter lack of agency, the complete surrender to circumstance. To be reduced to a mere object of charity, to have one’s fate determined by the whims of a parish beadle, was to experience a kind of living death, a slow erosion of the self. The existential threat, therefore, resided not in poverty itself, but in the annihilation of the human spirit.",ai,0.6717557251908397,7.8,0.4054054054054054,14.098043165467626,0.0,19.0,ai,ai,ai,True,False
"Mrs. Featherstonehaugh, a woman whose pronouncements on the subject of eligible connections were considered law within her circle, declared with a sniff that “it is not merely *having* money, my dear, but *knowing* what to do with it.” This sentiment, though delivered with characteristic bluntness, contained a kernel of profound truth. The merely wealthy, those who had acquired their fortunes through trade or colonial enterprise, were often viewed with a suspicion bordering on contempt by the landed gentry. Their manners, their tastes, their very understanding of propriety were deemed deficient, lacking the refinement born of generations spent in the pursuit of leisure and the cultivation of the arts. To marry into such a family, however advantageous financially, risked a dilution of one’s own social capital, a descent into vulgarity from which recovery might prove impossible.",ai,0.8046875,8.6,0.3142857142857143,15.480740740740742,0.0,14.0,ai,ai,ai,True,False
"This was the only retort except glass or crockery that the heavy creature was capable of making; but, I became as highly incensed by it as if it had been barbed with wit, and I immediately rose in my place and said that I could not but regard it as being like the honourable Finch's impudence to come down to that Grove, we always talked about coming down to that Grove, as a neat Parliamentary turn of expression, down to that Grove, proposing a lady of whom he knew nothing. Mr. Drummle, upon this, starting up, demanded what I meant by that?",human,0.7291666666666666,9.0,0.6,20.843137254901965,1.0,9.0,human,human,human,True,False
"It's stewed up together, and taken hot, and it's a nice thing for the gout, I should think!” There was something so natural and winning in Clara's resigned way of looking at these stores in detail, as Herbert pointed them out; and something so confiding, loving, and innocent in her modest manner of yielding herself to Herbert's embracing arm; and something so gentle in her, so much needing protection on Mill Pond Bank, by Chinks's Basin, and the Old Green Copper Rope-walk, with Old Barley growling in the beam, that I would not have undone the engagement between her and Herbert for all the money in the pocket-book I had never opened.",human,0.7272727272727273,10.0,0.6153846153846154,22.896428571428576,2.0,11.0,human,human,human,True,False
"Considering the current social landscape, the pursuit of a life partner often feels less like a romantic quest and more like navigating a complex algorithm. Dating apps, while offering unprecedented access to potential matches, simultaneously commodify individuals, reducing them to profiles judged on curated images and brief biographies. This creates a paradox of choice, where endless options can lead to analysis paralysis and a reluctance to commit, fostering a culture of ‘keeping options open’ rather than actively building a shared future. The emphasis on superficial qualities, driven by visual platforms, can overshadow deeper compatibility factors like shared values, emotional intelligence, and long-term goals. Ultimately, successful marital prospects now require not just finding someone appealing, but also discerning genuine connection amidst the noise.",ai,0.853448275862069,8.8,0.5,18.00960655737705,0.0,12.0,ai,ai,ai,True,False
"I would not have listened for more, if I could have heard more; so I drew away from the window, and sat down in my one chair by the bedside, feeling it very sorrowful and strange that this first night of my bright fortunes should be the loneliest I had ever known. Looking towards the open window, I saw light wreaths from Joe's pipe floating there, and I fancied it was like a blessing from Joe, not obtruded on me or paraded before me, but pervading the air we shared together. I put my light out, and crept into bed; and it was an uneasy bed now, and I never slept the old sound sleep in it any more.",human,0.7454545454545455,7.0,0.625,14.853109243697478,2.0,9.0,human,human,human,True,False
"The concept of a “safe space” has gained traction in recent years, and rightly so, because it directly addresses the inherent vulnerability of childhood. Before abstract reasoning fully develops, children are remarkably susceptible to environmental stressors. Trauma, even seemingly minor incidents, can become deeply ingrained, altering neurological pathways and impacting future emotional regulation. This isn’t to suggest overprotection, but rather a recognition that children require consistent, nurturing relationships and predictable environments to thrive. A lack of these foundational elements doesn’t necessarily result in overt pathology, but can manifest as subtle difficulties with self-esteem, attachment, or impulse control later in life. Prioritizing emotional safety isn’t coddling; it’s providing the necessary conditions for healthy brain development.",ai,0.8571428571428571,6.333333333333333,0.625,17.904210526315797,1.0,11.0,ai,ai,ai,True,False
"I consumed the whole time in thinking how strange it was that I should be encompassed by all this taint of prison and crime; that, in my childhood out on our lonely marshes on a winter evening, I should have first encountered it; that, it should have reappeared on two occasions, starting out like a stain that was faded but not gone; that, it should in this new way pervade my fortune and advancement. While my mind was thus engaged, I thought of the beautiful young Estella, proud and refined, coming towards me, and I thought with absolute abhorrence of the contrast between the jail and her.",human,0.69,11.0,0.5294117647058824,21.1553738317757,3.0,9.0,human,human,human,True,False
"“Power tends to corrupt, and absolute power corrupts absolutely,” Lord Acton famously observed, and while a dramatic statement, it highlights a critical psychological component of power dynamics. Holding power, even temporarily, can alter cognitive processes, increasing confidence and decreasing empathy. Individuals in positions of authority may begin to overestimate their own abilities and underestimate the perspectives of others, leading to flawed decision-making and a disconnect from the realities faced by those they govern or lead. This isn’t inherent malice, but a predictable consequence of the psychological effects of influence. Mitigating this requires intentional self-reflection, actively seeking diverse feedback, and establishing robust checks and balances to prevent unchecked authority.",ai,0.8018867924528302,7.0,0.4838709677419355,18.50992592592593,0.0,11.0,ai,ai,ai,True,False
"It was an union that must have been to the advantage of both: by her ease and liveliness, his mind might have been softened, his manners improved; and from his judgment, information, and knowledge of the world, she must have received benefit of greater importance. But no such happy marriage could now teach the admiring multitude what connubial felicity really was. An union of a different tendency, and precluding the possibility of the other, was soon to be formed in their family. How Wickham and Lydia were to be supported in tolerable independence she could not imagine. But how little of permanent happiness could belong to a couple who were only brought together because their passions were stronger than their virtue, she could easily conjecture.",human,0.6829268292682927,7.4,0.4166666666666667,13.134400000000005,1.0,8.0,human,human,ai,False,True
"Lady Catherine continued her remarks on Elizabeth's performance, mixing with them many instructions on execution and taste. Elizabeth received them with all the forbearance of civility; and at the request of the gentlemen remained at the instrument till her Ladyship's carriage was ready to take them all home. Elizabeth was sitting by herself the next morning, and writing to Jane, while Mrs. Collins and Maria were gone on business into the village, when she was startled by a ring at the door, the certain signal of a visitor. As she had heard no carriage, she thought it not unlikely to be Lady Catherine; and under that apprehension was putting away her half-finished letter, that she might escape all impertinent questions, when the door opened, and to her very great surprise Mr. Darcy, and Mr. Darcy only, entered the room.",human,0.644927536231884,7.75,0.3333333333333333,11.085220966084275,2.0,11.0,human,human,human,True,False
"As that was the case, neither Jane, to whom I related the whole, nor I, thought it necessary to make our knowledge public; for of what use could it apparently be to anyone, that the good opinion, which all the neighbourhood had of him, should then be overthrown? And even when it was settled that Lydia should go with Mrs. Forster, the necessity of opening her eyes to his character never occurred to me. That she could be in any danger from the deception never entered my head. That such a consequence as this should ensue, you may easily believe was far enough from my thoughts.”",human,0.7281553398058253,6.5,0.2142857142857142,9.821396226415096,1.0,9.0,human,human,human,True,False
"It is a truth universally acknowledged, that a young lady’s prospects are seldom wholly her own directing; and though romantic inclinations may occasionally prevail, the judicious parent will ever consider the establishment of her daughter as a matter of some consequence, demanding a cool and calculating mind. Mrs. Featherstonehaugh, for instance, possessed precisely this quality, viewing her eldest, Miss Araminta, not as a being of sensibility and hope, but as a potential alliance with the respectable, if somewhat dull, family of the Sir Reginald Blounts. Araminta’s quiet preference for the penniless, yet undeniably charming, Mr. Everly was dismissed with a pointed observation regarding the necessity of ‘worldly provision,’ a phrase which, though lacking in poetic flourish, held an undeniable weight in the Featherstonehaugh household. Such pragmatism, while perhaps unfeeling, was deemed essential to navigating the complexities of their social sphere.",ai,0.8106060606060606,8.5,0.6,17.750000000000004,1.0,18.0,ai,ai,ai,True,False
"The assembly rooms at Meryton, though frequently the scene of much gaiety, offered, upon closer inspection, a rather disheartening spectacle of human vanity. Not that a degree of self-regard is wholly reprehensible; indeed, a modest confidence is essential to the proper conduct of life. But the eagerness with which young ladies catalogued each other’s gowns, and the breathless anticipation of a single approving glance from a gentleman of consequence, betrayed a shallowness of spirit that bordered on the ridiculous. Mrs. Philips, ever the keen observer of social currents, remarked to her daughters, with a knowing wink, that “a fine bonnet is half a husband already!” A sentiment, though uttered in jest, which spoke volumes regarding the prevailing standards of female worth within the neighbourhood.",ai,0.7913043478260869,7.8,0.5,14.44651612903226,1.0,13.0,ai,ai,human,False,True
