text,label
"Exercise plays a crucial role in supporting mental health by reducing symptoms of anxiety, depression, and stress while boosting overall emotional well-being. Physical activity stimulates the release of endorphins and other brain chemicals that enhance mood and promote feelings of relaxation and happiness. Regular exercise also helps improve sleep, sharpen memory, and increase self-confidence, creating a positive cycle that benefits both the body and mind. Beyond the biological effects, engaging in exercise can provide a sense of accomplishment, structure to the day, and opportunities for social interaction, all of which are important for maintaining a healthy mental state.",1
"Renewable energy helps fight climate change by reducing the amount of greenhouse gases released into the atmosphere. Unlike fossil fuels, sources like solar, wind, and hydroelectric power generate electricity without producing carbon dioxide or other harmful emissions. By replacing coal, oil, and natural gas with clean energy, we can significantly lower the buildup of heat-trapping gases that contribute to global warming. Additionally, renewable energy is sustainable and abundant, making it a key solution for meeting growing energy demands without further damaging the environment. Transitioning to renewable sources not only helps protect the planet but also supports healthier ecosystems and communities for future generations.",1
"A futuristic smart city is a vibrant, interconnected environment where technology seamlessly enhances every aspect of daily life. Streets are lined with self-driving electric vehicles that communicate with intelligent traffic systems to eliminate congestion and reduce pollution. Buildings are powered by renewable energy, equipped with adaptive materials that regulate temperature and optimize energy use. Residents interact with the city through augmented reality interfaces, accessing real-time information about transportation, events, and services with a simple gesture or voice command. Public spaces are green and self-sustaining, using smart irrigation and vertical gardens to promote biodiversity. In this city, data-driven solutions ensure safety, efficiency, and a high quality of life, creating a sustainable and inclusive community for all.",1
"Healthy eating habits are especially important for teenagers, as their bodies and minds are still growing and developing. A balanced diet that includes plenty of fruits, vegetables, whole grains, lean proteins, and healthy fats provides the essential nutrients needed for energy, focus, and overall health. Teens should aim to eat regular meals and snacks to maintain stable blood sugar levels and avoid skipping meals, which can lead to overeating later. Staying hydrated with water instead of sugary drinks is also key. Learning to listen to hunger cues, practicing portion control, and limiting processed foods high in sugar, salt, and unhealthy fats can help establish positive habits that last into adulthood. Healthy eating not only supports physical health but also boosts mood, academic performance, and self-confidence.",1
"Machine learning is transforming healthcare by enabling faster, more accurate diagnoses, personalized treatments, and improved patient outcomes. By analyzing large volumes of medical data, machine learning algorithms can detect patterns that may be missed by human eyes, helping doctors identify diseases such as cancer, diabetes, and heart conditions at earlier stages. It also supports the development of personalized medicine, where treatments are tailored to an individuals' genetic makeup and health history. In addition, machine learning improves hospital operations by predicting patient admissions, optimizing resource allocation, and reducing costs. As technology continues to advance, machine learning holds the promise of making healthcare more efficient, precise, and accessible to people around the world.",1
"Blockchain technology is a decentralized digital system that securely records and verifies transactions across a network of computers. Instead of relying on a single central authority, blockchain distributes information across many participants, making it transparent, tamper-resistant, and highly secure. Each transaction is grouped into a ""block,"" linked to previous blocks in a chronological ""chain,"" and protected using cryptographic techniques. This structure ensures that once data is added, it cannot be altered without consensus from the network. Originally developed to support cryptocurrencies like Bitcoin, blockchain technology is now being applied in many fields, including finance, supply chain management, and healthcare, to enhance trust, transparency, and efficiency.",1
"Reinforcement learning is a type of artificial intelligence where an agent learns how to make decisions by interacting with an environment and receiving feedback through rewards or penalties. The agent’s goal is to maximize the total reward over time by trying different actions and learning from the outcomes. Unlike supervised learning, where the model learns from a fixed dataset, reinforcement learning involves trial and error, allowing the agent to adapt its behavior based on experience. This approach is inspired by the way humans and animals learn and has been successfully used in areas like robotics, game playing, and autonomous vehicles, where dynamic decision-making is crucial.",1
"The rapid development of artificial intelligence (AI) has raised important ethical issues that society must address. Concerns include bias and discrimination in AI algorithms, which can reinforce social inequalities if not properly managed. Privacy is another major issue, as AI systems often collect and analyze vast amounts of personal data. There are also fears about job displacement, with automation threatening to replace human workers in many industries. Additionally, questions about accountability arise when AI systems make decisions that impact people's lives, such as in healthcare, finance, or criminal justice. Ensuring transparency, fairness, and responsible use of AI technologies is crucial to protecting human rights and maintaining public trust as AI becomes more integrated into everyday life.",1
"Self-driving cars make decisions by combining data from sensors, cameras, radar, and lidar to understand their surroundings and navigate safely. These vehicles use advanced algorithms, including machine learning and deep learning models, to interpret the environment—identifying objects like pedestrians, other vehicles, road signs, and lane markings. Based on this real-time information, the car’s onboard system predicts the behavior of nearby objects and plans its next actions, such as when to change lanes, brake, or accelerate. The decision-making process balances multiple factors, including safety, efficiency, and traffic laws, allowing the car to respond quickly and appropriately to complex driving situations. Through continuous learning and updates, self-driving cars are becoming increasingly capable of handling diverse and unpredictable road conditions.",1
"Using AI in education offers many benefits, such as personalized learning experiences, quicker feedback, and improved accessibility for students with diverse needs. AI can tailor lessons to match individual learning styles and paces, helping students master concepts more effectively. It also assists teachers by automating administrative tasks like grading and tracking progress, allowing more time for direct interaction with students. However, there are risks as well, including concerns about data privacy, algorithmic bias, and the potential for reduced human connection in the classroom. Overreliance on AI tools might also limit critical thinking skills if not carefully managed. Balancing innovation with thoughtful oversight is key to ensuring that AI enhances education without compromising its quality or equity.",1
"A cozy winter evening at a cabin in the woods feels like stepping into a peaceful, storybook scene. Snow gently falls outside, blanketing the trees in soft white while the cabin glows warmly from within. Inside, a crackling fire in the stone fireplace fills the room with heat and the comforting scent of burning wood. Thick blankets and plush armchairs invite you to curl up with a good book or a steaming mug of hot chocolate. The only sounds are the occasional pop of the fire and the whisper of the wind against the windows. Surrounded by natures quiet beauty and the simple comforts of the cabin, the evening feels calm, timeless, and deeply restful.",1
"The first human colony on Mars is a breathtaking testament to human ingenuity and resilience. Nestled inside a series of interconnected domes, the settlement bustles with life, protected from the harsh, dusty environment outside. Solar panels stretch across the red landscape, powering homes, laboratories, and greenhouses where fresh food grows under artificial lights. Scientists, engineers, and explorers work together to study the planet’s secrets, develop new technologies, and build a self-sustaining community. Communication towers link the colony to Earth, though messages take minutes to arrive. Every sunrise over the Martian horizon reminds the colonists that they are pioneers on a new world, forging a future for humanity among the stars.",1
"After days of trekking through dense jungle and scaling rocky cliffs, the traveler stumbled upon the entrance to an ancient hidden city, long forgotten by time. Vines draped over towering stone gates carved with mysterious symbols, and crumbling temples peeked through the thick canopy. As the traveler stepped cautiously into the abandoned streets, the air felt heavy with history, every corner whispering stories of a civilization lost to the ages. Ornate statues and faded murals hinted at a once-thriving culture rich in art, science, and spirituality. The discovery filled the traveler with awe and excitement, knowing they had uncovered a place where the past still lived, waiting to reveal its secrets.",1
"A world without the internet would feel slower, quieter, and more grounded, but also more disconnected in many ways. Information would spread through newspapers, books, and word of mouth, making learning and communication a more deliberate and time-consuming process. People would rely heavily on face-to-face interactions, handwritten letters, and landline phones to stay in touch, fostering deeper, more personal connections but limiting global reach. Entertainment would center around physical media like television, radio, and print, and shopping would mean visiting local stores instead of clicking a button. While life might feel simpler and less overwhelming, the absence of instant access to knowledge, services, and diverse communities would create a profound sense of isolation compared to the hyper-connected world we know today.",1
"Tucked away behind towering skyscrapers and bustling streets, the secret garden feels like a hidden oasis in the heart of the busy city. Accessible only through a narrow, ivy-covered gate, the garden bursts into view with colorful flowers, winding stone paths, and the soft sound of trickling fountains. Ancient trees form a canopy overhead, muffling the distant noise of traffic and creating a peaceful, almost magical atmosphere. Birds flit among the branches, and butterflies dance above patches of wild herbs and blooming roses. For those lucky enough to find it, the secret garden offers a rare escape—a place where time seems to slow down and the chaos of the city fades into a distant memory.",1
"Exercise offers a natural remedy for stress by promoting the release of endorphins, which act as mood elevators and stress reducers.",1
Renewable energy sources like wind and solar power are vital for reducing greenhouse gas emissions and combating climate change.,1
"A futuristic smart city integrates green spaces, automated transportation, and AI-driven public services to enhance quality of life.",1
Healthy eating habits involve consuming a variety of nutrient-rich foods to maintain optimal physical and mental well-being.,1
"Machine learning models are capable of detecting anomalies in medical imaging, leading to earlier diagnoses and improved patient outcomes.",1
Blockchain technology provides a secure and transparent method for recording transactions without relying on centralized authorities.,1
Reinforcement learning allows AI systems to learn optimal actions through trial-and-error interactions with their environments.,1
"The rapid development of AI necessitates a thorough examination of ethical issues such as bias, transparency, and accountability.",1
"Self-driving cars utilize LIDAR, radar, and advanced algorithms to perceive their surroundings and make real-time driving decisions.",1
"Using AI in education can personalize learning pathways, adapting content and pacing to individual student needs.",1
"Regular exercise improves cardiovascular health, strengthens muscles, and boosts endurance, contributing to overall fitness.",1
"Solar panels convert sunlight into electricity, offering a sustainable alternative to fossil fuels for energy generation.",1
"Smart cities use data analytics to optimize traffic flow, reduce energy consumption, and improve residents' quality of life.",1
"A balanced diet includes fruits, vegetables, lean proteins, and whole grains to support bodily functions and prevent disease.",1
"Artificial intelligence enhances the accuracy of diagnostic tools, leading to faster and more reliable medical assessments.",1
Decentralized finance platforms use blockchain to provide financial services without traditional banks or intermediaries.,1
Deep reinforcement learning algorithms have been successful in mastering complex tasks like playing Go and controlling robots.,1
"Addressing ethical concerns in AI requires diverse datasets, transparent algorithms, and human oversight mechanisms.",1
Autonomous vehicles are programmed to interpret sensory data and make split-second decisions to ensure passenger safety.,1
Adaptive learning technologies adjust educational content based on student performance to maximize learning outcomes.,1
Cardiovascular exercises like running and cycling strengthen the heart and improve lung capacity.,1
Wind energy harnesses the kinetic energy of moving air to generate electricity in an environmentally friendly manner.,1
Smart grids intelligently manage electricity distribution to enhance efficiency and reduce blackouts.,1
"Nutritional guidelines recommend limiting saturated fats and added sugars while emphasizing fruits, vegetables, and whole grains.",1
AI-driven tools assist radiologists in identifying tumors and other abnormalities with greater precision.,1
Supply chain management systems using blockchain technology can enhance transparency and traceability of goods.,1
Reinforcement learning agents are trained using rewards and penalties to encourage desired behaviors.,1
"Ethical AI frameworks emphasize fairness, accountability, and transparency in machine learning systems.",1
Sensor fusion in autonomous vehicles combines data from multiple sources to build a comprehensive view of the environment.,1
EdTech platforms leverage AI to create personalized study plans tailored to individual learning styles.,1
"Strength training exercises build muscle mass, improve bone density, and support metabolic health.",1
Hydropower uses the flow of water to produce renewable electricity with minimal carbon emissions.,1
"Smart city initiatives aim to improve urban living conditions through technology, sustainability, and efficiency.",1
Dietary fiber intake is associated with better digestive health and lower risk of chronic diseases.,1
"Natural language processing enables machines to understand, interpret, and generate human language.",1
Blockchain-based voting systems offer enhanced security and transparency compared to traditional voting methods.,1
Policy gradient methods in reinforcement learning optimize policies by directly estimating gradients.,1
"AI bias can emerge when training data reflects historical inequalities, necessitating careful dataset curation.",1
Advanced driver-assistance systems (ADAS) provide features like lane-keeping assistance and adaptive cruise control.,1
Intelligent tutoring systems dynamically adjust questions and explanations based on student responses.,1
Moderate-intensity aerobic activities like brisk walking are beneficial for maintaining heart health.,1
Geothermal energy utilizes heat from the Earth's core as a sustainable power source.,1
"Urban planning in smart cities focuses on walkability, energy efficiency, and digital infrastructure.",1
A well-balanced diet is essential for maintaining healthy body weight and preventing metabolic disorders.,1
Computer vision techniques allow machines to interpret visual information from images and videos.,1
Blockchain networks achieve consensus through mechanisms like Proof of Work or Proof of Stake.,1
Inverse reinforcement learning seeks to infer the reward function given observed behavior.,1
Ensuring fairness in AI systems requires rigorous evaluation across demographic groups.,1
Path planning algorithms enable self-driving cars to navigate efficiently and avoid obstacles.,1
Learning analytics platforms provide educators with actionable insights based on student data.,1
Aerobic exercises increase the efficiency of the cardiovascular system and enhance oxygen transport throughout the body.,1
"Solar farms capture sunlight over large areas to generate clean, renewable electricity for residential and industrial use.",1
Internet of Things (IoT) devices in smart cities collect real-time data to optimize resource usage and service delivery.,1
Consuming a variety of colorful fruits and vegetables ensures a broad spectrum of essential vitamins and minerals.,1
Artificial neural networks mimic the structure of biological brains to perform pattern recognition and decision-making tasks.,1
Public blockchains like Bitcoin allow anyone to participate in transaction validation and ledger maintenance.,1
Model-free reinforcement learning algorithms learn directly from experience without building an internal model of the environment.,1
Mitigating bias in AI systems involves using diverse training data and implementing fairness-aware algorithms.,1
"Computer vision systems detect lane markings, pedestrians, and traffic signs to aid autonomous navigation.",1
AI-powered adaptive learning platforms can automatically recommend resources that target students' specific knowledge gaps.,1
"Strength training stimulates muscle hypertrophy, enhances bone density, and boosts metabolic rates.",1
"Offshore wind farms take advantage of stronger, more consistent winds over the ocean to generate electricity.",1
"Urban mobility solutions include autonomous shuttle services, shared electric scooters, and intelligent traffic management.",1
"Maintaining adequate hydration levels supports cognitive function, physical endurance, and thermoregulation.",1
Speech recognition systems convert spoken language into text using deep learning models trained on vast datasets.,1
"Permissioned blockchains restrict access to participants with verified identities, improving security and privacy.",1
Multi-agent reinforcement learning involves training multiple agents that interact with one another within an environment.,1
Transparency reports from AI developers can help increase public trust by disclosing model capabilities and limitations.,1
Sensor fusion techniques allow autonomous vehicles to create robust environmental models by integrating multi-modal data.,1
Learning management systems (LMS) use analytics to identify at-risk students and suggest personalized interventions.,1
"Yoga improves flexibility, balance, and mental clarity while promoting relaxation and stress reduction.",1
Bioenergy involves converting organic materials such as plant matter and waste into usable energy.,1
Smart water management systems in cities help detect leaks and optimize water distribution networks.,1
"Micronutrients like iron, zinc, and vitamin C are critical for maintaining immune function and overall health.",1
"Generative Adversarial Networks (GANs) are used to synthesize realistic images, audio, and even video content.",1
Private blockchains offer enhanced control and privacy for enterprise applications compared to public blockchain systems.,1
Hierarchical reinforcement learning decomposes tasks into subtasks to facilitate more efficient learning.,1
"Ethical auditing of AI systems assesses potential harms, biases, and risks associated with automated decision-making.",1
Localization systems in autonomous cars estimate vehicle position based on sensor data and map information.,1
Virtual reality (VR) platforms powered by AI can create highly immersive educational simulations.,1
Interval training alternates periods of high-intensity exercise with recovery periods to improve cardiovascular fitness.,1
Biomass energy involves burning organic materials to generate electricity while recycling carbon dioxide.,1
Intelligent transportation systems aim to reduce traffic congestion through dynamic routing and signal optimization.,1
Adequate intake of dietary fiber supports gut health and lowers the risk of chronic diseases.,1
Transformer models revolutionized natural language processing by enabling parallel processing of input sequences.,1
Blockchain technology can secure supply chains by tracking the provenance of goods from origin to sale.,1
Policy regularization techniques in reinforcement learning help prevent overfitting to specific tasks.,1
"Impact assessments evaluate the social, economic, and ethical consequences of AI system deployment.",1
LiDAR sensors provide precise three-dimensional measurements of environments for autonomous navigation.,1
Chatbots integrated into educational apps offer real-time assistance and tutoring for students.,1
"Pilates strengthens the core muscles, improves posture, and enhances overall body alignment.",1
Wave energy converters harness the kinetic energy of ocean waves to produce electricity.,1
Urban data platforms aggregate information from multiple sources to support city planning and management.,1
"Micronutrient deficiencies can impair cognitive development, immune responses, and physical growth.",1
Self-supervised learning algorithms can learn useful representations without needing extensive labeled data.,1
Cross-border blockchain networks facilitate secure international transactions without intermediaries.,1
Value iteration and policy iteration are classical methods for solving Markov Decision Processes in reinforcement learning.,1
Regulatory sandboxes allow innovators to test AI products in controlled environments with reduced compliance burdens.,1
"Predictive maintenance systems use AI to anticipate equipment failures before they occur, reducing downtime.",1
"Calisthenics utilizes bodyweight exercises to build muscular strength, endurance, and flexibility.",1
"Solar thermal plants concentrate sunlight to produce steam, which drives turbines to generate electricity.",1
Smart agriculture leverages IoT sensors and AI analytics to optimize crop yields and reduce resource usage.,1
Probiotics are live microorganisms that provide health benefits by maintaining gut microbiome balance.,1
"Graph neural networks are designed to process data structured as graphs, such as social networks and molecules.",1
Consensus algorithms like Raft and PBFT are critical for achieving agreement in distributed blockchain networks.,1
Deep Q-networks combine reinforcement learning with deep learning to enable agents to make complex decisions.,1
Establishing ethical guidelines for AI development ensures technology serves humanity in responsible ways.,1
"Object detection models help autonomous vehicles recognize and classify pedestrians, cyclists, and vehicles.",1
"Virtual learning environments create engaging, interactive spaces for students to collaborate remotely.",1
Resistance band workouts enhance strength training by providing constant tension across the range of motion.,1
Tidal energy harnesses the gravitational forces between the Earth and Moon to generate renewable power.,1
Urban resilience strategies prepare cities to withstand and recover from climate-related disasters.,1
Vitamins and minerals act as cofactors in enzymatic reactions essential for metabolism and cellular function.,1
Few-shot learning enables AI models to generalize from very small amounts of training data.,1
Blockchain-based identity management systems enhance security and user privacy online.,1
"Meta-learning, or learning to learn, improves an AI model's ability to adapt quickly to new tasks.",1
Bias impact assessments evaluate whether AI systems inadvertently discriminate against protected groups.,1
Motion planning algorithms allow autonomous robots to chart paths through dynamic environments.,1
Educational recommender systems use AI to suggest personalized learning resources and pathways.,1
Functional fitness routines focus on strengthening movements that mimic real-world activities.,1
Algae biofuels provide a sustainable alternative to petroleum-based fuels with lower carbon emissions.,1
Smart parking systems use real-time data to guide drivers to available parking spots efficiently.,1
"Omega-3 fatty acids, found in fish and flaxseeds, support heart health and cognitive function.",1
Self-attention mechanisms allow transformer models to weigh the importance of different input tokens.,1
Zero-knowledge proofs enable one party to prove knowledge of information without revealing it.,1
Model-based reinforcement learning builds a model of the environment to plan and make decisions.,1
Independent audits of AI systems promote transparency and accountability in automated processes.,1
Semantic segmentation algorithms partition images into meaningful segments for object recognition.,1
Automated essay scoring systems use natural language processing techniques to evaluate writing quality.,1
"Functional strength training prepares the body for daily movements like lifting, bending, and reaching.",1
Hydrogen fuel cells produce electricity through electrochemical reactions with water as the byproduct.,1
Urban farming initiatives integrate agriculture into city landscapes to enhance local food production.,1
"Zinc is essential for enzymatic reactions, immune defense, and DNA synthesis in the human body.",1
Self-supervised vision transformers are revolutionizing computer vision by learning from unlabeled data.,1
Decentralized autonomous organizations (DAOs) enable collective governance without centralized leadership.,1
Curriculum learning techniques train AI models by gradually increasing the complexity of tasks.,1
Impact evaluations assess the societal benefits and risks associated with AI system deployment.,1
Trajectory prediction algorithms anticipate the future positions of objects for collision avoidance.,1
Natural language understanding systems enable AI to comprehend the meaning behind human language.,1
Bodyweight training promotes muscular endurance and stability without the need for equipment.,1
Concentrated solar power systems use mirrors to focus sunlight and drive traditional steam turbines.,1
Smart grid analytics predict energy demand patterns to optimize electricity distribution.,1
Potassium-rich foods like bananas and sweet potatoes help maintain fluid balance and nerve function.,1
Contrastive learning improves the quality of learned representations by comparing similar and dissimilar pairs.,1
Decentralized file storage systems distribute data across peer-to-peer networks for security and redundancy.,1
"Hierarchical reinforcement learning structures complex tasks into smaller, more manageable subtasks.",1
Safety certifications for AI systems ensure that autonomous technologies meet regulatory standards.,1
Visual odometry techniques estimate camera motion by analyzing sequential images.,1
Functional training incorporates exercises that replicate everyday movements to enhance real-world strength and stability.,1
Wave energy devices capture mechanical energy from ocean waves and convert it into usable electricity.,1
"Urban mobility apps integrate public transportation schedules, bike-sharing programs, and ride-hailing services for streamlined travel.",1
Iron is a vital mineral that supports oxygen transport in the blood and energy metabolism.,1
Self-supervised learning models learn useful features from unlabeled data by predicting parts of the input itself.,1
Sharding divides blockchain networks into smaller partitions to improve scalability and transaction throughput.,1
"Multi-task learning enables AI models to learn multiple objectives simultaneously, improving generalization.",1
Independent ethics boards review AI research projects to ensure compliance with ethical guidelines and human rights principles.,1
3D object detection enables autonomous vehicles to recognize and localize surrounding objects in three-dimensional space.,1
Predictive analytics uses historical data and machine learning to forecast future trends and behaviors.,1
"Flexibility training improves joint range of motion, reduces injury risk, and enhances physical performance.",1
Ocean thermal energy conversion systems generate power by exploiting temperature differences between surface and deep ocean water.,1
"Integrated urban planning combines land use, transportation, and environmental policies to build more sustainable cities.",1
Vitamin D synthesis is stimulated by sunlight exposure and is crucial for bone health and immune function.,1
Masked language modeling trains transformer-based AI models to predict missing words in a sentence.,1
Decentralized exchanges allow users to trade cryptocurrencies directly without relying on centralized intermediaries.,1
Evolutionary strategies in reinforcement learning use optimization algorithms inspired by biological evolution.,1
Impact transparency initiatives disclose the potential effects of AI deployments on marginalized communities.,1
Dynamic path planning enables autonomous robots to adapt routes in response to moving obstacles and changes in the environment.,1
"Conversational AI systems aim to engage users through natural, context-aware dialogue across multiple platforms.",1
Energy-efficient buildings incorporate smart sensors and AI optimization to reduce electricity and heating costs.,1
Smart wearable devices monitor biometric signals in real time and provide actionable health insights.,1
"Edge computing brings data processing closer to the source, reducing latency for applications like autonomous vehicles.",1
"Regular strength training enhances bone density, reduces injury risk, and boosts metabolism as we age.",1
Floating solar farms installed on reservoirs maximize space utilization and reduce evaporation loss.,1
AI-based credit scoring models analyze alternative financial data to assess loan eligibility.,1
Neuromorphic computing architectures mimic the human brains structure for energy-efficient AI processing.,1
Public transportation networks use predictive modeling to anticipate demand and optimize schedules.,1
"Cloud robotics combines AI and cloud computing to enable low-cost, scalable robot intelligence.",1
Regular mindfulness meditation practices help regulate emotional responses and improve mental clarity.,1
Autonomous delivery drones use GPS navigation and computer vision to deliver packages efficiently.,1
Machine learning techniques optimize crop irrigation systems to conserve water while maximizing yields.,1
AI-generated art tools empower creators to rapidly prototype designs and explore new creative ideas.,1
Predictive maintenance algorithms monitor industrial machinery to predict and prevent equipment failures.,1
"Generative AI models can produce photorealistic images, synthetic voices, and even short video clips.",1
Smart waste management systems use AI and IoT sensors to optimize garbage collection routes and reduce emissions.,1
AI-driven language learning apps personalize lessons based on user progress and improve engagement with real-time feedback.,1
"After a long hike through the forest, we finally reached the mountain peak just before sunset.",2
I spent my Sunday afternoon curled up with a mystery novel and a cup of tea.,2
My grandmothers' homemade lasagna always reminds me of family gatherings when I was a kid.,2
The sound of rain tapping against the windows made for a cozy atmosphere.,2
"Last summer, I volunteered at an animal shelter and helped walk the dogs every morning.",2
"My best friend surprised me with concert tickets for my birthday, and it was unforgettable.",2
I love waking up early on weekends to watch the sunrise from my porch.,2
The farmers market downtown is always bustling with fresh produce and handmade crafts.,2
Nothing beats the feeling of jumping into a cool lake on a hot summer day.,2
I learned to ride a bike without training wheels when I was six years old.,2
Visiting national parks has become a tradition for our family every spring.,2
"During college, I worked part-time at a local bakery frosting cupcakes.",2
Building model airplanes with my father taught me patience and attention to detail.,2
"Every year, we decorate gingerbread houses as part of our holiday celebration.",2
Growing my own vegetables in the backyard has been incredibly rewarding.,2
My first job was scooping ice cream at a busy boardwalk stand.,2
Camping under the stars was one of the most memorable experiences of my childhood.,2
I used to spend hours sketching animals from library books when I was younger.,2
My favorite way to relax is walking barefoot along the beach at dusk.,2
I'll never forget the excitement of getting my first acceptance letter to college.,2
The smell of fresh-baked bread always reminds me of my grandmother's kitchen.,2
I once took a pottery class just for fun and ended up loving it.,2
Our family dog used to greet me at the door with his tail wagging like crazy.,2
I grew sunflowers in my backyard and they ended up taller than me!,2
"The first time I tried skiing, I spent more time falling than actually skiing.",2
Spending weekends at the lake house helped me appreciate the little things.,2
My brother taught me how to change a flat tire during a road trip mishap.,2
I finally ran my first 5K race after months of training and sore muscles.,2
My favorite place in town is the tiny bookstore hidden in the alley.,2
"After years of practice, I can finally play my favorite song on the guitar.",2
"Every autumn, we visit a local farm to pick apples and drink cider.",2
"I accidentally burned my first homemade pie, but it still tasted amazing.",2
Learning how to fish with my uncle taught me patience and persistence.,2
"My friends and I once tried building a treehouse, but it quickly collapsed.",2
I remember catching fireflies in jars during warm summer nights.,2
The first time I traveled abroad was both exciting and terrifying.,2
"One rainy afternoon, I got lost exploring an art museum for hours.",2
My favorite memory of childhood is building blanket forts in the living room.,2
Nothing compares to the smell of fresh pine trees during a winter hike.,2
"I learned to bake my own bread during quarantine, and now I can't stop.",2
My dog once stole a whole pizza off the kitchen table when no one was looking.,2
I watched shooting stars from a hilltop with my best friends one summer night.,2
The neighborhood block party had the best homemade lemonade stands.,2
I tried surfing for the first time last year and instantly wiped out.,2
Planting a garden taught me to appreciate how much work goes into growing food.,2
Taking care of my neighbors' cat made me realize how much I love animals.,2
I once participated in a sandcastle-building contest at the beach.,2
My mom used to make the best homemade mac and cheese on rainy days.,2
I learned how to knit during a snowy winter when we were stuck indoors.,2
Spending a weekend at a cabin without internet was refreshing and peaceful.,2
I visited an aquarium for the first time and was amazed by the jellyfish exhibit.,2
Volunteering at the food pantry opened my eyes to how much people can help each other.,2
My first camping trip was full of mosquito bites and stories around the campfire.,2
I made lifelong friends through a summer soccer league in my hometown.,2
"Growing up, my favorite toy was a giant box of crayons.",2
The small coffee shop on the corner makes the best cinnamon rolls I've ever tasted.,2
I spent an entire afternoon flying a kite in an open field last fall.,2
I once accidentally dyed all my clothes pink by washing a red sock with whites.,2
My dad taught me how to grill burgers on our old backyard barbecue.,2
Walking through a sunflower maze was both fun and a little disorienting.,2
Learning to drive stick shift took way longer than I expected.,2
I discovered my love of photography during a family road trip across the country.,2
Adopting my first cat turned out to be one of the best decisions I ever made.,2
I spent an entire summer learning how to skateboard with my friends.,2
Building gingerbread houses became a fierce family competition every December.,2
The day I got my driver's license felt like pure freedom.,2
"During a blackout, we played board games by candlelight.",2
My best friend and I once tried camping in the backyard — we lasted three hours.,2
"The first time I saw snow, I ran outside barefoot and immediately regretted it.",2
My favorite breakfast is still pancakes with syrup and strawberries.,2
"I once hiked through a forest trail that was completely overgrown, but beautiful.",2
"During a field trip, I accidentally set off the fire alarm — unforgettable!",2
Saturday mornings were reserved for watching cartoons and eating cereal.,2
I found an abandoned bird's nest in our backyard one spring.,2
My first school play was nerve-wracking but so much fun.,2
Making snow angels in the backyard was my favorite winter activity as a kid.,2
I once spent an afternoon picking wildflowers with my cousins.,2
"One summer, I tried building a tree swing with my brother.",2
My friends and I turned an old wagon into a racing cart.,2
"The first time I made homemade pizza, I forgot to add cheese!",2
Swimming in a mountain lake was both freezing and exhilarating.,2
Running barefoot through the grass felt like pure freedom as a kid.,2
Helping my grandfather plant tomatoes became our annual spring ritual.,2
The best birthday I ever had was a backyard picnic with homemade lemonade.,2
I loved climbing the big oak tree behind our house.,2
My cousins and I built a fort out of fallen branches one autumn afternoon.,2
Watching the fireworks on the Fourth of July was always magical.,2
I spent hours reading comics under a giant oak tree every summer.,2
My friends and I once held a talent show for the whole neighborhood.,2
Collecting seashells on the beach was my favorite part of summer vacations.,2
Learning to ride a skateboard was harder than it looked.,2
I spent an entire weekend helping to build a treehouse for my neighbor's kids.,2
"One rainy afternoon, I baked cookies for the first time completely by myself.",2
Trying to learn the harmonica made me appreciate musicians even more.,2
My siblings and I once turned the living room into a giant obstacle course.,2
Growing strawberries in the backyard taught me the joy of gardening.,2
The neighborhood ice cream truck was the highlight of every summer evening.,2
I once entered a pie-eating contest and couldnt stop laughing.,2
I once built a bookshelf entirely out of old crates and leftover nails.,2
Trying to cook a Thanksgiving turkey for the first time was a hilarious disaster.,2
My friends and I spent an entire weekend camping under the stars.,2
I love waking up to the smell of fresh coffee on a lazy Sunday.,2
"One summer, I tried learning archery at a local day camp.",2
I once got completely drenched walking home without an umbrella.,2
My best friend and I used to bike to the river to skip stones.,2
I accidentally dropped my phone in a puddle during a thunderstorm.,2
Our family reunions always ended with a giant water balloon fight.,2
I remember painting my room bright blue and immediately regretting it.,2
The sound of cicadas always reminds me of long summer evenings.,2
I once tried to build a soapbox car but gave up halfway through.,2
I spent an entire afternoon reading graphic novels at the library.,2
My dog once chased a squirrel straight into a neighbors pool.,2
Helping my cousin fix up an old car was messy but rewarding.,2
"On a whim, I joined a local pottery class and loved it.",2
The fireworks show at the county fair never gets old.,2
I remember slipping on ice during my first winter up north.,2
Spending the afternoon at a botanical garden always lifts my spirits.,2
My friends and I once raced cardboard boats across a small lake.,2
Learning to build a fire without matches was a challenge.,2
My childhood summers were filled with endless games of hide-and-seek.,2
I accidentally left the campfire burning overnight — lesson learned.,2
I once spent hours assembling a massive jigsaw puzzle during a storm.,2
Building sandcastles at the beach was the highlight of every vacation.,2
I remember helping my neighbor harvest apples from their backyard orchard.,2
My cousins and I would build mazes out of hay bales every fall.,2
I love picking wild blackberries along the hiking trails.,2
Snow days meant sledding down the biggest hill we could find.,2
"The first time I caught a fish, I was too scared to touch it.",2
My friends and I turned the garage into a makeshift haunted house one Halloween.,2
"Every summer, we'd hold lemonade stand competitions in our neighborhood.",2
My first experience with horseback riding left me sore for days.,2
I once got lost in a massive corn maze and it took hours to find the way out.,2
My family loves hosting backyard movie nights with a giant sheet as a screen.,2
I once tried to grow a bonsai tree but ended up overwatering it.,2
Learning to play chess from my grandfather was one of my favorite memories.,2
"During a camping trip, we built a raft out of fallen logs.",2
My childhood bedroom was covered wall to wall with posters of my favorite bands.,2
The annual county fair always had the best funnel cakes.,2
I remember saving up all summer just to buy my first skateboard.,2
One of the best nights of my life was stargazing in the desert.,2
I once helped my neighbor build a chicken coop from scratch.,2
My first attempt at baking bread ended with a rock-hard loaf.,2
Rainy days were spent building giant Lego cities with my siblings.,2
I used to love catching frogs in the creek behind my house.,2
My mom taught me how to make jam from scratch every summer.,2
I once built a snow fort so big you could stand inside it.,2
My friends and I used to race sleds down the hill behind school.,2
I remember picking pumpkins every October at the same family farm.,2
"One summer, we tried to camp in the backyard during a thunderstorm.",2
My sister and I spent days building dollhouses out of cardboard boxes.,2
I once stayed up all night playing board games during a power outage.,2
Nothing beats the smell of fresh-cut grass on a summer morning.,2
I volunteered at a soup kitchen during my college winter break.,2
My cousins and I used to have epic Nerf battles across the yard.,2
"The first time I tried snowboarding, I fell about a hundred times.",2
I remember selling homemade bracelets at local craft fairs.,2
Helping my neighbor tend her vegetable garden was one of my first jobs.,2
My uncle used to take us fishing every spring break.,2
I remember saving coins in a jar to buy a new bike.,2
"One summer, I painted a giant mural on the side of our shed.",2
My friends and I once built a raft using barrels and rope.,2
The first real concert I attended was pure excitement.,2
I once spent a summer volunteering at the animal shelter.,2
My favorite Christmas memory is building gingerbread houses with my cousins.,2
I used to ride my skateboard around the entire neighborhood after school.,2
I remember hand-making Valentine's Day cards for my whole class.,2
The small diner downtown makes the best blueberry pancakes.,2
I once adopted a stray kitten who followed me home from school.,2
My dad taught me how to repair a flat bike tire.,2
I remember getting lost in the woods behind my house as a kid.,2
My friends and I used to make obstacle courses out of lawn chairs.,2
Learning to play the harmonica became my rainy day project one summer.,2
I loved visiting the science museum with all its hands-on exhibits.,2
My first pet was a turtle named Speedy.,2
I remember climbing trees every chance I got when I was little.,2
My cousin taught me how to skip rocks across the pond.,2
"Every summer, our family visited a lakeside cabin for a week of fishing and swimming.",2
Winning a giant teddy bear at the fair was the highlight of my year.,2
My friends and I spent hours writing and acting out silly plays.,2
I learned how to sew by helping my mom fix buttons and hems.,2
The old roller rink in town was the hangout spot every Friday night.,2
I remember the excitement of getting my first library card.,2
My sister and I used to race up and down the hill on scooters.,2
I spent one summer learning how to sail small boats.,2
My grandfather taught me how to whittle wood into little animals.,2
"One winter, we built a snowman taller than my dad.",2
Exploring tide pools during low tide was my favorite beach activity.,2
My best friend and I once stayed up all night talking about dreams and plans.,2
I remember picking strawberries with my family until our fingers were stained red.,2
My uncle taught me how to make homemade ice cream in an old churn.,2
My favorite rainy day activity was building indoor obstacle courses.,2
Flying paper airplanes down the hallway became our unofficial sport.,2
I remember the thrill of winning my first school spelling bee.,2
My cousins and I built soapbox cars for a neighborhood race one summer.,2
"Every Thanksgiving, we held a massive backyard football game.",2
I helped paint a community mural downtown during an arts festival.,2
I once participated in a reading challenge where I finished 32 books in a summer.,2
My friends and I created a treehouse club complete with secret passwords.,2
I remember learning how to make friendship bracelets at summer camp.,2
"My first camping trip included s'mores, ghost stories, and a lot of mosquito bites.",2
Exploration led to the discovery of new continents.,2
Cultural exchanges enriched medieval societies.,2
Epic poems captured the spirit of ancient heroes.,2
Cultural exchanges enriched medieval societies.,2
Consuming a diet rich in fruits improves longevity.,1
Medieval castles served as strategic defense points.,2
Ancient theaters staged mythological dramas.,2
Sleep hygiene plays a critical role in recovery.,1
Ancient astronomy shaped early calendars and myths.,2
Traditional folklore stories passed through generations.,2
Whole grains contribute to sustained energy levels.,1
Ancient civilizations built intricate irrigation systems.,2
Probiotic foods encourage gut health balance.,1
Archaeological digs uncover remnants of lost cities.,2
Staying hydrated is crucial for physical performance.,1
Archaeological digs uncover remnants of lost cities.,2
Epic poems captured the spirit of ancient heroes.,2
Ancient civilizations built intricate irrigation systems.,2
Exploration led to the discovery of new continents.,2
Regular walking helps maintain joint mobility.,1
Breathing exercises calm the nervous system.,1
Omega-3 intake supports brain development.,1
Daily meditation sharpens focus and reduces tension.,1
The Silk Road enabled exchange of ideas and goods.,2
Practicing yoga enhances flexibility and mental clarity.,1
Hieroglyphics recorded the lives of pharaohs.,2
Medieval castles served as strategic defense points.,2
Ancient theaters staged mythological dramas.,2
Exploration led to the discovery of new continents.,2
Ancient astronomy shaped early calendars and myths.,2
Traditional folklore stories passed through generations.,2
Outdoor activities increase vitamin D absorption.,1
Mindfulness practices reduce stress and anxiety.,1
Practicing yoga enhances flexibility and mental clarity.,1
Ancient civilizations built intricate irrigation systems.,2
Whole grains contribute to sustained energy levels.,1
Eating fiber-rich foods improves digestion.,1
Boosting cardiovascular health with regular exercise.,1
Omega-3 intake supports brain development.,1
Philosophical schools flourished in classical Greece.,2
High-protein meals aid in muscle repair.,1
Stone carvings reveal ancient societal rituals.,2
Vegetable consumption lowers risk of chronic diseases.,1
The Silk Road enabled exchange of ideas and goods.,2
Invention of the printing press revolutionized learning.,2
Balanced diets promote strong immune systems.,1
Hieroglyphics recorded the lives of pharaohs.,2
Regular walking helps maintain joint mobility.,1
Swimming builds endurance and promotes heart health.,1
Renaissance art reflected profound cultural shifts.,2
Ancient astronomy shaped early calendars and myths.,2
Consuming a diet rich in fruits improves longevity.,1
Limiting sugar intake benefits overall wellness.,1
High-protein meals aid in muscle repair.,1
Ancient civilizations built intricate irrigation systems.,2
Archaeological digs uncover remnants of lost cities.,2
Renaissance art reflected profound cultural shifts.,2
Cultural exchanges enriched medieval societies.,2
Traditional folklore stories passed through generations.,2
Great explorers mapped unknown regions centuries ago.,2
High-protein meals aid in muscle repair.,1
Boosting cardiovascular health with regular exercise.,1
Ancient astronomy shaped early calendars and myths.,2
Old manuscripts provide insights into early cultures.,2
Swimming builds endurance and promotes heart health.,1
Nomadic tribes adapted to harsh environments creatively.,2
Great explorers mapped unknown regions centuries ago.,2
Ancient civilizations built intricate irrigation systems.,2
Vegetable consumption lowers risk of chronic diseases.,1
Outdoor activities increase vitamin D absorption.,1
Exploration led to the discovery of new continents.,2
Probiotic foods encourage gut health balance.,1
Historic trade routes connected distant civilizations.,2
Ancient theaters staged mythological dramas.,2
Boosting cardiovascular health with regular exercise.,1
Ancient theaters staged mythological dramas.,2
Epic poems captured the spirit of ancient heroes.,2
Staying hydrated is crucial for physical performance.,1
Invention of the printing press revolutionized learning.,2
Eating fiber-rich foods improves digestion.,1
Stone carvings reveal ancient societal rituals.,2
Stone carvings reveal ancient societal rituals.,2
Old manuscripts provide insights into early cultures.,2
Renaissance art reflected profound cultural shifts.,2
Daily meditation sharpens focus and reduces tension.,1
Consuming a diet rich in fruits improves longevity.,1
Lifting weights strengthens muscles and bones.,1
Vegetable consumption lowers risk of chronic diseases.,1
Old manuscripts provide insights into early cultures.,2
Invention of the printing press revolutionized learning.,2
Outdoor activities increase vitamin D absorption.,1
Probiotic foods encourage gut health balance.,1
Great explorers mapped unknown regions centuries ago.,2
Omega-3 intake supports brain development.,1
Boosting cardiovascular health with regular exercise.,1
Omega-3 intake supports brain development.,1
Swimming builds endurance and promotes heart health.,1
Great explorers mapped unknown regions centuries ago.,2
Historic revolutions reshaped societal structures.,2
Epic poems captured the spirit of ancient heroes.,2
Breathing exercises calm the nervous system.,1
Swimming builds endurance and promotes heart health.,1
Boosting cardiovascular health with regular exercise.,1
Stone carvings reveal ancient societal rituals.,2
Swimming builds endurance and promotes heart health.,1
Daily meditation sharpens focus and reduces tension.,1
Stone carvings reveal ancient societal rituals.,2
Ancient theaters staged mythological dramas.,2
Philosophical schools flourished in classical Greece.,2
High-protein meals aid in muscle repair.,1
Nomadic tribes adapted to harsh environments creatively.,2
Renaissance art reflected profound cultural shifts.,2
Limiting sugar intake benefits overall wellness.,1
Lifting weights strengthens muscles and bones.,1
Consuming a diet rich in fruits improves longevity.,1
Vegetable consumption lowers risk of chronic diseases.,1
Balanced diets promote strong immune systems.,1
Philosophical schools flourished in classical Greece.,2
Invention of the printing press revolutionized learning.,2
Ancient theaters staged mythological dramas.,2
Sleep hygiene plays a critical role in recovery.,1
Swimming builds endurance and promotes heart health.,1
Whole grains contribute to sustained energy levels.,1
Historic trade routes connected distant civilizations.,2
Outdoor activities increase vitamin D absorption.,1
Swimming builds endurance and promotes heart health.,1
Renaissance art reflected profound cultural shifts.,2
Whole grains contribute to sustained energy levels.,1
Historic revolutions reshaped societal structures.,2
High-protein meals aid in muscle repair.,1
Whole grains contribute to sustained energy levels.,1
Omega-3 intake supports brain development.,1
Regular walking helps maintain joint mobility.,1
Swimming builds endurance and promotes heart health.,1
Whole grains contribute to sustained energy levels.,1
Renaissance art reflected profound cultural shifts.,2
Breathing exercises calm the nervous system.,1
Archaeological digs uncover remnants of lost cities.,2
Great explorers mapped unknown regions centuries ago.,2
Whole grains contribute to sustained energy levels.,1
Balanced diets promote strong immune systems.,1
Regular walking helps maintain joint mobility.,1
Medieval castles served as strategic defense points.,2
Cultural exchanges enriched medieval societies.,2
Traditional folklore stories passed through generations.,2
Medieval castles served as strategic defense points.,2
Philosophical schools flourished in classical Greece.,2
Ancient theaters staged mythological dramas.,2
Boosting cardiovascular health with regular exercise.,1
Regular walking helps maintain joint mobility.,1
Medieval castles served as strategic defense points.,2
Mindfulness practices reduce stress and anxiety.,1
Outdoor activities increase vitamin D absorption.,1
Historic revolutions reshaped societal structures.,2
Cultural exchanges enriched medieval societies.,2
Traditional folklore stories passed through generations.,2
Hieroglyphics recorded the lives of pharaohs.,2
Cultural exchanges enriched medieval societies.,2
Balanced diets promote strong immune systems.,1
Ancient theaters staged mythological dramas.,2
Outdoor activities increase vitamin D absorption.,1
Consuming a diet rich in fruits improves longevity.,1
Ancient theaters staged mythological dramas.,2
Hieroglyphics recorded the lives of pharaohs.,2
Old manuscripts provide insights into early cultures.,2
Omega-3 intake supports brain development.,1
Historic revolutions reshaped societal structures.,2
Old manuscripts provide insights into early cultures.,2
Historic trade routes connected distant civilizations.,2
Lifting weights strengthens muscles and bones.,1
Sleep hygiene plays a critical role in recovery.,1
Boosting cardiovascular health with regular exercise.,1
Archaeological digs uncover remnants of lost cities.,2
Eating fiber-rich foods improves digestion.,1
Archaeological digs uncover remnants of lost cities.,2
Vegetable consumption lowers risk of chronic diseases.,1
Consuming a diet rich in fruits improves longevity.,1
Sleep hygiene plays a critical role in recovery.,1
Cultural exchanges enriched medieval societies.,2
Nomadic tribes adapted to harsh environments creatively.,2
Regular walking helps maintain joint mobility.,1
Limiting sugar intake benefits overall wellness.,1
Lifting weights strengthens muscles and bones.,1
Cultural exchanges enriched medieval societies.,2
Medieval castles served as strategic defense points.,2
The Silk Road enabled exchange of ideas and goods.,2
Stone carvings reveal ancient societal rituals.,2
Limiting sugar intake benefits overall wellness.,1
Archaeological digs uncover remnants of lost cities.,2
Limiting sugar intake benefits overall wellness.,1
Outdoor activities increase vitamin D absorption.,1
Omega-3 intake supports brain development.,1
Practicing yoga enhances flexibility and mental clarity.,1
Omega-3 intake supports brain development.,1
Ancient astronomy shaped early calendars and myths.,2
Traditional folklore stories passed through generations.,2
Cultural exchanges enriched medieval societies.,2
Epic poems captured the spirit of ancient heroes.,2
Exploration led to the discovery of new continents.,2
Boosting cardiovascular health with regular exercise.,1
Ancient astronomy shaped early calendars and myths.,2
Probiotic foods encourage gut health balance.,1
The Silk Road enabled exchange of ideas and goods.,2
Ancient theaters staged mythological dramas.,2
Omega-3 intake supports brain development.,1
Ancient astronomy shaped early calendars and myths.,2
The Silk Road enabled exchange of ideas and goods.,2
Staying hydrated is crucial for physical performance.,1
Epic poems captured the spirit of ancient heroes.,2
Invention of the printing press revolutionized learning.,2
Whole grains contribute to sustained energy levels.,1
Staying hydrated is crucial for physical performance.,1
Great explorers mapped unknown regions centuries ago.,2
Historic trade routes connected distant civilizations.,2
The Silk Road enabled exchange of ideas and goods.,2
Nomadic tribes adapted to harsh environments creatively.,2
Staying hydrated is crucial for physical performance.,1
Ancient civilizations built intricate irrigation systems.,2
Old manuscripts provide insights into early cultures.,2
Lifting weights strengthens muscles and bones.,1
Ancient civilizations built intricate irrigation systems.,2
Boosting cardiovascular health with regular exercise.,1
Historic trade routes connected distant civilizations.,2
Invention of the printing press revolutionized learning.,2
Mindfulness practices reduce stress and anxiety.,1
Invention of the printing press revolutionized learning.,2
Balanced diets promote strong immune systems.,1
Consuming a diet rich in fruits improves longevity.,1
Renaissance art reflected profound cultural shifts.,2
Cultural exchanges enriched medieval societies.,2
Medieval castles served as strategic defense points.,2
Regular walking helps maintain joint mobility.,1
Historic trade routes connected distant civilizations.,2
Great explorers mapped unknown regions centuries ago.,2
Hieroglyphics recorded the lives of pharaohs.,2
Ancient civilizations built intricate irrigation systems.,2
Stone carvings reveal ancient societal rituals.,2
Daily meditation sharpens focus and reduces tension.,1
Cultural exchanges enriched medieval societies.,2
Ancient theaters staged mythological dramas.,2
Boosting cardiovascular health with regular exercise.,1
Practicing yoga enhances flexibility and mental clarity.,1
The Silk Road enabled exchange of ideas and goods.,2
Traditional folklore stories passed through generations.,2
Omega-3 intake supports brain development.,1
Medieval castles served as strategic defense points.,2
Ancient astronomy shaped early calendars and myths.,2
High-protein meals aid in muscle repair.,1
Ancient theaters staged mythological dramas.,2
Great explorers mapped unknown regions centuries ago.,2
Epic poems captured the spirit of ancient heroes.,2
Sleep hygiene plays a critical role in recovery.,1
Omega-3 intake supports brain development.,1
Philosophical schools flourished in classical Greece.,2
Vegetable consumption lowers risk of chronic diseases.,1
Exploration led to the discovery of new continents.,2
Renaissance art reflected profound cultural shifts.,2
Lifting weights strengthens muscles and bones.,1
Old manuscripts provide insights into early cultures.,2
Boosting cardiovascular health with regular exercise.,1
Philosophical schools flourished in classical Greece.,2
Boosting cardiovascular health with regular exercise.,1
Whole grains contribute to sustained energy levels.,1
Historic trade routes connected distant civilizations.,2
Outdoor activities increase vitamin D absorption.,1
Invention of the printing press revolutionized learning.,2
Outdoor activities increase vitamin D absorption.,1
Hieroglyphics recorded the lives of pharaohs.,2
Outdoor activities increase vitamin D absorption.,1
Limiting sugar intake benefits overall wellness.,1
Probiotic foods encourage gut health balance.,1
Outdoor activities increase vitamin D absorption.,1
Whole grains contribute to sustained energy levels.,1
Renaissance art reflected profound cultural shifts.,2
Boosting cardiovascular health with regular exercise.,1
Vegetable consumption lowers risk of chronic diseases.,1
Lifting weights strengthens muscles and bones.,1
Omega-3 intake supports brain development.,1
Historic revolutions reshaped societal structures.,2
Eating fiber-rich foods improves digestion.,1
Cultural exchanges enriched medieval societies.,2
Traditional folklore stories passed through generations.,2
Nomadic tribes adapted to harsh environments creatively.,2
Boosting cardiovascular health with regular exercise.,1
Swimming builds endurance and promotes heart health.,1
Eating fiber-rich foods improves digestion.,1
Historic trade routes connected distant civilizations.,2
Stone carvings reveal ancient societal rituals.,2
Ancient theaters staged mythological dramas.,2
Balanced diets promote strong immune systems.,1
Historic trade routes connected distant civilizations.,2
Epic poems captured the spirit of ancient heroes.,2
Great explorers mapped unknown regions centuries ago.,2
Omega-3 intake supports brain development.,1
Historic revolutions reshaped societal structures.,2
Boosting cardiovascular health with regular exercise.,1
Great explorers mapped unknown regions centuries ago.,2
Boosting cardiovascular health with regular exercise.,1
High-protein meals aid in muscle repair.,1
Ancient civilizations built intricate irrigation systems.,2
Great explorers mapped unknown regions centuries ago.,2
Epic poems captured the spirit of ancient heroes.,2
Limiting sugar intake benefits overall wellness.,1
Regular walking helps maintain joint mobility.,1
Balanced diets promote strong immune systems.,1
Mindfulness practices reduce stress and anxiety.,1
Epic poems captured the spirit of ancient heroes.,2
Great explorers mapped unknown regions centuries ago.,2
Vegetable consumption lowers risk of chronic diseases.,1
Mindfulness practices reduce stress and anxiety.,1
Outdoor activities increase vitamin D absorption.,1
Traditional folklore stories passed through generations.,2
Great explorers mapped unknown regions centuries ago.,2
Vegetable consumption lowers risk of chronic diseases.,1
Exploration led to the discovery of new continents.,2
Nomadic tribes adapted to harsh environments creatively.,2
Eating fiber-rich foods improves digestion.,1
Great explorers mapped unknown regions centuries ago.,2
The Silk Road enabled exchange of ideas and goods.,2
Outdoor activities increase vitamin D absorption.,1
Historic trade routes connected distant civilizations.,2
Swimming builds endurance and promotes heart health.,1
High-protein meals aid in muscle repair.,1
Limiting sugar intake benefits overall wellness.,1
Staying hydrated is crucial for physical performance.,1
Philosophical schools flourished in classical Greece.,2
Practicing yoga enhances flexibility and mental clarity.,1
Stone carvings reveal ancient societal rituals.,2
Hieroglyphics recorded the lives of pharaohs.,2
Ancient theaters staged mythological dramas.,2
Probiotic foods encourage gut health balance.,1
Archaeological digs uncover remnants of lost cities.,2
Exploration led to the discovery of new continents.,2
Swimming builds endurance and promotes heart health.,1
Epic poems captured the spirit of ancient heroes.,2
Daily meditation sharpens focus and reduces tension.,1
Boosting cardiovascular health with regular exercise.,1
Hieroglyphics recorded the lives of pharaohs.,2
Lifting weights strengthens muscles and bones.,1
Vegetable consumption lowers risk of chronic diseases.,1
Lifting weights strengthens muscles and bones.,1
Practicing yoga enhances flexibility and mental clarity.,1
High-protein meals aid in muscle repair.,1
High-protein meals aid in muscle repair.,1
Renaissance art reflected profound cultural shifts.,2
Ancient civilizations built intricate irrigation systems.,2
High-protein meals aid in muscle repair.,1
Philosophical schools flourished in classical Greece.,2
Whole grains contribute to sustained energy levels.,1
Probiotic foods encourage gut health balance.,1
Cultural exchanges enriched medieval societies.,2
Nomadic tribes adapted to harsh environments creatively.,2
Ancient theaters staged mythological dramas.,2
Swimming builds endurance and promotes heart health.,1
Whole grains contribute to sustained energy levels.,1
Cultural exchanges enriched medieval societies.,2
Vegetable consumption lowers risk of chronic diseases.,1
Exploration led to the discovery of new continents.,2
Old manuscripts provide insights into early cultures.,2
Vegetable consumption lowers risk of chronic diseases.,1
The Silk Road enabled exchange of ideas and goods.,2
Medieval castles served as strategic defense points.,2
Breathing exercises calm the nervous system.,1
High-protein meals aid in muscle repair.,1
Probiotic foods encourage gut health balance.,1
Eating fiber-rich foods improves digestion.,1
Boosting cardiovascular health with regular exercise.,1
Practicing yoga enhances flexibility and mental clarity.,1
Historic trade routes connected distant civilizations.,2
Nomadic tribes adapted to harsh environments creatively.,2
Vegetable consumption lowers risk of chronic diseases.,1
Archaeological digs uncover remnants of lost cities.,2
Old manuscripts provide insights into early cultures.,2
Regular walking helps maintain joint mobility.,1
Lifting weights strengthens muscles and bones.,1
Limiting sugar intake benefits overall wellness.,1
Great explorers mapped unknown regions centuries ago.,2
Invention of the printing press revolutionized learning.,2
Limiting sugar intake benefits overall wellness.,1
Staying hydrated is crucial for physical performance.,1
Ancient theaters staged mythological dramas.,2
Cultural exchanges enriched medieval societies.,2
Renaissance art reflected profound cultural shifts.,2
Vegetable consumption lowers risk of chronic diseases.,1
Old manuscripts provide insights into early cultures.,2
Nomadic tribes adapted to harsh environments creatively.,2
Sleep hygiene plays a critical role in recovery.,1
Limiting sugar intake benefits overall wellness.,1
Medieval castles served as strategic defense points.,2
Nomadic tribes adapted to harsh environments creatively.,2
Ancient astronomy shaped early calendars and myths.,2
Eating fiber-rich foods improves digestion.,1
Historic revolutions reshaped societal structures.,2
Swimming builds endurance and promotes heart health.,1
Consuming a diet rich in fruits improves longevity.,1
Historic revolutions reshaped societal structures.,2
Medieval castles served as strategic defense points.,2
Stone carvings reveal ancient societal rituals.,2
Mindfulness practices reduce stress and anxiety.,1
Ancient civilizations built intricate irrigation systems.,2
Vegetable consumption lowers risk of chronic diseases.,1
Practicing yoga enhances flexibility and mental clarity.,1
Lifting weights strengthens muscles and bones.,1
Omega-3 intake supports brain development.,1
Invention of the printing press revolutionized learning.,2
Exploration led to the discovery of new continents.,2
Boosting cardiovascular health with regular exercise.,1
The Silk Road enabled exchange of ideas and goods.,2
Vegetable consumption lowers risk of chronic diseases.,1
Swimming builds endurance and promotes heart health.,1
Hieroglyphics recorded the lives of pharaohs.,2
Archaeological digs uncover remnants of lost cities.,2
Archaeological digs uncover remnants of lost cities.,2
Mindfulness practices reduce stress and anxiety.,1
Exploration led to the discovery of new continents.,2
Whole grains contribute to sustained energy levels.,1
Vegetable consumption lowers risk of chronic diseases.,1
Historic trade routes connected distant civilizations.,2
Lifting weights strengthens muscles and bones.,1
Ancient astronomy shaped early calendars and myths.,2
Philosophical schools flourished in classical Greece.,2
Breathing exercises calm the nervous system.,1
Ancient civilizations built intricate irrigation systems.,2
Practicing yoga enhances flexibility and mental clarity.,1
Historic trade routes connected distant civilizations.,2
Probiotic foods encourage gut health balance.,1
Lifting weights strengthens muscles and bones.,1
Medieval castles served as strategic defense points.,2
Great explorers mapped unknown regions centuries ago.,2
Breathing exercises calm the nervous system.,1
Mindfulness practices reduce stress and anxiety.,1
Renaissance art reflected profound cultural shifts.,2
The Silk Road enabled exchange of ideas and goods.,2
Ancient theaters staged mythological dramas.,2
Hieroglyphics recorded the lives of pharaohs.,2
Exploration led to the discovery of new continents.,2
Nomadic tribes adapted to harsh environments creatively.,2
Cultural exchanges enriched medieval societies.,2
Probiotic foods encourage gut health balance.,1
Ancient astronomy shaped early calendars and myths.,2
Boosting cardiovascular health with regular exercise.,1
Omega-3 intake supports brain development.,1
Swimming builds endurance and promotes heart health.,1
Consuming a diet rich in fruits improves longevity.,1
Omega-3 intake supports brain development.,1
Whole grains contribute to sustained energy levels.,1
Medieval castles served as strategic defense points.,2
Historic revolutions reshaped societal structures.,2
Whole grains contribute to sustained energy levels.,1
Great explorers mapped unknown regions centuries ago.,2
Hieroglyphics recorded the lives of pharaohs.,2
Boosting cardiovascular health with regular exercise.,1
Sleep hygiene plays a critical role in recovery.,1
Historic revolutions reshaped societal structures.,2
Historic trade routes connected distant civilizations.,2
Lifting weights strengthens muscles and bones.,1
Renaissance art reflected profound cultural shifts.,2
Regular walking helps maintain joint mobility.,1
Traditional folklore stories passed through generations.,2
Historic revolutions reshaped societal structures.,2
Vegetable consumption lowers risk of chronic diseases.,1
Limiting sugar intake benefits overall wellness.,1
Ancient civilizations built intricate irrigation systems.,2
Lifting weights strengthens muscles and bones.,1
Balanced diets promote strong immune systems.,1
Renaissance art reflected profound cultural shifts.,2
Cultural exchanges enriched medieval societies.,2
Practicing yoga enhances flexibility and mental clarity.,1
Ancient astronomy shaped early calendars and myths.,2
Historic revolutions reshaped societal structures.,2
Daily meditation sharpens focus and reduces tension.,1
Traditional folklore stories passed through generations.,2
Philosophical schools flourished in classical Greece.,2
Ancient astronomy shaped early calendars and myths.,2
Whole grains contribute to sustained energy levels.,1
Probiotic foods encourage gut health balance.,1
Balanced diets promote strong immune systems.,1
Swimming builds endurance and promotes heart health.,1
Ancient civilizations built intricate irrigation systems.,2
Staying hydrated is crucial for physical performance.,1
Nomadic tribes adapted to harsh environments creatively.,2
Breathing exercises calm the nervous system.,1
Ancient civilizations built intricate irrigation systems.,2
Daily meditation sharpens focus and reduces tension.,1
Ancient theaters staged mythological dramas.,2
Practicing yoga enhances flexibility and mental clarity.,1
Lifting weights strengthens muscles and bones.,1
Eating fiber-rich foods improves digestion.,1
Old manuscripts provide insights into early cultures.,2
The Silk Road enabled exchange of ideas and goods.,2
Medieval castles served as strategic defense points.,2
The Silk Road enabled exchange of ideas and goods.,2
Practicing yoga enhances flexibility and mental clarity.,1
Probiotic foods encourage gut health balance.,1
Cultural exchanges enriched medieval societies.,2
Mindfulness practices reduce stress and anxiety.,1
Breathing exercises calm the nervous system.,1
Staying hydrated is crucial for physical performance.,1
Swimming builds endurance and promotes heart health.,1
High-protein meals aid in muscle repair.,1
Exploration led to the discovery of new continents.,2
Historic revolutions reshaped societal structures.,2
Eating fiber-rich foods improves digestion.,1
High-protein meals aid in muscle repair.,1
Great explorers mapped unknown regions centuries ago.,2
Old manuscripts provide insights into early cultures.,2
Medieval castles served as strategic defense points.,2
Nomadic tribes adapted to harsh environments creatively.,2
Swimming builds endurance and promotes heart health.,1
Consuming a diet rich in fruits improves longevity.,1
Medieval castles served as strategic defense points.,2
Archaeological digs uncover remnants of lost cities.,2
Hieroglyphics recorded the lives of pharaohs.,2
Hieroglyphics recorded the lives of pharaohs.,2
Eating fiber-rich foods improves digestion.,1
Traditional folklore stories passed through generations.,2
Boosting cardiovascular health with regular exercise.,1
Breathing exercises calm the nervous system.,1
Archaeological digs uncover remnants of lost cities.,2
Great explorers mapped unknown regions centuries ago.,2
Invention of the printing press revolutionized learning.,2
Consuming a diet rich in fruits improves longevity.,1
Practicing yoga enhances flexibility and mental clarity.,1
Swimming builds endurance and promotes heart health.,1
Vegetable consumption lowers risk of chronic diseases.,1
Probiotic foods encourage gut health balance.,1
Boosting cardiovascular health with regular exercise.,1
Lifting weights strengthens muscles and bones.,1
Invention of the printing press revolutionized learning.,2
Renaissance art reflected profound cultural shifts.,2
Lifting weights strengthens muscles and bones.,1
Vegetable consumption lowers risk of chronic diseases.,1
Breathing exercises calm the nervous system.,1
Eating fiber-rich foods improves digestion.,1
Breathing exercises calm the nervous system.,1
Practicing yoga enhances flexibility and mental clarity.,1
Staying hydrated is crucial for physical performance.,1
Limiting sugar intake benefits overall wellness.,1
Great explorers mapped unknown regions centuries ago.,2
Old manuscripts provide insights into early cultures.,2
Exploration led to the discovery of new continents.,2
Traditional folklore stories passed through generations.,2
Omega-3 intake supports brain development.,1
Exploration led to the discovery of new continents.,2
Probiotic foods encourage gut health balance.,1
Swimming builds endurance and promotes heart health.,1
Whole grains contribute to sustained energy levels.,1
Lifting weights strengthens muscles and bones.,1
Medieval castles served as strategic defense points.,2
Staying hydrated is crucial for physical performance.,1
Traditional folklore stories passed through generations.,2
Cultural exchanges enriched medieval societies.,2
Historic revolutions reshaped societal structures.,2
Sleep hygiene plays a critical role in recovery.,1
Philosophical schools flourished in classical Greece.,2
Consuming a diet rich in fruits improves longevity.,1
Nomadic tribes adapted to harsh environments creatively.,2
Staying hydrated is crucial for physical performance.,1
Mindfulness practices reduce stress and anxiety.,1
Omega-3 intake supports brain development.,1
Lifting weights strengthens muscles and bones.,1
Renaissance art reflected profound cultural shifts.,2
Medieval castles served as strategic defense points.,2
Practicing yoga enhances flexibility and mental clarity.,1
Daily meditation sharpens focus and reduces tension.,1
Omega-3 intake supports brain development.,1
Ancient theaters staged mythological dramas.,2
Exploration led to the discovery of new continents.,2
Daily meditation sharpens focus and reduces tension.,1
Ancient theaters staged mythological dramas.,2
Ancient theaters staged mythological dramas.,2
Lifting weights strengthens muscles and bones.,1
Exploration led to the discovery of new continents.,2
Medieval castles served as strategic defense points.,2
Probiotic foods encourage gut health balance.,1
Practicing yoga enhances flexibility and mental clarity.,1
Nomadic tribes adapted to harsh environments creatively.,2
Limiting sugar intake benefits overall wellness.,1
Whole grains contribute to sustained energy levels.,1
Probiotic foods encourage gut health balance.,1
Omega-3 intake supports brain development.,1
Stone carvings reveal ancient societal rituals.,2
Regular walking helps maintain joint mobility.,1
Omega-3 intake supports brain development.,1
Whole grains contribute to sustained energy levels.,1
Boosting cardiovascular health with regular exercise.,1
High-protein meals aid in muscle repair.,1
Probiotic foods encourage gut health balance.,1
Epic poems captured the spirit of ancient heroes.,2
Staying hydrated is crucial for physical performance.,1
Traditional folklore stories passed through generations.,2
Practicing yoga enhances flexibility and mental clarity.,1
Limiting sugar intake benefits overall wellness.,1
Practicing yoga enhances flexibility and mental clarity.,1
Medieval castles served as strategic defense points.,2
Nomadic tribes adapted to harsh environments creatively.,2
Renaissance art reflected profound cultural shifts.,2
Invention of the printing press revolutionized learning.,2
Consuming a diet rich in fruits improves longevity.,1
Boosting cardiovascular health with regular exercise.,1
Volunteering at the animal shelter was a rewarding experience.,2
Volunteering at the animal shelter was a rewarding experience.,2
Smart homes improve energy efficiency and user convenience.,1
Volunteering at the animal shelter was a rewarding experience.,2
AI chatbots help businesses improve customer support experiences.,1
The local bakery is known for its delicious sourdough bread.,2
The lecture on quantum mechanics was hard to follow but fascinating.,2
Natural language processing powers modern voice assistants.,1
The weather forecast predicts rain and cooler temperatures this weekend.,2
The weather forecast predicts rain and cooler temperatures this weekend.,2
The lecture on quantum mechanics was hard to follow but fascinating.,2
"Using big data, scientists can predict disease outbreaks early.",1
The local bakery is known for its delicious sourdough bread.,2
Artificial intelligence is transforming the healthcare industry.,1
She prefers reading historical novels over science fiction.,2
Machine learning models can now detect cancer from X-rays.,1
We took a scenic drive through the mountains last fall.,2
"Using big data, scientists can predict disease outbreaks early.",1
Smart homes improve energy efficiency and user convenience.,1
AI chatbots help businesses improve customer support experiences.,1
She practices yoga every morning to stay focused and calm.,2
Renewable energy sources are crucial in fighting climate change.,1
"Using big data, scientists can predict disease outbreaks early.",1
The lecture on quantum mechanics was hard to follow but fascinating.,2
The local bakery is known for its delicious sourdough bread.,2
She practices yoga every morning to stay focused and calm.,2
The local bakery is known for its delicious sourdough bread.,2
Blockchain can provide secure and transparent financial transactions.,1
"Using big data, scientists can predict disease outbreaks early.",1
Volunteering at the animal shelter was a rewarding experience.,2
The lecture on quantum mechanics was hard to follow but fascinating.,2
Self-driving cars are being tested in several urban cities.,1
Self-driving cars are being tested in several urban cities.,1
The local bakery is known for its delicious sourdough bread.,2
We took a scenic drive through the mountains last fall.,2
She practices yoga every morning to stay focused and calm.,2
Self-driving cars are being tested in several urban cities.,1
Artificial intelligence is transforming the healthcare industry.,1
"Using big data, scientists can predict disease outbreaks early.",1
Self-driving cars are being tested in several urban cities.,1
Volunteering at the animal shelter was a rewarding experience.,2
Natural language processing powers modern voice assistants.,1
Volunteering at the animal shelter was a rewarding experience.,2
Cloud computing allows companies to scale faster and cheaper.,1
Cloud computing allows companies to scale faster and cheaper.,1
"Using big data, scientists can predict disease outbreaks early.",1
The lecture on quantum mechanics was hard to follow but fascinating.,2
We took a scenic drive through the mountains last fall.,2
Natural language processing powers modern voice assistants.,1
Artificial intelligence is transforming the healthcare industry.,1
The local bakery is known for its delicious sourdough bread.,2
Blockchain can provide secure and transparent financial transactions.,1
The lecture on quantum mechanics was hard to follow but fascinating.,2
We took a scenic drive through the mountains last fall.,2
The movie featured a compelling storyline and excellent performances.,2
She practices yoga every morning to stay focused and calm.,2
Artificial intelligence is transforming the healthcare industry.,1
He enjoys woodworking in his free time and often makes furniture.,2
The local bakery is known for its delicious sourdough bread.,2
The weather forecast predicts rain and cooler temperatures this weekend.,2
The movie featured a compelling storyline and excellent performances.,2
Artificial intelligence is transforming the healthcare industry.,1
Smart homes improve energy efficiency and user convenience.,1
The concert was canceled due to unexpected weather conditions.,2
The lecture on quantum mechanics was hard to follow but fascinating.,2
The lecture on quantum mechanics was hard to follow but fascinating.,2
Machine learning models can now detect cancer from X-rays.,1
Smart homes improve energy efficiency and user convenience.,1
Artificial intelligence is transforming the healthcare industry.,1
Artificial intelligence is transforming the healthcare industry.,1
The local bakery is known for its delicious sourdough bread.,2
"Using big data, scientists can predict disease outbreaks early.",1
Natural language processing powers modern voice assistants.,1
Artificial intelligence is transforming the healthcare industry.,1
The weather forecast predicts rain and cooler temperatures this weekend.,2
Artificial intelligence is transforming the healthcare industry.,1
The concert was canceled due to unexpected weather conditions.,2
Natural language processing powers modern voice assistants.,1
The lecture on quantum mechanics was hard to follow but fascinating.,2
The concert was canceled due to unexpected weather conditions.,2
Machine learning models can now detect cancer from X-rays.,1
The movie featured a compelling storyline and excellent performances.,2
The weather forecast predicts rain and cooler temperatures this weekend.,2
Self-driving cars are being tested in several urban cities.,1
Volunteering at the animal shelter was a rewarding experience.,2
Volunteering at the animal shelter was a rewarding experience.,2
"Using big data, scientists can predict disease outbreaks early.",1
The lecture on quantum mechanics was hard to follow but fascinating.,2
We took a scenic drive through the mountains last fall.,2
AI chatbots help businesses improve customer support experiences.,1
He enjoys woodworking in his free time and often makes furniture.,2
We took a scenic drive through the mountains last fall.,2
She practices yoga every morning to stay focused and calm.,2
Machine learning models can now detect cancer from X-rays.,1
Artificial intelligence is transforming the healthcare industry.,1
She prefers reading historical novels over science fiction.,2
"Using big data, scientists can predict disease outbreaks early.",1
AI chatbots help businesses improve customer support experiences.,1
The lecture on quantum mechanics was hard to follow but fascinating.,2
We took a scenic drive through the mountains last fall.,2
She prefers reading historical novels over science fiction.,2
We took a scenic drive through the mountains last fall.,2
Blockchain can provide secure and transparent financial transactions.,1
She prefers reading historical novels over science fiction.,2
AI chatbots help businesses improve customer support experiences.,1
Smart homes improve energy efficiency and user convenience.,1
He enjoys woodworking in his free time and often makes furniture.,2
Artificial intelligence is transforming the healthcare industry.,1
Renewable energy sources are crucial in fighting climate change.,1
The concert was canceled due to unexpected weather conditions.,2
AI chatbots help businesses improve customer support experiences.,1
Cloud computing allows companies to scale faster and cheaper.,1
Smart homes improve energy efficiency and user convenience.,1
The movie featured a compelling storyline and excellent performances.,2
We took a scenic drive through the mountains last fall.,2
The movie featured a compelling storyline and excellent performances.,2
The concert was canceled due to unexpected weather conditions.,2
The concert was canceled due to unexpected weather conditions.,2
We took a scenic drive through the mountains last fall.,2
Artificial intelligence is transforming the healthcare industry.,1
"Using big data, scientists can predict disease outbreaks early.",1
The weather forecast predicts rain and cooler temperatures this weekend.,2
The concert was canceled due to unexpected weather conditions.,2
The movie featured a compelling storyline and excellent performances.,2
Blockchain can provide secure and transparent financial transactions.,1
"Using big data, scientists can predict disease outbreaks early.",1
The lecture on quantum mechanics was hard to follow but fascinating.,2
He enjoys woodworking in his free time and often makes furniture.,2
Smart homes improve energy efficiency and user convenience.,1
Blockchain can provide secure and transparent financial transactions.,1
Machine learning models can now detect cancer from X-rays.,1
Smart homes improve energy efficiency and user convenience.,1
She prefers reading historical novels over science fiction.,2
She practices yoga every morning to stay focused and calm.,2
Cloud computing allows companies to scale faster and cheaper.,1
Cloud computing allows companies to scale faster and cheaper.,1
Renewable energy sources are crucial in fighting climate change.,1
He enjoys woodworking in his free time and often makes furniture.,2
"Using big data, scientists can predict disease outbreaks early.",1
She prefers reading historical novels over science fiction.,2
The lecture on quantum mechanics was hard to follow but fascinating.,2
The weather forecast predicts rain and cooler temperatures this weekend.,2
Artificial intelligence is transforming the healthcare industry.,1
AI chatbots help businesses improve customer support experiences.,1
Natural language processing powers modern voice assistants.,1
Volunteering at the animal shelter was a rewarding experience.,2
Self-driving cars are being tested in several urban cities.,1
Artificial intelligence is transforming the healthcare industry.,1
The local bakery is known for its delicious sourdough bread.,2
He enjoys woodworking in his free time and often makes furniture.,2
"Using big data, scientists can predict disease outbreaks early.",1
The local bakery is known for its delicious sourdough bread.,2
Volunteering at the animal shelter was a rewarding experience.,2
Cloud computing allows companies to scale faster and cheaper.,1
The concert was canceled due to unexpected weather conditions.,2
The weather forecast predicts rain and cooler temperatures this weekend.,2
The local bakery is known for its delicious sourdough bread.,2
Volunteering at the animal shelter was a rewarding experience.,2
She practices yoga every morning to stay focused and calm.,2
"Using big data, scientists can predict disease outbreaks early.",1
He enjoys woodworking in his free time and often makes furniture.,2
The weather forecast predicts rain and cooler temperatures this weekend.,2
Self-driving cars are being tested in several urban cities.,1
Smart homes improve energy efficiency and user convenience.,1
Self-driving cars are being tested in several urban cities.,1
AI chatbots help businesses improve customer support experiences.,1
She practices yoga every morning to stay focused and calm.,2
Renewable energy sources are crucial in fighting climate change.,1
Smart homes improve energy efficiency and user convenience.,1
Renewable energy sources are crucial in fighting climate change.,1
Machine learning models can now detect cancer from X-rays.,1
The lecture on quantum mechanics was hard to follow but fascinating.,2
The movie featured a compelling storyline and excellent performances.,2
Machine learning models can now detect cancer from X-rays.,1
We took a scenic drive through the mountains last fall.,2
"Using big data, scientists can predict disease outbreaks early.",1
He enjoys woodworking in his free time and often makes furniture.,2
The concert was canceled due to unexpected weather conditions.,2
Renewable energy sources are crucial in fighting climate change.,1
The local bakery is known for its delicious sourdough bread.,2
"Using big data, scientists can predict disease outbreaks early.",1
Machine learning models can now detect cancer from X-rays.,1
The movie featured a compelling storyline and excellent performances.,2
Natural language processing powers modern voice assistants.,1
The concert was canceled due to unexpected weather conditions.,2
He enjoys woodworking in his free time and often makes furniture.,2
The local bakery is known for its delicious sourdough bread.,2
She prefers reading historical novels over science fiction.,2
Blockchain can provide secure and transparent financial transactions.,1
Cloud computing allows companies to scale faster and cheaper.,1
The concert was canceled due to unexpected weather conditions.,2
We took a scenic drive through the mountains last fall.,2
The movie featured a compelling storyline and excellent performances.,2
The lecture on quantum mechanics was hard to follow but fascinating.,2
She prefers reading historical novels over science fiction.,2
Self-driving cars are being tested in several urban cities.,1
Blockchain can provide secure and transparent financial transactions.,1
He enjoys woodworking in his free time and often makes furniture.,2
Blockchain can provide secure and transparent financial transactions.,1
Volunteering at the animal shelter was a rewarding experience.,2
He enjoys woodworking in his free time and often makes furniture.,2
Machine learning models can now detect cancer from X-rays.,1
The weather forecast predicts rain and cooler temperatures this weekend.,2
AI chatbots help businesses improve customer support experiences.,1
Self-driving cars are being tested in several urban cities.,1
Volunteering at the animal shelter was a rewarding experience.,2
Renewable energy sources are crucial in fighting climate change.,1
He enjoys woodworking in his free time and often makes furniture.,2
Renewable energy sources are crucial in fighting climate change.,1
AI chatbots help businesses improve customer support experiences.,1
Self-driving cars are being tested in several urban cities.,1
The concert was canceled due to unexpected weather conditions.,2
The lecture on quantum mechanics was hard to follow but fascinating.,2
The movie featured a compelling storyline and excellent performances.,2
Volunteering at the animal shelter was a rewarding experience.,2
The lecture on quantum mechanics was hard to follow but fascinating.,2
Smart homes improve energy efficiency and user convenience.,1
Artificial intelligence is transforming the healthcare industry.,1
The local bakery is known for its delicious sourdough bread.,2
Self-driving cars are being tested in several urban cities.,1
Volunteering at the animal shelter was a rewarding experience.,2
Renewable energy sources are crucial in fighting climate change.,1
Artificial intelligence is transforming the healthcare industry.,1
AI chatbots help businesses improve customer support experiences.,1
Volunteering at the animal shelter was a rewarding experience.,2
Self-driving cars are being tested in several urban cities.,1
Renewable energy sources are crucial in fighting climate change.,1
The lecture on quantum mechanics was hard to follow but fascinating.,2
The weather forecast predicts rain and cooler temperatures this weekend.,2
"Using big data, scientists can predict disease outbreaks early.",1
The local bakery is known for its delicious sourdough bread.,2
AI chatbots help businesses improve customer support experiences.,1
The local bakery is known for its delicious sourdough bread.,2
Artificial intelligence is transforming the healthcare industry.,1
Smart homes improve energy efficiency and user convenience.,1
Artificial intelligence is transforming the healthcare industry.,1
Artificial intelligence is transforming the healthcare industry.,1
She practices yoga every morning to stay focused and calm.,2
Cloud computing allows companies to scale faster and cheaper.,1
AI chatbots help businesses improve customer support experiences.,1
Cloud computing allows companies to scale faster and cheaper.,1
"Using big data, scientists can predict disease outbreaks early.",1
Natural language processing powers modern voice assistants.,1
Renewable energy sources are crucial in fighting climate change.,1
Cloud computing allows companies to scale faster and cheaper.,1
Cloud computing allows companies to scale faster and cheaper.,1
She prefers reading historical novels over science fiction.,2
Renewable energy sources are crucial in fighting climate change.,1
She prefers reading historical novels over science fiction.,2
Artificial intelligence is transforming the healthcare industry.,1
Natural language processing powers modern voice assistants.,1
Artificial intelligence is transforming the healthcare industry.,1
The local bakery is known for its delicious sourdough bread.,2
He enjoys woodworking in his free time and often makes furniture.,2
The weather forecast predicts rain and cooler temperatures this weekend.,2
The concert was canceled due to unexpected weather conditions.,2
Artificial intelligence is transforming the healthcare industry.,1
She practices yoga every morning to stay focused and calm.,2
The movie featured a compelling storyline and excellent performances.,2
We took a scenic drive through the mountains last fall.,2
Cloud computing allows companies to scale faster and cheaper.,1
She prefers reading historical novels over science fiction.,2
AI chatbots help businesses improve customer support experiences.,1
Cloud computing allows companies to scale faster and cheaper.,1
She practices yoga every morning to stay focused and calm.,2
The lecture on quantum mechanics was hard to follow but fascinating.,2
The movie featured a compelling storyline and excellent performances.,2
The local bakery is known for its delicious sourdough bread.,2
Blockchain can provide secure and transparent financial transactions.,1
She practices yoga every morning to stay focused and calm.,2
Cloud computing allows companies to scale faster and cheaper.,1
The lecture on quantum mechanics was hard to follow but fascinating.,2
"Using big data, scientists can predict disease outbreaks early.",1
Artificial intelligence is transforming the healthcare industry.,1
The movie featured a compelling storyline and excellent performances.,2
Self-driving cars are being tested in several urban cities.,1
Volunteering at the animal shelter was a rewarding experience.,2
The movie featured a compelling storyline and excellent performances.,2
Machine learning models can now detect cancer from X-rays.,1
The movie featured a compelling storyline and excellent performances.,2
She practices yoga every morning to stay focused and calm.,2
The movie featured a compelling storyline and excellent performances.,2
Natural language processing powers modern voice assistants.,1
Natural language processing powers modern voice assistants.,1
Volunteering at the animal shelter was a rewarding experience.,2
She prefers reading historical novels over science fiction.,2
Smart homes improve energy efficiency and user convenience.,1
He enjoys woodworking in his free time and often makes furniture.,2
The local bakery is known for its delicious sourdough bread.,2
He enjoys woodworking in his free time and often makes furniture.,2
Machine learning models can now detect cancer from X-rays.,1
Renewable energy sources are crucial in fighting climate change.,1
He enjoys woodworking in his free time and often makes furniture.,2
He enjoys woodworking in his free time and often makes furniture.,2
"Using big data, scientists can predict disease outbreaks early.",1
The weather forecast predicts rain and cooler temperatures this weekend.,2
Renewable energy sources are crucial in fighting climate change.,1
Machine learning models can now detect cancer from X-rays.,1
The weather forecast predicts rain and cooler temperatures this weekend.,2
Natural language processing powers modern voice assistants.,1
Cloud computing allows companies to scale faster and cheaper.,1
The movie featured a compelling storyline and excellent performances.,2
We took a scenic drive through the mountains last fall.,2
The local bakery is known for its delicious sourdough bread.,2
Cloud computing allows companies to scale faster and cheaper.,1
The local bakery is known for its delicious sourdough bread.,2
The weather forecast predicts rain and cooler temperatures this weekend.,2
The local bakery is known for its delicious sourdough bread.,2
The lecture on quantum mechanics was hard to follow but fascinating.,2
She prefers reading historical novels over science fiction.,2
"Using big data, scientists can predict disease outbreaks early.",1
Artificial intelligence is transforming the healthcare industry.,1
The lecture on quantum mechanics was hard to follow but fascinating.,2
Blockchain can provide secure and transparent financial transactions.,1
Blockchain can provide secure and transparent financial transactions.,1
She practices yoga every morning to stay focused and calm.,2
AI chatbots help businesses improve customer support experiences.,1
The local bakery is known for its delicious sourdough bread.,2
The concert was canceled due to unexpected weather conditions.,2
Volunteering at the animal shelter was a rewarding experience.,2
Cloud computing allows companies to scale faster and cheaper.,1
Machine learning models can now detect cancer from X-rays.,1
Artificial intelligence is transforming the healthcare industry.,1
The concert was canceled due to unexpected weather conditions.,2
Volunteering at the animal shelter was a rewarding experience.,2
Artificial intelligence is transforming the healthcare industry.,1
Self-driving cars are being tested in several urban cities.,1
Artificial intelligence is transforming the healthcare industry.,1
Volunteering at the animal shelter was a rewarding experience.,2
She practices yoga every morning to stay focused and calm.,2
Renewable energy sources are crucial in fighting climate change.,1
Renewable energy sources are crucial in fighting climate change.,1
Smart homes improve energy efficiency and user convenience.,1
The local bakery is known for its delicious sourdough bread.,2
The concert was canceled due to unexpected weather conditions.,2
The concert was canceled due to unexpected weather conditions.,2
The lecture on quantum mechanics was hard to follow but fascinating.,2
The concert was canceled due to unexpected weather conditions.,2
Blockchain can provide secure and transparent financial transactions.,1
The lecture on quantum mechanics was hard to follow but fascinating.,2
AI chatbots help businesses improve customer support experiences.,1
Self-driving cars are being tested in several urban cities.,1
The lecture on quantum mechanics was hard to follow but fascinating.,2
Natural language processing powers modern voice assistants.,1
Renewable energy sources are crucial in fighting climate change.,1
The concert was canceled due to unexpected weather conditions.,2
Natural language processing powers modern voice assistants.,1
Renewable energy sources are crucial in fighting climate change.,1
"Using big data, scientists can predict disease outbreaks early.",1
Artificial intelligence is transforming the healthcare industry.,1
Renewable energy sources are crucial in fighting climate change.,1
The concert was canceled due to unexpected weather conditions.,2
He enjoys woodworking in his free time and often makes furniture.,2
She practices yoga every morning to stay focused and calm.,2
The movie featured a compelling storyline and excellent performances.,2
Smart homes improve energy efficiency and user convenience.,1
Cloud computing allows companies to scale faster and cheaper.,1
The concert was canceled due to unexpected weather conditions.,2
"Using big data, scientists can predict disease outbreaks early.",1
The lecture on quantum mechanics was hard to follow but fascinating.,2
We took a scenic drive through the mountains last fall.,2
Renewable energy sources are crucial in fighting climate change.,1
Blockchain can provide secure and transparent financial transactions.,1
Volunteering at the animal shelter was a rewarding experience.,2
She prefers reading historical novels over science fiction.,2
The movie featured a compelling storyline and excellent performances.,2
The weather forecast predicts rain and cooler temperatures this weekend.,2
She practices yoga every morning to stay focused and calm.,2
He enjoys woodworking in his free time and often makes furniture.,2
Natural language processing powers modern voice assistants.,1
The lecture on quantum mechanics was hard to follow but fascinating.,2
The movie featured a compelling storyline and excellent performances.,2
"Using big data, scientists can predict disease outbreaks early.",1
The local bakery is known for its delicious sourdough bread.,2
We took a scenic drive through the mountains last fall.,2
Smart homes improve energy efficiency and user convenience.,1
She practices yoga every morning to stay focused and calm.,2
Blockchain can provide secure and transparent financial transactions.,1
The lecture on quantum mechanics was hard to follow but fascinating.,2
She practices yoga every morning to stay focused and calm.,2
Volunteering at the animal shelter was a rewarding experience.,2
She prefers reading historical novels over science fiction.,2
AI chatbots help businesses improve customer support experiences.,1
He enjoys woodworking in his free time and often makes furniture.,2
The lecture on quantum mechanics was hard to follow but fascinating.,2
AI chatbots help businesses improve customer support experiences.,1
She prefers reading historical novels over science fiction.,2
She practices yoga every morning to stay focused and calm.,2
She practices yoga every morning to stay focused and calm.,2
Renewable energy sources are crucial in fighting climate change.,1
She prefers reading historical novels over science fiction.,2
Smart homes improve energy efficiency and user convenience.,1
She practices yoga every morning to stay focused and calm.,2
Smart homes improve energy efficiency and user convenience.,1
Natural language processing powers modern voice assistants.,1
She prefers reading historical novels over science fiction.,2
The movie featured a compelling storyline and excellent performances.,2
He enjoys woodworking in his free time and often makes furniture.,2
Renewable energy sources are crucial in fighting climate change.,1
Natural language processing powers modern voice assistants.,1
The concert was canceled due to unexpected weather conditions.,2
AI chatbots help businesses improve customer support experiences.,1
Machine learning models can now detect cancer from X-rays.,1
She prefers reading historical novels over science fiction.,2
Cloud computing allows companies to scale faster and cheaper.,1
"Using big data, scientists can predict disease outbreaks early.",1
Artificial intelligence is transforming the healthcare industry.,1
The local bakery is known for its delicious sourdough bread.,2
The local bakery is known for its delicious sourdough bread.,2
Self-driving cars are being tested in several urban cities.,1
Machine learning models can now detect cancer from X-rays.,1
The weather forecast predicts rain and cooler temperatures this weekend.,2
Volunteering at the animal shelter was a rewarding experience.,2
"Using big data, scientists can predict disease outbreaks early.",1
Cloud computing allows companies to scale faster and cheaper.,1
We took a scenic drive through the mountains last fall.,2
She practices yoga every morning to stay focused and calm.,2
We took a scenic drive through the mountains last fall.,2
Volunteering at the animal shelter was a rewarding experience.,2
The movie featured a compelling storyline and excellent performances.,2
The weather forecast predicts rain and cooler temperatures this weekend.,2
Volunteering at the animal shelter was a rewarding experience.,2
Machine learning models can now detect cancer from X-rays.,1
The concert was canceled due to unexpected weather conditions.,2
Renewable energy sources are crucial in fighting climate change.,1
Self-driving cars are being tested in several urban cities.,1
She prefers reading historical novels over science fiction.,2
Machine learning models can now detect cancer from X-rays.,1
Self-driving cars are being tested in several urban cities.,1
The local bakery is known for its delicious sourdough bread.,2
We took a scenic drive through the mountains last fall.,2
Cloud computing allows companies to scale faster and cheaper.,1
AI chatbots help businesses improve customer support experiences.,1
Self-driving cars are being tested in several urban cities.,1
She prefers reading historical novels over science fiction.,2
"Using big data, scientists can predict disease outbreaks early.",1
The weather forecast predicts rain and cooler temperatures this weekend.,2
Natural language processing powers modern voice assistants.,1
The concert was canceled due to unexpected weather conditions.,2
He enjoys woodworking in his free time and often makes furniture.,2
AI chatbots help businesses improve customer support experiences.,1
He enjoys woodworking in his free time and often makes furniture.,2
The local bakery is known for its delicious sourdough bread.,2
Natural language processing powers modern voice assistants.,1
Artificial intelligence is transforming the healthcare industry.,1
Artificial intelligence is transforming the healthcare industry.,1
Machine learning models can now detect cancer from X-rays.,1
Renewable energy sources are crucial in fighting climate change.,1
The lecture on quantum mechanics was hard to follow but fascinating.,2
The local bakery is known for its delicious sourdough bread.,2
Self-driving cars are being tested in several urban cities.,1
Renewable energy sources are crucial in fighting climate change.,1
Renewable energy sources are crucial in fighting climate change.,1
The weather forecast predicts rain and cooler temperatures this weekend.,2
She practices yoga every morning to stay focused and calm.,2
Cloud computing allows companies to scale faster and cheaper.,1
Renewable energy sources are crucial in fighting climate change.,1
She practices yoga every morning to stay focused and calm.,2
She prefers reading historical novels over science fiction.,2
Blockchain can provide secure and transparent financial transactions.,1
The lecture on quantum mechanics was hard to follow but fascinating.,2
The local bakery is known for its delicious sourdough bread.,2
Artificial intelligence is transforming the healthcare industry.,1
Machine learning models can now detect cancer from X-rays.,1
Renewable energy sources are crucial in fighting climate change.,1
The weather forecast predicts rain and cooler temperatures this weekend.,2
Renewable energy sources are crucial in fighting climate change.,1
We took a scenic drive through the mountains last fall.,2
Natural language processing powers modern voice assistants.,1
Self-driving cars are being tested in several urban cities.,1
Artificial intelligence is transforming the healthcare industry.,1
He enjoys woodworking in his free time and often makes furniture.,2
Blockchain can provide secure and transparent financial transactions.,1
The local bakery is known for its delicious sourdough bread.,2
He enjoys woodworking in his free time and often makes furniture.,2
The lecture on quantum mechanics was hard to follow but fascinating.,2
"Using big data, scientists can predict disease outbreaks early.",1
AI chatbots help businesses improve customer support experiences.,1
The local bakery is known for its delicious sourdough bread.,2
Natural language processing powers modern voice assistants.,1
Cloud computing allows companies to scale faster and cheaper.,1
The weather forecast predicts rain and cooler temperatures this weekend.,2
The weather forecast predicts rain and cooler temperatures this weekend.,2
Cloud computing allows companies to scale faster and cheaper.,1
Self-driving cars are being tested in several urban cities.,1
The local bakery is known for its delicious sourdough bread.,2
She practices yoga every morning to stay focused and calm.,2
Volunteering at the animal shelter was a rewarding experience.,2
The movie featured a compelling storyline and excellent performances.,2
He enjoys woodworking in his free time and often makes furniture.,2
We took a scenic drive through the mountains last fall.,2
Cloud computing allows companies to scale faster and cheaper.,1
"Using big data, scientists can predict disease outbreaks early.",1
Renewable energy sources are crucial in fighting climate change.,1
The lecture on quantum mechanics was hard to follow but fascinating.,2
She prefers reading historical novels over science fiction.,2
Cloud computing allows companies to scale faster and cheaper.,1
Renewable energy sources are crucial in fighting climate change.,1
The movie featured a compelling storyline and excellent performances.,2
The concert was canceled due to unexpected weather conditions.,2
She prefers reading historical novels over science fiction.,2
Natural language processing powers modern voice assistants.,1
Blockchain can provide secure and transparent financial transactions.,1
Blockchain can provide secure and transparent financial transactions.,1
Renewable energy sources are crucial in fighting climate change.,1
She practices yoga every morning to stay focused and calm.,2
Cloud computing allows companies to scale faster and cheaper.,1
He enjoys woodworking in his free time and often makes furniture.,2
"Using big data, scientists can predict disease outbreaks early.",1
The lecture on quantum mechanics was hard to follow but fascinating.,2
Artificial intelligence is transforming the healthcare industry.,1
The local bakery is known for its delicious sourdough bread.,2
She prefers reading historical novels over science fiction.,2
Blockchain can provide secure and transparent financial transactions.,1
He enjoys woodworking in his free time and often makes furniture.,2
"Using big data, scientists can predict disease outbreaks early.",1
Smart homes improve energy efficiency and user convenience.,1
The weather forecast predicts rain and cooler temperatures this weekend.,2
Smart homes improve energy efficiency and user convenience.,1
Volunteering at the animal shelter was a rewarding experience.,2
The weather forecast predicts rain and cooler temperatures this weekend.,2
Artificial intelligence is transforming the healthcare industry.,1
AI chatbots help businesses improve customer support experiences.,1
AI chatbots help businesses improve customer support experiences.,1
Smart homes improve energy efficiency and user convenience.,1
The local bakery is known for its delicious sourdough bread.,2
She prefers reading historical novels over science fiction.,2
The local bakery is known for its delicious sourdough bread.,2
Blockchain can provide secure and transparent financial transactions.,1
She practices yoga every morning to stay focused and calm.,2
"Using big data, scientists can predict disease outbreaks early.",1
The local bakery is known for its delicious sourdough bread.,2
She practices yoga every morning to stay focused and calm.,2
Smart homes improve energy efficiency and user convenience.,1
The movie featured a compelling storyline and excellent performances.,2
"Using big data, scientists can predict disease outbreaks early.",1
She practices yoga every morning to stay focused and calm.,2
She prefers reading historical novels over science fiction.,2
The movie featured a compelling storyline and excellent performances.,2
Cloud computing allows companies to scale faster and cheaper.,1
The lecture on quantum mechanics was hard to follow but fascinating.,2
Natural language processing powers modern voice assistants.,1
AI chatbots help businesses improve customer support experiences.,1
Self-driving cars are being tested in several urban cities.,1
She practices yoga every morning to stay focused and calm.,2
Renewable energy sources are crucial in fighting climate change.,1
Renewable energy sources are crucial in fighting climate change.,1
Volunteering at the animal shelter was a rewarding experience.,2
The movie featured a compelling storyline and excellent performances.,2
The lecture on quantum mechanics was hard to follow but fascinating.,2
The concert was canceled due to unexpected weather conditions.,2
The lecture on quantum mechanics was hard to follow but fascinating.,2
Blockchain can provide secure and transparent financial transactions.,1
AI chatbots help businesses improve customer support experiences.,1
Volunteering at the animal shelter was a rewarding experience.,2
Blockchain can provide secure and transparent financial transactions.,1
Blockchain can provide secure and transparent financial transactions.,1
She practices yoga every morning to stay focused and calm.,2
He enjoys woodworking in his free time and often makes furniture.,2
We took a scenic drive through the mountains last fall.,2
The local bakery is known for its delicious sourdough bread.,2
The concert was canceled due to unexpected weather conditions.,2
We took a scenic drive through the mountains last fall.,2
The lecture on quantum mechanics was hard to follow but fascinating.,2
AI chatbots help businesses improve customer support experiences.,1
Machine learning models can now detect cancer from X-rays.,1
He enjoys woodworking in his free time and often makes furniture.,2
Smart homes improve energy efficiency and user convenience.,1
He enjoys woodworking in his free time and often makes furniture.,2
AI chatbots help businesses improve customer support experiences.,1
He enjoys woodworking in his free time and often makes furniture.,2
Blockchain can provide secure and transparent financial transactions.,1
She prefers reading historical novels over science fiction.,2
Blockchain can provide secure and transparent financial transactions.,1
Natural language processing powers modern voice assistants.,1
Volunteering at the animal shelter was a rewarding experience.,2
Blockchain can provide secure and transparent financial transactions.,1
Machine learning models can now detect cancer from X-rays.,1
The lecture on quantum mechanics was hard to follow but fascinating.,2
Self-driving cars are being tested in several urban cities.,1
She prefers reading historical novels over science fiction.,2
She practices yoga every morning to stay focused and calm.,2
Smart homes improve energy efficiency and user convenience.,1
He enjoys woodworking in his free time and often makes furniture.,2
The concert was canceled due to unexpected weather conditions.,2
He enjoys woodworking in his free time and often makes furniture.,2
Renewable energy sources are crucial in fighting climate change.,1
Artificial intelligence is transforming the healthcare industry.,1
He enjoys woodworking in his free time and often makes furniture.,2
Machine learning models can now detect cancer from X-rays.,1
The lecture on quantum mechanics was hard to follow but fascinating.,2
The concert was canceled due to unexpected weather conditions.,2
Smart homes improve energy efficiency and user convenience.,1
The lecture on quantum mechanics was hard to follow but fascinating.,2
Cloud computing allows companies to scale faster and cheaper.,1
She practices yoga every morning to stay focused and calm.,2
Self-driving cars are being tested in several urban cities.,1
"Using big data, scientists can predict disease outbreaks early.",1
We took a scenic drive through the mountains last fall.,2
He enjoys woodworking in his free time and often makes furniture.,2
Natural language processing powers modern voice assistants.,1
Cloud computing allows companies to scale faster and cheaper.,1
Self-driving cars are being tested in several urban cities.,1
The concert was canceled due to unexpected weather conditions.,2
The concert was canceled due to unexpected weather conditions.,2
Blockchain can provide secure and transparent financial transactions.,1
The movie featured a compelling storyline and excellent performances.,2
The movie featured a compelling storyline and excellent performances.,2
"Using big data, scientists can predict disease outbreaks early.",1
Self-driving cars are being tested in several urban cities.,1
We took a scenic drive through the mountains last fall.,2
Volunteering at the animal shelter was a rewarding experience.,2
Smart homes improve energy efficiency and user convenience.,1
"Using big data, scientists can predict disease outbreaks early.",1
She prefers reading historical novels over science fiction.,2
Cloud computing allows companies to scale faster and cheaper.,1
We took a scenic drive through the mountains last fall.,2
We took a scenic drive through the mountains last fall.,2
She practices yoga every morning to stay focused and calm.,2
Blockchain can provide secure and transparent financial transactions.,1
He enjoys woodworking in his free time and often makes furniture.,2
The lecture on quantum mechanics was hard to follow but fascinating.,2
We took a scenic drive through the mountains last fall.,2
The concert was canceled due to unexpected weather conditions.,2
Blockchain can provide secure and transparent financial transactions.,1
Blockchain can provide secure and transparent financial transactions.,1
We took a scenic drive through the mountains last fall.,2
The weather forecast predicts rain and cooler temperatures this weekend.,2
Blockchain can provide secure and transparent financial transactions.,1
The local bakery is known for its delicious sourdough bread.,2
Artificial intelligence is transforming the healthcare industry.,1
The weather forecast predicts rain and cooler temperatures this weekend.,2
Machine learning models can now detect cancer from X-rays.,1
He enjoys woodworking in his free time and often makes furniture.,2
The movie featured a compelling storyline and excellent performances.,2
Machine learning models can now detect cancer from X-rays.,1
She practices yoga every morning to stay focused and calm.,2
We took a scenic drive through the mountains last fall.,2
AI chatbots help businesses improve customer support experiences.,1
She prefers reading historical novels over science fiction.,2
"Using big data, scientists can predict disease outbreaks early.",1
Artificial intelligence is transforming the healthcare industry.,1
We took a scenic drive through the mountains last fall.,2
Volunteering at the animal shelter was a rewarding experience.,2
The lecture on quantum mechanics was hard to follow but fascinating.,2
Artificial intelligence is transforming the healthcare industry.,1
She prefers reading historical novels over science fiction.,2
Natural language processing powers modern voice assistants.,1
Cloud computing allows companies to scale faster and cheaper.,1
Artificial intelligence is transforming the healthcare industry.,1
Cloud computing allows companies to scale faster and cheaper.,1
Volunteering at the animal shelter was a rewarding experience.,2
Smart homes improve energy efficiency and user convenience.,1
We took a scenic drive through the mountains last fall.,2
Blockchain can provide secure and transparent financial transactions.,1
She practices yoga every morning to stay focused and calm.,2
Self-driving cars are being tested in several urban cities.,1
Natural language processing powers modern voice assistants.,1
The weather forecast predicts rain and cooler temperatures this weekend.,2
The concert was canceled due to unexpected weather conditions.,2
We took a scenic drive through the mountains last fall.,2
The weather forecast predicts rain and cooler temperatures this weekend.,2
Machine learning models can now detect cancer from X-rays.,1
She prefers reading historical novels over science fiction.,2
Blockchain can provide secure and transparent financial transactions.,1
Cloud computing allows companies to scale faster and cheaper.,1
Machine learning models can now detect cancer from X-rays.,1
Cloud computing allows companies to scale faster and cheaper.,1
Artificial intelligence is transforming the healthcare industry.,1
We took a scenic drive through the mountains last fall.,2
He enjoys woodworking in his free time and often makes furniture.,2
Smart homes improve energy efficiency and user convenience.,1
Machine learning models can now detect cancer from X-rays.,1
Machine learning models can now detect cancer from X-rays.,1
Renewable energy sources are crucial in fighting climate change.,1
Cloud computing allows companies to scale faster and cheaper.,1
"Using big data, scientists can predict disease outbreaks early.",1
Natural language processing powers modern voice assistants.,1
Artificial intelligence is transforming the healthcare industry.,1
Volunteering at the animal shelter was a rewarding experience.,2
Machine learning models can now detect cancer from X-rays.,1
He enjoys woodworking in his free time and often makes furniture.,2
She prefers reading historical novels over science fiction.,2
He enjoys woodworking in his free time and often makes furniture.,2
"Using big data, scientists can predict disease outbreaks early.",1
He enjoys woodworking in his free time and often makes furniture.,2
He enjoys woodworking in his free time and often makes furniture.,2
We took a scenic drive through the mountains last fall.,2
We took a scenic drive through the mountains last fall.,2
AI chatbots help businesses improve customer support experiences.,1
Machine learning models can now detect cancer from X-rays.,1
Smart homes improve energy efficiency and user convenience.,1
Self-driving cars are being tested in several urban cities.,1
"Using big data, scientists can predict disease outbreaks early.",1
Natural language processing powers modern voice assistants.,1
She practices yoga every morning to stay focused and calm.,2
Renewable energy sources are crucial in fighting climate change.,1
He enjoys woodworking in his free time and often makes furniture.,2
The lecture on quantum mechanics was hard to follow but fascinating.,2
She prefers reading historical novels over science fiction.,2
Renewable energy sources are crucial in fighting climate change.,1
The concert was canceled due to unexpected weather conditions.,2
Smart homes improve energy efficiency and user convenience.,1
AI chatbots help businesses improve customer support experiences.,1
"Using big data, scientists can predict disease outbreaks early.",1
The local bakery is known for its delicious sourdough bread.,2
Machine learning models can now detect cancer from X-rays.,1
The lecture on quantum mechanics was hard to follow but fascinating.,2
She prefers reading historical novels over science fiction.,2
He enjoys woodworking in his free time and often makes furniture.,2
Cloud computing allows companies to scale faster and cheaper.,1
She prefers reading historical novels over science fiction.,2
AI chatbots help businesses improve customer support experiences.,1
Natural language processing powers modern voice assistants.,1
The concert was canceled due to unexpected weather conditions.,2
Machine learning models can now detect cancer from X-rays.,1
The lecture on quantum mechanics was hard to follow but fascinating.,2
He enjoys woodworking in his free time and often makes furniture.,2
The concert was canceled due to unexpected weather conditions.,2
Self-driving cars are being tested in several urban cities.,1
Renewable energy sources are crucial in fighting climate change.,1
Self-driving cars are being tested in several urban cities.,1
He enjoys woodworking in his free time and often makes furniture.,2
Cloud computing allows companies to scale faster and cheaper.,1
The lecture on quantum mechanics was hard to follow but fascinating.,2
We took a scenic drive through the mountains last fall.,2
Natural language processing powers modern voice assistants.,1
AI chatbots help businesses improve customer support experiences.,1
"Using big data, scientists can predict disease outbreaks early.",1
Smart homes improve energy efficiency and user convenience.,1
Smart homes improve energy efficiency and user convenience.,1
Blockchain can provide secure and transparent financial transactions.,1
Blockchain can provide secure and transparent financial transactions.,1
We took a scenic drive through the mountains last fall.,2
He enjoys woodworking in his free time and often makes furniture.,2
She practices yoga every morning to stay focused and calm.,2
The movie featured a compelling storyline and excellent performances.,2
Renewable energy sources are crucial in fighting climate change.,1
The concert was canceled due to unexpected weather conditions.,2
Renewable energy sources are crucial in fighting climate change.,1
The concert was canceled due to unexpected weather conditions.,2
Cloud computing allows companies to scale faster and cheaper.,1
Artificial intelligence is transforming the healthcare industry.,1
The lecture on quantum mechanics was hard to follow but fascinating.,2
He enjoys woodworking in his free time and often makes furniture.,2
"Using big data, scientists can predict disease outbreaks early.",1
The weather forecast predicts rain and cooler temperatures this weekend.,2
Natural language processing powers modern voice assistants.,1
The concert was canceled due to unexpected weather conditions.,2
Natural language processing powers modern voice assistants.,1
"Using big data, scientists can predict disease outbreaks early.",1
Artificial intelligence is transforming the healthcare industry.,1
"Using big data, scientists can predict disease outbreaks early.",1
She prefers reading historical novels over science fiction.,2
Blockchain can provide secure and transparent financial transactions.,1
AI chatbots help businesses improve customer support experiences.,1
She practices yoga every morning to stay focused and calm.,2
Natural language processing powers modern voice assistants.,1
Machine learning models can now detect cancer from X-rays.,1
The lecture on quantum mechanics was hard to follow but fascinating.,2
AI chatbots help businesses improve customer support experiences.,1
Machine learning models can now detect cancer from X-rays.,1
AI chatbots help businesses improve customer support experiences.,1
The concert was canceled due to unexpected weather conditions.,2
Blockchain can provide secure and transparent financial transactions.,1
The lecture on quantum mechanics was hard to follow but fascinating.,2
Artificial intelligence is transforming the healthcare industry.,1
Smart homes improve energy efficiency and user convenience.,1
The lecture on quantum mechanics was hard to follow but fascinating.,2
The weather forecast predicts rain and cooler temperatures this weekend.,2
Smart homes improve energy efficiency and user convenience.,1
Artificial intelligence is transforming the healthcare industry.,1
Blockchain can provide secure and transparent financial transactions.,1
We took a scenic drive through the mountains last fall.,2
The local bakery is known for its delicious sourdough bread.,2
The lecture on quantum mechanics was hard to follow but fascinating.,2
Natural language processing powers modern voice assistants.,1
Blockchain can provide secure and transparent financial transactions.,1
"Using big data, scientists can predict disease outbreaks early.",1
The movie featured a compelling storyline and excellent performances.,2
Smart homes improve energy efficiency and user convenience.,1
She practices yoga every morning to stay focused and calm.,2
The lecture on quantum mechanics was hard to follow but fascinating.,2
Cloud computing allows companies to scale faster and cheaper.,1
Artificial intelligence is transforming the healthcare industry.,1
Natural language processing powers modern voice assistants.,1
Self-driving cars are being tested in several urban cities.,1
Natural language processing powers modern voice assistants.,1
She practices yoga every morning to stay focused and calm.,2
Self-driving cars are being tested in several urban cities.,1
The concert was canceled due to unexpected weather conditions.,2
The local bakery is known for its delicious sourdough bread.,2
The local bakery is known for its delicious sourdough bread.,2
We took a scenic drive through the mountains last fall.,2
Volunteering at the animal shelter was a rewarding experience.,2
Cloud computing allows companies to scale faster and cheaper.,1
Smart homes improve energy efficiency and user convenience.,1
She prefers reading historical novels over science fiction.,2
"Using big data, scientists can predict disease outbreaks early.",1
Volunteering at the animal shelter was a rewarding experience.,2
She practices yoga every morning to stay focused and calm.,2
Artificial intelligence is transforming the healthcare industry.,1
She practices yoga every morning to stay focused and calm.,2
Natural language processing powers modern voice assistants.,1
AI chatbots help businesses improve customer support experiences.,1
The local bakery is known for its delicious sourdough bread.,2
The local bakery is known for its delicious sourdough bread.,2
The concert was canceled due to unexpected weather conditions.,2
She prefers reading historical novels over science fiction.,2
The lecture on quantum mechanics was hard to follow but fascinating.,2
Smart homes improve energy efficiency and user convenience.,1
AI chatbots help businesses improve customer support experiences.,1
The movie featured a compelling storyline and excellent performances.,2
Self-driving cars are being tested in several urban cities.,1
Blockchain can provide secure and transparent financial transactions.,1
The weather forecast predicts rain and cooler temperatures this weekend.,2
She prefers reading historical novels over science fiction.,2
The lecture on quantum mechanics was hard to follow but fascinating.,2
The concert was canceled due to unexpected weather conditions.,2
We took a scenic drive through the mountains last fall.,2
Cloud computing allows companies to scale faster and cheaper.,1
Blockchain can provide secure and transparent financial transactions.,1
Renewable energy sources are crucial in fighting climate change.,1
Volunteering at the animal shelter was a rewarding experience.,2
The lecture on quantum mechanics was hard to follow but fascinating.,2
He enjoys woodworking in his free time and often makes furniture.,2
The local bakery is known for its delicious sourdough bread.,2
The lecture on quantum mechanics was hard to follow but fascinating.,2
The concert was canceled due to unexpected weather conditions.,2
The local bakery is known for its delicious sourdough bread.,2
The concert was canceled due to unexpected weather conditions.,2
Machine learning models can now detect cancer from X-rays.,1
Cloud computing allows companies to scale faster and cheaper.,1
She prefers reading historical novels over science fiction.,2
He enjoys woodworking in his free time and often makes furniture.,2
We took a scenic drive through the mountains last fall.,2
The movie featured a compelling storyline and excellent performances.,2
He enjoys woodworking in his free time and often makes furniture.,2
Self-driving cars are being tested in several urban cities.,1
Cloud computing allows companies to scale faster and cheaper.,1
Natural language processing powers modern voice assistants.,1
The weather forecast predicts rain and cooler temperatures this weekend.,2
We took a scenic drive through the mountains last fall.,2
AI chatbots help businesses improve customer support experiences.,1
"Using big data, scientists can predict disease outbreaks early.",1
The concert was canceled due to unexpected weather conditions.,2
Smart homes improve energy efficiency and user convenience.,1
Artificial intelligence is transforming the healthcare industry.,1
Smart homes improve energy efficiency and user convenience.,1
The concert was canceled due to unexpected weather conditions.,2
Volunteering at the animal shelter was a rewarding experience.,2
The weather forecast predicts rain and cooler temperatures this weekend.,2
She prefers reading historical novels over science fiction.,2
The weather forecast predicts rain and cooler temperatures this weekend.,2
Renewable energy sources are crucial in fighting climate change.,1
We took a scenic drive through the mountains last fall.,2
Volunteering at the animal shelter was a rewarding experience.,2
We took a scenic drive through the mountains last fall.,2
She prefers reading historical novels over science fiction.,2
Artificial intelligence is transforming the healthcare industry.,1
Self-driving cars are being tested in several urban cities.,1
AI chatbots help businesses improve customer support experiences.,1
"Using big data, scientists can predict disease outbreaks early.",1
We took a scenic drive through the mountains last fall.,2
The weather forecast predicts rain and cooler temperatures this weekend.,2
Blockchain can provide secure and transparent financial transactions.,1
Smart homes improve energy efficiency and user convenience.,1
The concert was canceled due to unexpected weather conditions.,2
Machine learning models can now detect cancer from X-rays.,1
He enjoys woodworking in his free time and often makes furniture.,2
Artificial intelligence is transforming the healthcare industry.,1
Self-driving cars are being tested in several urban cities.,1
AI chatbots help businesses improve customer support experiences.,1
Self-driving cars are being tested in several urban cities.,1
The weather forecast predicts rain and cooler temperatures this weekend.,2
"Using big data, scientists can predict disease outbreaks early.",1
The local bakery is known for its delicious sourdough bread.,2
Cloud computing allows companies to scale faster and cheaper.,1
AI chatbots help businesses improve customer support experiences.,1
Renewable energy sources are crucial in fighting climate change.,1
Renewable energy sources are crucial in fighting climate change.,1
Volunteering at the animal shelter was a rewarding experience.,2
We took a scenic drive through the mountains last fall.,2
Volunteering at the animal shelter was a rewarding experience.,2
Artificial intelligence is transforming the healthcare industry.,1
Natural language processing powers modern voice assistants.,1
"Using big data, scientists can predict disease outbreaks early.",1
Self-driving cars are being tested in several urban cities.,1
He enjoys woodworking in his free time and often makes furniture.,2
The weather forecast predicts rain and cooler temperatures this weekend.,2
We took a scenic drive through the mountains last fall.,2
Cloud computing allows companies to scale faster and cheaper.,1
She practices yoga every morning to stay focused and calm.,2
Artificial intelligence is transforming the healthcare industry.,1
Machine learning models can now detect cancer from X-rays.,1
The movie featured a compelling storyline and excellent performances.,2
Natural language processing powers modern voice assistants.,1
"Using big data, scientists can predict disease outbreaks early.",1
The weather forecast predicts rain and cooler temperatures this weekend.,2
The local bakery is known for its delicious sourdough bread.,2
Blockchain can provide secure and transparent financial transactions.,1
She prefers reading historical novels over science fiction.,2
She practices yoga every morning to stay focused and calm.,2
"Using big data, scientists can predict disease outbreaks early.",1
Volunteering at the animal shelter was a rewarding experience.,2
Natural language processing powers modern voice assistants.,1
She practices yoga every morning to stay focused and calm.,2
Self-driving cars are being tested in several urban cities.,1
We took a scenic drive through the mountains last fall.,2
Machine learning models can now detect cancer from X-rays.,1
She prefers reading historical novels over science fiction.,2
We took a scenic drive through the mountains last fall.,2
Blockchain can provide secure and transparent financial transactions.,1
She practices yoga every morning to stay focused and calm.,2
AI chatbots help businesses improve customer support experiences.,1
Smart homes improve energy efficiency and user convenience.,1
Artificial intelligence is transforming the healthcare industry.,1
She practices yoga every morning to stay focused and calm.,2
The weather forecast predicts rain and cooler temperatures this weekend.,2
The weather forecast predicts rain and cooler temperatures this weekend.,2
Machine learning models can now detect cancer from X-rays.,1
She prefers reading historical novels over science fiction.,2
Self-driving cars are being tested in several urban cities.,1
Volunteering at the animal shelter was a rewarding experience.,2
Smart homes improve energy efficiency and user convenience.,1
The local bakery is known for its delicious sourdough bread.,2
The local bakery is known for its delicious sourdough bread.,2
Volunteering at the animal shelter was a rewarding experience.,2
Smart homes improve energy efficiency and user convenience.,1
The local bakery is known for its delicious sourdough bread.,2
The local bakery is known for its delicious sourdough bread.,2
The movie featured a compelling storyline and excellent performances.,2
Artificial intelligence is transforming the healthcare industry.,1
Volunteering at the animal shelter was a rewarding experience.,2
The movie featured a compelling storyline and excellent performances.,2
He enjoys woodworking in his free time and often makes furniture.,2
Smart homes improve energy efficiency and user convenience.,1
AI chatbots help businesses improve customer support experiences.,1
She prefers reading historical novels over science fiction.,2
The lecture on quantum mechanics was hard to follow but fascinating.,2
Smart homes improve energy efficiency and user convenience.,1
Cloud computing allows companies to scale faster and cheaper.,1
AI chatbots help businesses improve customer support experiences.,1
She practices yoga every morning to stay focused and calm.,2
Self-driving cars are being tested in several urban cities.,1
"Using big data, scientists can predict disease outbreaks early.",1
Machine learning models can now detect cancer from X-rays.,1
AI chatbots help businesses improve customer support experiences.,1
The lecture on quantum mechanics was hard to follow but fascinating.,2
She practices yoga every morning to stay focused and calm.,2
The weather forecast predicts rain and cooler temperatures this weekend.,2
Renewable energy sources are crucial in fighting climate change.,1
He enjoys woodworking in his free time and often makes furniture.,2
The local bakery is known for its delicious sourdough bread.,2
"Using big data, scientists can predict disease outbreaks early.",1
Volunteering at the animal shelter was a rewarding experience.,2
The local bakery is known for its delicious sourdough bread.,2
Machine learning models can now detect cancer from X-rays.,1
She practices yoga every morning to stay focused and calm.,2
She practices yoga every morning to stay focused and calm.,2
Self-driving cars are being tested in several urban cities.,1
Machine learning models can now detect cancer from X-rays.,1
He enjoys woodworking in his free time and often makes furniture.,2
She practices yoga every morning to stay focused and calm.,2
Volunteering at the animal shelter was a rewarding experience.,2
He enjoys woodworking in his free time and often makes furniture.,2
Self-driving cars are being tested in several urban cities.,1
We took a scenic drive through the mountains last fall.,2
The weather forecast predicts rain and cooler temperatures this weekend.,2
She practices yoga every morning to stay focused and calm.,2
Machine learning models can now detect cancer from X-rays.,1
AI chatbots help businesses improve customer support experiences.,1
Renewable energy sources are crucial in fighting climate change.,1
The concert was canceled due to unexpected weather conditions.,2
Natural language processing powers modern voice assistants.,1
"Using big data, scientists can predict disease outbreaks early.",1
Blockchain can provide secure and transparent financial transactions.,1
We took a scenic drive through the mountains last fall.,2
"Using big data, scientists can predict disease outbreaks early.",1
"Using big data, scientists can predict disease outbreaks early.",1
Smart homes improve energy efficiency and user convenience.,1
She practices yoga every morning to stay focused and calm.,2
Blockchain can provide secure and transparent financial transactions.,1
She practices yoga every morning to stay focused and calm.,2
She prefers reading historical novels over science fiction.,2
The lecture on quantum mechanics was hard to follow but fascinating.,2
He enjoys woodworking in his free time and often makes furniture.,2
He enjoys woodworking in his free time and often makes furniture.,2
She practices yoga every morning to stay focused and calm.,2
Machine learning models can now detect cancer from X-rays.,1
Smart homes improve energy efficiency and user convenience.,1
Machine learning models can now detect cancer from X-rays.,1
"Using big data, scientists can predict disease outbreaks early.",1
"Using big data, scientists can predict disease outbreaks early.",1
He enjoys woodworking in his free time and often makes furniture.,2
Volunteering at the animal shelter was a rewarding experience.,2
AI chatbots help businesses improve customer support experiences.,1
Blockchain can provide secure and transparent financial transactions.,1
AI chatbots help businesses improve customer support experiences.,1
"Using big data, scientists can predict disease outbreaks early.",1
Renewable energy sources are crucial in fighting climate change.,1
The weather forecast predicts rain and cooler temperatures this weekend.,2
The lecture on quantum mechanics was hard to follow but fascinating.,2
Smart homes improve energy efficiency and user convenience.,1
The local bakery is known for its delicious sourdough bread.,2
Natural language processing powers modern voice assistants.,1
Machine learning models can now detect cancer from X-rays.,1
"Using big data, scientists can predict disease outbreaks early.",1
She practices yoga every morning to stay focused and calm.,2
Machine learning models can now detect cancer from X-rays.,1
Volunteering at the animal shelter was a rewarding experience.,2
The concert was canceled due to unexpected weather conditions.,2
Self-driving cars are being tested in several urban cities.,1
The movie featured a compelling storyline and excellent performances.,2
The movie featured a compelling storyline and excellent performances.,2
Machine learning models can now detect cancer from X-rays.,1
The concert was canceled due to unexpected weather conditions.,2
She practices yoga every morning to stay focused and calm.,2
The weather forecast predicts rain and cooler temperatures this weekend.,2
Renewable energy sources are crucial in fighting climate change.,1
The lecture on quantum mechanics was hard to follow but fascinating.,2
Machine learning models can now detect cancer from X-rays.,1
Blockchain can provide secure and transparent financial transactions.,1
"Using big data, scientists can predict disease outbreaks early.",1
The lecture on quantum mechanics was hard to follow but fascinating.,2
Cloud computing allows companies to scale faster and cheaper.,1
The weather forecast predicts rain and cooler temperatures this weekend.,2
He enjoys woodworking in his free time and often makes furniture.,2
We took a scenic drive through the mountains last fall.,2
The movie featured a compelling storyline and excellent performances.,2
"Using big data, scientists can predict disease outbreaks early.",1
The weather forecast predicts rain and cooler temperatures this weekend.,2
She practices yoga every morning to stay focused and calm.,2
Renewable energy sources are crucial in fighting climate change.,1
The weather forecast predicts rain and cooler temperatures this weekend.,2
Self-driving cars are being tested in several urban cities.,1
Smart homes improve energy efficiency and user convenience.,1
Artificial intelligence is transforming the healthcare industry.,1
The lecture on quantum mechanics was hard to follow but fascinating.,2
The weather forecast predicts rain and cooler temperatures this weekend.,2
"Using big data, scientists can predict disease outbreaks early.",1
Cloud computing allows companies to scale faster and cheaper.,1
She practices yoga every morning to stay focused and calm.,2
She prefers reading historical novels over science fiction.,2
Smart homes improve energy efficiency and user convenience.,1
Natural language processing powers modern voice assistants.,1
The local bakery is known for its delicious sourdough bread.,2
The concert was canceled due to unexpected weather conditions.,2
Smart homes improve energy efficiency and user convenience.,1
We took a scenic drive through the mountains last fall.,2
Artificial intelligence is transforming the healthcare industry.,1
Renewable energy sources are crucial in fighting climate change.,1
Artificial intelligence is transforming the healthcare industry.,1
She practices yoga every morning to stay focused and calm.,2
We took a scenic drive through the mountains last fall.,2
Smart homes improve energy efficiency and user convenience.,1
She practices yoga every morning to stay focused and calm.,2
Self-driving cars are being tested in several urban cities.,1
The weather forecast predicts rain and cooler temperatures this weekend.,2
Machine learning models can now detect cancer from X-rays.,1
Renewable energy sources are crucial in fighting climate change.,1
She practices yoga every morning to stay focused and calm.,2
Renewable energy sources are crucial in fighting climate change.,1
Artificial intelligence is transforming the healthcare industry.,1
"Using big data, scientists can predict disease outbreaks early.",1
The concert was canceled due to unexpected weather conditions.,2
The lecture on quantum mechanics was hard to follow but fascinating.,2
The lecture on quantum mechanics was hard to follow but fascinating.,2
"Using big data, scientists can predict disease outbreaks early.",1
We took a scenic drive through the mountains last fall.,2
Smart homes improve energy efficiency and user convenience.,1
Blockchain can provide secure and transparent financial transactions.,1
She prefers reading historical novels over science fiction.,2
AI chatbots help businesses improve customer support experiences.,1
The local bakery is known for its delicious sourdough bread.,2
She practices yoga every morning to stay focused and calm.,2
Machine learning models can now detect cancer from X-rays.,1
She prefers reading historical novels over science fiction.,2
The concert was canceled due to unexpected weather conditions.,2
Self-driving cars are being tested in several urban cities.,1
He enjoys woodworking in his free time and often makes furniture.,2
The local bakery is known for its delicious sourdough bread.,2
She prefers reading historical novels over science fiction.,2
"Using big data, scientists can predict disease outbreaks early.",1
Artificial intelligence is transforming the healthcare industry.,1
Cloud computing allows companies to scale faster and cheaper.,1
Blockchain can provide secure and transparent financial transactions.,1
The local bakery is known for its delicious sourdough bread.,2
We took a scenic drive through the mountains last fall.,2
Machine learning models can now detect cancer from X-rays.,1
She prefers reading historical novels over science fiction.,2
Renewable energy sources are crucial in fighting climate change.,1
Blockchain can provide secure and transparent financial transactions.,1
The concert was canceled due to unexpected weather conditions.,2
The local bakery is known for its delicious sourdough bread.,2
The weather forecast predicts rain and cooler temperatures this weekend.,2
Artificial intelligence is transforming the healthcare industry.,1
He enjoys woodworking in his free time and often makes furniture.,2
He enjoys woodworking in his free time and often makes furniture.,2
Renewable energy sources are crucial in fighting climate change.,1
The lecture on quantum mechanics was hard to follow but fascinating.,2
Machine learning models can now detect cancer from X-rays.,1
Smart homes improve energy efficiency and user convenience.,1
Renewable energy sources are crucial in fighting climate change.,1
Self-driving cars are being tested in several urban cities.,1
Renewable energy sources are crucial in fighting climate change.,1
Cloud computing allows companies to scale faster and cheaper.,1
He enjoys woodworking in his free time and often makes furniture.,2
Cloud computing allows companies to scale faster and cheaper.,1
Volunteering at the animal shelter was a rewarding experience.,2
She practices yoga every morning to stay focused and calm.,2
AI chatbots help businesses improve customer support experiences.,1
"Using big data, scientists can predict disease outbreaks early.",1
"Using big data, scientists can predict disease outbreaks early.",1
Volunteering at the animal shelter was a rewarding experience.,2
She practices yoga every morning to stay focused and calm.,2
AI chatbots help businesses improve customer support experiences.,1
The movie featured a compelling storyline and excellent performances.,2
The lecture on quantum mechanics was hard to follow but fascinating.,2
Natural language processing powers modern voice assistants.,1
The weather forecast predicts rain and cooler temperatures this weekend.,2
AI chatbots help businesses improve customer support experiences.,1
The concert was canceled due to unexpected weather conditions.,2
Renewable energy sources are crucial in fighting climate change.,1
The local bakery is known for its delicious sourdough bread.,2
Cloud computing allows companies to scale faster and cheaper.,1
Renewable energy sources are crucial in fighting climate change.,1
The local bakery is known for its delicious sourdough bread.,2
Artificial intelligence is transforming the healthcare industry.,1
The movie featured a compelling storyline and excellent performances.,2
The concert was canceled due to unexpected weather conditions.,2
Cloud computing allows companies to scale faster and cheaper.,1
Smart homes improve energy efficiency and user convenience.,1
She prefers reading historical novels over science fiction.,2
Smart homes improve energy efficiency and user convenience.,1
The local bakery is known for its delicious sourdough bread.,2
Self-driving cars are being tested in several urban cities.,1
AI chatbots help businesses improve customer support experiences.,1
Volunteering at the animal shelter was a rewarding experience.,2
Blockchain can provide secure and transparent financial transactions.,1
The weather forecast predicts rain and cooler temperatures this weekend.,2
"Using big data, scientists can predict disease outbreaks early.",1
The weather forecast predicts rain and cooler temperatures this weekend.,2
The concert was canceled due to unexpected weather conditions.,2
The weather forecast predicts rain and cooler temperatures this weekend.,2
Self-driving cars are being tested in several urban cities.,1
The lecture on quantum mechanics was hard to follow but fascinating.,2
The concert was canceled due to unexpected weather conditions.,2
Natural language processing powers modern voice assistants.,1
She practices yoga every morning to stay focused and calm.,2
She practices yoga every morning to stay focused and calm.,2
We took a scenic drive through the mountains last fall.,2
She practices yoga every morning to stay focused and calm.,2
Renewable energy sources are crucial in fighting climate change.,1
Natural language processing powers modern voice assistants.,1
She prefers reading historical novels over science fiction.,2
Machine learning models can now detect cancer from X-rays.,1
Self-driving cars are being tested in several urban cities.,1
Artificial intelligence is transforming the healthcare industry.,1
Blockchain can provide secure and transparent financial transactions.,1
The lecture on quantum mechanics was hard to follow but fascinating.,2
He enjoys woodworking in his free time and often makes furniture.,2
We took a scenic drive through the mountains last fall.,2
The lecture on quantum mechanics was hard to follow but fascinating.,2
Volunteering at the animal shelter was a rewarding experience.,2
Artificial intelligence is transforming the healthcare industry.,1
Smart homes improve energy efficiency and user convenience.,1
Natural language processing powers modern voice assistants.,1
Blockchain can provide secure and transparent financial transactions.,1
The movie featured a compelling storyline and excellent performances.,2
Smart homes improve energy efficiency and user convenience.,1
Cloud computing allows companies to scale faster and cheaper.,1
The concert was canceled due to unexpected weather conditions.,2
Artificial intelligence is transforming the healthcare industry.,1
"Using big data, scientists can predict disease outbreaks early.",1
Cloud computing allows companies to scale faster and cheaper.,1
Machine learning models can now detect cancer from X-rays.,1
Volunteering at the animal shelter was a rewarding experience.,2
He enjoys woodworking in his free time and often makes furniture.,2
The lecture on quantum mechanics was hard to follow but fascinating.,2
Smart homes improve energy efficiency and user convenience.,1
Self-driving cars are being tested in several urban cities.,1
Natural language processing powers modern voice assistants.,1
Volunteering at the animal shelter was a rewarding experience.,2
Machine learning models can now detect cancer from X-rays.,1
She practices yoga every morning to stay focused and calm.,2
Machine learning models can now detect cancer from X-rays.,1
He enjoys woodworking in his free time and often makes furniture.,2
Cloud computing allows companies to scale faster and cheaper.,1
Self-driving cars are being tested in several urban cities.,1
Blockchain can provide secure and transparent financial transactions.,1
AI chatbots help businesses improve customer support experiences.,1
Smart homes improve energy efficiency and user convenience.,1
Machine learning models can now detect cancer from X-rays.,1
He enjoys woodworking in his free time and often makes furniture.,2
She practices yoga every morning to stay focused and calm.,2
Cloud computing allows companies to scale faster and cheaper.,1
The local bakery is known for its delicious sourdough bread.,2
He enjoys woodworking in his free time and often makes furniture.,2
Cloud computing allows companies to scale faster and cheaper.,1
She prefers reading historical novels over science fiction.,2
The lecture on quantum mechanics was hard to follow but fascinating.,2
He enjoys woodworking in his free time and often makes furniture.,2
Smart homes improve energy efficiency and user convenience.,1
Volunteering at the animal shelter was a rewarding experience.,2
Natural language processing powers modern voice assistants.,1
Artificial intelligence is transforming the healthcare industry.,1
AI chatbots help businesses improve customer support experiences.,1
Natural language processing powers modern voice assistants.,1
The local bakery is known for its delicious sourdough bread.,2
Artificial intelligence is transforming the healthcare industry.,1
She prefers reading historical novels over science fiction.,2
Smart homes improve energy efficiency and user convenience.,1
Volunteering at the animal shelter was a rewarding experience.,2
AI chatbots help businesses improve customer support experiences.,1
The concert was canceled due to unexpected weather conditions.,2
Self-driving cars are being tested in several urban cities.,1
AI chatbots help businesses improve customer support experiences.,1
Artificial intelligence is transforming the healthcare industry.,1
The lecture on quantum mechanics was hard to follow but fascinating.,2
The movie featured a compelling storyline and excellent performances.,2
Renewable energy sources are crucial in fighting climate change.,1
Self-driving cars are being tested in several urban cities.,1
Blockchain can provide secure and transparent financial transactions.,1
Self-driving cars are being tested in several urban cities.,1
Natural language processing powers modern voice assistants.,1
Volunteering at the animal shelter was a rewarding experience.,2
Artificial intelligence is transforming the healthcare industry.,1
The movie featured a compelling storyline and excellent performances.,2
The lecture on quantum mechanics was hard to follow but fascinating.,2
The concert was canceled due to unexpected weather conditions.,2
Machine learning models can now detect cancer from X-rays.,1
Smart homes improve energy efficiency and user convenience.,1
The local bakery is known for its delicious sourdough bread.,2
The movie featured a compelling storyline and excellent performances.,2
The movie featured a compelling storyline and excellent performances.,2
Natural language processing powers modern voice assistants.,1
Volunteering at the animal shelter was a rewarding experience.,2
The lecture on quantum mechanics was hard to follow but fascinating.,2
The concert was canceled due to unexpected weather conditions.,2
Smart homes improve energy efficiency and user convenience.,1
Natural language processing powers modern voice assistants.,1
The lecture on quantum mechanics was hard to follow but fascinating.,2
Machine learning models can now detect cancer from X-rays.,1
AI chatbots help businesses improve customer support experiences.,1
The concert was canceled due to unexpected weather conditions.,2
Renewable energy sources are crucial in fighting climate change.,1
She prefers reading historical novels over science fiction.,2
The movie featured a compelling storyline and excellent performances.,2
We took a scenic drive through the mountains last fall.,2
Self-driving cars are being tested in several urban cities.,1
The lecture on quantum mechanics was hard to follow but fascinating.,2
The movie featured a compelling storyline and excellent performances.,2
Self-driving cars are being tested in several urban cities.,1
Renewable energy sources are crucial in fighting climate change.,1
The movie featured a compelling storyline and excellent performances.,2
Smart homes improve energy efficiency and user convenience.,1
"Using big data, scientists can predict disease outbreaks early.",1
AI chatbots help businesses improve customer support experiences.,1
Renewable energy sources are crucial in fighting climate change.,1
Artificial intelligence is transforming the healthcare industry.,1
The concert was canceled due to unexpected weather conditions.,2
Cloud computing allows companies to scale faster and cheaper.,1
Cloud computing allows companies to scale faster and cheaper.,1
AI chatbots help businesses improve customer support experiences.,1
The weather forecast predicts rain and cooler temperatures this weekend.,2
Self-driving cars are being tested in several urban cities.,1
Cloud computing allows companies to scale faster and cheaper.,1
Cloud computing allows companies to scale faster and cheaper.,1
Self-driving cars are being tested in several urban cities.,1
The movie featured a compelling storyline and excellent performances.,2
She practices yoga every morning to stay focused and calm.,2
She practices yoga every morning to stay focused and calm.,2
She prefers reading historical novels over science fiction.,2
AI chatbots help businesses improve customer support experiences.,1
She prefers reading historical novels over science fiction.,2
She prefers reading historical novels over science fiction.,2
The movie featured a compelling storyline and excellent performances.,2
The movie featured a compelling storyline and excellent performances.,2
Volunteering at the animal shelter was a rewarding experience.,2
The weather forecast predicts rain and cooler temperatures this weekend.,2
The weather forecast predicts rain and cooler temperatures this weekend.,2
Artificial intelligence is transforming the healthcare industry.,1
Artificial intelligence is transforming the healthcare industry.,1
Cloud computing allows companies to scale faster and cheaper.,1
We took a scenic drive through the mountains last fall.,2
The weather forecast predicts rain and cooler temperatures this weekend.,2
Volunteering at the animal shelter was a rewarding experience.,2
She prefers reading historical novels over science fiction.,2
Blockchain can provide secure and transparent financial transactions.,1
Cloud computing allows companies to scale faster and cheaper.,1
Artificial intelligence is transforming the healthcare industry.,1
Natural language processing powers modern voice assistants.,1
She prefers reading historical novels over science fiction.,2
The lecture on quantum mechanics was hard to follow but fascinating.,2
Volunteering at the animal shelter was a rewarding experience.,2
We took a scenic drive through the mountains last fall.,2
Volunteering at the animal shelter was a rewarding experience.,2
The local bakery is known for its delicious sourdough bread.,2
Blockchain can provide secure and transparent financial transactions.,1
The local bakery is known for its delicious sourdough bread.,2
The lecture on quantum mechanics was hard to follow but fascinating.,2
Self-driving cars are being tested in several urban cities.,1
The movie featured a compelling storyline and excellent performances.,2
Artificial intelligence is transforming the healthcare industry.,1
Volunteering at the animal shelter was a rewarding experience.,2
We took a scenic drive through the mountains last fall.,2
The lecture on quantum mechanics was hard to follow but fascinating.,2
Cloud computing allows companies to scale faster and cheaper.,1
Smart homes improve energy efficiency and user convenience.,1
Natural language processing powers modern voice assistants.,1
AI chatbots help businesses improve customer support experiences.,1
Machine learning models can now detect cancer from X-rays.,1
Natural language processing powers modern voice assistants.,1
Machine learning models can now detect cancer from X-rays.,1
Machine learning models can now detect cancer from X-rays.,1
The local bakery is known for its delicious sourdough bread.,2
The weather forecast predicts rain and cooler temperatures this weekend.,2
The lecture on quantum mechanics was hard to follow but fascinating.,2
Blockchain can provide secure and transparent financial transactions.,1
He enjoys woodworking in his free time and often makes furniture.,2
She practices yoga every morning to stay focused and calm.,2
Machine learning models can now detect cancer from X-rays.,1
Renewable energy sources are crucial in fighting climate change.,1
Machine learning models can now detect cancer from X-rays.,1
The lecture on quantum mechanics was hard to follow but fascinating.,2
Blockchain can provide secure and transparent financial transactions.,1
The weather forecast predicts rain and cooler temperatures this weekend.,2
Machine learning models can now detect cancer from X-rays.,1
The movie featured a compelling storyline and excellent performances.,2
Volunteering at the animal shelter was a rewarding experience.,2
AI chatbots help businesses improve customer support experiences.,1
The concert was canceled due to unexpected weather conditions.,2
The weather forecast predicts rain and cooler temperatures this weekend.,2
The local bakery is known for its delicious sourdough bread.,2
The movie featured a compelling storyline and excellent performances.,2
Renewable energy sources are crucial in fighting climate change.,1
Renewable energy sources are crucial in fighting climate change.,1
Artificial intelligence is transforming the healthcare industry.,1
We took a scenic drive through the mountains last fall.,2
Self-driving cars are being tested in several urban cities.,1
She practices yoga every morning to stay focused and calm.,2
Natural language processing powers modern voice assistants.,1
Natural language processing powers modern voice assistants.,1
The weather forecast predicts rain and cooler temperatures this weekend.,2
Natural language processing powers modern voice assistants.,1
Blockchain can provide secure and transparent financial transactions.,1
Artificial intelligence is transforming the healthcare industry.,1
Natural language processing powers modern voice assistants.,1
Volunteering at the animal shelter was a rewarding experience.,2
AI chatbots help businesses improve customer support experiences.,1
The movie featured a compelling storyline and excellent performances.,2
The concert was canceled due to unexpected weather conditions.,2
We took a scenic drive through the mountains last fall.,2
The local bakery is known for its delicious sourdough bread.,2
"Using big data, scientists can predict disease outbreaks early.",1
Smart homes improve energy efficiency and user convenience.,1
Natural language processing powers modern voice assistants.,1
He enjoys woodworking in his free time and often makes furniture.,2
She prefers reading historical novels over science fiction.,2
AI chatbots help businesses improve customer support experiences.,1
She prefers reading historical novels over science fiction.,2
He enjoys woodworking in his free time and often makes furniture.,2
We took a scenic drive through the mountains last fall.,2
Self-driving cars are being tested in several urban cities.,1
Smart homes improve energy efficiency and user convenience.,1
Artificial intelligence is transforming the healthcare industry.,1
Natural language processing powers modern voice assistants.,1
The local bakery is known for its delicious sourdough bread.,2
Natural language processing powers modern voice assistants.,1
Artificial intelligence is transforming the healthcare industry.,1
Volunteering at the animal shelter was a rewarding experience.,2
The weather forecast predicts rain and cooler temperatures this weekend.,2
He enjoys woodworking in his free time and often makes furniture.,2
Blockchain can provide secure and transparent financial transactions.,1
The concert was canceled due to unexpected weather conditions.,2
The lecture on quantum mechanics was hard to follow but fascinating.,2
He enjoys woodworking in his free time and often makes furniture.,2
We took a scenic drive through the mountains last fall.,2
Machine learning models can now detect cancer from X-rays.,1
Artificial intelligence is transforming the healthcare industry.,1
Volunteering at the animal shelter was a rewarding experience.,2
Renewable energy sources are crucial in fighting climate change.,1
We took a scenic drive through the mountains last fall.,2
Smart homes improve energy efficiency and user convenience.,1
She practices yoga every morning to stay focused and calm.,2
She practices yoga every morning to stay focused and calm.,2
Smart homes improve energy efficiency and user convenience.,1
Renewable energy sources are crucial in fighting climate change.,1
She prefers reading historical novels over science fiction.,2
Smart homes improve energy efficiency and user convenience.,1
We took a scenic drive through the mountains last fall.,2
Machine learning models can now detect cancer from X-rays.,1
Natural language processing powers modern voice assistants.,1
She prefers reading historical novels over science fiction.,2
"Using big data, scientists can predict disease outbreaks early.",1
Artificial intelligence is transforming the healthcare industry.,1
She practices yoga every morning to stay focused and calm.,2
Smart homes improve energy efficiency and user convenience.,1
AI chatbots help businesses improve customer support experiences.,1
The movie featured a compelling storyline and excellent performances.,2
Cloud computing allows companies to scale faster and cheaper.,1
She prefers reading historical novels over science fiction.,2
She practices yoga every morning to stay focused and calm.,2
Self-driving cars are being tested in several urban cities.,1
Machine learning models can now detect cancer from X-rays.,1
Natural language processing powers modern voice assistants.,1
We took a scenic drive through the mountains last fall.,2
The concert was canceled due to unexpected weather conditions.,2
"Using big data, scientists can predict disease outbreaks early.",1
Natural language processing powers modern voice assistants.,1
He enjoys woodworking in his free time and often makes furniture.,2
Machine learning models can now detect cancer from X-rays.,1
Natural language processing powers modern voice assistants.,1
The movie featured a compelling storyline and excellent performances.,2
The concert was canceled due to unexpected weather conditions.,2
She practices yoga every morning to stay focused and calm.,2
She practices yoga every morning to stay focused and calm.,2
The lecture on quantum mechanics was hard to follow but fascinating.,2
She practices yoga every morning to stay focused and calm.,2
Self-driving cars are being tested in several urban cities.,1
Artificial intelligence is transforming the healthcare industry.,1
Cloud computing allows companies to scale faster and cheaper.,1
The concert was canceled due to unexpected weather conditions.,2
Smart homes improve energy efficiency and user convenience.,1
Artificial intelligence is transforming the healthcare industry.,1
Self-driving cars are being tested in several urban cities.,1
The lecture on quantum mechanics was hard to follow but fascinating.,2
He enjoys woodworking in his free time and often makes furniture.,2
Natural language processing powers modern voice assistants.,1
"Using big data, scientists can predict disease outbreaks early.",1
She prefers reading historical novels over science fiction.,2
Natural language processing powers modern voice assistants.,1
We took a scenic drive through the mountains last fall.,2
Renewable energy sources are crucial in fighting climate change.,1
Artificial intelligence is transforming the healthcare industry.,1
She prefers reading historical novels over science fiction.,2
The concert was canceled due to unexpected weather conditions.,2
The local bakery is known for its delicious sourdough bread.,2
Artificial intelligence is transforming the healthcare industry.,1
Volunteering at the animal shelter was a rewarding experience.,2
AI chatbots help businesses improve customer support experiences.,1
We took a scenic drive through the mountains last fall.,2
Smart homes improve energy efficiency and user convenience.,1
We took a scenic drive through the mountains last fall.,2
Blockchain can provide secure and transparent financial transactions.,1
The concert was canceled due to unexpected weather conditions.,2
Smart homes improve energy efficiency and user convenience.,1
Machine learning models can now detect cancer from X-rays.,1
The concert was canceled due to unexpected weather conditions.,2
Cloud computing allows companies to scale faster and cheaper.,1
She prefers reading historical novels over science fiction.,2
Cloud computing allows companies to scale faster and cheaper.,1
Volunteering at the animal shelter was a rewarding experience.,2
Machine learning models can now detect cancer from X-rays.,1
He enjoys woodworking in his free time and often makes furniture.,2
Smart homes improve energy efficiency and user convenience.,1
Renewable energy sources are crucial in fighting climate change.,1
"Using big data, scientists can predict disease outbreaks early.",1
The lecture on quantum mechanics was hard to follow but fascinating.,2
He enjoys woodworking in his free time and often makes furniture.,2
Self-driving cars are being tested in several urban cities.,1
AI chatbots help businesses improve customer support experiences.,1
Self-driving cars are being tested in several urban cities.,1
The concert was canceled due to unexpected weather conditions.,2
Smart homes improve energy efficiency and user convenience.,1
Machine learning models can now detect cancer from X-rays.,1
Renewable energy sources are crucial in fighting climate change.,1
The lecture on quantum mechanics was hard to follow but fascinating.,2
Cloud computing allows companies to scale faster and cheaper.,1
He enjoys woodworking in his free time and often makes furniture.,2
She practices yoga every morning to stay focused and calm.,2
Machine learning models can now detect cancer from X-rays.,1
Machine learning models can now detect cancer from X-rays.,1
She prefers reading historical novels over science fiction.,2
Natural language processing powers modern voice assistants.,1
Blockchain can provide secure and transparent financial transactions.,1
Natural language processing powers modern voice assistants.,1
The concert was canceled due to unexpected weather conditions.,2
She prefers reading historical novels over science fiction.,2
Natural language processing powers modern voice assistants.,1
Renewable energy sources are crucial in fighting climate change.,1
Self-driving cars are being tested in several urban cities.,1
She prefers reading historical novels over science fiction.,2
AI chatbots help businesses improve customer support experiences.,1
The movie featured a compelling storyline and excellent performances.,2
We took a scenic drive through the mountains last fall.,2
Volunteering at the animal shelter was a rewarding experience.,2
Cloud computing allows companies to scale faster and cheaper.,1
Machine learning models can now detect cancer from X-rays.,1
The concert was canceled due to unexpected weather conditions.,2
He enjoys woodworking in his free time and often makes furniture.,2
Cloud computing allows companies to scale faster and cheaper.,1
Artificial intelligence is transforming the healthcare industry.,1
AI chatbots help businesses improve customer support experiences.,1
He enjoys woodworking in his free time and often makes furniture.,2
Renewable energy sources are crucial in fighting climate change.,1
Renewable energy sources are crucial in fighting climate change.,1
Cloud computing allows companies to scale faster and cheaper.,1
Blockchain can provide secure and transparent financial transactions.,1
Machine learning models can now detect cancer from X-rays.,1
The lecture on quantum mechanics was hard to follow but fascinating.,2
Renewable energy sources are crucial in fighting climate change.,1
The concert was canceled due to unexpected weather conditions.,2
He enjoys woodworking in his free time and often makes furniture.,2
AI chatbots help businesses improve customer support experiences.,1
She practices yoga every morning to stay focused and calm.,2
We took a scenic drive through the mountains last fall.,2
Natural language processing powers modern voice assistants.,1
We took a scenic drive through the mountains last fall.,2
Renewable energy sources are crucial in fighting climate change.,1
The movie featured a compelling storyline and excellent performances.,2
"Using big data, scientists can predict disease outbreaks early.",1
Blockchain can provide secure and transparent financial transactions.,1
Renewable energy sources are crucial in fighting climate change.,1
Natural language processing powers modern voice assistants.,1
AI chatbots help businesses improve customer support experiences.,1
Renewable energy sources are crucial in fighting climate change.,1
Natural language processing powers modern voice assistants.,1
Smart homes improve energy efficiency and user convenience.,1
AI chatbots help businesses improve customer support experiences.,1
Cloud computing allows companies to scale faster and cheaper.,1
She prefers reading historical novels over science fiction.,2
The local bakery is known for its delicious sourdough bread.,2
She prefers reading historical novels over science fiction.,2
Volunteering at the animal shelter was a rewarding experience.,2
The weather forecast predicts rain and cooler temperatures this weekend.,2
The movie featured a compelling storyline and excellent performances.,2
The lecture on quantum mechanics was hard to follow but fascinating.,2
We took a scenic drive through the mountains last fall.,2
The concert was canceled due to unexpected weather conditions.,2
The local bakery is known for its delicious sourdough bread.,2
"Using big data, scientists can predict disease outbreaks early.",1
She practices yoga every morning to stay focused and calm.,2
The movie featured a compelling storyline and excellent performances.,2
The movie featured a compelling storyline and excellent performances.,2
The weather forecast predicts rain and cooler temperatures this weekend.,2
He enjoys woodworking in his free time and often makes furniture.,2
Machine learning models can now detect cancer from X-rays.,1
The concert was canceled due to unexpected weather conditions.,2
Machine learning models can now detect cancer from X-rays.,1
Renewable energy sources are crucial in fighting climate change.,1
The weather forecast predicts rain and cooler temperatures this weekend.,2
Volunteering at the animal shelter was a rewarding experience.,2
The concert was canceled due to unexpected weather conditions.,2
Self-driving cars are being tested in several urban cities.,1
The movie featured a compelling storyline and excellent performances.,2
The local bakery is known for its delicious sourdough bread.,2
Natural language processing powers modern voice assistants.,1
Cloud computing allows companies to scale faster and cheaper.,1
Artificial intelligence is transforming the healthcare industry.,1
The local bakery is known for its delicious sourdough bread.,2
He enjoys woodworking in his free time and often makes furniture.,2
The concert was canceled due to unexpected weather conditions.,2
The weather forecast predicts rain and cooler temperatures this weekend.,2
"Using big data, scientists can predict disease outbreaks early.",1
Blockchain can provide secure and transparent financial transactions.,1
Volunteering at the animal shelter was a rewarding experience.,2
"Using big data, scientists can predict disease outbreaks early.",1
Renewable energy sources are crucial in fighting climate change.,1
The concert was canceled due to unexpected weather conditions.,2
The lecture on quantum mechanics was hard to follow but fascinating.,2
Volunteering at the animal shelter was a rewarding experience.,2
The local bakery is known for its delicious sourdough bread.,2
Cloud computing allows companies to scale faster and cheaper.,1
The weather forecast predicts rain and cooler temperatures this weekend.,2
She practices yoga every morning to stay focused and calm.,2
Natural language processing powers modern voice assistants.,1
Natural language processing powers modern voice assistants.,1
She prefers reading historical novels over science fiction.,2
She practices yoga every morning to stay focused and calm.,2
Artificial intelligence is transforming the healthcare industry.,1
Artificial intelligence is transforming the healthcare industry.,1
Machine learning models can now detect cancer from X-rays.,1
Machine learning models can now detect cancer from X-rays.,1
Volunteering at the animal shelter was a rewarding experience.,2
AI chatbots help businesses improve customer support experiences.,1
The lecture on quantum mechanics was hard to follow but fascinating.,2
Self-driving cars are being tested in several urban cities.,1
"Using big data, scientists can predict disease outbreaks early.",1
"Using big data, scientists can predict disease outbreaks early.",1
She prefers reading historical novels over science fiction.,2
Smart homes improve energy efficiency and user convenience.,1
The concert was canceled due to unexpected weather conditions.,2
Smart homes improve energy efficiency and user convenience.,1
Artificial intelligence is transforming the healthcare industry.,1
The lecture on quantum mechanics was hard to follow but fascinating.,2
We took a scenic drive through the mountains last fall.,2
She prefers reading historical novels over science fiction.,2
The movie featured a compelling storyline and excellent performances.,2
Self-driving cars are being tested in several urban cities.,1
He enjoys woodworking in his free time and often makes furniture.,2
Machine learning models can now detect cancer from X-rays.,1
The concert was canceled due to unexpected weather conditions.,2
Blockchain can provide secure and transparent financial transactions.,1
Natural language processing powers modern voice assistants.,1
Smart homes improve energy efficiency and user convenience.,1
We took a scenic drive through the mountains last fall.,2
The weather forecast predicts rain and cooler temperatures this weekend.,2
The local bakery is known for its delicious sourdough bread.,2
She prefers reading historical novels over science fiction.,2
The lecture on quantum mechanics was hard to follow but fascinating.,2
Smart homes improve energy efficiency and user convenience.,1
Machine learning models can now detect cancer from X-rays.,1
The weather forecast predicts rain and cooler temperatures this weekend.,2
The weather forecast predicts rain and cooler temperatures this weekend.,2
The movie featured a compelling storyline and excellent performances.,2
Blockchain can provide secure and transparent financial transactions.,1
"Using big data, scientists can predict disease outbreaks early.",1
The concert was canceled due to unexpected weather conditions.,2
"Using big data, scientists can predict disease outbreaks early.",1
The movie featured a compelling storyline and excellent performances.,2
Volunteering at the animal shelter was a rewarding experience.,2
She prefers reading historical novels over science fiction.,2
The weather forecast predicts rain and cooler temperatures this weekend.,2
Volunteering at the animal shelter was a rewarding experience.,2
AI chatbots help businesses improve customer support experiences.,1
We took a scenic drive through the mountains last fall.,2
Natural language processing powers modern voice assistants.,1
Natural language processing powers modern voice assistants.,1
Self-driving cars are being tested in several urban cities.,1
He enjoys woodworking in his free time and often makes furniture.,2
The movie featured a compelling storyline and excellent performances.,2
Volunteering at the animal shelter was a rewarding experience.,2
Natural language processing powers modern voice assistants.,1
The weather forecast predicts rain and cooler temperatures this weekend.,2
She practices yoga every morning to stay focused and calm.,2
The concert was canceled due to unexpected weather conditions.,2
She prefers reading historical novels over science fiction.,2
Volunteering at the animal shelter was a rewarding experience.,2
She prefers reading historical novels over science fiction.,2
The weather forecast predicts rain and cooler temperatures this weekend.,2
"Using big data, scientists can predict disease outbreaks early.",1
Volunteering at the animal shelter was a rewarding experience.,2
Natural language processing powers modern voice assistants.,1
Cloud computing allows companies to scale faster and cheaper.,1
AI chatbots help businesses improve customer support experiences.,1
The movie featured a compelling storyline and excellent performances.,2
Smart homes improve energy efficiency and user convenience.,1
Machine learning models can now detect cancer from X-rays.,1
Volunteering at the animal shelter was a rewarding experience.,2
The movie featured a compelling storyline and excellent performances.,2
The concert was canceled due to unexpected weather conditions.,2
She prefers reading historical novels over science fiction.,2
The local bakery is known for its delicious sourdough bread.,2
Renewable energy sources are crucial in fighting climate change.,1
AI chatbots help businesses improve customer support experiences.,1
Smart homes improve energy efficiency and user convenience.,1
The concert was canceled due to unexpected weather conditions.,2
He enjoys woodworking in his free time and often makes furniture.,2
Volunteering at the animal shelter was a rewarding experience.,2
We took a scenic drive through the mountains last fall.,2
"Using big data, scientists can predict disease outbreaks early.",1
Volunteering at the animal shelter was a rewarding experience.,2
Artificial intelligence is transforming the healthcare industry.,1
Self-driving cars are being tested in several urban cities.,1
The weather forecast predicts rain and cooler temperatures this weekend.,2
She prefers reading historical novels over science fiction.,2
Cloud computing allows companies to scale faster and cheaper.,1
Volunteering at the animal shelter was a rewarding experience.,2
Cloud computing allows companies to scale faster and cheaper.,1
The lecture on quantum mechanics was hard to follow but fascinating.,2
The weather forecast predicts rain and cooler temperatures this weekend.,2
Smart homes improve energy efficiency and user convenience.,1
We took a scenic drive through the mountains last fall.,2
We took a scenic drive through the mountains last fall.,2
She prefers reading historical novels over science fiction.,2
We took a scenic drive through the mountains last fall.,2
The weather forecast predicts rain and cooler temperatures this weekend.,2
Renewable energy sources are crucial in fighting climate change.,1
Machine learning models can now detect cancer from X-rays.,1
The concert was canceled due to unexpected weather conditions.,2
The movie featured a compelling storyline and excellent performances.,2
Artificial intelligence is transforming the healthcare industry.,1
She practices yoga every morning to stay focused and calm.,2
The local bakery is known for its delicious sourdough bread.,2
Natural language processing powers modern voice assistants.,1
Artificial intelligence is transforming the healthcare industry.,1
Natural language processing powers modern voice assistants.,1
He enjoys woodworking in his free time and often makes furniture.,2
She prefers reading historical novels over science fiction.,2
The lecture on quantum mechanics was hard to follow but fascinating.,2
He enjoys woodworking in his free time and often makes furniture.,2
We took a scenic drive through the mountains last fall.,2
Self-driving cars are being tested in several urban cities.,1
She practices yoga every morning to stay focused and calm.,2
Machine learning models can now detect cancer from X-rays.,1
Artificial intelligence is transforming the healthcare industry.,1
The local bakery is known for its delicious sourdough bread.,2
The weather forecast predicts rain and cooler temperatures this weekend.,2
Natural language processing powers modern voice assistants.,1
The lecture on quantum mechanics was hard to follow but fascinating.,2
"Using big data, scientists can predict disease outbreaks early.",1
She practices yoga every morning to stay focused and calm.,2
Renewable energy sources are crucial in fighting climate change.,1
The local bakery is known for its delicious sourdough bread.,2
Machine learning models can now detect cancer from X-rays.,1
Cloud computing allows companies to scale faster and cheaper.,1
Blockchain can provide secure and transparent financial transactions.,1
AI chatbots help businesses improve customer support experiences.,1
"Using big data, scientists can predict disease outbreaks early.",1
The local bakery is known for its delicious sourdough bread.,2
Blockchain can provide secure and transparent financial transactions.,1
We took a scenic drive through the mountains last fall.,2
Machine learning models can now detect cancer from X-rays.,1
Renewable energy sources are crucial in fighting climate change.,1
The local bakery is known for its delicious sourdough bread.,2
Natural language processing powers modern voice assistants.,1
The lecture on quantum mechanics was hard to follow but fascinating.,2
Cloud computing allows companies to scale faster and cheaper.,1
We took a scenic drive through the mountains last fall.,2
Volunteering at the animal shelter was a rewarding experience.,2
She prefers reading historical novels over science fiction.,2
He enjoys woodworking in his free time and often makes furniture.,2
AI chatbots help businesses improve customer support experiences.,1
The local bakery is known for its delicious sourdough bread.,2
The concert was canceled due to unexpected weather conditions.,2
The movie featured a compelling storyline and excellent performances.,2
AI chatbots help businesses improve customer support experiences.,1
"Using big data, scientists can predict disease outbreaks early.",1
Machine learning models can now detect cancer from X-rays.,1
AI chatbots help businesses improve customer support experiences.,1
Artificial intelligence is transforming the healthcare industry.,1
"Using big data, scientists can predict disease outbreaks early.",1
Blockchain can provide secure and transparent financial transactions.,1
Renewable energy sources are crucial in fighting climate change.,1
The movie featured a compelling storyline and excellent performances.,2
Machine learning models can now detect cancer from X-rays.,1
"Using big data, scientists can predict disease outbreaks early.",1
She prefers reading historical novels over science fiction.,2
He enjoys woodworking in his free time and often makes furniture.,2
The lecture on quantum mechanics was hard to follow but fascinating.,2
Volunteering at the animal shelter was a rewarding experience.,2
The weather forecast predicts rain and cooler temperatures this weekend.,2
He enjoys woodworking in his free time and often makes furniture.,2
AI chatbots help businesses improve customer support experiences.,1
Natural language processing powers modern voice assistants.,1
We took a scenic drive through the mountains last fall.,2
Volunteering at the animal shelter was a rewarding experience.,2
She practices yoga every morning to stay focused and calm.,2
AI chatbots help businesses improve customer support experiences.,1
She prefers reading historical novels over science fiction.,2
She prefers reading historical novels over science fiction.,2
Self-driving cars are being tested in several urban cities.,1
She prefers reading historical novels over science fiction.,2
Volunteering at the animal shelter was a rewarding experience.,2
We took a scenic drive through the mountains last fall.,2
Blockchain can provide secure and transparent financial transactions.,1
The concert was canceled due to unexpected weather conditions.,2
The local bakery is known for its delicious sourdough bread.,2
The local bakery is known for its delicious sourdough bread.,2
The movie featured a compelling storyline and excellent performances.,2
The local bakery is known for its delicious sourdough bread.,2
The movie featured a compelling storyline and excellent performances.,2
The lecture on quantum mechanics was hard to follow but fascinating.,2
Natural language processing powers modern voice assistants.,1
The movie featured a compelling storyline and excellent performances.,2
The movie featured a compelling storyline and excellent performances.,2
Volunteering at the animal shelter was a rewarding experience.,2
She practices yoga every morning to stay focused and calm.,2
Volunteering at the animal shelter was a rewarding experience.,2
Renewable energy sources are crucial in fighting climate change.,1
Smart homes improve energy efficiency and user convenience.,1
The movie featured a compelling storyline and excellent performances.,2
AI chatbots help businesses improve customer support experiences.,1
The lecture on quantum mechanics was hard to follow but fascinating.,2
Smart homes improve energy efficiency and user convenience.,1
Machine learning models can now detect cancer from X-rays.,1
Renewable energy sources are crucial in fighting climate change.,1
Natural language processing powers modern voice assistants.,1
He enjoys woodworking in his free time and often makes furniture.,2
The local bakery is known for its delicious sourdough bread.,2
Artificial intelligence is transforming the healthcare industry.,1
Natural language processing powers modern voice assistants.,1
"Using big data, scientists can predict disease outbreaks early.",1
Smart homes improve energy efficiency and user convenience.,1
The movie featured a compelling storyline and excellent performances.,2
The movie featured a compelling storyline and excellent performances.,2
Natural language processing powers modern voice assistants.,1
She practices yoga every morning to stay focused and calm.,2
"Using big data, scientists can predict disease outbreaks early.",1
The local bakery is known for its delicious sourdough bread.,2
The local bakery is known for its delicious sourdough bread.,2
Blockchain can provide secure and transparent financial transactions.,1
She practices yoga every morning to stay focused and calm.,2
The local bakery is known for its delicious sourdough bread.,2
He enjoys woodworking in his free time and often makes furniture.,2
The concert was canceled due to unexpected weather conditions.,2
AI chatbots help businesses improve customer support experiences.,1
Self-driving cars are being tested in several urban cities.,1
The lecture on quantum mechanics was hard to follow but fascinating.,2
Natural language processing powers modern voice assistants.,1
Machine learning models can now detect cancer from X-rays.,1
"Using big data, scientists can predict disease outbreaks early.",1
We took a scenic drive through the mountains last fall.,2
The weather forecast predicts rain and cooler temperatures this weekend.,2
He enjoys woodworking in his free time and often makes furniture.,2
The concert was canceled due to unexpected weather conditions.,2
The local bakery is known for its delicious sourdough bread.,2
The movie featured a compelling storyline and excellent performances.,2
The lecture on quantum mechanics was hard to follow but fascinating.,2
Renewable energy sources are crucial in fighting climate change.,1
The concert was canceled due to unexpected weather conditions.,2
Renewable energy sources are crucial in fighting climate change.,1
Smart homes improve energy efficiency and user convenience.,1
Smart homes improve energy efficiency and user convenience.,1
The weather forecast predicts rain and cooler temperatures this weekend.,2
Renewable energy sources are crucial in fighting climate change.,1
Artificial intelligence is transforming the healthcare industry.,1
AI chatbots help businesses improve customer support experiences.,1
Volunteering at the animal shelter was a rewarding experience.,2
He enjoys woodworking in his free time and often makes furniture.,2
He enjoys woodworking in his free time and often makes furniture.,2
The lecture on quantum mechanics was hard to follow but fascinating.,2
Volunteering at the animal shelter was a rewarding experience.,2
Cloud computing allows companies to scale faster and cheaper.,1
Self-driving cars are being tested in several urban cities.,1
Natural language processing powers modern voice assistants.,1
AI chatbots help businesses improve customer support experiences.,1
Smart homes improve energy efficiency and user convenience.,1
Natural language processing powers modern voice assistants.,1
He enjoys woodworking in his free time and often makes furniture.,2
The local bakery is known for its delicious sourdough bread.,2
The concert was canceled due to unexpected weather conditions.,2
Renewable energy sources are crucial in fighting climate change.,1
Natural language processing powers modern voice assistants.,1
The local bakery is known for its delicious sourdough bread.,2
Self-driving cars are being tested in several urban cities.,1
Blockchain can provide secure and transparent financial transactions.,1
The lecture on quantum mechanics was hard to follow but fascinating.,2
Volunteering at the animal shelter was a rewarding experience.,2
Cloud computing allows companies to scale faster and cheaper.,1
"Using big data, scientists can predict disease outbreaks early.",1
The concert was canceled due to unexpected weather conditions.,2
She practices yoga every morning to stay focused and calm.,2
She prefers reading historical novels over science fiction.,2
The concert was canceled due to unexpected weather conditions.,2
She prefers reading historical novels over science fiction.,2
The local bakery is known for its delicious sourdough bread.,2
The local bakery is known for its delicious sourdough bread.,2
Blockchain can provide secure and transparent financial transactions.,1
The concert was canceled due to unexpected weather conditions.,2
The concert was canceled due to unexpected weather conditions.,2
We took a scenic drive through the mountains last fall.,2
Machine learning models can now detect cancer from X-rays.,1
"Using big data, scientists can predict disease outbreaks early.",1
The concert was canceled due to unexpected weather conditions.,2
Natural language processing powers modern voice assistants.,1
Natural language processing powers modern voice assistants.,1
Self-driving cars are being tested in several urban cities.,1
"Using big data, scientists can predict disease outbreaks early.",1
The lecture on quantum mechanics was hard to follow but fascinating.,2
Artificial intelligence is transforming the healthcare industry.,1
Cloud computing allows companies to scale faster and cheaper.,1
Artificial intelligence is transforming the healthcare industry.,1
The concert was canceled due to unexpected weather conditions.,2
The concert was canceled due to unexpected weather conditions.,2
Blockchain can provide secure and transparent financial transactions.,1
Renewable energy sources are crucial in fighting climate change.,1
We took a scenic drive through the mountains last fall.,2
Blockchain can provide secure and transparent financial transactions.,1
The local bakery is known for its delicious sourdough bread.,2
Volunteering at the animal shelter was a rewarding experience.,2
The lecture on quantum mechanics was hard to follow but fascinating.,2
Artificial intelligence is transforming the healthcare industry.,1
The local bakery is known for its delicious sourdough bread.,2
Volunteering at the animal shelter was a rewarding experience.,2
Artificial intelligence is transforming the healthcare industry.,1
Natural language processing powers modern voice assistants.,1
The concert was canceled due to unexpected weather conditions.,2
Blockchain can provide secure and transparent financial transactions.,1
Renewable energy sources are crucial in fighting climate change.,1
Volunteering at the animal shelter was a rewarding experience.,2
She prefers reading historical novels over science fiction.,2
Self-driving cars are being tested in several urban cities.,1
Blockchain can provide secure and transparent financial transactions.,1
The weather forecast predicts rain and cooler temperatures this weekend.,2
Blockchain can provide secure and transparent financial transactions.,1
The concert was canceled due to unexpected weather conditions.,2
The lecture on quantum mechanics was hard to follow but fascinating.,2
Machine learning models can now detect cancer from X-rays.,1
Blockchain can provide secure and transparent financial transactions.,1
Machine learning models can now detect cancer from X-rays.,1
Renewable energy sources are crucial in fighting climate change.,1
Blockchain can provide secure and transparent financial transactions.,1
Machine learning models can now detect cancer from X-rays.,1
Renewable energy sources are crucial in fighting climate change.,1
The weather forecast predicts rain and cooler temperatures this weekend.,2
She practices yoga every morning to stay focused and calm.,2
Renewable energy sources are crucial in fighting climate change.,1
The lecture on quantum mechanics was hard to follow but fascinating.,2
Smart homes improve energy efficiency and user convenience.,1
AI chatbots help businesses improve customer support experiences.,1
Artificial intelligence is transforming the healthcare industry.,1
Renewable energy sources are crucial in fighting climate change.,1
The lecture on quantum mechanics was hard to follow but fascinating.,2
We took a scenic drive through the mountains last fall.,2
The movie featured a compelling storyline and excellent performances.,2
Artificial intelligence is transforming the healthcare industry.,1
She prefers reading historical novels over science fiction.,2
Artificial intelligence is transforming the healthcare industry.,1
Self-driving cars are being tested in several urban cities.,1
The movie featured a compelling storyline and excellent performances.,2
Blockchain can provide secure and transparent financial transactions.,1
She prefers reading historical novels over science fiction.,2
She prefers reading historical novels over science fiction.,2
The weather forecast predicts rain and cooler temperatures this weekend.,2
Smart homes improve energy efficiency and user convenience.,1
He enjoys woodworking in his free time and often makes furniture.,2
The weather forecast predicts rain and cooler temperatures this weekend.,2
The movie featured a compelling storyline and excellent performances.,2
Artificial intelligence is transforming the healthcare industry.,1
She prefers reading historical novels over science fiction.,2
Blockchain can provide secure and transparent financial transactions.,1
Cloud computing allows companies to scale faster and cheaper.,1
Blockchain can provide secure and transparent financial transactions.,1
Natural language processing powers modern voice assistants.,1
Renewable energy sources are crucial in fighting climate change.,1
"Using big data, scientists can predict disease outbreaks early.",1
Blockchain can provide secure and transparent financial transactions.,1
Artificial intelligence is transforming the healthcare industry.,1
She practices yoga every morning to stay focused and calm.,2
Renewable energy sources are crucial in fighting climate change.,1
Volunteering at the animal shelter was a rewarding experience.,2
The local bakery is known for its delicious sourdough bread.,2
The movie featured a compelling storyline and excellent performances.,2
He enjoys woodworking in his free time and often makes furniture.,2
Volunteering at the animal shelter was a rewarding experience.,2
Natural language processing powers modern voice assistants.,1
The concert was canceled due to unexpected weather conditions.,2
She prefers reading historical novels over science fiction.,2
Machine learning models can now detect cancer from X-rays.,1
Self-driving cars are being tested in several urban cities.,1
The concert was canceled due to unexpected weather conditions.,2
The weather forecast predicts rain and cooler temperatures this weekend.,2
The lecture on quantum mechanics was hard to follow but fascinating.,2
He enjoys woodworking in his free time and often makes furniture.,2
Artificial intelligence is transforming the healthcare industry.,1
The local bakery is known for its delicious sourdough bread.,2
Blockchain can provide secure and transparent financial transactions.,1
"Using big data, scientists can predict disease outbreaks early.",1
Blockchain can provide secure and transparent financial transactions.,1
She prefers reading historical novels over science fiction.,2
Self-driving cars are being tested in several urban cities.,1
Artificial intelligence is transforming the healthcare industry.,1
We took a scenic drive through the mountains last fall.,2
Cloud computing allows companies to scale faster and cheaper.,1
Self-driving cars are being tested in several urban cities.,1
Blockchain can provide secure and transparent financial transactions.,1
The concert was canceled due to unexpected weather conditions.,2
Smart homes improve energy efficiency and user convenience.,1
The local bakery is known for its delicious sourdough bread.,2
Cloud computing allows companies to scale faster and cheaper.,1
The lecture on quantum mechanics was hard to follow but fascinating.,2
Self-driving cars are being tested in several urban cities.,1
She prefers reading historical novels over science fiction.,2
The movie featured a compelling storyline and excellent performances.,2
He enjoys woodworking in his free time and often makes furniture.,2
Machine learning models can now detect cancer from X-rays.,1
The lecture on quantum mechanics was hard to follow but fascinating.,2
Cloud computing allows companies to scale faster and cheaper.,1
Renewable energy sources are crucial in fighting climate change.,1
He enjoys woodworking in his free time and often makes furniture.,2
The lecture on quantum mechanics was hard to follow but fascinating.,2
Smart homes improve energy efficiency and user convenience.,1
"Using big data, scientists can predict disease outbreaks early.",1
Natural language processing powers modern voice assistants.,1
Machine learning models can now detect cancer from X-rays.,1
The movie featured a compelling storyline and excellent performances.,2
Blockchain can provide secure and transparent financial transactions.,1
The local bakery is known for its delicious sourdough bread.,2
Artificial intelligence is transforming the healthcare industry.,1
The movie featured a compelling storyline and excellent performances.,2
Machine learning models can now detect cancer from X-rays.,1
He enjoys woodworking in his free time and often makes furniture.,2
AI chatbots help businesses improve customer support experiences.,1
She practices yoga every morning to stay focused and calm.,2
Machine learning models can now detect cancer from X-rays.,1
Blockchain can provide secure and transparent financial transactions.,1
He enjoys woodworking in his free time and often makes furniture.,2
Self-driving cars are being tested in several urban cities.,1
The movie featured a compelling storyline and excellent performances.,2
The local bakery is known for its delicious sourdough bread.,2
AI chatbots help businesses improve customer support experiences.,1
The local bakery is known for its delicious sourdough bread.,2
Smart homes improve energy efficiency and user convenience.,1
The movie featured a compelling storyline and excellent performances.,2
The weather forecast predicts rain and cooler temperatures this weekend.,2
We took a scenic drive through the mountains last fall.,2
Volunteering at the animal shelter was a rewarding experience.,2
AI chatbots help businesses improve customer support experiences.,1
Machine learning models can now detect cancer from X-rays.,1
She prefers reading historical novels over science fiction.,2
Machine learning models can now detect cancer from X-rays.,1
Blockchain can provide secure and transparent financial transactions.,1
The local bakery is known for its delicious sourdough bread.,2
The weather forecast predicts rain and cooler temperatures this weekend.,2
"Using big data, scientists can predict disease outbreaks early.",1
Cloud computing allows companies to scale faster and cheaper.,1
Machine learning models can now detect cancer from X-rays.,1
Machine learning models can now detect cancer from X-rays.,1
The movie featured a compelling storyline and excellent performances.,2
Smart homes improve energy efficiency and user convenience.,1
The weather forecast predicts rain and cooler temperatures this weekend.,2
We took a scenic drive through the mountains last fall.,2
Cloud computing allows companies to scale faster and cheaper.,1
The weather forecast predicts rain and cooler temperatures this weekend.,2
Blockchain can provide secure and transparent financial transactions.,1
We took a scenic drive through the mountains last fall.,2
She practices yoga every morning to stay focused and calm.,2
AI chatbots help businesses improve customer support experiences.,1
She practices yoga every morning to stay focused and calm.,2
The local bakery is known for its delicious sourdough bread.,2
Artificial intelligence is transforming the healthcare industry.,1
Cloud computing allows companies to scale faster and cheaper.,1
AI chatbots help businesses improve customer support experiences.,1
Self-driving cars are being tested in several urban cities.,1
AI chatbots help businesses improve customer support experiences.,1
We took a scenic drive through the mountains last fall.,2
The movie featured a compelling storyline and excellent performances.,2
The local bakery is known for its delicious sourdough bread.,2
The concert was canceled due to unexpected weather conditions.,2
Smart homes improve energy efficiency and user convenience.,1
AI chatbots help businesses improve customer support experiences.,1
Self-driving cars are being tested in several urban cities.,1
The concert was canceled due to unexpected weather conditions.,2
"Using big data, scientists can predict disease outbreaks early.",1
Smart homes improve energy efficiency and user convenience.,1
She prefers reading historical novels over science fiction.,2
Self-driving cars are being tested in several urban cities.,1
Machine learning models can now detect cancer from X-rays.,1
Volunteering at the animal shelter was a rewarding experience.,2
She prefers reading historical novels over science fiction.,2
Blockchain can provide secure and transparent financial transactions.,1
She prefers reading historical novels over science fiction.,2
The weather forecast predicts rain and cooler temperatures this weekend.,2
The weather forecast predicts rain and cooler temperatures this weekend.,2
"Using big data, scientists can predict disease outbreaks early.",1
He enjoys woodworking in his free time and often makes furniture.,2
We took a scenic drive through the mountains last fall.,2
She practices yoga every morning to stay focused and calm.,2
Smart homes improve energy efficiency and user convenience.,1
"Using big data, scientists can predict disease outbreaks early.",1
Self-driving cars are being tested in several urban cities.,1
Smart homes improve energy efficiency and user convenience.,1
Self-driving cars are being tested in several urban cities.,1
Machine learning models can now detect cancer from X-rays.,1
We took a scenic drive through the mountains last fall.,2
Machine learning models can now detect cancer from X-rays.,1
Self-driving cars are being tested in several urban cities.,1
The movie featured a compelling storyline and excellent performances.,2
The concert was canceled due to unexpected weather conditions.,2
We took a scenic drive through the mountains last fall.,2
Blockchain can provide secure and transparent financial transactions.,1
Renewable energy sources are crucial in fighting climate change.,1
She prefers reading historical novels over science fiction.,2
She practices yoga every morning to stay focused and calm.,2
Machine learning models can now detect cancer from X-rays.,1
"Using big data, scientists can predict disease outbreaks early.",1
The weather forecast predicts rain and cooler temperatures this weekend.,2
Natural language processing powers modern voice assistants.,1
The local bakery is known for its delicious sourdough bread.,2
Natural language processing powers modern voice assistants.,1
The lecture on quantum mechanics was hard to follow but fascinating.,2
The weather forecast predicts rain and cooler temperatures this weekend.,2
Smart homes improve energy efficiency and user convenience.,1
Artificial intelligence is transforming the healthcare industry.,1
The movie featured a compelling storyline and excellent performances.,2
She practices yoga every morning to stay focused and calm.,2
He enjoys woodworking in his free time and often makes furniture.,2
The lecture on quantum mechanics was hard to follow but fascinating.,2
The movie featured a compelling storyline and excellent performances.,2
Natural language processing powers modern voice assistants.,1
The movie featured a compelling storyline and excellent performances.,2
The weather forecast predicts rain and cooler temperatures this weekend.,2
Natural language processing powers modern voice assistants.,1
The local bakery is known for its delicious sourdough bread.,2
AI chatbots help businesses improve customer support experiences.,1
The lecture on quantum mechanics was hard to follow but fascinating.,2
Machine learning models can now detect cancer from X-rays.,1
Smart homes improve energy efficiency and user convenience.,1
Smart homes improve energy efficiency and user convenience.,1
Smart homes improve energy efficiency and user convenience.,1
"Using big data, scientists can predict disease outbreaks early.",1
The lecture on quantum mechanics was hard to follow but fascinating.,2
We took a scenic drive through the mountains last fall.,2
Natural language processing powers modern voice assistants.,1
Cloud computing allows companies to scale faster and cheaper.,1
"Using big data, scientists can predict disease outbreaks early.",1
AI chatbots help businesses improve customer support experiences.,1
Blockchain can provide secure and transparent financial transactions.,1
Blockchain can provide secure and transparent financial transactions.,1
He enjoys woodworking in his free time and often makes furniture.,2
Artificial intelligence is transforming the healthcare industry.,1
He enjoys woodworking in his free time and often makes furniture.,2
She prefers reading historical novels over science fiction.,2
Artificial intelligence is transforming the healthcare industry.,1
The lecture on quantum mechanics was hard to follow but fascinating.,2
He enjoys woodworking in his free time and often makes furniture.,2
We took a scenic drive through the mountains last fall.,2
Self-driving cars are being tested in several urban cities.,1
We took a scenic drive through the mountains last fall.,2
She prefers reading historical novels over science fiction.,2
Smart homes improve energy efficiency and user convenience.,1
The movie featured a compelling storyline and excellent performances.,2
"Using big data, scientists can predict disease outbreaks early.",1
AI chatbots help businesses improve customer support experiences.,1
She practices yoga every morning to stay focused and calm.,2
She prefers reading historical novels over science fiction.,2
The lecture on quantum mechanics was hard to follow but fascinating.,2
The lecture on quantum mechanics was hard to follow but fascinating.,2
Smart homes improve energy efficiency and user convenience.,1
Blockchain can provide secure and transparent financial transactions.,1
She practices yoga every morning to stay focused and calm.,2
Cloud computing allows companies to scale faster and cheaper.,1
The local bakery is known for its delicious sourdough bread.,2
Blockchain can provide secure and transparent financial transactions.,1
Self-driving cars are being tested in several urban cities.,1
Machine learning models can now detect cancer from X-rays.,1
We took a scenic drive through the mountains last fall.,2
The concert was canceled due to unexpected weather conditions.,2
He enjoys woodworking in his free time and often makes furniture.,2
She practices yoga every morning to stay focused and calm.,2
She prefers reading historical novels over science fiction.,2
Self-driving cars are being tested in several urban cities.,1
Self-driving cars are being tested in several urban cities.,1
Blockchain can provide secure and transparent financial transactions.,1
She prefers reading historical novels over science fiction.,2
The concert was canceled due to unexpected weather conditions.,2
The movie featured a compelling storyline and excellent performances.,2
The concert was canceled due to unexpected weather conditions.,2
She prefers reading historical novels over science fiction.,2
Volunteering at the animal shelter was a rewarding experience.,2
"Using big data, scientists can predict disease outbreaks early.",1
"Using big data, scientists can predict disease outbreaks early.",1
He enjoys woodworking in his free time and often makes furniture.,2
Machine learning models can now detect cancer from X-rays.,1
The weather forecast predicts rain and cooler temperatures this weekend.,2
Cloud computing allows companies to scale faster and cheaper.,1
Self-driving cars are being tested in several urban cities.,1
AI chatbots help businesses improve customer support experiences.,1
Self-driving cars are being tested in several urban cities.,1
He enjoys woodworking in his free time and often makes furniture.,2
Self-driving cars are being tested in several urban cities.,1
Renewable energy sources are crucial in fighting climate change.,1
He enjoys woodworking in his free time and often makes furniture.,2
She practices yoga every morning to stay focused and calm.,2
Natural language processing powers modern voice assistants.,1
Renewable energy sources are crucial in fighting climate change.,1
Cloud computing allows companies to scale faster and cheaper.,1
She prefers reading historical novels over science fiction.,2
The concert was canceled due to unexpected weather conditions.,2
The weather forecast predicts rain and cooler temperatures this weekend.,2
The lecture on quantum mechanics was hard to follow but fascinating.,2
Machine learning models can now detect cancer from X-rays.,1
The concert was canceled due to unexpected weather conditions.,2
Machine learning models can now detect cancer from X-rays.,1
The movie featured a compelling storyline and excellent performances.,2
Machine learning models can now detect cancer from X-rays.,1
Artificial intelligence is transforming the healthcare industry.,1
We took a scenic drive through the mountains last fall.,2
She practices yoga every morning to stay focused and calm.,2
The local bakery is known for its delicious sourdough bread.,2
Smart homes improve energy efficiency and user convenience.,1
The concert was canceled due to unexpected weather conditions.,2
The weather forecast predicts rain and cooler temperatures this weekend.,2
He enjoys woodworking in his free time and often makes furniture.,2
Machine learning models can now detect cancer from X-rays.,1
Artificial intelligence is transforming the healthcare industry.,1
The concert was canceled due to unexpected weather conditions.,2
The local bakery is known for its delicious sourdough bread.,2
AI chatbots help businesses improve customer support experiences.,1
She practices yoga every morning to stay focused and calm.,2
Renewable energy sources are crucial in fighting climate change.,1
She prefers reading historical novels over science fiction.,2
Smart homes improve energy efficiency and user convenience.,1
She practices yoga every morning to stay focused and calm.,2
Self-driving cars are being tested in several urban cities.,1
Smart homes improve energy efficiency and user convenience.,1
Blockchain can provide secure and transparent financial transactions.,1
The concert was canceled due to unexpected weather conditions.,2
The movie featured a compelling storyline and excellent performances.,2
AI chatbots help businesses improve customer support experiences.,1
Cloud computing allows companies to scale faster and cheaper.,1
The local bakery is known for its delicious sourdough bread.,2
The concert was canceled due to unexpected weather conditions.,2
Volunteering at the animal shelter was a rewarding experience.,2
Smart homes improve energy efficiency and user convenience.,1
Artificial intelligence is transforming the healthcare industry.,1
The movie featured a compelling storyline and excellent performances.,2
Smart homes improve energy efficiency and user convenience.,1
Cloud computing allows companies to scale faster and cheaper.,1
She practices yoga every morning to stay focused and calm.,2
Machine learning models can now detect cancer from X-rays.,1
She prefers reading historical novels over science fiction.,2
Natural language processing powers modern voice assistants.,1
The local bakery is known for its delicious sourdough bread.,2
Self-driving cars are being tested in several urban cities.,1
The weather forecast predicts rain and cooler temperatures this weekend.,2
The concert was canceled due to unexpected weather conditions.,2
Machine learning models can now detect cancer from X-rays.,1
The lecture on quantum mechanics was hard to follow but fascinating.,2
AI chatbots help businesses improve customer support experiences.,1
Volunteering at the animal shelter was a rewarding experience.,2
"Using big data, scientists can predict disease outbreaks early.",1
Machine learning models can now detect cancer from X-rays.,1
The weather forecast predicts rain and cooler temperatures this weekend.,2
Volunteering at the animal shelter was a rewarding experience.,2
The local bakery is known for its delicious sourdough bread.,2
Blockchain can provide secure and transparent financial transactions.,1
Self-driving cars are being tested in several urban cities.,1
She practices yoga every morning to stay focused and calm.,2
The concert was canceled due to unexpected weather conditions.,2
We took a scenic drive through the mountains last fall.,2
Volunteering at the animal shelter was a rewarding experience.,2
Machine learning models can now detect cancer from X-rays.,1
She prefers reading historical novels over science fiction.,2
The concert was canceled due to unexpected weather conditions.,2
The lecture on quantum mechanics was hard to follow but fascinating.,2
AI chatbots help businesses improve customer support experiences.,1
Volunteering at the animal shelter was a rewarding experience.,2
AI chatbots help businesses improve customer support experiences.,1
The concert was canceled due to unexpected weather conditions.,2
Natural language processing powers modern voice assistants.,1
The movie featured a compelling storyline and excellent performances.,2
Cloud computing allows companies to scale faster and cheaper.,1
Volunteering at the animal shelter was a rewarding experience.,2
Volunteering at the animal shelter was a rewarding experience.,2
She prefers reading historical novels over science fiction.,2
The weather forecast predicts rain and cooler temperatures this weekend.,2
We took a scenic drive through the mountains last fall.,2
The concert was canceled due to unexpected weather conditions.,2
She practices yoga every morning to stay focused and calm.,2
Self-driving cars are being tested in several urban cities.,1
The concert was canceled due to unexpected weather conditions.,2
Self-driving cars are being tested in several urban cities.,1
Renewable energy sources are crucial in fighting climate change.,1
He enjoys woodworking in his free time and often makes furniture.,2
She practices yoga every morning to stay focused and calm.,2
AI chatbots help businesses improve customer support experiences.,1
Cloud computing allows companies to scale faster and cheaper.,1
Volunteering at the animal shelter was a rewarding experience.,2
Smart homes improve energy efficiency and user convenience.,1
Smart homes improve energy efficiency and user convenience.,1
The movie featured a compelling storyline and excellent performances.,2
We took a scenic drive through the mountains last fall.,2
We took a scenic drive through the mountains last fall.,2
We took a scenic drive through the mountains last fall.,2
Renewable energy sources are crucial in fighting climate change.,1
She practices yoga every morning to stay focused and calm.,2
The movie featured a compelling storyline and excellent performances.,2
AI chatbots help businesses improve customer support experiences.,1
Natural language processing powers modern voice assistants.,1
Volunteering at the animal shelter was a rewarding experience.,2
The local bakery is known for its delicious sourdough bread.,2
She practices yoga every morning to stay focused and calm.,2
He enjoys woodworking in his free time and often makes furniture.,2
Volunteering at the animal shelter was a rewarding experience.,2
Smart homes improve energy efficiency and user convenience.,1
Blockchain can provide secure and transparent financial transactions.,1
Machine learning models can now detect cancer from X-rays.,1
AI chatbots help businesses improve customer support experiences.,1
The local bakery is known for its delicious sourdough bread.,2
He enjoys woodworking in his free time and often makes furniture.,2
Natural language processing powers modern voice assistants.,1
Machine learning models can now detect cancer from X-rays.,1
AI chatbots help businesses improve customer support experiences.,1
Machine learning models can now detect cancer from X-rays.,1
Self-driving cars are being tested in several urban cities.,1
The weather forecast predicts rain and cooler temperatures this weekend.,2
She prefers reading historical novels over science fiction.,2
Self-driving cars are being tested in several urban cities.,1
Natural language processing powers modern voice assistants.,1
Self-driving cars are being tested in several urban cities.,1
The local bakery is known for its delicious sourdough bread.,2
The concert was canceled due to unexpected weather conditions.,2
The weather forecast predicts rain and cooler temperatures this weekend.,2
The lecture on quantum mechanics was hard to follow but fascinating.,2
Renewable energy sources are crucial in fighting climate change.,1
Blockchain can provide secure and transparent financial transactions.,1
Smart homes improve energy efficiency and user convenience.,1
The weather forecast predicts rain and cooler temperatures this weekend.,2
Machine learning models can now detect cancer from X-rays.,1
Natural language processing powers modern voice assistants.,1
We took a scenic drive through the mountains last fall.,2
"Using big data, scientists can predict disease outbreaks early.",1
Renewable energy sources are crucial in fighting climate change.,1
"Using big data, scientists can predict disease outbreaks early.",1
The concert was canceled due to unexpected weather conditions.,2
Smart homes improve energy efficiency and user convenience.,1
Renewable energy sources are crucial in fighting climate change.,1
She prefers reading historical novels over science fiction.,2
Self-driving cars are being tested in several urban cities.,1
She prefers reading historical novels over science fiction.,2
The local bakery is known for its delicious sourdough bread.,2
Artificial intelligence is transforming the healthcare industry.,1
The local bakery is known for its delicious sourdough bread.,2
She prefers reading historical novels over science fiction.,2
The local bakery is known for its delicious sourdough bread.,2
Renewable energy sources are crucial in fighting climate change.,1
Blockchain can provide secure and transparent financial transactions.,1
Artificial intelligence is transforming the healthcare industry.,1
She prefers reading historical novels over science fiction.,2
The weather forecast predicts rain and cooler temperatures this weekend.,2
The lecture on quantum mechanics was hard to follow but fascinating.,2
He enjoys woodworking in his free time and often makes furniture.,2
"Using big data, scientists can predict disease outbreaks early.",1
The local bakery is known for its delicious sourdough bread.,2
She prefers reading historical novels over science fiction.,2
She prefers reading historical novels over science fiction.,2
The lecture on quantum mechanics was hard to follow but fascinating.,2
We took a scenic drive through the mountains last fall.,2
Renewable energy sources are crucial in fighting climate change.,1
The movie featured a compelling storyline and excellent performances.,2
Cloud computing allows companies to scale faster and cheaper.,1
Cloud computing allows companies to scale faster and cheaper.,1
He enjoys woodworking in his free time and often makes furniture.,2
Artificial intelligence is transforming the healthcare industry.,1
Cloud computing allows companies to scale faster and cheaper.,1
The local bakery is known for its delicious sourdough bread.,2
Cloud computing allows companies to scale faster and cheaper.,1
The weather forecast predicts rain and cooler temperatures this weekend.,2
Volunteering at the animal shelter was a rewarding experience.,2
Blockchain can provide secure and transparent financial transactions.,1
"Using big data, scientists can predict disease outbreaks early.",1
Renewable energy sources are crucial in fighting climate change.,1
AI chatbots help businesses improve customer support experiences.,1
"Using big data, scientists can predict disease outbreaks early.",1
Blockchain can provide secure and transparent financial transactions.,1
The weather forecast predicts rain and cooler temperatures this weekend.,2
The concert was canceled due to unexpected weather conditions.,2
Cloud computing allows companies to scale faster and cheaper.,1
"Using big data, scientists can predict disease outbreaks early.",1
She prefers reading historical novels over science fiction.,2
The lecture on quantum mechanics was hard to follow but fascinating.,2
Smart homes improve energy efficiency and user convenience.,1
The movie featured a compelling storyline and excellent performances.,2
The concert was canceled due to unexpected weather conditions.,2
The lecture on quantum mechanics was hard to follow but fascinating.,2
She prefers reading historical novels over science fiction.,2
The lecture on quantum mechanics was hard to follow but fascinating.,2
Volunteering at the animal shelter was a rewarding experience.,2
The weather forecast predicts rain and cooler temperatures this weekend.,2
We took a scenic drive through the mountains last fall.,2
The concert was canceled due to unexpected weather conditions.,2
He enjoys woodworking in his free time and often makes furniture.,2
The movie featured a compelling storyline and excellent performances.,2
She prefers reading historical novels over science fiction.,2
The movie featured a compelling storyline and excellent performances.,2
"Using big data, scientists can predict disease outbreaks early.",1
Blockchain can provide secure and transparent financial transactions.,1
Machine learning models can now detect cancer from X-rays.,1
Volunteering at the animal shelter was a rewarding experience.,2
Blockchain can provide secure and transparent financial transactions.,1
We took a scenic drive through the mountains last fall.,2
Natural language processing powers modern voice assistants.,1
Blockchain can provide secure and transparent financial transactions.,1
Artificial intelligence is transforming the healthcare industry.,1
Machine learning models can now detect cancer from X-rays.,1
The lecture on quantum mechanics was hard to follow but fascinating.,2
The weather forecast predicts rain and cooler temperatures this weekend.,2
AI chatbots help businesses improve customer support experiences.,1
Smart homes improve energy efficiency and user convenience.,1
Smart homes improve energy efficiency and user convenience.,1
Smart homes improve energy efficiency and user convenience.,1
The concert was canceled due to unexpected weather conditions.,2
"Using big data, scientists can predict disease outbreaks early.",1
Natural language processing powers modern voice assistants.,1
Natural language processing powers modern voice assistants.,1
The concert was canceled due to unexpected weather conditions.,2
The lecture on quantum mechanics was hard to follow but fascinating.,2
The concert was canceled due to unexpected weather conditions.,2
She prefers reading historical novels over science fiction.,2
Volunteering at the animal shelter was a rewarding experience.,2
The concert was canceled due to unexpected weather conditions.,2
Cloud computing allows companies to scale faster and cheaper.,1
AI chatbots help businesses improve customer support experiences.,1
Cloud computing allows companies to scale faster and cheaper.,1
Renewable energy sources are crucial in fighting climate change.,1
The movie featured a compelling storyline and excellent performances.,2
She prefers reading historical novels over science fiction.,2
Volunteering at the animal shelter was a rewarding experience.,2
We took a scenic drive through the mountains last fall.,2
Smart homes improve energy efficiency and user convenience.,1
Smart homes improve energy efficiency and user convenience.,1
Renewable energy sources are crucial in fighting climate change.,1
The movie featured a compelling storyline and excellent performances.,2
She prefers reading historical novels over science fiction.,2
The weather forecast predicts rain and cooler temperatures this weekend.,2
The weather forecast predicts rain and cooler temperatures this weekend.,2
Volunteering at the animal shelter was a rewarding experience.,2
She practices yoga every morning to stay focused and calm.,2
Blockchain can provide secure and transparent financial transactions.,1
AI chatbots help businesses improve customer support experiences.,1
The local bakery is known for its delicious sourdough bread.,2
We took a scenic drive through the mountains last fall.,2
Self-driving cars are being tested in several urban cities.,1
Blockchain can provide secure and transparent financial transactions.,1
Cloud computing allows companies to scale faster and cheaper.,1
Blockchain can provide secure and transparent financial transactions.,1
Self-driving cars are being tested in several urban cities.,1
Blockchain can provide secure and transparent financial transactions.,1
The lecture on quantum mechanics was hard to follow but fascinating.,2
We took a scenic drive through the mountains last fall.,2
Cloud computing allows companies to scale faster and cheaper.,1
"Using big data, scientists can predict disease outbreaks early.",1
Smart homes improve energy efficiency and user convenience.,1
She practices yoga every morning to stay focused and calm.,2
The concert was canceled due to unexpected weather conditions.,2
Cloud computing allows companies to scale faster and cheaper.,1
She practices yoga every morning to stay focused and calm.,2
Self-driving cars are being tested in several urban cities.,1
The local bakery is known for its delicious sourdough bread.,2
Smart homes improve energy efficiency and user convenience.,1
AI chatbots help businesses improve customer support experiences.,1
We took a scenic drive through the mountains last fall.,2
Machine learning models can now detect cancer from X-rays.,1
Machine learning models can now detect cancer from X-rays.,1
AI chatbots help businesses improve customer support experiences.,1
Volunteering at the animal shelter was a rewarding experience.,2
The movie featured a compelling storyline and excellent performances.,2
The movie featured a compelling storyline and excellent performances.,2
AI chatbots help businesses improve customer support experiences.,1
The movie featured a compelling storyline and excellent performances.,2
The concert was canceled due to unexpected weather conditions.,2
The weather forecast predicts rain and cooler temperatures this weekend.,2
The lecture on quantum mechanics was hard to follow but fascinating.,2
The lecture on quantum mechanics was hard to follow but fascinating.,2
"Using big data, scientists can predict disease outbreaks early.",1
AI chatbots help businesses improve customer support experiences.,1
Smart homes improve energy efficiency and user convenience.,1
Blockchain can provide secure and transparent financial transactions.,1
Blockchain can provide secure and transparent financial transactions.,1
She prefers reading historical novels over science fiction.,2
She prefers reading historical novels over science fiction.,2
He enjoys woodworking in his free time and often makes furniture.,2
"Using big data, scientists can predict disease outbreaks early.",1
The lecture on quantum mechanics was hard to follow but fascinating.,2
He enjoys woodworking in his free time and often makes furniture.,2
The lecture on quantum mechanics was hard to follow but fascinating.,2
We took a scenic drive through the mountains last fall.,2
She prefers reading historical novels over science fiction.,2
Self-driving cars are being tested in several urban cities.,1
The movie featured a compelling storyline and excellent performances.,2
Natural language processing powers modern voice assistants.,1
She prefers reading historical novels over science fiction.,2
We took a scenic drive through the mountains last fall.,2
The weather forecast predicts rain and cooler temperatures this weekend.,2
The local bakery is known for its delicious sourdough bread.,2
Machine learning models can now detect cancer from X-rays.,1
We took a scenic drive through the mountains last fall.,2
Machine learning models can now detect cancer from X-rays.,1
Artificial intelligence is transforming the healthcare industry.,1
She prefers reading historical novels over science fiction.,2
The weather forecast predicts rain and cooler temperatures this weekend.,2
Cloud computing allows companies to scale faster and cheaper.,1
She prefers reading historical novels over science fiction.,2
Smart homes improve energy efficiency and user convenience.,1
The movie featured a compelling storyline and excellent performances.,2
She prefers reading historical novels over science fiction.,2
Blockchain can provide secure and transparent financial transactions.,1
Renewable energy sources are crucial in fighting climate change.,1
Self-driving cars are being tested in several urban cities.,1
"Using big data, scientists can predict disease outbreaks early.",1
The weather forecast predicts rain and cooler temperatures this weekend.,2
Self-driving cars are being tested in several urban cities.,1
The local bakery is known for its delicious sourdough bread.,2
"Using big data, scientists can predict disease outbreaks early.",1
Cloud computing allows companies to scale faster and cheaper.,1
Blockchain can provide secure and transparent financial transactions.,1
The lecture on quantum mechanics was hard to follow but fascinating.,2
AI chatbots help businesses improve customer support experiences.,1
Cloud computing allows companies to scale faster and cheaper.,1
The movie featured a compelling storyline and excellent performances.,2
The movie featured a compelling storyline and excellent performances.,2
Machine learning models can now detect cancer from X-rays.,1
She practices yoga every morning to stay focused and calm.,2
Cloud computing allows companies to scale faster and cheaper.,1
AI chatbots help businesses improve customer support experiences.,1
Artificial intelligence is transforming the healthcare industry.,1
The concert was canceled due to unexpected weather conditions.,2
The movie featured a compelling storyline and excellent performances.,2
Cloud computing allows companies to scale faster and cheaper.,1
The concert was canceled due to unexpected weather conditions.,2
The concert was canceled due to unexpected weather conditions.,2
The weather forecast predicts rain and cooler temperatures this weekend.,2
Volunteering at the animal shelter was a rewarding experience.,2
We took a scenic drive through the mountains last fall.,2
Blockchain can provide secure and transparent financial transactions.,1
He enjoys woodworking in his free time and often makes furniture.,2
She practices yoga every morning to stay focused and calm.,2
She prefers reading historical novels over science fiction.,2
The weather forecast predicts rain and cooler temperatures this weekend.,2
Self-driving cars are being tested in several urban cities.,1
The movie featured a compelling storyline and excellent performances.,2
The lecture on quantum mechanics was hard to follow but fascinating.,2
The local bakery is known for its delicious sourdough bread.,2
Machine learning models can now detect cancer from X-rays.,1
The movie featured a compelling storyline and excellent performances.,2
The weather forecast predicts rain and cooler temperatures this weekend.,2
Natural language processing powers modern voice assistants.,1
We took a scenic drive through the mountains last fall.,2
The movie featured a compelling storyline and excellent performances.,2
"Using big data, scientists can predict disease outbreaks early.",1
We took a scenic drive through the mountains last fall.,2
He enjoys woodworking in his free time and often makes furniture.,2
She prefers reading historical novels over science fiction.,2
AI chatbots help businesses improve customer support experiences.,1
The lecture on quantum mechanics was hard to follow but fascinating.,2
Artificial intelligence is transforming the healthcare industry.,1
Machine learning models can now detect cancer from X-rays.,1
Natural language processing powers modern voice assistants.,1
Smart homes improve energy efficiency and user convenience.,1
Self-driving cars are being tested in several urban cities.,1
AI chatbots help businesses improve customer support experiences.,1
The local bakery is known for its delicious sourdough bread.,2
Smart homes improve energy efficiency and user convenience.,1
Self-driving cars are being tested in several urban cities.,1
She prefers reading historical novels over science fiction.,2
The concert was canceled due to unexpected weather conditions.,2
The movie featured a compelling storyline and excellent performances.,2
The weather forecast predicts rain and cooler temperatures this weekend.,2
The local bakery is known for its delicious sourdough bread.,2
"Using big data, scientists can predict disease outbreaks early.",1
The concert was canceled due to unexpected weather conditions.,2
Machine learning models can now detect cancer from X-rays.,1
He enjoys woodworking in his free time and often makes furniture.,2
We took a scenic drive through the mountains last fall.,2
The local bakery is known for its delicious sourdough bread.,2
We took a scenic drive through the mountains last fall.,2
Self-driving cars are being tested in several urban cities.,1
Smart homes improve energy efficiency and user convenience.,1
She prefers reading historical novels over science fiction.,2
The lecture on quantum mechanics was hard to follow but fascinating.,2
The concert was canceled due to unexpected weather conditions.,2
Artificial intelligence is transforming the healthcare industry.,1
Machine learning models can now detect cancer from X-rays.,1
Machine learning models can now detect cancer from X-rays.,1
Blockchain can provide secure and transparent financial transactions.,1
He enjoys woodworking in his free time and often makes furniture.,2
The lecture on quantum mechanics was hard to follow but fascinating.,2
She prefers reading historical novels over science fiction.,2
AI chatbots help businesses improve customer support experiences.,1
She prefers reading historical novels over science fiction.,2
Smart homes improve energy efficiency and user convenience.,1
Blockchain can provide secure and transparent financial transactions.,1
Artificial intelligence is transforming the healthcare industry.,1
The movie featured a compelling storyline and excellent performances.,2
The concert was canceled due to unexpected weather conditions.,2
Artificial intelligence is transforming the healthcare industry.,1
Natural language processing powers modern voice assistants.,1
Self-driving cars are being tested in several urban cities.,1
We took a scenic drive through the mountains last fall.,2
AI chatbots help businesses improve customer support experiences.,1
Renewable energy sources are crucial in fighting climate change.,1
Natural language processing powers modern voice assistants.,1
Blockchain can provide secure and transparent financial transactions.,1
Blockchain can provide secure and transparent financial transactions.,1
She prefers reading historical novels over science fiction.,2
The concert was canceled due to unexpected weather conditions.,2
Natural language processing powers modern voice assistants.,1
Renewable energy sources are crucial in fighting climate change.,1
She prefers reading historical novels over science fiction.,2
Blockchain can provide secure and transparent financial transactions.,1
The local bakery is known for its delicious sourdough bread.,2
Natural language processing powers modern voice assistants.,1
He enjoys woodworking in his free time and often makes furniture.,2
Artificial intelligence is transforming the healthcare industry.,1
AI chatbots help businesses improve customer support experiences.,1
AI chatbots help businesses improve customer support experiences.,1
Cloud computing allows companies to scale faster and cheaper.,1
AI chatbots help businesses improve customer support experiences.,1
The movie featured a compelling storyline and excellent performances.,2
She prefers reading historical novels over science fiction.,2
The concert was canceled due to unexpected weather conditions.,2
Volunteering at the animal shelter was a rewarding experience.,2
Self-driving cars are being tested in several urban cities.,1
The weather forecast predicts rain and cooler temperatures this weekend.,2
She practices yoga every morning to stay focused and calm.,2
The concert was canceled due to unexpected weather conditions.,2
Volunteering at the animal shelter was a rewarding experience.,2
She prefers reading historical novels over science fiction.,2
Cloud computing allows companies to scale faster and cheaper.,1
She practices yoga every morning to stay focused and calm.,2
Smart homes improve energy efficiency and user convenience.,1
Natural language processing powers modern voice assistants.,1
Artificial intelligence is transforming the healthcare industry.,1
The concert was canceled due to unexpected weather conditions.,2
The local bakery is known for its delicious sourdough bread.,2
Natural language processing powers modern voice assistants.,1
Self-driving cars are being tested in several urban cities.,1
Artificial intelligence is transforming the healthcare industry.,1
Machine learning models can now detect cancer from X-rays.,1
The weather forecast predicts rain and cooler temperatures this weekend.,2
Smart homes improve energy efficiency and user convenience.,1
The movie featured a compelling storyline and excellent performances.,2
Volunteering at the animal shelter was a rewarding experience.,2
"Using big data, scientists can predict disease outbreaks early.",1
Blockchain can provide secure and transparent financial transactions.,1
Self-driving cars are being tested in several urban cities.,1
"Using big data, scientists can predict disease outbreaks early.",1
Cloud computing allows companies to scale faster and cheaper.,1
She prefers reading historical novels over science fiction.,2
"Using big data, scientists can predict disease outbreaks early.",1
Self-driving cars are being tested in several urban cities.,1
Volunteering at the animal shelter was a rewarding experience.,2
Volunteering at the animal shelter was a rewarding experience.,2
Natural language processing powers modern voice assistants.,1
Artificial intelligence is transforming the healthcare industry.,1
He enjoys woodworking in his free time and often makes furniture.,2
The lecture on quantum mechanics was hard to follow but fascinating.,2
She prefers reading historical novels over science fiction.,2
Artificial intelligence is transforming the healthcare industry.,1
The weather forecast predicts rain and cooler temperatures this weekend.,2
Renewable energy sources are crucial in fighting climate change.,1
She practices yoga every morning to stay focused and calm.,2
She practices yoga every morning to stay focused and calm.,2
AI chatbots help businesses improve customer support experiences.,1
We took a scenic drive through the mountains last fall.,2
The concert was canceled due to unexpected weather conditions.,2
The local bakery is known for its delicious sourdough bread.,2
Smart homes improve energy efficiency and user convenience.,1
AI chatbots help businesses improve customer support experiences.,1
She practices yoga every morning to stay focused and calm.,2
The weather forecast predicts rain and cooler temperatures this weekend.,2
Natural language processing powers modern voice assistants.,1
The weather forecast predicts rain and cooler temperatures this weekend.,2
The lecture on quantum mechanics was hard to follow but fascinating.,2
The movie featured a compelling storyline and excellent performances.,2
She practices yoga every morning to stay focused and calm.,2
Natural language processing powers modern voice assistants.,1
The lecture on quantum mechanics was hard to follow but fascinating.,2
Renewable energy sources are crucial in fighting climate change.,1
Volunteering at the animal shelter was a rewarding experience.,2
Cloud computing allows companies to scale faster and cheaper.,1
Cloud computing allows companies to scale faster and cheaper.,1
The local bakery is known for its delicious sourdough bread.,2
The weather forecast predicts rain and cooler temperatures this weekend.,2
The local bakery is known for its delicious sourdough bread.,2
Cloud computing allows companies to scale faster and cheaper.,1
AI chatbots help businesses improve customer support experiences.,1
The local bakery is known for its delicious sourdough bread.,2
The lecture on quantum mechanics was hard to follow but fascinating.,2
She prefers reading historical novels over science fiction.,2
Artificial intelligence is transforming the healthcare industry.,1
Natural language processing powers modern voice assistants.,1
Machine learning models can now detect cancer from X-rays.,1
The concert was canceled due to unexpected weather conditions.,2
Volunteering at the animal shelter was a rewarding experience.,2
The weather forecast predicts rain and cooler temperatures this weekend.,2
Machine learning models can now detect cancer from X-rays.,1
She practices yoga every morning to stay focused and calm.,2
Machine learning models can now detect cancer from X-rays.,1
The lecture on quantum mechanics was hard to follow but fascinating.,2
Self-driving cars are being tested in several urban cities.,1
The weather forecast predicts rain and cooler temperatures this weekend.,2
The concert was canceled due to unexpected weather conditions.,2
Natural language processing powers modern voice assistants.,1
The concert was canceled due to unexpected weather conditions.,2
He enjoys woodworking in his free time and often makes furniture.,2
Smart homes improve energy efficiency and user convenience.,1
Cloud computing allows companies to scale faster and cheaper.,1
He enjoys woodworking in his free time and often makes furniture.,2
She practices yoga every morning to stay focused and calm.,2
Blockchain can provide secure and transparent financial transactions.,1
Blockchain can provide secure and transparent financial transactions.,1
Artificial intelligence is transforming the healthcare industry.,1
Natural language processing powers modern voice assistants.,1
Smart homes improve energy efficiency and user convenience.,1
Cloud computing allows companies to scale faster and cheaper.,1
AI chatbots help businesses improve customer support experiences.,1
He enjoys woodworking in his free time and often makes furniture.,2
He enjoys woodworking in his free time and often makes furniture.,2
Volunteering at the animal shelter was a rewarding experience.,2
She practices yoga every morning to stay focused and calm.,2
She practices yoga every morning to stay focused and calm.,2
Blockchain can provide secure and transparent financial transactions.,1
Smart homes improve energy efficiency and user convenience.,1
The local bakery is known for its delicious sourdough bread.,2
She practices yoga every morning to stay focused and calm.,2
The concert was canceled due to unexpected weather conditions.,2
The concert was canceled due to unexpected weather conditions.,2
The local bakery is known for its delicious sourdough bread.,2
AI chatbots help businesses improve customer support experiences.,1
The concert was canceled due to unexpected weather conditions.,2
The local bakery is known for its delicious sourdough bread.,2
Cloud computing allows companies to scale faster and cheaper.,1
Renewable energy sources are crucial in fighting climate change.,1
We took a scenic drive through the mountains last fall.,2
The weather forecast predicts rain and cooler temperatures this weekend.,2
Artificial intelligence is transforming the healthcare industry.,1
She prefers reading historical novels over science fiction.,2
Self-driving cars are being tested in several urban cities.,1
Cloud computing allows companies to scale faster and cheaper.,1
The movie featured a compelling storyline and excellent performances.,2
The lecture on quantum mechanics was hard to follow but fascinating.,2
Blockchain can provide secure and transparent financial transactions.,1
Blockchain can provide secure and transparent financial transactions.,1
She practices yoga every morning to stay focused and calm.,2
Renewable energy sources are crucial in fighting climate change.,1
Volunteering at the animal shelter was a rewarding experience.,2
Blockchain can provide secure and transparent financial transactions.,1
Self-driving cars are being tested in several urban cities.,1
The concert was canceled due to unexpected weather conditions.,2
Artificial intelligence is transforming the healthcare industry.,1
The lecture on quantum mechanics was hard to follow but fascinating.,2
The weather forecast predicts rain and cooler temperatures this weekend.,2
The movie featured a compelling storyline and excellent performances.,2
Renewable energy sources are crucial in fighting climate change.,1
Smart homes improve energy efficiency and user convenience.,1
We took a scenic drive through the mountains last fall.,2
Machine learning models can now detect cancer from X-rays.,1
Artificial intelligence is transforming the healthcare industry.,1
She prefers reading historical novels over science fiction.,2
Cloud computing allows companies to scale faster and cheaper.,1
Volunteering at the animal shelter was a rewarding experience.,2
Cloud computing allows companies to scale faster and cheaper.,1
The local bakery is known for its delicious sourdough bread.,2
The local bakery is known for its delicious sourdough bread.,2
Self-driving cars are being tested in several urban cities.,1
Smart homes improve energy efficiency and user convenience.,1
The movie featured a compelling storyline and excellent performances.,2
We took a scenic drive through the mountains last fall.,2
He enjoys woodworking in his free time and often makes furniture.,2
She practices yoga every morning to stay focused and calm.,2
Volunteering at the animal shelter was a rewarding experience.,2
The weather forecast predicts rain and cooler temperatures this weekend.,2
She practices yoga every morning to stay focused and calm.,2
The weather forecast predicts rain and cooler temperatures this weekend.,2
Renewable energy sources are crucial in fighting climate change.,1
Natural language processing powers modern voice assistants.,1
The weather forecast predicts rain and cooler temperatures this weekend.,2
Artificial intelligence is transforming the healthcare industry.,1
He enjoys woodworking in his free time and often makes furniture.,2
The local bakery is known for its delicious sourdough bread.,2
Self-driving cars are being tested in several urban cities.,1
Smart homes improve energy efficiency and user convenience.,1
Artificial intelligence is transforming the healthcare industry.,1
The concert was canceled due to unexpected weather conditions.,2
Natural language processing powers modern voice assistants.,1
Volunteering at the animal shelter was a rewarding experience.,2
Renewable energy sources are crucial in fighting climate change.,1
We took a scenic drive through the mountains last fall.,2
We took a scenic drive through the mountains last fall.,2
Machine learning models can now detect cancer from X-rays.,1
Machine learning models can now detect cancer from X-rays.,1
The concert was canceled due to unexpected weather conditions.,2
Machine learning models can now detect cancer from X-rays.,1
We took a scenic drive through the mountains last fall.,2
The lecture on quantum mechanics was hard to follow but fascinating.,2
The local bakery is known for its delicious sourdough bread.,2
The lecture on quantum mechanics was hard to follow but fascinating.,2
Blockchain can provide secure and transparent financial transactions.,1
Blockchain can provide secure and transparent financial transactions.,1
Self-driving cars are being tested in several urban cities.,1
Natural language processing powers modern voice assistants.,1
Renewable energy sources are crucial in fighting climate change.,1
Volunteering at the animal shelter was a rewarding experience.,2
AI chatbots help businesses improve customer support experiences.,1
She prefers reading historical novels over science fiction.,2
The movie featured a compelling storyline and excellent performances.,2
She prefers reading historical novels over science fiction.,2
She prefers reading historical novels over science fiction.,2
The concert was canceled due to unexpected weather conditions.,2
Cloud computing allows companies to scale faster and cheaper.,1
The lecture on quantum mechanics was hard to follow but fascinating.,2
Natural language processing powers modern voice assistants.,1
"Using big data, scientists can predict disease outbreaks early.",1
Smart homes improve energy efficiency and user convenience.,1
Cloud computing allows companies to scale faster and cheaper.,1
Machine learning models can now detect cancer from X-rays.,1
Natural language processing powers modern voice assistants.,1
The concert was canceled due to unexpected weather conditions.,2
She practices yoga every morning to stay focused and calm.,2
"Using big data, scientists can predict disease outbreaks early.",1
The movie featured a compelling storyline and excellent performances.,2
She practices yoga every morning to stay focused and calm.,2
Natural language processing powers modern voice assistants.,1
We took a scenic drive through the mountains last fall.,2
"Using big data, scientists can predict disease outbreaks early.",1
Smart homes improve energy efficiency and user convenience.,1
He enjoys woodworking in his free time and often makes furniture.,2
The local bakery is known for its delicious sourdough bread.,2
Self-driving cars are being tested in several urban cities.,1
Volunteering at the animal shelter was a rewarding experience.,2
Self-driving cars are being tested in several urban cities.,1
She practices yoga every morning to stay focused and calm.,2
We took a scenic drive through the mountains last fall.,2
She practices yoga every morning to stay focused and calm.,2
Renewable energy sources are crucial in fighting climate change.,1
Artificial intelligence is transforming the healthcare industry.,1
AI chatbots help businesses improve customer support experiences.,1
He enjoys woodworking in his free time and often makes furniture.,2
She prefers reading historical novels over science fiction.,2
Self-driving cars are being tested in several urban cities.,1
The weather forecast predicts rain and cooler temperatures this weekend.,2
Volunteering at the animal shelter was a rewarding experience.,2
We took a scenic drive through the mountains last fall.,2
"Using big data, scientists can predict disease outbreaks early.",1
Renewable energy sources are crucial in fighting climate change.,1
The local bakery is known for its delicious sourdough bread.,2
The weather forecast predicts rain and cooler temperatures this weekend.,2
She prefers reading historical novels over science fiction.,2
The weather forecast predicts rain and cooler temperatures this weekend.,2
She prefers reading historical novels over science fiction.,2
"Using big data, scientists can predict disease outbreaks early.",1
The weather forecast predicts rain and cooler temperatures this weekend.,2
Renewable energy sources are crucial in fighting climate change.,1
She practices yoga every morning to stay focused and calm.,2
Natural language processing powers modern voice assistants.,1
The lecture on quantum mechanics was hard to follow but fascinating.,2
He enjoys woodworking in his free time and often makes furniture.,2
Volunteering at the animal shelter was a rewarding experience.,2
Natural language processing powers modern voice assistants.,1
Natural language processing powers modern voice assistants.,1
The weather forecast predicts rain and cooler temperatures this weekend.,2
The local bakery is known for its delicious sourdough bread.,2
Cloud computing allows companies to scale faster and cheaper.,1
We took a scenic drive through the mountains last fall.,2
Machine learning models can now detect cancer from X-rays.,1
Natural language processing powers modern voice assistants.,1
He enjoys woodworking in his free time and often makes furniture.,2
Renewable energy sources are crucial in fighting climate change.,1
Smart homes improve energy efficiency and user convenience.,1
Cloud computing allows companies to scale faster and cheaper.,1
She prefers reading historical novels over science fiction.,2
Blockchain can provide secure and transparent financial transactions.,1
Blockchain can provide secure and transparent financial transactions.,1
Renewable energy sources are crucial in fighting climate change.,1
Cloud computing allows companies to scale faster and cheaper.,1
Renewable energy sources are crucial in fighting climate change.,1
Smart homes improve energy efficiency and user convenience.,1
Machine learning models can now detect cancer from X-rays.,1
Volunteering at the animal shelter was a rewarding experience.,2
Volunteering at the animal shelter was a rewarding experience.,2
Natural language processing powers modern voice assistants.,1
Smart homes improve energy efficiency and user convenience.,1
"Using big data, scientists can predict disease outbreaks early.",1
The local bakery is known for its delicious sourdough bread.,2
We took a scenic drive through the mountains last fall.,2
Cloud computing allows companies to scale faster and cheaper.,1
He enjoys woodworking in his free time and often makes furniture.,2
Artificial intelligence is transforming the healthcare industry.,1
The lecture on quantum mechanics was hard to follow but fascinating.,2
Cloud computing allows companies to scale faster and cheaper.,1
The lecture on quantum mechanics was hard to follow but fascinating.,2
The lecture on quantum mechanics was hard to follow but fascinating.,2
The local bakery is known for its delicious sourdough bread.,2
Machine learning models can now detect cancer from X-rays.,1
The concert was canceled due to unexpected weather conditions.,2
We took a scenic drive through the mountains last fall.,2
Self-driving cars are being tested in several urban cities.,1
The weather forecast predicts rain and cooler temperatures this weekend.,2
She prefers reading historical novels over science fiction.,2
"Using big data, scientists can predict disease outbreaks early.",1
The lecture on quantum mechanics was hard to follow but fascinating.,2
She practices yoga every morning to stay focused and calm.,2
Renewable energy sources are crucial in fighting climate change.,1
Machine learning models can now detect cancer from X-rays.,1
Self-driving cars are being tested in several urban cities.,1
She practices yoga every morning to stay focused and calm.,2
Smart homes improve energy efficiency and user convenience.,1
The concert was canceled due to unexpected weather conditions.,2
The local bakery is known for its delicious sourdough bread.,2
Renewable energy sources are crucial in fighting climate change.,1
The lecture on quantum mechanics was hard to follow but fascinating.,2
Renewable energy sources are crucial in fighting climate change.,1
Blockchain can provide secure and transparent financial transactions.,1
The lecture on quantum mechanics was hard to follow but fascinating.,2
Cloud computing allows companies to scale faster and cheaper.,1
The weather forecast predicts rain and cooler temperatures this weekend.,2
Self-driving cars are being tested in several urban cities.,1
She prefers reading historical novels over science fiction.,2
The lecture on quantum mechanics was hard to follow but fascinating.,2
The lecture on quantum mechanics was hard to follow but fascinating.,2
Artificial intelligence is transforming the healthcare industry.,1
Smart homes improve energy efficiency and user convenience.,1
The movie featured a compelling storyline and excellent performances.,2
Smart homes improve energy efficiency and user convenience.,1
AI chatbots help businesses improve customer support experiences.,1
AI chatbots help businesses improve customer support experiences.,1
AI chatbots help businesses improve customer support experiences.,1
We took a scenic drive through the mountains last fall.,2
She prefers reading historical novels over science fiction.,2
"Using big data, scientists can predict disease outbreaks early.",1
Artificial intelligence is transforming the healthcare industry.,1
She practices yoga every morning to stay focused and calm.,2
Blockchain can provide secure and transparent financial transactions.,1
Self-driving cars are being tested in several urban cities.,1
Renewable energy sources are crucial in fighting climate change.,1
Self-driving cars are being tested in several urban cities.,1
The local bakery is known for its delicious sourdough bread.,2
She prefers reading historical novels over science fiction.,2
AI chatbots help businesses improve customer support experiences.,1
The concert was canceled due to unexpected weather conditions.,2
Natural language processing powers modern voice assistants.,1
AI chatbots help businesses improve customer support experiences.,1
She practices yoga every morning to stay focused and calm.,2
Cloud computing allows companies to scale faster and cheaper.,1
Self-driving cars are being tested in several urban cities.,1
The local bakery is known for its delicious sourdough bread.,2
We took a scenic drive through the mountains last fall.,2
The lecture on quantum mechanics was hard to follow but fascinating.,2
Renewable energy sources are crucial in fighting climate change.,1
Volunteering at the animal shelter was a rewarding experience.,2
Machine learning models can now detect cancer from X-rays.,1
Blockchain can provide secure and transparent financial transactions.,1
"Using big data, scientists can predict disease outbreaks early.",1
The lecture on quantum mechanics was hard to follow but fascinating.,2
The lecture on quantum mechanics was hard to follow but fascinating.,2
"Using big data, scientists can predict disease outbreaks early.",1
Cloud computing allows companies to scale faster and cheaper.,1
He enjoys woodworking in his free time and often makes furniture.,2
We took a scenic drive through the mountains last fall.,2
Cloud computing allows companies to scale faster and cheaper.,1
We took a scenic drive through the mountains last fall.,2
"Using big data, scientists can predict disease outbreaks early.",1
Natural language processing powers modern voice assistants.,1
We took a scenic drive through the mountains last fall.,2
She practices yoga every morning to stay focused and calm.,2
She prefers reading historical novels over science fiction.,2
Smart homes improve energy efficiency and user convenience.,1
Machine learning models can now detect cancer from X-rays.,1
The concert was canceled due to unexpected weather conditions.,2
The weather forecast predicts rain and cooler temperatures this weekend.,2
The movie featured a compelling storyline and excellent performances.,2
The local bakery is known for its delicious sourdough bread.,2
Self-driving cars are being tested in several urban cities.,1
AI chatbots help businesses improve customer support experiences.,1
The lecture on quantum mechanics was hard to follow but fascinating.,2
The concert was canceled due to unexpected weather conditions.,2
The concert was canceled due to unexpected weather conditions.,2
Renewable energy sources are crucial in fighting climate change.,1
Machine learning models can now detect cancer from X-rays.,1
He enjoys woodworking in his free time and often makes furniture.,2
"Using big data, scientists can predict disease outbreaks early.",1
She prefers reading historical novels over science fiction.,2
AI chatbots help businesses improve customer support experiences.,1
Renewable energy sources are crucial in fighting climate change.,1
The local bakery is known for its delicious sourdough bread.,2
Cloud computing allows companies to scale faster and cheaper.,1
Blockchain can provide secure and transparent financial transactions.,1
The movie featured a compelling storyline and excellent performances.,2
Self-driving cars are being tested in several urban cities.,1
Self-driving cars are being tested in several urban cities.,1
She prefers reading historical novels over science fiction.,2
Renewable energy sources are crucial in fighting climate change.,1
The local bakery is known for its delicious sourdough bread.,2
AI chatbots help businesses improve customer support experiences.,1
Machine learning models can now detect cancer from X-rays.,1
She practices yoga every morning to stay focused and calm.,2
Blockchain can provide secure and transparent financial transactions.,1
She prefers reading historical novels over science fiction.,2
Volunteering at the animal shelter was a rewarding experience.,2
Machine learning models can now detect cancer from X-rays.,1
Machine learning models can now detect cancer from X-rays.,1
Renewable energy sources are crucial in fighting climate change.,1
Renewable energy sources are crucial in fighting climate change.,1
He enjoys woodworking in his free time and often makes furniture.,2
Self-driving cars are being tested in several urban cities.,1
The movie featured a compelling storyline and excellent performances.,2
Cloud computing allows companies to scale faster and cheaper.,1
The weather forecast predicts rain and cooler temperatures this weekend.,2
The local bakery is known for its delicious sourdough bread.,2
"Using big data, scientists can predict disease outbreaks early.",1
The weather forecast predicts rain and cooler temperatures this weekend.,2
Renewable energy sources are crucial in fighting climate change.,1
Blockchain can provide secure and transparent financial transactions.,1
The movie featured a compelling storyline and excellent performances.,2
Artificial intelligence is transforming the healthcare industry.,1
Artificial intelligence is transforming the healthcare industry.,1
The lecture on quantum mechanics was hard to follow but fascinating.,2
Cloud computing allows companies to scale faster and cheaper.,1
Cloud computing allows companies to scale faster and cheaper.,1
"Using big data, scientists can predict disease outbreaks early.",1
Renewable energy sources are crucial in fighting climate change.,1
AI chatbots help businesses improve customer support experiences.,1
Blockchain can provide secure and transparent financial transactions.,1
She practices yoga every morning to stay focused and calm.,2
Natural language processing powers modern voice assistants.,1
"Using big data, scientists can predict disease outbreaks early.",1
The movie featured a compelling storyline and excellent performances.,2
Natural language processing powers modern voice assistants.,1
Self-driving cars are being tested in several urban cities.,1
The weather forecast predicts rain and cooler temperatures this weekend.,2
Cloud computing allows companies to scale faster and cheaper.,1
Blockchain can provide secure and transparent financial transactions.,1
Machine learning models can now detect cancer from X-rays.,1
The lecture on quantum mechanics was hard to follow but fascinating.,2
He enjoys woodworking in his free time and often makes furniture.,2
Renewable energy sources are crucial in fighting climate change.,1
The weather forecast predicts rain and cooler temperatures this weekend.,2
Volunteering at the animal shelter was a rewarding experience.,2
She prefers reading historical novels over science fiction.,2
Renewable energy sources are crucial in fighting climate change.,1
Smart homes improve energy efficiency and user convenience.,1
She practices yoga every morning to stay focused and calm.,2
Cloud computing allows companies to scale faster and cheaper.,1
"Using big data, scientists can predict disease outbreaks early.",1
Volunteering at the animal shelter was a rewarding experience.,2
The local bakery is known for its delicious sourdough bread.,2
Self-driving cars are being tested in several urban cities.,1
We took a scenic drive through the mountains last fall.,2
Artificial intelligence is transforming the healthcare industry.,1
Cloud computing allows companies to scale faster and cheaper.,1
She practices yoga every morning to stay focused and calm.,2
Renewable energy sources are crucial in fighting climate change.,1
Self-driving cars are being tested in several urban cities.,1
Natural language processing powers modern voice assistants.,1
Renewable energy sources are crucial in fighting climate change.,1
He enjoys woodworking in his free time and often makes furniture.,2
He enjoys woodworking in his free time and often makes furniture.,2
Natural language processing powers modern voice assistants.,1
Blockchain can provide secure and transparent financial transactions.,1
"Using big data, scientists can predict disease outbreaks early.",1
The movie featured a compelling storyline and excellent performances.,2
The concert was canceled due to unexpected weather conditions.,2
Self-driving cars are being tested in several urban cities.,1
Artificial intelligence is transforming the healthcare industry.,1
She practices yoga every morning to stay focused and calm.,2
She prefers reading historical novels over science fiction.,2
The lecture on quantum mechanics was hard to follow but fascinating.,2
Machine learning models can now detect cancer from X-rays.,1
She practices yoga every morning to stay focused and calm.,2
Self-driving cars are being tested in several urban cities.,1
Natural language processing powers modern voice assistants.,1
Volunteering at the animal shelter was a rewarding experience.,2
The movie featured a compelling storyline and excellent performances.,2
Smart homes improve energy efficiency and user convenience.,1
He enjoys woodworking in his free time and often makes furniture.,2
Renewable energy sources are crucial in fighting climate change.,1
The concert was canceled due to unexpected weather conditions.,2
We took a scenic drive through the mountains last fall.,2
AI chatbots help businesses improve customer support experiences.,1
She practices yoga every morning to stay focused and calm.,2
The movie featured a compelling storyline and excellent performances.,2
Self-driving cars are being tested in several urban cities.,1
She practices yoga every morning to stay focused and calm.,2
Smart homes improve energy efficiency and user convenience.,1
Artificial intelligence is transforming the healthcare industry.,1
AI chatbots help businesses improve customer support experiences.,1
Smart homes improve energy efficiency and user convenience.,1
AI chatbots help businesses improve customer support experiences.,1
The concert was canceled due to unexpected weather conditions.,2
Blockchain can provide secure and transparent financial transactions.,1
He enjoys woodworking in his free time and often makes furniture.,2
Renewable energy sources are crucial in fighting climate change.,1
We took a scenic drive through the mountains last fall.,2
Volunteering at the animal shelter was a rewarding experience.,2
Natural language processing powers modern voice assistants.,1
The concert was canceled due to unexpected weather conditions.,2
The concert was canceled due to unexpected weather conditions.,2
Self-driving cars are being tested in several urban cities.,1
He enjoys woodworking in his free time and often makes furniture.,2
He enjoys woodworking in his free time and often makes furniture.,2
The concert was canceled due to unexpected weather conditions.,2
Renewable energy sources are crucial in fighting climate change.,1
She practices yoga every morning to stay focused and calm.,2
AI chatbots help businesses improve customer support experiences.,1
She practices yoga every morning to stay focused and calm.,2
Natural language processing powers modern voice assistants.,1
She practices yoga every morning to stay focused and calm.,2
We took a scenic drive through the mountains last fall.,2
Smart homes improve energy efficiency and user convenience.,1
The movie featured a compelling storyline and excellent performances.,2
The lecture on quantum mechanics was hard to follow but fascinating.,2
We took a scenic drive through the mountains last fall.,2
She prefers reading historical novels over science fiction.,2
Artificial intelligence is transforming the healthcare industry.,1
Smart homes improve energy efficiency and user convenience.,1
The local bakery is known for its delicious sourdough bread.,2
Self-driving cars are being tested in several urban cities.,1
Smart homes improve energy efficiency and user convenience.,1
AI chatbots help businesses improve customer support experiences.,1
He enjoys woodworking in his free time and often makes furniture.,2
Machine learning models can now detect cancer from X-rays.,1
Volunteering at the animal shelter was a rewarding experience.,2
Machine learning models can now detect cancer from X-rays.,1
Cloud computing allows companies to scale faster and cheaper.,1
Natural language processing powers modern voice assistants.,1
The movie featured a compelling storyline and excellent performances.,2
He enjoys woodworking in his free time and often makes furniture.,2
She prefers reading historical novels over science fiction.,2
Blockchain can provide secure and transparent financial transactions.,1
Renewable energy sources are crucial in fighting climate change.,1
Smart homes improve energy efficiency and user convenience.,1
AI chatbots help businesses improve customer support experiences.,1
The lecture on quantum mechanics was hard to follow but fascinating.,2
He enjoys woodworking in his free time and often makes furniture.,2
Smart homes improve energy efficiency and user convenience.,1
Self-driving cars are being tested in several urban cities.,1
AI chatbots help businesses improve customer support experiences.,1
AI chatbots help businesses improve customer support experiences.,1
She practices yoga every morning to stay focused and calm.,2
Volunteering at the animal shelter was a rewarding experience.,2
The concert was canceled due to unexpected weather conditions.,2
"Using big data, scientists can predict disease outbreaks early.",1
The movie featured a compelling storyline and excellent performances.,2
The lecture on quantum mechanics was hard to follow but fascinating.,2
Self-driving cars are being tested in several urban cities.,1
The movie featured a compelling storyline and excellent performances.,2
Volunteering at the animal shelter was a rewarding experience.,2
The movie featured a compelling storyline and excellent performances.,2
Natural language processing powers modern voice assistants.,1
Self-driving cars are being tested in several urban cities.,1
Self-driving cars are being tested in several urban cities.,1
She prefers reading historical novels over science fiction.,2
Machine learning models can now detect cancer from X-rays.,1
She practices yoga every morning to stay focused and calm.,2
She practices yoga every morning to stay focused and calm.,2
Machine learning models can now detect cancer from X-rays.,1
"Using big data, scientists can predict disease outbreaks early.",1
We took a scenic drive through the mountains last fall.,2
The concert was canceled due to unexpected weather conditions.,2
We took a scenic drive through the mountains last fall.,2
Self-driving cars are being tested in several urban cities.,1
She practices yoga every morning to stay focused and calm.,2
Self-driving cars are being tested in several urban cities.,1
Blockchain can provide secure and transparent financial transactions.,1
The lecture on quantum mechanics was hard to follow but fascinating.,2
Natural language processing powers modern voice assistants.,1
"Using big data, scientists can predict disease outbreaks early.",1
Artificial intelligence is transforming the healthcare industry.,1
Cloud computing allows companies to scale faster and cheaper.,1
The local bakery is known for its delicious sourdough bread.,2
She prefers reading historical novels over science fiction.,2
Machine learning models can now detect cancer from X-rays.,1
She practices yoga every morning to stay focused and calm.,2
She prefers reading historical novels over science fiction.,2
Smart homes improve energy efficiency and user convenience.,1
Smart homes improve energy efficiency and user convenience.,1
AI chatbots help businesses improve customer support experiences.,1
She practices yoga every morning to stay focused and calm.,2
AI chatbots help businesses improve customer support experiences.,1
Artificial intelligence is transforming the healthcare industry.,1
AI chatbots help businesses improve customer support experiences.,1
She prefers reading historical novels over science fiction.,2
The lecture on quantum mechanics was hard to follow but fascinating.,2
He enjoys woodworking in his free time and often makes furniture.,2
She practices yoga every morning to stay focused and calm.,2
"Using big data, scientists can predict disease outbreaks early.",1
Smart homes improve energy efficiency and user convenience.,1
Volunteering at the animal shelter was a rewarding experience.,2
The weather forecast predicts rain and cooler temperatures this weekend.,2
The lecture on quantum mechanics was hard to follow but fascinating.,2
The weather forecast predicts rain and cooler temperatures this weekend.,2
Renewable energy sources are crucial in fighting climate change.,1
Cloud computing allows companies to scale faster and cheaper.,1
Machine learning models can now detect cancer from X-rays.,1
She practices yoga every morning to stay focused and calm.,2
Blockchain can provide secure and transparent financial transactions.,1
"Using big data, scientists can predict disease outbreaks early.",1
We took a scenic drive through the mountains last fall.,2
Artificial intelligence is transforming the healthcare industry.,1
The movie featured a compelling storyline and excellent performances.,2
The lecture on quantum mechanics was hard to follow but fascinating.,2
Natural language processing powers modern voice assistants.,1
She prefers reading historical novels over science fiction.,2
Artificial intelligence is transforming the healthcare industry.,1
Volunteering at the animal shelter was a rewarding experience.,2
Smart homes improve energy efficiency and user convenience.,1
Machine learning models can now detect cancer from X-rays.,1
Blockchain can provide secure and transparent financial transactions.,1
Blockchain can provide secure and transparent financial transactions.,1
Blockchain can provide secure and transparent financial transactions.,1
Self-driving cars are being tested in several urban cities.,1
Machine learning models can now detect cancer from X-rays.,1
Cloud computing allows companies to scale faster and cheaper.,1
Volunteering at the animal shelter was a rewarding experience.,2
Machine learning models can now detect cancer from X-rays.,1
She practices yoga every morning to stay focused and calm.,2
Volunteering at the animal shelter was a rewarding experience.,2
Volunteering at the animal shelter was a rewarding experience.,2
The lecture on quantum mechanics was hard to follow but fascinating.,2
Renewable energy sources are crucial in fighting climate change.,1
The concert was canceled due to unexpected weather conditions.,2
The weather forecast predicts rain and cooler temperatures this weekend.,2
Volunteering at the animal shelter was a rewarding experience.,2
The concert was canceled due to unexpected weather conditions.,2
AI chatbots help businesses improve customer support experiences.,1
Artificial intelligence is transforming the healthcare industry.,1
She practices yoga every morning to stay focused and calm.,2
The local bakery is known for its delicious sourdough bread.,2
AI chatbots help businesses improve customer support experiences.,1
The concert was canceled due to unexpected weather conditions.,2
The weather forecast predicts rain and cooler temperatures this weekend.,2
She prefers reading historical novels over science fiction.,2
The lecture on quantum mechanics was hard to follow but fascinating.,2
The lecture on quantum mechanics was hard to follow but fascinating.,2
Natural language processing powers modern voice assistants.,1
Machine learning models can now detect cancer from X-rays.,1
Artificial intelligence is transforming the healthcare industry.,1
The lecture on quantum mechanics was hard to follow but fascinating.,2
The movie featured a compelling storyline and excellent performances.,2
Self-driving cars are being tested in several urban cities.,1
Volunteering at the animal shelter was a rewarding experience.,2
The lecture on quantum mechanics was hard to follow but fascinating.,2
Artificial intelligence is transforming the healthcare industry.,1
The lecture on quantum mechanics was hard to follow but fascinating.,2
"Using big data, scientists can predict disease outbreaks early.",1
Smart homes improve energy efficiency and user convenience.,1
The concert was canceled due to unexpected weather conditions.,2
AI chatbots help businesses improve customer support experiences.,1
Blockchain can provide secure and transparent financial transactions.,1
Blockchain can provide secure and transparent financial transactions.,1
Machine learning models can now detect cancer from X-rays.,1
Self-driving cars are being tested in several urban cities.,1
She practices yoga every morning to stay focused and calm.,2
Cloud computing allows companies to scale faster and cheaper.,1
Natural language processing powers modern voice assistants.,1
Renewable energy sources are crucial in fighting climate change.,1
AI chatbots help businesses improve customer support experiences.,1
We took a scenic drive through the mountains last fall.,2
We took a scenic drive through the mountains last fall.,2
Artificial intelligence is transforming the healthcare industry.,1
Artificial intelligence is transforming the healthcare industry.,1
She practices yoga every morning to stay focused and calm.,2
The weather forecast predicts rain and cooler temperatures this weekend.,2
Renewable energy sources are crucial in fighting climate change.,1
The movie featured a compelling storyline and excellent performances.,2
Volunteering at the animal shelter was a rewarding experience.,2
Machine learning models can now detect cancer from X-rays.,1
Natural language processing powers modern voice assistants.,1
Machine learning models can now detect cancer from X-rays.,1
He enjoys woodworking in his free time and often makes furniture.,2
The lecture on quantum mechanics was hard to follow but fascinating.,2
The concert was canceled due to unexpected weather conditions.,2
We took a scenic drive through the mountains last fall.,2
Artificial intelligence is transforming the healthcare industry.,1
Self-driving cars are being tested in several urban cities.,1
She prefers reading historical novels over science fiction.,2
Natural language processing powers modern voice assistants.,1
"Using big data, scientists can predict disease outbreaks early.",1
Cloud computing allows companies to scale faster and cheaper.,1
She prefers reading historical novels over science fiction.,2
The weather forecast predicts rain and cooler temperatures this weekend.,2
"Using big data, scientists can predict disease outbreaks early.",1
Blockchain can provide secure and transparent financial transactions.,1
Machine learning models can now detect cancer from X-rays.,1
AI chatbots help businesses improve customer support experiences.,1
Self-driving cars are being tested in several urban cities.,1
AI chatbots help businesses improve customer support experiences.,1
Renewable energy sources are crucial in fighting climate change.,1
Cloud computing allows companies to scale faster and cheaper.,1
Blockchain can provide secure and transparent financial transactions.,1
Smart homes improve energy efficiency and user convenience.,1
He enjoys woodworking in his free time and often makes furniture.,2
We took a scenic drive through the mountains last fall.,2
Smart homes improve energy efficiency and user convenience.,1
Natural language processing powers modern voice assistants.,1
The lecture on quantum mechanics was hard to follow but fascinating.,2
The local bakery is known for its delicious sourdough bread.,2
Blockchain can provide secure and transparent financial transactions.,1
Smart homes improve energy efficiency and user convenience.,1
The local bakery is known for its delicious sourdough bread.,2
The movie featured a compelling storyline and excellent performances.,2
He enjoys woodworking in his free time and often makes furniture.,2
Blockchain can provide secure and transparent financial transactions.,1
She prefers reading historical novels over science fiction.,2
The lecture on quantum mechanics was hard to follow but fascinating.,2
Renewable energy sources are crucial in fighting climate change.,1
Artificial intelligence is transforming the healthcare industry.,1
Volunteering at the animal shelter was a rewarding experience.,2
"Using big data, scientists can predict disease outbreaks early.",1
He enjoys woodworking in his free time and often makes furniture.,2
Natural language processing powers modern voice assistants.,1
Volunteering at the animal shelter was a rewarding experience.,2
He enjoys woodworking in his free time and often makes furniture.,2
She practices yoga every morning to stay focused and calm.,2
The lecture on quantum mechanics was hard to follow but fascinating.,2
She prefers reading historical novels over science fiction.,2
Cloud computing allows companies to scale faster and cheaper.,1
Artificial intelligence is transforming the healthcare industry.,1
The movie featured a compelling storyline and excellent performances.,2
She practices yoga every morning to stay focused and calm.,2
AI chatbots help businesses improve customer support experiences.,1
Natural language processing powers modern voice assistants.,1
AI chatbots help businesses improve customer support experiences.,1
Volunteering at the animal shelter was a rewarding experience.,2
AI chatbots help businesses improve customer support experiences.,1
Artificial intelligence is transforming the healthcare industry.,1
"Using big data, scientists can predict disease outbreaks early.",1
AI chatbots help businesses improve customer support experiences.,1
The local bakery is known for its delicious sourdough bread.,2
Artificial intelligence is transforming the healthcare industry.,1
The lecture on quantum mechanics was hard to follow but fascinating.,2
"Using big data, scientists can predict disease outbreaks early.",1
We took a scenic drive through the mountains last fall.,2
Natural language processing powers modern voice assistants.,1
The concert was canceled due to unexpected weather conditions.,2
Self-driving cars are being tested in several urban cities.,1
Natural language processing powers modern voice assistants.,1
Cloud computing allows companies to scale faster and cheaper.,1
Artificial intelligence is transforming the healthcare industry.,1
The lecture on quantum mechanics was hard to follow but fascinating.,2
Renewable energy sources are crucial in fighting climate change.,1
Smart homes improve energy efficiency and user convenience.,1
The movie featured a compelling storyline and excellent performances.,2
Machine learning models can now detect cancer from X-rays.,1
We took a scenic drive through the mountains last fall.,2
"Using big data, scientists can predict disease outbreaks early.",1
"Using big data, scientists can predict disease outbreaks early.",1
Smart homes improve energy efficiency and user convenience.,1
"Using big data, scientists can predict disease outbreaks early.",1
The concert was canceled due to unexpected weather conditions.,2
She prefers reading historical novels over science fiction.,2
She practices yoga every morning to stay focused and calm.,2
Blockchain can provide secure and transparent financial transactions.,1
Blockchain can provide secure and transparent financial transactions.,1
AI chatbots help businesses improve customer support experiences.,1
Smart homes improve energy efficiency and user convenience.,1
She practices yoga every morning to stay focused and calm.,2
Smart homes improve energy efficiency and user convenience.,1
AI chatbots help businesses improve customer support experiences.,1
Volunteering at the animal shelter was a rewarding experience.,2
Machine learning models can now detect cancer from X-rays.,1
Blockchain can provide secure and transparent financial transactions.,1
"Using big data, scientists can predict disease outbreaks early.",1
Artificial intelligence is transforming the healthcare industry.,1
The lecture on quantum mechanics was hard to follow but fascinating.,2
The lecture on quantum mechanics was hard to follow but fascinating.,2
The movie featured a compelling storyline and excellent performances.,2
Renewable energy sources are crucial in fighting climate change.,1
The movie featured a compelling storyline and excellent performances.,2
Blockchain can provide secure and transparent financial transactions.,1
She prefers reading historical novels over science fiction.,2
The concert was canceled due to unexpected weather conditions.,2
Artificial intelligence is transforming the healthcare industry.,1
Volunteering at the animal shelter was a rewarding experience.,2
Self-driving cars are being tested in several urban cities.,1
AI chatbots help businesses improve customer support experiences.,1
Cloud computing allows companies to scale faster and cheaper.,1
Self-driving cars are being tested in several urban cities.,1
She practices yoga every morning to stay focused and calm.,2
Renewable energy sources are crucial in fighting climate change.,1
She practices yoga every morning to stay focused and calm.,2
Natural language processing powers modern voice assistants.,1
"Using big data, scientists can predict disease outbreaks early.",1
AI chatbots help businesses improve customer support experiences.,1
We took a scenic drive through the mountains last fall.,2
Blockchain can provide secure and transparent financial transactions.,1
Volunteering at the animal shelter was a rewarding experience.,2
Self-driving cars are being tested in several urban cities.,1
Blockchain can provide secure and transparent financial transactions.,1
Volunteering at the animal shelter was a rewarding experience.,2
Smart homes improve energy efficiency and user convenience.,1
Smart homes improve energy efficiency and user convenience.,1
The concert was canceled due to unexpected weather conditions.,2
Smart homes improve energy efficiency and user convenience.,1
AI chatbots help businesses improve customer support experiences.,1
AI chatbots help businesses improve customer support experiences.,1
AI chatbots help businesses improve customer support experiences.,1
Blockchain can provide secure and transparent financial transactions.,1
Smart homes improve energy efficiency and user convenience.,1
Volunteering at the animal shelter was a rewarding experience.,2
Machine learning models can now detect cancer from X-rays.,1
Renewable energy sources are crucial in fighting climate change.,1
The movie featured a compelling storyline and excellent performances.,2
Self-driving cars are being tested in several urban cities.,1
The local bakery is known for its delicious sourdough bread.,2
Machine learning models can now detect cancer from X-rays.,1
Cloud computing allows companies to scale faster and cheaper.,1
Cloud computing allows companies to scale faster and cheaper.,1
He enjoys woodworking in his free time and often makes furniture.,2
The concert was canceled due to unexpected weather conditions.,2
AI chatbots help businesses improve customer support experiences.,1
Machine learning models can now detect cancer from X-rays.,1
Artificial intelligence is transforming the healthcare industry.,1
Self-driving cars are being tested in several urban cities.,1
"Using big data, scientists can predict disease outbreaks early.",1
Volunteering at the animal shelter was a rewarding experience.,2
The concert was canceled due to unexpected weather conditions.,2
Cloud computing allows companies to scale faster and cheaper.,1
The weather forecast predicts rain and cooler temperatures this weekend.,2
The movie featured a compelling storyline and excellent performances.,2
Cloud computing allows companies to scale faster and cheaper.,1
Cloud computing allows companies to scale faster and cheaper.,1
Renewable energy sources are crucial in fighting climate change.,1
Artificial intelligence is transforming the healthcare industry.,1
We took a scenic drive through the mountains last fall.,2
The lecture on quantum mechanics was hard to follow but fascinating.,2
He enjoys woodworking in his free time and often makes furniture.,2
The concert was canceled due to unexpected weather conditions.,2
She prefers reading historical novels over science fiction.,2
The lecture on quantum mechanics was hard to follow but fascinating.,2
Machine learning models can now detect cancer from X-rays.,1
He enjoys woodworking in his free time and often makes furniture.,2
The local bakery is known for its delicious sourdough bread.,2
Machine learning models can now detect cancer from X-rays.,1
Machine learning models can now detect cancer from X-rays.,1
AI chatbots help businesses improve customer support experiences.,1
Smart homes improve energy efficiency and user convenience.,1
Cloud computing allows companies to scale faster and cheaper.,1
Volunteering at the animal shelter was a rewarding experience.,2
Renewable energy sources are crucial in fighting climate change.,1
He enjoys woodworking in his free time and often makes furniture.,2
"Using big data, scientists can predict disease outbreaks early.",1
Smart homes improve energy efficiency and user convenience.,1
AI chatbots help businesses improve customer support experiences.,1
We took a scenic drive through the mountains last fall.,2
Natural language processing powers modern voice assistants.,1
Natural language processing powers modern voice assistants.,1
The concert was canceled due to unexpected weather conditions.,2
Blockchain can provide secure and transparent financial transactions.,1
"Using big data, scientists can predict disease outbreaks early.",1
Blockchain can provide secure and transparent financial transactions.,1
The lecture on quantum mechanics was hard to follow but fascinating.,2
The local bakery is known for its delicious sourdough bread.,2
She prefers reading historical novels over science fiction.,2
The movie featured a compelling storyline and excellent performances.,2
Natural language processing powers modern voice assistants.,1
Self-driving cars are being tested in several urban cities.,1
Cloud computing allows companies to scale faster and cheaper.,1
She prefers reading historical novels over science fiction.,2
We took a scenic drive through the mountains last fall.,2
AI chatbots help businesses improve customer support experiences.,1
Machine learning models can now detect cancer from X-rays.,1
Natural language processing powers modern voice assistants.,1
AI chatbots help businesses improve customer support experiences.,1
She practices yoga every morning to stay focused and calm.,2
Cloud computing allows companies to scale faster and cheaper.,1
Machine learning models can now detect cancer from X-rays.,1
Artificial intelligence is transforming the healthcare industry.,1
Self-driving cars are being tested in several urban cities.,1
He enjoys woodworking in his free time and often makes furniture.,2
She practices yoga every morning to stay focused and calm.,2
The concert was canceled due to unexpected weather conditions.,2
Machine learning models can now detect cancer from X-rays.,1
She prefers reading historical novels over science fiction.,2
"Using big data, scientists can predict disease outbreaks early.",1
The concert was canceled due to unexpected weather conditions.,2
The weather forecast predicts rain and cooler temperatures this weekend.,2
The local bakery is known for its delicious sourdough bread.,2
Blockchain can provide secure and transparent financial transactions.,1
Renewable energy sources are crucial in fighting climate change.,1
She prefers reading historical novels over science fiction.,2
Blockchain can provide secure and transparent financial transactions.,1
Machine learning models can now detect cancer from X-rays.,1
The movie featured a compelling storyline and excellent performances.,2
AI chatbots help businesses improve customer support experiences.,1
"Using big data, scientists can predict disease outbreaks early.",1
"Using big data, scientists can predict disease outbreaks early.",1
Renewable energy sources are crucial in fighting climate change.,1
The concert was canceled due to unexpected weather conditions.,2
"Using big data, scientists can predict disease outbreaks early.",1
She prefers reading historical novels over science fiction.,2
"Using big data, scientists can predict disease outbreaks early.",1
Artificial intelligence is transforming the healthcare industry.,1
The movie featured a compelling storyline and excellent performances.,2
She prefers reading historical novels over science fiction.,2
Self-driving cars are being tested in several urban cities.,1
"Using big data, scientists can predict disease outbreaks early.",1
The movie featured a compelling storyline and excellent performances.,2
Cloud computing allows companies to scale faster and cheaper.,1
Blockchain can provide secure and transparent financial transactions.,1
Blockchain can provide secure and transparent financial transactions.,1
The weather forecast predicts rain and cooler temperatures this weekend.,2
The lecture on quantum mechanics was hard to follow but fascinating.,2
She prefers reading historical novels over science fiction.,2
AI chatbots help businesses improve customer support experiences.,1
AI chatbots help businesses improve customer support experiences.,1
The movie featured a compelling storyline and excellent performances.,2
Blockchain can provide secure and transparent financial transactions.,1
Artificial intelligence is transforming the healthcare industry.,1
Natural language processing powers modern voice assistants.,1
"Using big data, scientists can predict disease outbreaks early.",1
The movie featured a compelling storyline and excellent performances.,2
The weather forecast predicts rain and cooler temperatures this weekend.,2
Cloud computing allows companies to scale faster and cheaper.,1
The concert was canceled due to unexpected weather conditions.,2
We took a scenic drive through the mountains last fall.,2
Cloud computing allows companies to scale faster and cheaper.,1
Smart homes improve energy efficiency and user convenience.,1
She practices yoga every morning to stay focused and calm.,2
Natural language processing powers modern voice assistants.,1
She prefers reading historical novels over science fiction.,2
The local bakery is known for its delicious sourdough bread.,2
She practices yoga every morning to stay focused and calm.,2
She practices yoga every morning to stay focused and calm.,2
The movie featured a compelling storyline and excellent performances.,2
Machine learning models can now detect cancer from X-rays.,1
Artificial intelligence is transforming the healthcare industry.,1
The movie featured a compelling storyline and excellent performances.,2
Volunteering at the animal shelter was a rewarding experience.,2
Machine learning models can now detect cancer from X-rays.,1
The local bakery is known for its delicious sourdough bread.,2
Renewable energy sources are crucial in fighting climate change.,1
Natural language processing powers modern voice assistants.,1
We took a scenic drive through the mountains last fall.,2
Artificial intelligence is transforming the healthcare industry.,1
He enjoys woodworking in his free time and often makes furniture.,2
He enjoys woodworking in his free time and often makes furniture.,2
Self-driving cars are being tested in several urban cities.,1
Blockchain can provide secure and transparent financial transactions.,1
Blockchain can provide secure and transparent financial transactions.,1
Machine learning models can now detect cancer from X-rays.,1
We took a scenic drive through the mountains last fall.,2
The local bakery is known for its delicious sourdough bread.,2
Cloud computing allows companies to scale faster and cheaper.,1
Cloud computing allows companies to scale faster and cheaper.,1
Renewable energy sources are crucial in fighting climate change.,1
The movie featured a compelling storyline and excellent performances.,2
Cloud computing allows companies to scale faster and cheaper.,1
The movie featured a compelling storyline and excellent performances.,2
Smart homes improve energy efficiency and user convenience.,1
Machine learning models can now detect cancer from X-rays.,1
He enjoys woodworking in his free time and often makes furniture.,2
We took a scenic drive through the mountains last fall.,2
Smart homes improve energy efficiency and user convenience.,1
Self-driving cars are being tested in several urban cities.,1
Self-driving cars are being tested in several urban cities.,1
Artificial intelligence is transforming the healthcare industry.,1
AI chatbots help businesses improve customer support experiences.,1
The movie featured a compelling storyline and excellent performances.,2
Machine learning models can now detect cancer from X-rays.,1
He enjoys woodworking in his free time and often makes furniture.,2
Cloud computing allows companies to scale faster and cheaper.,1
Natural language processing powers modern voice assistants.,1
Cloud computing allows companies to scale faster and cheaper.,1
Self-driving cars are being tested in several urban cities.,1
Cloud computing allows companies to scale faster and cheaper.,1
Smart homes improve energy efficiency and user convenience.,1
Renewable energy sources are crucial in fighting climate change.,1
Natural language processing powers modern voice assistants.,1
The lecture on quantum mechanics was hard to follow but fascinating.,2
She prefers reading historical novels over science fiction.,2
AI chatbots help businesses improve customer support experiences.,1
We took a scenic drive through the mountains last fall.,2
He enjoys woodworking in his free time and often makes furniture.,2
She prefers reading historical novels over science fiction.,2
The lecture on quantum mechanics was hard to follow but fascinating.,2
She prefers reading historical novels over science fiction.,2
He enjoys woodworking in his free time and often makes furniture.,2
The weather forecast predicts rain and cooler temperatures this weekend.,2
Volunteering at the animal shelter was a rewarding experience.,2
She practices yoga every morning to stay focused and calm.,2
Renewable energy sources are crucial in fighting climate change.,1
Cloud computing allows companies to scale faster and cheaper.,1
Renewable energy sources are crucial in fighting climate change.,1
"Using big data, scientists can predict disease outbreaks early.",1
He enjoys woodworking in his free time and often makes furniture.,2
Smart homes improve energy efficiency and user convenience.,1
Blockchain can provide secure and transparent financial transactions.,1
Renewable energy sources are crucial in fighting climate change.,1
The movie featured a compelling storyline and excellent performances.,2
Cloud computing allows companies to scale faster and cheaper.,1
Volunteering at the animal shelter was a rewarding experience.,2
The local bakery is known for its delicious sourdough bread.,2
Cloud computing allows companies to scale faster and cheaper.,1
Smart homes improve energy efficiency and user convenience.,1
Artificial intelligence is transforming the healthcare industry.,1
The lecture on quantum mechanics was hard to follow but fascinating.,2
Machine learning models can now detect cancer from X-rays.,1
We took a scenic drive through the mountains last fall.,2
Volunteering at the animal shelter was a rewarding experience.,2
Volunteering at the animal shelter was a rewarding experience.,2
Machine learning models can now detect cancer from X-rays.,1
He enjoys woodworking in his free time and often makes furniture.,2
AI chatbots help businesses improve customer support experiences.,1
Natural language processing powers modern voice assistants.,1
She practices yoga every morning to stay focused and calm.,2
She prefers reading historical novels over science fiction.,2
The weather forecast predicts rain and cooler temperatures this weekend.,2
"Using big data, scientists can predict disease outbreaks early.",1
Cloud computing allows companies to scale faster and cheaper.,1
Volunteering at the animal shelter was a rewarding experience.,2
Smart homes improve energy efficiency and user convenience.,1
She practices yoga every morning to stay focused and calm.,2
Smart homes improve energy efficiency and user convenience.,1
Self-driving cars are being tested in several urban cities.,1
The concert was canceled due to unexpected weather conditions.,2
Artificial intelligence is transforming the healthcare industry.,1
He enjoys woodworking in his free time and often makes furniture.,2
She prefers reading historical novels over science fiction.,2
She practices yoga every morning to stay focused and calm.,2
We took a scenic drive through the mountains last fall.,2
Natural language processing powers modern voice assistants.,1
Self-driving cars are being tested in several urban cities.,1
Renewable energy sources are crucial in fighting climate change.,1
Smart homes improve energy efficiency and user convenience.,1
The movie featured a compelling storyline and excellent performances.,2
She practices yoga every morning to stay focused and calm.,2
Renewable energy sources are crucial in fighting climate change.,1
The weather forecast predicts rain and cooler temperatures this weekend.,2
"Using big data, scientists can predict disease outbreaks early.",1
The concert was canceled due to unexpected weather conditions.,2
Volunteering at the animal shelter was a rewarding experience.,2
She prefers reading historical novels over science fiction.,2
The local bakery is known for its delicious sourdough bread.,2
Renewable energy sources are crucial in fighting climate change.,1
Self-driving cars are being tested in several urban cities.,1
We took a scenic drive through the mountains last fall.,2
Blockchain can provide secure and transparent financial transactions.,1
We took a scenic drive through the mountains last fall.,2
Machine learning models can now detect cancer from X-rays.,1
Blockchain can provide secure and transparent financial transactions.,1
Self-driving cars are being tested in several urban cities.,1
The lecture on quantum mechanics was hard to follow but fascinating.,2
AI chatbots help businesses improve customer support experiences.,1
Self-driving cars are being tested in several urban cities.,1
She prefers reading historical novels over science fiction.,2
She prefers reading historical novels over science fiction.,2
Cloud computing allows companies to scale faster and cheaper.,1
Renewable energy sources are crucial in fighting climate change.,1
We took a scenic drive through the mountains last fall.,2
She practices yoga every morning to stay focused and calm.,2
Renewable energy sources are crucial in fighting climate change.,1
Natural language processing powers modern voice assistants.,1
Smart homes improve energy efficiency and user convenience.,1
Volunteering at the animal shelter was a rewarding experience.,2
Artificial intelligence is transforming the healthcare industry.,1
He enjoys woodworking in his free time and often makes furniture.,2
We took a scenic drive through the mountains last fall.,2
The concert was canceled due to unexpected weather conditions.,2
The movie featured a compelling storyline and excellent performances.,2
She practices yoga every morning to stay focused and calm.,2
Volunteering at the animal shelter was a rewarding experience.,2
The weather forecast predicts rain and cooler temperatures this weekend.,2
Machine learning models can now detect cancer from X-rays.,1
He enjoys woodworking in his free time and often makes furniture.,2
The weather forecast predicts rain and cooler temperatures this weekend.,2
Smart homes improve energy efficiency and user convenience.,1
AI chatbots help businesses improve customer support experiences.,1
She practices yoga every morning to stay focused and calm.,2
Self-driving cars are being tested in several urban cities.,1
Self-driving cars are being tested in several urban cities.,1
We took a scenic drive through the mountains last fall.,2
The local bakery is known for its delicious sourdough bread.,2
"Using big data, scientists can predict disease outbreaks early.",1
Machine learning models can now detect cancer from X-rays.,1
"Using big data, scientists can predict disease outbreaks early.",1
Artificial intelligence is transforming the healthcare industry.,1
The movie featured a compelling storyline and excellent performances.,2
He enjoys woodworking in his free time and often makes furniture.,2
Machine learning models can now detect cancer from X-rays.,1
We took a scenic drive through the mountains last fall.,2
The weather forecast predicts rain and cooler temperatures this weekend.,2
The concert was canceled due to unexpected weather conditions.,2
The movie featured a compelling storyline and excellent performances.,2
The lecture on quantum mechanics was hard to follow but fascinating.,2
Renewable energy sources are crucial in fighting climate change.,1
The local bakery is known for its delicious sourdough bread.,2
Cloud computing allows companies to scale faster and cheaper.,1
"Using big data, scientists can predict disease outbreaks early.",1
Volunteering at the animal shelter was a rewarding experience.,2
The movie featured a compelling storyline and excellent performances.,2
He enjoys woodworking in his free time and often makes furniture.,2
The local bakery is known for its delicious sourdough bread.,2
Cloud computing allows companies to scale faster and cheaper.,1
She practices yoga every morning to stay focused and calm.,2
He enjoys woodworking in his free time and often makes furniture.,2
Cloud computing allows companies to scale faster and cheaper.,1
Artificial intelligence is transforming the healthcare industry.,1
The local bakery is known for its delicious sourdough bread.,2
Renewable energy sources are crucial in fighting climate change.,1
The local bakery is known for its delicious sourdough bread.,2
Smart homes improve energy efficiency and user convenience.,1
He enjoys woodworking in his free time and often makes furniture.,2
AI chatbots help businesses improve customer support experiences.,1
The weather forecast predicts rain and cooler temperatures this weekend.,2
Machine learning models can now detect cancer from X-rays.,1
We took a scenic drive through the mountains last fall.,2
"Using big data, scientists can predict disease outbreaks early.",1
"Using big data, scientists can predict disease outbreaks early.",1
Renewable energy sources are crucial in fighting climate change.,1
Self-driving cars are being tested in several urban cities.,1
Smart homes improve energy efficiency and user convenience.,1
The lecture on quantum mechanics was hard to follow but fascinating.,2
Renewable energy sources are crucial in fighting climate change.,1
The local bakery is known for its delicious sourdough bread.,2
The concert was canceled due to unexpected weather conditions.,2
Machine learning models can now detect cancer from X-rays.,1
Natural language processing powers modern voice assistants.,1
Blockchain can provide secure and transparent financial transactions.,1
We took a scenic drive through the mountains last fall.,2
Smart homes improve energy efficiency and user convenience.,1
Smart homes improve energy efficiency and user convenience.,1
He enjoys woodworking in his free time and often makes furniture.,2
Natural language processing powers modern voice assistants.,1
The weather forecast predicts rain and cooler temperatures this weekend.,2
The weather forecast predicts rain and cooler temperatures this weekend.,2
She prefers reading historical novels over science fiction.,2
Artificial intelligence is transforming the healthcare industry.,1
AI chatbots help businesses improve customer support experiences.,1
Blockchain can provide secure and transparent financial transactions.,1
The weather forecast predicts rain and cooler temperatures this weekend.,2
He enjoys woodworking in his free time and often makes furniture.,2
Natural language processing powers modern voice assistants.,1
He enjoys woodworking in his free time and often makes furniture.,2
The concert was canceled due to unexpected weather conditions.,2
Self-driving cars are being tested in several urban cities.,1
She prefers reading historical novels over science fiction.,2
He enjoys woodworking in his free time and often makes furniture.,2
We took a scenic drive through the mountains last fall.,2
She prefers reading historical novels over science fiction.,2
The lecture on quantum mechanics was hard to follow but fascinating.,2
Machine learning models can now detect cancer from X-rays.,1
The movie featured a compelling storyline and excellent performances.,2
She practices yoga every morning to stay focused and calm.,2
"Using big data, scientists can predict disease outbreaks early.",1
AI chatbots help businesses improve customer support experiences.,1
Natural language processing powers modern voice assistants.,1
"Using big data, scientists can predict disease outbreaks early.",1
Volunteering at the animal shelter was a rewarding experience.,2
AI chatbots help businesses improve customer support experiences.,1
The weather forecast predicts rain and cooler temperatures this weekend.,2
"Using big data, scientists can predict disease outbreaks early.",1
Smart homes improve energy efficiency and user convenience.,1
Artificial intelligence is transforming the healthcare industry.,1
The movie featured a compelling storyline and excellent performances.,2
"Using big data, scientists can predict disease outbreaks early.",1
Machine learning models can now detect cancer from X-rays.,1
The concert was canceled due to unexpected weather conditions.,2
The weather forecast predicts rain and cooler temperatures this weekend.,2
"Using big data, scientists can predict disease outbreaks early.",1
Machine learning models can now detect cancer from X-rays.,1
Artificial intelligence is transforming the healthcare industry.,1
We took a scenic drive through the mountains last fall.,2
The movie featured a compelling storyline and excellent performances.,2
He enjoys woodworking in his free time and often makes furniture.,2
Cloud computing allows companies to scale faster and cheaper.,1
Renewable energy sources are crucial in fighting climate change.,1
She prefers reading historical novels over science fiction.,2
Self-driving cars are being tested in several urban cities.,1
She prefers reading historical novels over science fiction.,2
She prefers reading historical novels over science fiction.,2
"Using big data, scientists can predict disease outbreaks early.",1
The concert was canceled due to unexpected weather conditions.,2
She prefers reading historical novels over science fiction.,2
He enjoys woodworking in his free time and often makes furniture.,2
Blockchain can provide secure and transparent financial transactions.,1
Blockchain can provide secure and transparent financial transactions.,1
Blockchain can provide secure and transparent financial transactions.,1
She prefers reading historical novels over science fiction.,2
Natural language processing powers modern voice assistants.,1
"Using big data, scientists can predict disease outbreaks early.",1
He enjoys woodworking in his free time and often makes furniture.,2
AI chatbots help businesses improve customer support experiences.,1
"Using big data, scientists can predict disease outbreaks early.",1
Cloud computing allows companies to scale faster and cheaper.,1
He enjoys woodworking in his free time and often makes furniture.,2
AI chatbots help businesses improve customer support experiences.,1
Natural language processing powers modern voice assistants.,1
Renewable energy sources are crucial in fighting climate change.,1
She practices yoga every morning to stay focused and calm.,2
AI chatbots help businesses improve customer support experiences.,1
AI chatbots help businesses improve customer support experiences.,1
Smart homes improve energy efficiency and user convenience.,1
Blockchain can provide secure and transparent financial transactions.,1
The weather forecast predicts rain and cooler temperatures this weekend.,2
We took a scenic drive through the mountains last fall.,2
The lecture on quantum mechanics was hard to follow but fascinating.,2
The concert was canceled due to unexpected weather conditions.,2
Machine learning models can now detect cancer from X-rays.,1
The lecture on quantum mechanics was hard to follow but fascinating.,2
We took a scenic drive through the mountains last fall.,2
Volunteering at the animal shelter was a rewarding experience.,2
Smart homes improve energy efficiency and user convenience.,1
Blockchain can provide secure and transparent financial transactions.,1
The concert was canceled due to unexpected weather conditions.,2
The lecture on quantum mechanics was hard to follow but fascinating.,2
She prefers reading historical novels over science fiction.,2
He enjoys woodworking in his free time and often makes furniture.,2
We took a scenic drive through the mountains last fall.,2
Smart homes improve energy efficiency and user convenience.,1
Smart homes improve energy efficiency and user convenience.,1
The local bakery is known for its delicious sourdough bread.,2
He enjoys woodworking in his free time and often makes furniture.,2
Blockchain can provide secure and transparent financial transactions.,1
Cloud computing allows companies to scale faster and cheaper.,1
She practices yoga every morning to stay focused and calm.,2
Cloud computing allows companies to scale faster and cheaper.,1
The local bakery is known for its delicious sourdough bread.,2
The movie featured a compelling storyline and excellent performances.,2
AI chatbots help businesses improve customer support experiences.,1
"Using big data, scientists can predict disease outbreaks early.",1
Natural language processing powers modern voice assistants.,1
The lecture on quantum mechanics was hard to follow but fascinating.,2
Natural language processing powers modern voice assistants.,1
Volunteering at the animal shelter was a rewarding experience.,2
The concert was canceled due to unexpected weather conditions.,2
Smart homes improve energy efficiency and user convenience.,1
The movie featured a compelling storyline and excellent performances.,2
Self-driving cars are being tested in several urban cities.,1
The movie featured a compelling storyline and excellent performances.,2
AI chatbots help businesses improve customer support experiences.,1
The weather forecast predicts rain and cooler temperatures this weekend.,2
She practices yoga every morning to stay focused and calm.,2
We took a scenic drive through the mountains last fall.,2
The weather forecast predicts rain and cooler temperatures this weekend.,2
Volunteering at the animal shelter was a rewarding experience.,2
Smart homes improve energy efficiency and user convenience.,1
We took a scenic drive through the mountains last fall.,2
Self-driving cars are being tested in several urban cities.,1
Volunteering at the animal shelter was a rewarding experience.,2
The concert was canceled due to unexpected weather conditions.,2
Natural language processing powers modern voice assistants.,1
AI chatbots help businesses improve customer support experiences.,1
Self-driving cars are being tested in several urban cities.,1
Natural language processing powers modern voice assistants.,1
Volunteering at the animal shelter was a rewarding experience.,2
Cloud computing allows companies to scale faster and cheaper.,1
AI chatbots help businesses improve customer support experiences.,1
We took a scenic drive through the mountains last fall.,2
Artificial intelligence is transforming the healthcare industry.,1
Self-driving cars are being tested in several urban cities.,1
The movie featured a compelling storyline and excellent performances.,2
The movie featured a compelling storyline and excellent performances.,2
The concert was canceled due to unexpected weather conditions.,2
She practices yoga every morning to stay focused and calm.,2
She practices yoga every morning to stay focused and calm.,2
Artificial intelligence is transforming the healthcare industry.,1
The concert was canceled due to unexpected weather conditions.,2
The local bakery is known for its delicious sourdough bread.,2
Self-driving cars are being tested in several urban cities.,1
The weather forecast predicts rain and cooler temperatures this weekend.,2
The weather forecast predicts rain and cooler temperatures this weekend.,2
We took a scenic drive through the mountains last fall.,2
AI chatbots help businesses improve customer support experiences.,1
Volunteering at the animal shelter was a rewarding experience.,2
Smart homes improve energy efficiency and user convenience.,1
Renewable energy sources are crucial in fighting climate change.,1
The concert was canceled due to unexpected weather conditions.,2
He enjoys woodworking in his free time and often makes furniture.,2
The movie featured a compelling storyline and excellent performances.,2
Natural language processing powers modern voice assistants.,1
Smart homes improve energy efficiency and user convenience.,1
Natural language processing powers modern voice assistants.,1
Volunteering at the animal shelter was a rewarding experience.,2
The weather forecast predicts rain and cooler temperatures this weekend.,2
The movie featured a compelling storyline and excellent performances.,2
She prefers reading historical novels over science fiction.,2
The movie featured a compelling storyline and excellent performances.,2
Self-driving cars are being tested in several urban cities.,1
Cloud computing allows companies to scale faster and cheaper.,1
She prefers reading historical novels over science fiction.,2
She practices yoga every morning to stay focused and calm.,2
Artificial intelligence is transforming the healthcare industry.,1
Artificial intelligence is transforming the healthcare industry.,1
The movie featured a compelling storyline and excellent performances.,2
AI chatbots help businesses improve customer support experiences.,1
Self-driving cars are being tested in several urban cities.,1
He enjoys woodworking in his free time and often makes furniture.,2
Machine learning models can now detect cancer from X-rays.,1
The lecture on quantum mechanics was hard to follow but fascinating.,2
Smart homes improve energy efficiency and user convenience.,1
The movie featured a compelling storyline and excellent performances.,2
She prefers reading historical novels over science fiction.,2
Renewable energy sources are crucial in fighting climate change.,1
"Using big data, scientists can predict disease outbreaks early.",1
AI chatbots help businesses improve customer support experiences.,1
"Using big data, scientists can predict disease outbreaks early.",1
Machine learning models can now detect cancer from X-rays.,1
He enjoys woodworking in his free time and often makes furniture.,2
Volunteering at the animal shelter was a rewarding experience.,2
The movie featured a compelling storyline and excellent performances.,2
AI chatbots help businesses improve customer support experiences.,1
The lecture on quantum mechanics was hard to follow but fascinating.,2
She prefers reading historical novels over science fiction.,2
Artificial intelligence is transforming the healthcare industry.,1
The local bakery is known for its delicious sourdough bread.,2
She prefers reading historical novels over science fiction.,2
We took a scenic drive through the mountains last fall.,2
AI chatbots help businesses improve customer support experiences.,1
Natural language processing powers modern voice assistants.,1
The movie featured a compelling storyline and excellent performances.,2
The movie featured a compelling storyline and excellent performances.,2
Renewable energy sources are crucial in fighting climate change.,1
Artificial intelligence is transforming the healthcare industry.,1
The lecture on quantum mechanics was hard to follow but fascinating.,2
We took a scenic drive through the mountains last fall.,2
"Using big data, scientists can predict disease outbreaks early.",1
The lecture on quantum mechanics was hard to follow but fascinating.,2
Self-driving cars are being tested in several urban cities.,1
She prefers reading historical novels over science fiction.,2
Natural language processing powers modern voice assistants.,1
Artificial intelligence is transforming the healthcare industry.,1
Volunteering at the animal shelter was a rewarding experience.,2
Renewable energy sources are crucial in fighting climate change.,1
Blockchain can provide secure and transparent financial transactions.,1
Blockchain can provide secure and transparent financial transactions.,1
Machine learning models can now detect cancer from X-rays.,1
Blockchain can provide secure and transparent financial transactions.,1
Volunteering at the animal shelter was a rewarding experience.,2
Self-driving cars are being tested in several urban cities.,1
He enjoys woodworking in his free time and often makes furniture.,2
The local bakery is known for its delicious sourdough bread.,2
The movie featured a compelling storyline and excellent performances.,2
The concert was canceled due to unexpected weather conditions.,2
She practices yoga every morning to stay focused and calm.,2
Natural language processing powers modern voice assistants.,1
Self-driving cars are being tested in several urban cities.,1
Blockchain can provide secure and transparent financial transactions.,1
"Using big data, scientists can predict disease outbreaks early.",1
We took a scenic drive through the mountains last fall.,2
Blockchain can provide secure and transparent financial transactions.,1
She prefers reading historical novels over science fiction.,2
AI chatbots help businesses improve customer support experiences.,1
She prefers reading historical novels over science fiction.,2
Self-driving cars are being tested in several urban cities.,1
Machine learning models can now detect cancer from X-rays.,1
Renewable energy sources are crucial in fighting climate change.,1
The movie featured a compelling storyline and excellent performances.,2
Machine learning models can now detect cancer from X-rays.,1
Artificial intelligence is transforming the healthcare industry.,1
Cloud computing allows companies to scale faster and cheaper.,1
Blockchain can provide secure and transparent financial transactions.,1
The local bakery is known for its delicious sourdough bread.,2
Renewable energy sources are crucial in fighting climate change.,1
Self-driving cars are being tested in several urban cities.,1
She practices yoga every morning to stay focused and calm.,2
The lecture on quantum mechanics was hard to follow but fascinating.,2
Artificial intelligence is transforming the healthcare industry.,1
Machine learning models can now detect cancer from X-rays.,1
Blockchain can provide secure and transparent financial transactions.,1
Renewable energy sources are crucial in fighting climate change.,1
The lecture on quantum mechanics was hard to follow but fascinating.,2
Self-driving cars are being tested in several urban cities.,1
We took a scenic drive through the mountains last fall.,2
The movie featured a compelling storyline and excellent performances.,2
The local bakery is known for its delicious sourdough bread.,2
Artificial intelligence is transforming the healthcare industry.,1
She prefers reading historical novels over science fiction.,2
The concert was canceled due to unexpected weather conditions.,2
"Using big data, scientists can predict disease outbreaks early.",1
Smart homes improve energy efficiency and user convenience.,1
The movie featured a compelling storyline and excellent performances.,2
"Using big data, scientists can predict disease outbreaks early.",1
He enjoys woodworking in his free time and often makes furniture.,2
Renewable energy sources are crucial in fighting climate change.,1
She prefers reading historical novels over science fiction.,2
Self-driving cars are being tested in several urban cities.,1
Volunteering at the animal shelter was a rewarding experience.,2
Natural language processing powers modern voice assistants.,1
"Using big data, scientists can predict disease outbreaks early.",1
"Using big data, scientists can predict disease outbreaks early.",1
Cloud computing allows companies to scale faster and cheaper.,1
Natural language processing powers modern voice assistants.,1
We took a scenic drive through the mountains last fall.,2
Machine learning models can now detect cancer from X-rays.,1
Volunteering at the animal shelter was a rewarding experience.,2
AI chatbots help businesses improve customer support experiences.,1
Cloud computing allows companies to scale faster and cheaper.,1
She practices yoga every morning to stay focused and calm.,2
She prefers reading historical novels over science fiction.,2
We took a scenic drive through the mountains last fall.,2
"Using big data, scientists can predict disease outbreaks early.",1
Renewable energy sources are crucial in fighting climate change.,1
Self-driving cars are being tested in several urban cities.,1
Natural language processing powers modern voice assistants.,1
Cloud computing allows companies to scale faster and cheaper.,1
The weather forecast predicts rain and cooler temperatures this weekend.,2
We took a scenic drive through the mountains last fall.,2
Natural language processing powers modern voice assistants.,1
He enjoys woodworking in his free time and often makes furniture.,2
Renewable energy sources are crucial in fighting climate change.,1
Volunteering at the animal shelter was a rewarding experience.,2
We took a scenic drive through the mountains last fall.,2
The local bakery is known for its delicious sourdough bread.,2
We took a scenic drive through the mountains last fall.,2
She prefers reading historical novels over science fiction.,2
Self-driving cars are being tested in several urban cities.,1
The weather forecast predicts rain and cooler temperatures this weekend.,2
She practices yoga every morning to stay focused and calm.,2
Cloud computing allows companies to scale faster and cheaper.,1
Renewable energy sources are crucial in fighting climate change.,1
Renewable energy sources are crucial in fighting climate change.,1
Renewable energy sources are crucial in fighting climate change.,1
We took a scenic drive through the mountains last fall.,2
Artificial intelligence is transforming the healthcare industry.,1
Renewable energy sources are crucial in fighting climate change.,1
AI chatbots help businesses improve customer support experiences.,1
Machine learning models can now detect cancer from X-rays.,1
Cloud computing allows companies to scale faster and cheaper.,1
We took a scenic drive through the mountains last fall.,2
We took a scenic drive through the mountains last fall.,2
Cloud computing allows companies to scale faster and cheaper.,1
The local bakery is known for its delicious sourdough bread.,2
Renewable energy sources are crucial in fighting climate change.,1
Self-driving cars are being tested in several urban cities.,1
Natural language processing powers modern voice assistants.,1
Machine learning models can now detect cancer from X-rays.,1
She prefers reading historical novels over science fiction.,2
The local bakery is known for its delicious sourdough bread.,2
The concert was canceled due to unexpected weather conditions.,2
The movie featured a compelling storyline and excellent performances.,2
We took a scenic drive through the mountains last fall.,2
The movie featured a compelling storyline and excellent performances.,2
AI chatbots help businesses improve customer support experiences.,1
We took a scenic drive through the mountains last fall.,2
Self-driving cars are being tested in several urban cities.,1
Volunteering at the animal shelter was a rewarding experience.,2
The movie featured a compelling storyline and excellent performances.,2
Natural language processing powers modern voice assistants.,1
Natural language processing powers modern voice assistants.,1
Machine learning models can now detect cancer from X-rays.,1
Blockchain can provide secure and transparent financial transactions.,1
Volunteering at the animal shelter was a rewarding experience.,2
Machine learning models can now detect cancer from X-rays.,1
Cloud computing allows companies to scale faster and cheaper.,1
