text,word_count,class,author,topic
"Isn't it ironic that in a society proclaiming meritocracy, the circumstances of one’s birth remain such a powerful predictor of life outcomes? Social class, far from being a relic of feudalism, continues to exert a profound influence on access to education, healthcare, and even basic opportunities. This isn’t simply about income disparity; it’s about the accumulation of advantages – cultural capital, networking connections, and inherited wealth – that create self-perpetuating cycles of privilege and disadvantage. The subtle biases embedded within institutions, from school funding formulas to hiring practices, often reinforce these existing inequalities. Breaking these cycles requires not just economic redistribution, but a fundamental shift in how we perceive and address systemic barriers, acknowledging that ‘equal opportunity’ is meaningless without equitable starting points.",123,ai_neutral,AI,Social Class
"The concept of social class often feels abstract, yet its impact is intensely personal, shaping individual narratives in ways both visible and unseen. Consider the differing levels of risk tolerance: someone born into financial security can afford to pursue entrepreneurial ventures or creative careers, while someone facing economic precarity may prioritize stability above all else. This isn’t a matter of character or ambition, but of constrained choices. Furthermore, class influences health outcomes, with lower socioeconomic groups experiencing higher rates of chronic illness and limited access to preventative care. These disparities aren’t accidental; they are the direct result of structural inequalities that systematically disadvantage certain populations, creating a tangible gap in quality of life.",113,ai_neutral,AI,Social Class
"“Class is not simply about money; it’s about belonging,” as Pierre Bourdieu observed, and this sense of belonging – or lack thereof – profoundly impacts social mobility. Individuals often internalize the norms and values of their social class, shaping their aspirations and self-perception. This can lead to a form of ‘cultural reproduction,’ where advantages are passed down through generations not through direct inheritance, but through shared understandings and expectations. Those from disadvantaged backgrounds may face subtle forms of discrimination or feel alienated in environments dominated by different cultural codes, hindering their ability to navigate social and professional spaces effectively.",99,ai_neutral,AI,Social Class
"Imagine a city divided not by physical walls, but by invisible lines of socioeconomic status. These lines dictate access to resources, shape neighborhood dynamics, and influence interactions between different groups. This spatial segregation isn’t random; it’s often the result of historical policies like redlining and discriminatory housing practices. Consequently, concentrated poverty creates environments with limited opportunities, underfunded schools, and increased exposure to crime, perpetuating cycles of disadvantage. Addressing social class requires acknowledging and actively dismantling these spatial inequalities, promoting integrated communities, and investing in underserved areas.",86,ai_neutral,AI,Social Class
"Frequently, discussions about social class center on income, but wealth – the total value of assets minus debts – provides a far more accurate picture of economic power. While income fluctuates, wealth accumulates over time, often through inheritance or investment. This creates a significant disparity, as a small percentage of the population controls a disproportionate share of the nation’s wealth. This concentration of wealth not only exacerbates economic inequality but also translates into political influence, allowing the wealthy to shape policies that further benefit their interests. Understanding this distinction is crucial for developing effective strategies to address systemic inequality.",99,ai_neutral,AI,Social Class
"One might argue that the increasing prevalence of the gig economy is blurring the lines of social class, creating a new ‘precariat’ – a class of workers characterized by precarious employment and economic insecurity. While this shift offers some flexibility, it often comes at the cost of benefits, job security, and fair wages. This trend disproportionately affects those already vulnerable, exacerbating existing inequalities and creating a new underclass. The rise of automation and artificial intelligence further threatens to displace workers, potentially widening the gap between the highly skilled and those with limited training or education.",95,ai_neutral,AI,Social Class
"Consider the subtle ways social class manifests in everyday language and consumption patterns. The brands we choose, the hobbies we pursue, and even the way we speak can signal our social standing. These markers aren’t merely superficial; they contribute to the formation of social identities and reinforce existing hierarchies. This ‘symbolic capital’ – the prestige and recognition associated with certain goods or behaviors – can be just as valuable as financial capital, influencing social interactions and opportunities. Recognizing these subtle cues is essential for understanding the complex dynamics of social class.",91,ai_neutral,AI,Social Class
"The narrative of ‘pulling oneself up by one’s bootstraps’ is a powerful, yet often misleading, myth. While individual effort is undoubtedly important, it’s rarely sufficient to overcome systemic barriers. The playing field is not level; some individuals start with significant advantages, while others face insurmountable obstacles. Attributing success solely to individual merit ignores the role of luck, privilege, and structural inequalities. A more nuanced understanding of social class acknowledges the interplay between individual agency and societal forces, recognizing that opportunity is not equally distributed.",84,ai_neutral,AI,Social Class
"Looking beyond national borders, the concept of global class structures reveals a stark reality: the vast majority of the world’s wealth is concentrated in the hands of a small elite, while billions struggle to survive in poverty. This global inequality is often perpetuated by exploitative trade practices, debt burdens, and unequal access to resources. The rise of multinational corporations and globalization has further exacerbated these disparities, creating a system where wealth flows upwards, benefiting the already privileged at the expense of developing nations. Addressing social class requires a global perspective, recognizing the interconnectedness of economic systems.",96,ai_neutral,AI,Social Class
"Perhaps the most insidious aspect of social class is its tendency to become invisible to those who benefit from it. Privilege often operates as an unmarked category, while disadvantage is constantly scrutinized and explained away. This lack of awareness can lead to complacency and a resistance to addressing systemic inequalities. Challenging this invisibility requires actively listening to the experiences of those from marginalized backgrounds, acknowledging the impact of privilege, and committing to dismantling the structures that perpetuate social stratification.",79,ai_neutral,AI,Social Class
"Isn't it ironic that in a society proclaiming equality of opportunity, the circumstances of one’s birth remain such a powerful predictor of life outcomes? Social class, far from being a relic of the past, continues to exert a subtle but pervasive influence on everything from educational attainment and healthcare access to career trajectories and even lifespan. This isn’t simply about income disparity; it’s about the accumulation of advantages – or disadvantages – across generations, manifesting in differing levels of social capital, cultural knowledge, and access to networks. The belief in meritocracy often obscures the deeply ingrained systemic barriers that prevent upward mobility for those born into lower socioeconomic strata, perpetuating cycles of inequality. Ultimately, acknowledging the enduring power of social class is the first step towards dismantling its unfair advantages.",130,ai_neutral,AI,Social Class
"The concept of social class frequently evokes images of rigid hierarchies, but a more nuanced understanding reveals a far more fluid and fragmented landscape. Rather than distinct, easily defined tiers, contemporary social stratification often resembles a complex web of intersecting factors – income, occupation, education, wealth, and even lifestyle choices. Individuals may experience varying degrees of privilege or disadvantage depending on the specific context. For example, a highly educated professional from a working-class background might navigate social situations differently than someone inheriting wealth and status. This fluidity doesn’t negate the existence of systemic inequalities, but it highlights the importance of recognizing the multifaceted nature of social positioning and avoiding simplistic categorizations.",111,ai_neutral,AI,Social Class
"“Class is not simply about economic resources; it’s about a whole way of life,” Pierre Bourdieu famously argued, and this observation remains strikingly relevant today. Social class shapes not only *what* people have, but also *how* they think, behave, and interact with the world. These ingrained habits, tastes, and dispositions – what Bourdieu termed “cultural capital” – can be powerful markers of social belonging, subtly influencing social interactions and opportunities. Someone raised in a household valuing classical music and museum visits might possess a cultural fluency that provides an advantage in certain professional settings, not necessarily due to inherent talent, but due to familiarity and comfort within a specific cultural code.",111,ai_neutral,AI,Social Class
"Consider the seemingly innocuous act of choosing a neighborhood. Where a family can afford to live isn’t merely a matter of financial capacity; it’s a critical determinant of access to quality schools, safe environments, and robust community resources. This geographical sorting, driven by economic realities, reinforces existing social class divisions, creating self-perpetuating cycles of advantage and disadvantage. Children growing up in affluent neighborhoods benefit from superior educational opportunities and social networks, while those in disadvantaged areas often face systemic barriers to success. This spatial dimension of social class underscores the importance of policies aimed at promoting equitable access to resources and opportunities across all communities.",105,ai_neutral,AI,Social Class
"Often, discussions about social class center on material deprivation, but the psychological impact of socioeconomic status is equally profound. Experiencing chronic financial insecurity, or feeling perpetually “less than” due to societal comparisons, can lead to increased stress, anxiety, and diminished self-worth. These psychological burdens can, in turn, affect cognitive function, decision-making, and overall well-being, creating a vicious cycle that hinders upward mobility. The subtle but pervasive effects of class-based stigma and discrimination further exacerbate these psychological challenges, impacting individuals’ sense of belonging and opportunity.",84,ai_neutral,AI,Social Class
"If we truly believe in a just society, shouldn’t we be actively questioning the inherited advantages that disproportionately benefit a select few? The persistence of social class isn’t a natural law; it’s a consequence of policy choices and societal structures that perpetuate inequality. Progressive taxation, affordable healthcare, robust social safety nets, and investments in public education are all potential levers for mitigating the effects of social class and creating a more level playing field. However, these solutions require a fundamental shift in mindset, moving away from individualistic narratives of success and embracing a collective responsibility for ensuring equitable opportunities for all.",101,ai_neutral,AI,Social Class
"The narrative of the “self-made” individual, so prevalent in popular culture, often obscures the crucial role of luck, timing, and pre-existing advantages in achieving success. While hard work and determination are undoubtedly important, they are rarely sufficient to overcome the systemic barriers faced by those born into disadvantaged circumstances. To celebrate individual achievement without acknowledging the unequal starting points is to perpetuate a myth that reinforces the status quo. A more honest and equitable approach involves recognizing the complex interplay of individual effort and structural factors in shaping life outcomes.",90,ai_neutral,AI,Social Class
"Observing the subtle cues of class – the way people dress, speak, and carry themselves – reveals a deeply ingrained system of social signaling. These nonverbal cues, often unconscious, serve as markers of social belonging and can influence how individuals are perceived and treated. Someone speaking with a particular accent or exhibiting certain mannerisms might face unconscious biases in hiring decisions or social interactions, regardless of their qualifications or character. This highlights the insidious ways in which social class operates on a subconscious level, shaping perceptions and reinforcing existing inequalities.",90,ai_neutral,AI,Social Class
"Beyond income and wealth, social class profoundly impacts access to information and knowledge. Individuals from privileged backgrounds often benefit from superior educational opportunities, access to specialized resources, and exposure to diverse perspectives. This informational advantage can translate into greater career opportunities, increased financial literacy, and a more informed understanding of the world. Conversely, those from disadvantaged backgrounds may lack access to critical information, limiting their ability to navigate complex systems and make informed decisions. Bridging this informational gap is crucial for promoting social mobility and ensuring equitable access to opportunities.",90,ai_neutral,AI,Social Class
"Frequently, the discussion of social class is framed as a conflict between “us” and “them,” fostering resentment and division. However, recognizing the systemic nature of inequality allows for a more constructive approach – one focused on collective action and shared responsibility. Addressing the challenges posed by social class requires building bridges across different socioeconomic groups, fostering empathy, and working towards policies that benefit all members of society. It’s not about punishing success, but about creating a system where everyone has a fair chance to thrive, regardless of their background.",89,ai_neutral,AI,Social Class
"Isn't it curious how often we speak of a level playing field, despite the demonstrable advantages some inherit simply by virtue of their birth? Social class, at its core, isn’t merely about income; it’s a complex web of inherited capital – financial, yes, but also social, cultural, and intellectual. This accumulated advantage shapes opportunities, access to quality education, healthcare, and even subtle cues in navigating social situations. The consequences ripple outwards, impacting everything from career trajectories to health outcomes, creating a self-perpetuating cycle where privilege begets privilege and disadvantage reinforces disadvantage. Breaking this cycle requires acknowledging the systemic nature of inequality and actively working to dismantle the barriers that prevent social mobility, not simply celebrating individual success stories.",118,ai_neutral,AI,Social Class
"The chipped Formica of the diner booth felt colder under her elbows than it should have, a physical manifestation of the distance between her and the women laughing over lattes at the cafe across the street. Social class operates as an invisible architecture, structuring not just economic realities but also deeply ingrained perceptions of worth. It dictates where we shop, what neighborhoods feel “safe,” and even the aspirations we dare to harbor. This isn’t about individual failings; it’s about a system that subtly, and sometimes not so subtly, communicates that some lives are inherently more valuable than others. The quiet desperation of knowing your options are limited, not by ability, but by circumstance, is a heavy burden.",117,ai_neutral,AI,Social Class
"“Class is not a matter of wealth, but of mindset,” a sociology professor once declared, a statement that, while provocative, misses a crucial point. While individual attitudes certainly play a role, reducing social class to a matter of personal psychology ignores the material realities that profoundly shape those attitudes. Limited access to resources, chronic stress related to financial insecurity, and the constant negotiation of societal barriers all contribute to different worldviews. To suggest that upward mobility is simply a matter of adopting a “positive mindset” is to blame the victim and absolve the system of its responsibility. It’s a convenient narrative for those already benefiting from the status quo.",109,ai_neutral,AI,Social Class
"Consider the subtle language of opportunity: “networking events,” “internships,” “legacy admissions.” These phrases, seemingly innocuous, are often gatekept by social class. They require a level of social capital – knowing the right people, having the time and resources to participate – that isn’t equally distributed. The meritocratic ideal, the belief that success is solely based on talent and effort, crumbles under the weight of these unspoken advantages. It’s not that hard work is unimportant, but that hard work alone is rarely enough to overcome systemic obstacles. The playing field isn’t level; it’s tilted, and the tilt is often invisible to those standing on higher ground.",105,ai_neutral,AI,Social Class
"Observing the stark contrast between the manicured lawns of the gated community and the overgrown lots a few blocks away reveals a fundamental truth about social class: it’s spatially embedded. Where we live dictates the quality of our schools, the availability of healthcare, and even our exposure to environmental hazards. This geographic segregation isn’t accidental; it’s the result of decades of discriminatory housing policies and economic disinvestment. The consequences are far-reaching, perpetuating cycles of poverty and limiting opportunities for those living in marginalized communities. Addressing social class requires addressing spatial inequality.",91,ai_neutral,AI,Social Class
"The narrative of the “self-made” individual, so prevalent in popular culture, often obscures the crucial role of luck, timing, and, yes, privilege. While entrepreneurial spirit and hard work are admirable, attributing success solely to individual effort ignores the systemic factors that create opportunities for some and barriers for others. A supportive family network, access to capital, and a favorable economic climate are often prerequisites for entrepreneurial success, advantages not available to everyone. Celebrating individual achievement without acknowledging the broader context risks reinforcing the myth of meritocracy and minimizing the impact of social class.",93,ai_neutral,AI,Social Class
"Imagine a spectrum, not a ladder. Social class isn’t a rigid hierarchy with clearly defined rungs, but a fluid continuum of experiences and opportunities. Individuals can experience upward or downward mobility, and their position isn’t solely determined by income. Factors like education, occupation, and social connections all contribute to one’s place on this spectrum. Recognizing this fluidity is crucial for understanding the complexities of social inequality and avoiding simplistic categorizations. It also highlights the importance of policies that promote social mobility and create pathways to opportunity for all.",88,ai_neutral,AI,Social Class
"Perhaps the most insidious aspect of social class is its ability to shape our perceptions of others. We unconsciously assign characteristics – intelligence, work ethic, trustworthiness – based on superficial cues like clothing, accent, and neighborhood. These biases, often unconscious, can lead to discrimination in hiring, education, and even the criminal justice system. Challenging these ingrained prejudices requires self-reflection, empathy, and a willingness to confront our own biases. It’s a difficult but necessary step towards creating a more equitable society.",80,ai_neutral,AI,Social Class
"Data consistently demonstrates a strong correlation between social class and health outcomes. Individuals from lower socioeconomic backgrounds are more likely to experience chronic stress, lack access to quality healthcare, and live in environments with higher levels of pollution. These factors contribute to a higher incidence of chronic diseases and a shorter life expectancy. This isn’t simply a matter of individual lifestyle choices; it’s a direct consequence of systemic inequality. Addressing social class is therefore a matter of public health.",79,ai_neutral,AI,Social Class
"Frequently, discussions about social class center on economic disparity, but the cultural dimensions are equally significant. Different social classes often develop distinct values, norms, and tastes, creating cultural capital that can either facilitate or hinder social mobility. Understanding these cultural differences isn’t about judging one class as “superior” to another, but about recognizing how cultural capital operates as a form of social currency. Navigating different social settings requires understanding these unspoken rules, a skill often acquired through socialization within a particular class.",82,ai_neutral,AI,Social Class
"Isn't it ironic that in a society proclaiming equality of opportunity, the circumstances of one’s birth remain such a powerful predictor of life outcomes? Social class, far from being a relic of the past, continues to exert a pervasive influence on access to education, healthcare, and even justice. This isn’t simply about income disparity; it’s about the accumulation of advantages and disadvantages across generations, creating deeply entrenched systems of privilege and disadvantage. Subtle cues – accent, dress, social networks – act as constant reminders of where one stands, shaping interactions and limiting possibilities. The myth of meritocracy obscures the reality that social mobility is far more constrained than commonly believed, and that systemic barriers often outweigh individual effort. Ultimately, addressing inequality requires acknowledging the enduring power of class structures.",129,ai_neutral,AI,Social Class
"The concept of social class often feels abstract, yet its impact is profoundly concrete in the everyday choices people make. Consider the simple act of grocery shopping: access to fresh produce versus reliance on processed foods, the ability to afford organic options, or even the time available to cook healthy meals are all heavily influenced by economic standing. These seemingly minor decisions accumulate over a lifetime, contributing to disparities in health and well-being. Furthermore, class dictates not just *what* we consume, but *how* we consume – the leisure activities we pursue, the vacations we take, and the cultural experiences we enjoy. It’s a lens through which we interpret the world, shaping our values, aspirations, and sense of belonging.",118,ai_neutral,AI,Social Class
"“Class is not simply about money; it’s about belonging,” as Pierre Bourdieu observed, and this sense of belonging – or lack thereof – is a crucial component of social stratification. Individuals from higher social classes often possess a shared cultural capital – knowledge, tastes, and behaviors – that facilitates social cohesion and reinforces their position. Conversely, those from lower classes may experience a sense of alienation or exclusion, struggling to navigate social situations where their cultural norms are not valued or understood. This can lead to internalized feelings of inadequacy and limit opportunities for social advancement, perpetuating the cycle of inequality. The subtle, often unconscious, ways in which class shapes our social interactions are remarkably powerful.",116,ai_neutral,AI,Social Class
"Imagine a city divided not by walls, but by invisible lines of credit scores, zip codes, and educational attainment. This is the reality of social class in the 21st century. While overt displays of wealth may be less common than in previous eras, the underlying structures of inequality remain firmly in place. The concentration of wealth at the top has created a widening gap between the haves and have-nots, leading to increased social fragmentation and political polarization. This isn’t merely an economic issue; it’s a social and moral one, threatening the fabric of democratic society. Ignoring the growing chasm between classes risks undermining social trust and fueling resentment.",108,ai_neutral,AI,Social Class
"Frequently, discussions about social class center on income, but a more nuanced understanding requires examining wealth – the total value of assets owned. While income provides a flow of money, wealth represents accumulated resources that can be passed down through generations, creating a significant advantage for those born into privilege. This intergenerational transfer of wealth exacerbates existing inequalities, making it increasingly difficult for individuals from lower classes to climb the economic ladder. Policies aimed at addressing wealth inequality, such as inheritance taxes or increased investment in public education, are crucial for creating a more equitable society.",96,ai_neutral,AI,Social Class
"One of the most insidious effects of social class is its impact on psychological well-being. Research consistently demonstrates a correlation between lower socioeconomic status and increased rates of stress, anxiety, and depression. This isn’t simply a matter of financial hardship; it’s about the constant pressure of navigating a system that is often stacked against you, the feeling of lacking control over your own life, and the stigma associated with poverty. These psychological burdens can have a profound impact on cognitive function, decision-making, and overall health, further perpetuating the cycle of disadvantage.",91,ai_neutral,AI,Social Class
"To what extent does our perception of social mobility influence our societal structures? The widespread belief in the “American Dream” – the idea that anyone can achieve success through hard work – often serves to justify existing inequalities. If people believe that success is solely determined by individual effort, they are less likely to support policies aimed at addressing systemic barriers. However, empirical evidence consistently demonstrates that social mobility is significantly lower in the United States than in many other developed countries. Challenging the myth of meritocracy is essential for fostering a more honest and equitable conversation about social class.",100,ai_neutral,AI,Social Class
"Consider the subtle ways in which language itself reinforces class distinctions. Certain dialects or accents are often stigmatized, associated with lower social status, and can hinder opportunities for employment or social advancement. Similarly, the vocabulary and communication styles prevalent in higher social classes can create barriers for those who haven’t been exposed to them. This linguistic capital – the ability to use language effectively in different social contexts – is often overlooked, yet it plays a significant role in shaping social interactions and reinforcing existing power dynamics. Recognizing and challenging these linguistic biases is a crucial step towards creating a more inclusive society.",103,ai_neutral,AI,Social Class
"The narrative surrounding poverty often focuses on individual failings, attributing it to a lack of effort or poor choices. However, this perspective ignores the systemic factors that contribute to economic hardship, such as discriminatory housing policies, inadequate access to education, and the decline of well-paying jobs. Framing poverty as a personal problem rather than a societal one allows us to absolve ourselves of responsibility and avoid addressing the root causes of inequality. A more compassionate and effective approach requires acknowledging the structural barriers that prevent individuals from escaping poverty and investing in policies that promote economic opportunity for all.",99,ai_neutral,AI,Social Class
"If we were to map social class not as a hierarchy, but as a network, what would it reveal? The reality is that class isn’t simply about where you stand in relation to others; it’s about the connections you have and the resources you can access through those connections. Social networks play a crucial role in securing employment, accessing information, and navigating complex systems. Individuals from higher social classes often benefit from strong social capital – a network of influential contacts – that provides them with advantages that are unavailable to those from lower classes. Building more inclusive networks and expanding access to opportunities are essential for promoting social mobility.",110,ai_neutral,AI,Social Class
"Isn't it ironic that in a society proclaiming meritocracy, the circumstances of one’s birth remain such a powerful predictor of life outcomes? Social class, far from being a relic of feudalism, continues to exert a subtle but pervasive influence on access to education, healthcare, and even justice. This isn’t simply about income disparity; it’s about the accumulation of advantages – cultural capital, networking opportunities, and inherited wealth – that create deeply entrenched inequalities. The narrative of “pulling oneself up by one’s bootstraps” often ignores the fact that some individuals begin the race with no boots at all, while others are given a significant head start. Breaking down these systemic barriers requires more than just individual effort; it demands a critical examination of the structures that perpetuate class divisions.",128,ai_neutral,AI,Social Class
"The concept of social class frequently evokes images of stark economic divides, but its impact extends far beyond financial limitations. Consider the subtle ways class shapes our tastes, our aspirations, and even our perceptions of the world. Individuals from different socioeconomic backgrounds often inhabit distinct cultural universes, with differing norms, values, and expectations. This can lead to misunderstandings, biases, and a sense of alienation, even in the absence of overt conflict. Furthermore, the pressure to conform to class-specific expectations can stifle individuality and limit opportunities for personal growth. Recognizing these nuanced effects is crucial for fostering a more inclusive and equitable society.",102,ai_neutral,AI,Social Class
"“Class is not simply about money; it’s about belonging,” as Pierre Bourdieu observed, and this sense of belonging – or lack thereof – profoundly impacts mental and physical wellbeing. Individuals experiencing socioeconomic disadvantage often face chronic stress, stemming from financial insecurity, limited access to resources, and the constant negotiation of social hierarchies. This chronic stress can manifest in a variety of health problems, from cardiovascular disease to depression. Moreover, the stigma associated with lower social class can lead to feelings of shame, isolation, and diminished self-worth. Addressing health disparities, therefore, requires a holistic approach that acknowledges the social determinants of health, including class.",103,ai_neutral,AI,Social Class
"Imagine a city divided not by walls, but by invisible lines of credit scores, zip codes, and educational attainment. This is the reality of social class in the 21st century. While overt displays of wealth may be frowned upon, the subtle markers of class – the schools children attend, the neighborhoods people inhabit, the jobs they hold – continue to define social boundaries. These boundaries aren’t static; they are constantly being reinforced and renegotiated through everyday interactions and institutional practices. Understanding these dynamics is essential for dismantling the systems that perpetuate inequality and creating a more just and equitable society.",100,ai_neutral,AI,Social Class
"From a purely economic perspective, concentrated wealth at the top and stagnant wages for the majority represent a significant drag on overall economic growth. When a large segment of the population lacks disposable income, consumer demand weakens, hindering investment and innovation. Furthermore, limited economic mobility restricts the potential of countless individuals, preventing them from contributing their skills and talents to the economy. A more equitable distribution of wealth, therefore, isn’t just a matter of social justice; it’s a matter of sound economic policy. Investing in education, job training, and affordable healthcare can unlock human potential and drive sustainable economic prosperity.",100,ai_neutral,AI,Social Class
"Often, discussions about social class center on individual failings or successes, overlooking the role of systemic factors. However, historical policies – such as redlining, discriminatory lending practices, and unequal access to education – have created deeply entrenched inequalities that continue to shape outcomes today. These policies weren’t accidental; they were deliberate choices that benefited certain groups at the expense of others. Acknowledging this historical context is crucial for understanding the present-day realities of social class and for developing effective strategies for redress. Simply blaming individuals for their circumstances ignores the legacy of systemic injustice.",94,ai_neutral,AI,Social Class
"Consider the subtle ways language itself reinforces class distinctions. The vocabulary, grammar, and accent associated with different social classes can serve as markers of identity and status, influencing how individuals are perceived and treated. This linguistic stratification isn’t merely superficial; it can affect access to opportunities, particularly in professional settings. Individuals who don’t conform to the linguistic norms of the dominant class may face discrimination or be perceived as less competent. Recognizing the power of language to perpetuate inequality is a crucial step towards creating a more inclusive and equitable communication environment.",92,ai_neutral,AI,Social Class
"If we were to design a society from scratch, would we intentionally create a system where a person’s life chances are largely determined by their parents’ socioeconomic status? The persistence of social class challenges the fundamental principles of fairness and equality. While some degree of inequality may be inevitable, the extreme disparities that characterize many contemporary societies are ethically indefensible. A truly just society would prioritize equal opportunity, ensuring that all individuals have the chance to reach their full potential, regardless of their background. This requires a commitment to social policies that promote economic mobility and reduce systemic barriers.",99,ai_neutral,AI,Social Class
"The rise of the gig economy and precarious employment has exacerbated existing class divisions, creating a new “precariat” – a class of workers characterized by job insecurity, low wages, and limited benefits. This trend is particularly concerning because it undermines the traditional social safety net, leaving many individuals vulnerable to economic hardship. The erosion of stable employment also weakens collective bargaining power, making it more difficult for workers to advocate for better wages and working conditions. Addressing the challenges posed by the gig economy requires innovative policy solutions, such as portable benefits and stronger worker protections.",96,ai_neutral,AI,Social Class
"Beyond economics, social class profoundly shapes our access to information and our ability to participate fully in civic life. Individuals from lower socioeconomic backgrounds often have limited access to reliable news sources and may be less likely to engage in political activism. This can lead to a sense of disempowerment and marginalization, further reinforcing existing inequalities. Strengthening civic education, promoting media literacy, and expanding access to information are essential for ensuring that all citizens have a voice in shaping their communities and their future.",84,ai_neutral,AI,Social Class
"Considering the sheer volume of dating apps and social media platforms, one might assume finding a partner is easier than ever. However, the paradox of choice often complicates marriage prospects in the 21st century. Individuals are presented with a seemingly endless stream of potential matches, leading to a reluctance to fully invest in any single connection, perpetually wondering if someone “better” is just a swipe away. This creates a culture of disposability in relationships, where minor flaws are magnified and commitment feels daunting. Furthermore, the curated nature of online profiles often presents unrealistic expectations, fostering disappointment when real-life interactions fail to match the idealized image. The emphasis on superficial qualities can also overshadow deeper compatibility factors, hindering the formation of lasting bonds.",122,ai_neutral,AI,Marriage Prospects
"The economic realities facing millennials and Gen Z significantly impact their marriage prospects. Delayed financial independence – burdened by student loan debt, stagnant wages, and the rising cost of living – often pushes marriage further down the priority list. Establishing a stable financial foundation is frequently seen as a prerequisite for partnership, and for many, that foundation remains elusive. This isn’t necessarily a rejection of marriage itself, but a pragmatic response to economic pressures. The desire for dual incomes to afford housing, childcare, and other necessities can also influence the timing and even the feasibility of marriage, particularly in urban areas. Consequently, individuals may prioritize career advancement and financial security over settling down.",113,ai_neutral,AI,Marriage Prospects
"“Marriage is not a lottery ticket to happiness,” a sentiment echoed by relationship therapists, highlights a crucial shift in perspective regarding marriage prospects. Increasingly, people are entering marriage with more realistic expectations, recognizing it requires consistent effort, communication, and compromise. The romanticized notion of finding a “soulmate” who effortlessly completes them is giving way to a more grounded understanding of partnership as a collaborative project. This doesn’t diminish the importance of emotional connection, but rather emphasizes the need for practical skills and a shared commitment to growth. Consequently, premarital counseling and open discussions about expectations are becoming more commonplace, aiming to build a stronger foundation for long-term success.",108,ai_neutral,AI,Marriage Prospects
"Observably, geographical location plays a surprisingly large role in marriage prospects. Rural areas often face a dwindling pool of potential partners, particularly for those with specific educational or professional backgrounds. This can lead to longer commutes for dating, limited social opportunities, and a greater reliance on online platforms. Conversely, densely populated urban centers offer a wider range of options, but also present challenges like increased competition and a faster-paced lifestyle that can hinder relationship development. The “marriage squeeze” – a demographic imbalance where there are more men than women, or vice versa, in a particular age group – can further exacerbate these disparities, impacting the availability of suitable partners.",109,ai_neutral,AI,Marriage Prospects
"The evolving definition of family is reshaping marriage prospects. Traditional expectations surrounding marriage – such as having children or adhering to specific gender roles – are being challenged. More individuals are choosing to remain childfree, prioritize career ambitions, or explore alternative family structures. This broadening of possibilities means that compatibility is no longer solely defined by shared life goals related to procreation or traditional domesticity. Instead, individuals are seeking partners who align with their values, support their personal growth, and share a vision for a fulfilling life, regardless of whether that life includes children or conforms to conventional norms.",99,ai_neutral,AI,Marriage Prospects
"If you asked someone fifty years ago about marriage prospects, the answer would likely center on societal expectations and familial approval. Today, however, personal autonomy is paramount. Individuals are increasingly prioritizing their own happiness and fulfillment, delaying or forgoing marriage altogether if it doesn’t align with their personal goals. This shift reflects a broader cultural trend towards individualism and self-reliance. While family input remains important for some, it carries less weight than it once did. The decision to marry is now largely viewed as a personal choice, driven by genuine affection and mutual respect, rather than social pressure or economic necessity.",101,ai_neutral,AI,Marriage Prospects
"A growing trend in assessing marriage prospects involves evaluating emotional intelligence and attachment styles. Recognizing the impact of early childhood experiences on relationship patterns, individuals are seeking partners who demonstrate self-awareness, empathy, and healthy communication skills. Understanding attachment theory – whether someone is securely, anxiously, or avoidantly attached – can provide valuable insights into their relational tendencies. This focus on emotional maturity reflects a desire to avoid repeating unhealthy patterns and build relationships based on trust, vulnerability, and mutual support. Consequently, therapy and self-help resources focused on emotional intelligence are gaining popularity.",92,ai_neutral,AI,Marriage Prospects
"Interestingly, the rise of long-distance relationships, facilitated by technology, is altering the landscape of marriage prospects. While historically viewed as challenging, these relationships are becoming increasingly common and, in some cases, even preferred. The ability to maintain connection through video calls, messaging, and social media allows individuals to build intimacy and emotional bonds despite geographical separation. This can be particularly appealing for those with demanding careers or limited local dating options. However, successful long-distance relationships require strong communication, trust, and a clear plan for eventual cohabitation.",86,ai_neutral,AI,Marriage Prospects
"The impact of social media on self-perception undeniably influences marriage prospects. Constant exposure to idealized portrayals of relationships can create unrealistic expectations and fuel feelings of inadequacy. The pressure to present a perfect image online can also hinder authentic connection, as individuals may prioritize projecting a desirable persona over revealing their true selves. Furthermore, social media can facilitate infidelity and create opportunities for comparison and jealousy. Navigating these challenges requires mindful engagement with social media and a commitment to prioritizing real-life connection over online validation.",85,ai_neutral,AI,Marriage Prospects
"Perhaps counterintuitively, a renewed emphasis on shared hobbies and intellectual compatibility is becoming a key factor in marriage prospects. Beyond physical attraction and emotional connection, individuals are increasingly seeking partners with whom they can share passions, engage in stimulating conversations, and pursue common interests. This suggests a desire for a deeper, more fulfilling partnership that extends beyond romantic affection. Shared activities provide opportunities for bonding, create lasting memories, and foster a sense of mutual growth. Consequently, joining clubs, taking classes, and participating in community events are becoming popular ways to meet potential partners.",93,ai_neutral,AI,Marriage Prospects
"Is the pursuit of a life partner truly about finding “the one,” or is it a more pragmatic calculation of compatibility and shared future goals? Increasingly, individuals approach marriage prospects with a focus on long-term stability, considering factors like financial security, career alignment, and family values alongside emotional connection. While romantic love remains important, a growing awareness of divorce rates and the complexities of modern life encourages a more realistic assessment of potential partners. This doesn’t necessarily diminish the desire for intimacy, but rather frames it within a broader context of practical considerations. The emphasis shifts from fairytale ideals to building a sustainable partnership capable of weathering life’s inevitable challenges, prioritizing mutual respect and shared responsibility.",116,ai_neutral,AI,Marriage Prospects
"The digital age has fundamentally reshaped how we evaluate marriage prospects, presenting a paradox of choice. Dating apps and online platforms offer access to a seemingly limitless pool of potential partners, yet this abundance can lead to analysis paralysis and a tendency to constantly seek “better” options. This constant comparison fosters a consumerist mindset, where individuals are treated as profiles to be assessed rather than complex human beings. The curated nature of online profiles often obscures genuine personality traits, creating unrealistic expectations and hindering the development of authentic connections. Consequently, many find themselves trapped in a cycle of swiping and superficial interactions, struggling to translate online attraction into meaningful relationships.",110,ai_neutral,AI,Marriage Prospects
"Consider the subtle, yet powerful, influence of social expectations on marriage prospects. Despite evolving societal norms, pressure from family and peers to settle down remains significant, particularly for women. This pressure can lead individuals to compromise on their own desires and values, entering into relationships that don’t truly fulfill them. The fear of being perceived as “left on the shelf” or disappointing loved ones can outweigh the importance of finding a genuinely compatible partner. This external pressure often manifests as a ticking clock, accelerating the search for a spouse and potentially leading to hasty decisions with long-term consequences.",98,ai_neutral,AI,Marriage Prospects
"“Marry your best friend,” the adage suggests, but what does that truly entail in a world where friendships are often geographically dispersed and increasingly mediated by technology? The concept of a best friend as a marriage prospect implies a pre-existing foundation of trust, shared interests, and emotional intimacy. However, transitioning a platonic friendship into a romantic partnership requires careful navigation and a willingness to redefine the dynamics of the relationship. The risk lies in potentially jeopardizing a valuable friendship if the romantic experiment fails, or in overlooking deeper compatibility issues due to the comfort of familiarity.",96,ai_neutral,AI,Marriage Prospects
"From an economic perspective, marriage prospects are increasingly intertwined with financial stability and career aspirations. Dual-income households are now the norm, and individuals often seek partners who complement their professional goals and contribute equally to household finances. This isn’t necessarily about materialism, but rather a recognition of the economic realities of modern life. Shared financial values and a collaborative approach to money management are crucial for long-term marital success. Disparities in income or differing attitudes towards spending can create significant tension and strain the relationship.",85,ai_neutral,AI,Marriage Prospects
"The concept of “settling” frequently arises when discussing marriage prospects, often carrying a negative connotation. However, is it always detrimental to choose a partner who doesn’t perfectly align with every ideal? Perhaps “settling” represents a mature acceptance of imperfections and a willingness to prioritize qualities like kindness, reliability, and shared values over superficial attractions. It suggests a shift in focus from finding a flawless partner to building a fulfilling life *with* someone, acknowledging that compromise is an essential component of any successful relationship. The key lies in ensuring that the compromises made are aligned with one’s core values and don’t lead to resentment or unfulfillment.",105,ai_neutral,AI,Marriage Prospects
"Observing current trends, a noticeable shift is occurring in the age at which individuals consider marriage prospects seriously. Delayed marriage is becoming increasingly common, driven by factors such as extended education, career focus, and a desire for personal exploration. This postponement allows individuals to develop a stronger sense of self and a clearer understanding of their own needs and desires before committing to a lifelong partnership. While delaying marriage doesn’t guarantee success, it often leads to more intentional and informed decisions, reducing the likelihood of entering into relationships prematurely or for the wrong reasons.",94,ai_neutral,AI,Marriage Prospects
"Beyond compatibility, the ability to navigate conflict effectively is a critical, often overlooked, aspect of evaluating marriage prospects. Disagreements are inevitable in any relationship, but the manner in which they are addressed determines whether they strengthen or erode the bond. Healthy conflict resolution involves open communication, active listening, and a willingness to compromise. Red flags include avoidance of difficult conversations, resorting to personal attacks, or an inability to see the other person’s perspective. Assessing a potential partner’s conflict style is therefore crucial for predicting the long-term health of the relationship.",90,ai_neutral,AI,Marriage Prospects
"The influence of family dynamics on marriage prospects cannot be understated. Individuals often unconsciously seek partners who mirror or compensate for their own family experiences. Those from stable, loving families may gravitate towards similar environments, while those with challenging childhoods may seek partners who offer the emotional security they lacked. Understanding one’s own family history and its impact on relationship patterns is essential for making conscious choices and avoiding repeating unhealthy cycles. Recognizing these patterns allows for more informed decision-making and a greater chance of building a fulfilling partnership.",89,ai_neutral,AI,Marriage Prospects
"Ultimately, assessing marriage prospects isn’t about ticking boxes on a checklist, but about evaluating a potential partner’s character and their capacity for growth. Qualities like empathy, integrity, and emotional intelligence are far more valuable than superficial attributes. A willingness to learn, adapt, and support each other through life’s challenges is paramount. The most successful relationships are built on a foundation of mutual respect, shared values, and a genuine desire to see the other person thrive, not on a predetermined set of expectations or societal pressures.",85,ai_neutral,AI,Marriage Prospects
"Is the pursuit of a life partner truly diminishing in importance, or is it simply evolving beyond traditional expectations? Contemporary marriage prospects are increasingly shaped by economic realities; student loan debt, housing costs, and career instability often delay or deter commitment. Beyond finances, shifting societal norms prioritize individual fulfillment and self-discovery, leading many to postpone marriage indefinitely while focusing on personal growth. The rise of cohabitation and long-term partnerships without legal binding further complicates the landscape. While the *idea* of lifelong companionship remains appealing, the practical hurdles and altered priorities present a complex challenge for those navigating modern relationships. Ultimately, the definition of a successful partnership is becoming increasingly personalized, moving away from prescribed timelines and societal pressures.",118,ai_neutral,AI,Marriage Prospects
"The curated perfection of social media often presents a distorted view of marriage, impacting expectations and potentially hindering realistic assessments of compatibility. Individuals scrolling through highlight reels of seemingly flawless unions may feel inadequate or discouraged, believing their own relationships fall short. This constant comparison can foster unrealistic demands on partners and a fear of vulnerability, making genuine connection more difficult. Furthermore, the ease of online dating, while expanding the pool of potential matches, can also contribute to a “shopping” mentality, where individuals quickly dismiss prospects based on superficial criteria. Consequently, the pursuit of marriage can become less about finding a meaningful connection and more about achieving an idealized, often unattainable, image.",112,ai_neutral,AI,Marriage Prospects
"Consider the subtle but powerful influence of geographic location on marriage prospects. In densely populated urban areas, the sheer number of potential partners might seem advantageous, yet the fast-paced lifestyle and emphasis on career advancement can leave little time for cultivating meaningful relationships. Conversely, in more rural communities, the limited pool of eligible individuals can create pressure to settle or accept less-than-ideal matches. This disparity extends beyond urban/rural divides; certain regions attract specific demographics, influencing the types of relationships that form. Therefore, assessing marriage prospects requires acknowledging the significant role of environment and the opportunities – or limitations – it presents.",101,ai_neutral,AI,Marriage Prospects
"“Marriage is not a destination, but a journey,” a sentiment often repeated, yet frequently overlooked in the initial stages of seeking a partner. Many approach the search for a spouse with a checklist of desired qualities, overlooking the importance of shared values, emotional intelligence, and a willingness to grow *together*. Focusing solely on surface-level compatibility – shared hobbies, similar backgrounds – can lead to disappointment when faced with the inevitable challenges of long-term commitment. A truly successful marriage requires a proactive investment in communication, compromise, and a continuous effort to understand and support one another’s evolving needs. The journey, not the arrival, defines the strength of the bond.",108,ai_neutral,AI,Marriage Prospects
"The increasing prevalence of blended families significantly alters the landscape of marriage prospects. Individuals entering relationships with children from previous partnerships face unique complexities, including navigating co-parenting dynamics, establishing new family structures, and addressing potential loyalty conflicts. Successful blended marriages require exceptional patience, empathy, and a commitment to creating a harmonious environment for all involved. Furthermore, financial considerations often become more intricate, requiring careful planning and open communication. While blended families can be incredibly rewarding, they demand a level of maturity and adaptability that may not be present in all potential partners.",92,ai_neutral,AI,Marriage Prospects
"A growing trend is the deliberate choice *not* to marry, opting instead for committed partnerships that offer companionship and support without the legal and societal expectations of traditional marriage. This isn’t necessarily a rejection of commitment, but rather a rejection of the institution itself, perceived by some as outdated or restrictive. These individuals often prioritize financial independence, personal freedom, and the ability to define their relationships on their own terms. The rise of legal frameworks recognizing civil unions and domestic partnerships provides alternative avenues for securing rights and benefits previously exclusive to married couples, further validating this choice.",98,ai_neutral,AI,Marriage Prospects
"Reflecting on the concept of “settling” reveals a surprisingly nuanced debate. While societal pressure often discourages accepting a partner who doesn’t meet all desired criteria, the pursuit of perfection can be paralyzing. Sometimes, recognizing and appreciating the qualities a person *does* possess – kindness, loyalty, a shared sense of humor – outweighs the absence of others. However, true settling involves compromising on core values or ignoring red flags, a path likely to lead to resentment and unhappiness. The key lies in discerning between realistic acceptance and self-deception, understanding that no one is flawless and that a fulfilling relationship requires mutual respect and genuine affection.",104,ai_neutral,AI,Marriage Prospects
"The impact of parental expectations on marriage prospects remains a significant, often unspoken, factor. In many cultures, family approval carries considerable weight, influencing partner selection and relationship dynamics. While well-intentioned, these expectations can create undue pressure and lead individuals to prioritize pleasing their parents over pursuing their own happiness. This can manifest as choosing a partner based on social status, financial security, or cultural background, rather than genuine compatibility. Navigating these familial pressures requires open communication, assertiveness, and a willingness to prioritize personal fulfillment, even if it means challenging deeply held beliefs.",92,ai_neutral,AI,Marriage Prospects
"Interestingly, the increasing emphasis on self-care and mental wellbeing is influencing how individuals approach marriage prospects. A growing awareness of personal boundaries and emotional needs leads many to prioritize finding a partner who supports their individual growth and fosters a healthy relationship dynamic. This means seeking someone who encourages self-expression, respects personal space, and actively participates in open and honest communication. Individuals are less willing to compromise on their emotional wellbeing for the sake of being in a relationship, demanding a level of emotional maturity and self-awareness from potential partners.",90,ai_neutral,AI,Marriage Prospects
"Observing current dating trends reveals a paradox: a desire for deep connection coupled with a fear of vulnerability. While many express a longing for lasting love and companionship, they simultaneously erect emotional barriers, hesitant to fully invest in a relationship for fear of rejection or heartbreak. This hesitancy manifests as ghosting, breadcrumbing, and a general reluctance to commit to exclusive relationships. Overcoming this paradox requires cultivating self-compassion, practicing honest communication, and embracing the inherent risks of opening oneself up to another person. The path to finding a fulfilling partnership demands courage, vulnerability, and a willingness to navigate the complexities of human connection.",102,ai_neutral,AI,Marriage Prospects
"Is the pursuit of a life partner truly diminishing in importance, or is it simply evolving beyond traditional expectations? Contemporary marriage prospects are increasingly shaped by economic realities; student loan debt, housing costs, and career instability often delay or deter commitment. Individuals prioritize financial security and personal fulfillment, sometimes viewing marriage as a potential impediment rather than a natural progression. This isn’t necessarily a rejection of intimacy, but a recalibration of priorities. The rise of cohabitation, while offering companionship and shared resources, often lacks the legal and social weight of marriage. Consequently, those who *do* seek marriage may approach it with greater deliberation, seeking a partner who is not only emotionally compatible but also a strong financial and life-planning ally.",120,ai_neutral,AI,Marriage Prospects
"The narrative surrounding marriage prospects frequently centers on finding “the one,” a concept deeply ingrained in popular culture. However, a more pragmatic perspective reveals that successful marriages aren’t built on instant connection, but on shared values, consistent effort, and a willingness to adapt. Today’s potential spouses are often evaluating compatibility based on lifestyle choices – views on parenting, career ambitions, social engagement, and personal growth. This assessment extends beyond romantic attraction to encompass a holistic vision of a shared future. The emphasis is shifting from a fairytale ideal to a practical partnership, where mutual respect and collaborative problem-solving are paramount.",100,ai_neutral,AI,Marriage Prospects
"Consider the impact of online dating on the landscape of marriage prospects. While offering unprecedented access to potential partners, these platforms also foster a “marketplace” mentality, encouraging superficial judgments and a constant search for something “better.” This paradox of choice can lead to analysis paralysis and a reluctance to fully invest in any single relationship. Furthermore, curated profiles often present idealized versions of individuals, creating unrealistic expectations and potential disappointment. The sheer volume of options can devalue the process of getting to know someone authentically, prioritizing quantity over quality in the search for a life partner.",96,ai_neutral,AI,Marriage Prospects
"“Marriage is not a destination, but a journey,” a sentiment often echoed, yet frequently underestimated in the initial stages of seeking a spouse. Increasingly, individuals are entering marriage with a clearer understanding of its complexities, acknowledging that sustained happiness requires ongoing communication, compromise, and a commitment to personal and collective growth. This awareness, however, doesn’t necessarily translate to easier prospects. The pressure to achieve a perfect balance between personal ambition and relational needs remains significant, particularly for women navigating career aspirations and societal expectations around motherhood.",86,ai_neutral,AI,Marriage Prospects
"From a sociological standpoint, marriage prospects are inextricably linked to shifting gender roles. Traditional expectations of men as providers and women as caregivers are being challenged, leading to renegotiations of power dynamics within relationships. This can be a source of both liberation and conflict. While greater equality fosters more fulfilling partnerships, it also requires a willingness to dismantle ingrained assumptions and embrace shared responsibilities. The search for a spouse now often involves finding someone who supports individual ambitions *and* actively participates in creating a balanced and equitable household.",88,ai_neutral,AI,Marriage Prospects
"It’s a common observation that geographic location significantly influences marriage prospects. In densely populated urban areas, the sheer number of potential partners can be overwhelming, yet genuine connection can feel elusive amidst the constant flux. Conversely, in more rural communities, options may be limited, leading individuals to broaden their search online or consider long-distance relationships. This geographic disparity highlights the challenges of finding someone who shares not only values and interests but also a compatible lifestyle and a sense of belonging within a specific community.",85,ai_neutral,AI,Marriage Prospects
"The concept of “settling” frequently arises in discussions about marriage prospects, often carrying a negative connotation. However, a more nuanced perspective suggests that compromise is an inherent part of any successful long-term relationship. No partner will perfectly embody every desired trait, and the willingness to accept imperfections is crucial. The key lies in distinguishing between settling for someone who fundamentally violates core values and making reasonable concessions to build a life with someone who is genuinely kind, respectful, and committed to mutual growth.",83,ai_neutral,AI,Marriage Prospects
"Beyond romantic compatibility, the influence of family and social networks on marriage prospects remains substantial. Parental approval, cultural expectations, and the opinions of close friends can all exert pressure on individuals’ choices. While these influences can provide valuable support and guidance, they can also create obstacles, particularly when they clash with personal desires. Navigating these external pressures requires a delicate balance of respecting familial traditions and asserting individual autonomy in the pursuit of a fulfilling partnership.",76,ai_neutral,AI,Marriage Prospects
"Interestingly, the increasing acceptance of diverse relationship structures – including same-sex marriage and polyamory – is subtly reshaping the definition of marriage prospects. While these alternatives don’t necessarily diminish the desire for committed partnerships, they challenge the traditional notion of marriage as the sole pathway to long-term fulfillment. This broader acceptance encourages individuals to define relationships on their own terms, prioritizing authenticity and mutual consent over societal norms. Consequently, the search for a life partner may involve exploring unconventional arrangements that better align with personal values.",86,ai_neutral,AI,Marriage Prospects
"Perhaps the most overlooked aspect of contemporary marriage prospects is the importance of emotional intelligence. The ability to understand and manage one’s own emotions, as well as empathize with a partner’s feelings, is increasingly recognized as a critical factor in relationship success. Individuals are seeking partners who are not only intellectually stimulating but also emotionally mature, capable of navigating conflict constructively, and committed to fostering a safe and supportive emotional environment. This emphasis on emotional connection reflects a growing awareness of the importance of mental well-being in long-term relationships.",89,ai_neutral,AI,Marriage Prospects
"Is the pursuit of a life partner truly diminishing in importance, or is it simply evolving beyond traditional expectations? Contemporary marriage prospects are increasingly shaped by economic realities; student loan debt, housing costs, and career instability often delay or deter commitment. Beyond finances, shifting societal norms prioritize individual fulfillment and self-discovery, leading many to postpone marriage indefinitely while focusing on personal growth. The rise of cohabitation and long-term partnerships without legal ties further complicates the landscape. While the romantic ideal persists, pragmatic considerations now heavily influence decisions about lifelong companionship, demanding a more nuanced understanding of what constitutes a successful and sustainable union in the 21st century.",107,ai_neutral,AI,Marriage Prospects
"The concept of a “good match” in marriage has historically been defined by social standing and familial alliances, but today, compatibility is often framed through the lens of shared values and emotional intelligence. However, this emphasis on internal qualities doesn’t necessarily simplify the process. Online dating platforms, while expanding the pool of potential partners, can also foster a paradox of choice, leading to endless scrolling and a reluctance to fully invest in any single connection. The pressure to find “the one” – a perfect, all-encompassing partner – can be paralyzing, overshadowing the potential for building a fulfilling relationship with someone who is simply *good enough*, and willing to grow alongside you.",111,ai_neutral,AI,Marriage Prospects
"Consider the impact of delayed parenthood on marriage prospects. Increasingly, individuals are choosing to prioritize career advancement and personal experiences before starting a family. This shift alters the dynamic of seeking a spouse; the desire for a co-parent, once central to many marriage decisions, may now be secondary to finding a compatible life companion. Consequently, couples may enter marriage with different timelines regarding children, creating potential conflict down the line. The societal acceptance of diverse family structures also contributes to this trend, lessening the perceived necessity of marriage as a prerequisite for raising a family.",95,ai_neutral,AI,Marriage Prospects
"“Marriage is not a destination, but a journey,” a sentiment often repeated, yet frequently underestimated in its implications for modern prospects. The expectation of lifelong commitment can feel daunting, particularly in a culture characterized by rapid change and disposable relationships. Prospective partners are now more likely to assess not only immediate compatibility but also the potential for long-term growth and adaptation. This requires a level of self-awareness and emotional maturity that wasn’t always prioritized in previous generations. The willingness to navigate challenges, compromise, and continually reinvest in the relationship becomes paramount to its success.",94,ai_neutral,AI,Marriage Prospects
"From a purely statistical standpoint, marriage prospects are increasingly stratified along educational and socioeconomic lines. Individuals with higher levels of education are more likely to marry other highly educated individuals, creating a reinforcing cycle of advantage. This trend contributes to a widening gap in marital stability, as couples with similar backgrounds often share common values and face similar challenges. Furthermore, the decline of traditional community institutions – churches, social clubs – limits opportunities for meeting potential partners outside of one’s existing social circle, exacerbating this stratification.",86,ai_neutral,AI,Marriage Prospects
"The influence of social media on marriage prospects is undeniable, yet often overlooked. While platforms like Instagram and Facebook can facilitate initial connections, they also present curated versions of reality, fostering unrealistic expectations about relationships. The constant exposure to seemingly perfect couples can create feelings of inadequacy and dissatisfaction. Moreover, the ease of maintaining connections with past partners online can complicate new relationships, introducing opportunities for comparison and emotional entanglement. Navigating this digital landscape requires a critical awareness of its potential pitfalls.",82,ai_neutral,AI,Marriage Prospects
"One could argue that the very definition of “marriageable” is undergoing a radical transformation. Traditionally, qualities like financial stability and domestic skills were highly valued. Today, however, emotional availability, intellectual curiosity, and a shared sense of humor are often prioritized. This shift reflects a broader cultural emphasis on authenticity and emotional connection. However, it also raises questions about the practical aspects of building a life together. Can a strong emotional bond alone sustain a marriage through the inevitable challenges of daily life?",82,ai_neutral,AI,Marriage Prospects
"Interestingly, the rise of remote work and geographically dispersed families is impacting marriage prospects in unexpected ways. While technology allows for greater flexibility and connection, it can also create challenges for building strong, localized communities. Meeting potential partners organically – through work, shared hobbies, or neighborhood interactions – becomes more difficult when individuals are less physically present in their communities. This necessitates a more proactive approach to seeking companionship, often relying on online platforms or intentional social networking.",78,ai_neutral,AI,Marriage Prospects
"Philosophically, the question of marriage prospects hinges on the enduring human need for connection and belonging. Despite the changing social landscape, the desire for intimacy, companionship, and shared purpose remains fundamental. However, the *form* that these connections take is becoming increasingly diverse. Marriage is no longer the only socially sanctioned path to fulfillment, and individuals are exploring alternative models of partnership and family life. This doesn’t diminish the value of marriage, but rather expands the range of possibilities for creating meaningful relationships.",82,ai_neutral,AI,Marriage Prospects
"Let’s be frank: the financial burden of weddings themselves significantly impacts marriage prospects. The escalating costs associated with celebrations – venues, catering, photography – can create substantial debt and stress for couples before they even begin their married life. This pressure can lead to compromises on other important aspects of their future, such as homeownership or career goals. The expectation of a lavish wedding, often fueled by social media and cultural norms, can be a significant barrier to entry for many prospective partners, particularly those from lower socioeconomic backgrounds.",89,ai_neutral,AI,Marriage Prospects
"Is it truly possible to prepare a child for a world brimming with uncertainty? Parental duty, at its core, isn’t about shielding offspring from hardship, but equipping them with the resilience to navigate it. This means fostering not just academic intelligence, but emotional literacy – the ability to understand and manage their own feelings, and empathize with others. It demands a willingness to allow for failure, framing missteps as learning opportunities rather than catastrophes. The modern landscape necessitates adaptability; rigid adherence to pre-defined paths will likely lead to frustration. Ultimately, a parent’s responsibility extends beyond providing for basic needs; it’s about cultivating a self-assured, compassionate individual capable of independent thought and action.",112,ai_neutral,AI,Parental Duty
"The concept of parental duty often feels weighted with expectation, a societal pressure to ‘get it right.’ However, a more nuanced perspective reveals it’s less about perfection and more about consistent presence. Children don’t require flawless parents; they need parents who *show up* – emotionally available, engaged in their lives, and willing to listen without judgment. This consistent engagement builds a secure attachment, a foundational element for healthy development. It’s in these everyday interactions, the shared meals, bedtime stories, and simple conversations, that a child learns to trust, to feel valued, and to develop a strong sense of self.",99,ai_neutral,AI,Parental Duty
"“Children have never been very good at listening to their elders, but they have never failed to imitate them,” James Baldwin observed, highlighting a crucial facet of parental responsibility. Beyond explicit instruction, children absorb values and behaviors through observation. Therefore, parental duty isn’t simply about *telling* a child what to do, but *being* the person you want them to become. Modeling kindness, integrity, and a commitment to lifelong learning is far more impactful than any lecture. This implicit education shapes character and instills a moral compass, guiding choices long after the child has left the nest.",96,ai_neutral,AI,Parental Duty
"Consider the long-term implications: parental duty isn’t confined to the years of dependency. It extends to fostering independence, gradually relinquishing control, and allowing young adults to forge their own paths, even if those paths diverge from parental expectations. This can be profoundly challenging, requiring a shift in mindset from protector to supporter. The goal isn’t to dictate life choices, but to provide a safety net – a source of unconditional love and guidance – while respecting the individual’s autonomy. A truly fulfilled parental role acknowledges that the ultimate aim is to launch a capable, self-sufficient adult.",96,ai_neutral,AI,Parental Duty
"Frequently overlooked in discussions of parental duty is the responsibility to nurture a child’s intrinsic motivation. Over-scheduling activities and relentlessly pushing for achievement can stifle creativity and erode a child’s natural curiosity. Instead, parents should prioritize providing opportunities for exploration, allowing children to pursue their passions, even if those passions seem unconventional or impractical. Supporting self-directed learning fosters a sense of agency and empowers children to become active participants in their own development, rather than passive recipients of external pressures.",80,ai_neutral,AI,Parental Duty
"Imagine a society where every child felt genuinely seen and understood. This isn’t a utopian fantasy, but a potential outcome of prioritizing emotional validation as a core component of parental duty. It means acknowledging and accepting a child’s feelings, even the difficult ones – anger, sadness, frustration – without dismissing or minimizing them. Creating a safe space for emotional expression allows children to develop healthy coping mechanisms and build emotional resilience. This, in turn, fosters stronger relationships and a greater capacity for empathy.",83,ai_neutral,AI,Parental Duty
"Parental duty, viewed through a contemporary lens, necessitates a critical examination of inherited biases. We all carry unconscious prejudices, and it’s our responsibility as parents to actively challenge those biases and cultivate inclusivity in our children. This means exposing them to diverse perspectives, celebrating differences, and actively confronting prejudice when we encounter it. It’s not enough to simply *tolerate* diversity; we must actively *embrace* it, fostering a worldview rooted in respect and understanding.",73,ai_neutral,AI,Parental Duty
"The digital age presents unique challenges to parental duty. While technology offers incredible opportunities for learning and connection, it also exposes children to risks – cyberbullying, inappropriate content, and the pressures of social media. Responsible parenting in this context requires a proactive approach: open communication about online safety, setting healthy boundaries around screen time, and modeling responsible digital citizenship. It’s about equipping children with the critical thinking skills to navigate the digital world safely and ethically.",76,ai_neutral,AI,Parental Duty
"Often, parental duty is framed as a selfless act, a sacrifice for the benefit of another. While selflessness is undoubtedly involved, it’s also a profoundly reciprocal relationship. Raising children forces us to confront our own shortcomings, to grow as individuals, and to rediscover the world through fresh eyes. The patience, empathy, and resilience cultivated through parenthood are invaluable life skills that benefit not only the child, but the parent as well. It’s a journey of mutual growth and transformation.",79,ai_neutral,AI,Parental Duty
"What if we redefined parental duty not as a set of obligations, but as an ongoing experiment in connection? It’s a continuous process of learning, adapting, and evolving alongside our children. There’s no single ‘right’ way to parent; what works for one family may not work for another. The key is to remain open to feedback, to be willing to admit mistakes, and to prioritize the unique needs of each individual child. This flexible, responsive approach fosters a strong, enduring bond built on mutual respect and understanding.",87,ai_neutral,AI,Parental Duty
"Is it truly possible to prepare a child for a world brimming with uncertainty, a question that lies at the heart of parental duty? Beyond providing the basics of food and shelter, the core responsibility rests in fostering resilience. This isn’t about shielding them from hardship, but equipping them with the internal tools to navigate it. It demands cultivating a growth mindset, encouraging calculated risk-taking, and modeling healthy coping mechanisms when *we* inevitably stumble. A parent’s role isn’t to pave a smooth path, but to ensure their child possesses a sturdy pair of shoes and the confidence to forge their own way, even when the terrain is rough. Ultimately, successful parenting isn’t about preventing falls, but teaching them how to get back up.",123,ai_neutral,AI,Parental Duty
"Parental duty, at its most fundamental, isn’t about projecting our unfulfilled ambitions onto our children; it’s about recognizing and nurturing *their* inherent potential. Too often, we envision futures for our kids based on what *we* wanted, rather than what genuinely sparks joy and passion within them. This subtle form of control can be deeply damaging, stifling creativity and fostering resentment. A truly responsible parent observes, listens, and supports the development of a unique individual, even if that path diverges wildly from their own expectations. The goal isn’t to create a miniature version of ourselves, but to empower a fully realized, independent human being.",103,ai_neutral,AI,Parental Duty
"Consider the quiet power of simply *being present*. While grand gestures and expensive gifts often dominate the narrative of good parenting, the most profound impact frequently stems from consistent, undivided attention. This means putting down the phone, turning off the television, and truly engaging with a child’s thoughts, feelings, and experiences. It’s about creating a safe space where vulnerability is welcomed, and emotions are validated. Such consistent presence builds a secure attachment, forming the bedrock of emotional intelligence and self-worth – a far more valuable inheritance than any material possession. Parental duty, in this light, is a commitment to mindful connection.",101,ai_neutral,AI,Parental Duty
"“Children have never been very good at listening to their elders, but they have never failed to imitate them,” James Baldwin observed, and this truth underscores a critical aspect of parental duty. Words hold weight, certainly, but actions resonate far more deeply. A parent who preaches honesty while engaging in deceit, or advocates for kindness while displaying aggression, undermines their own message. Children are astute observers, internalizing the behaviors they witness, not just the lessons they are taught. Therefore, responsible parenting demands a constant self-assessment, striving for congruence between values and actions.",92,ai_neutral,AI,Parental Duty
"The concept of parental duty extends beyond the immediate family unit; it encompasses a responsibility to the wider community. Raising empathetic, socially conscious individuals requires actively modeling civic engagement and fostering a sense of global citizenship. This could involve volunteering, discussing current events, or simply demonstrating respect for diverse perspectives. Children learn to navigate the world not just through personal experience, but through the values instilled by their parents. A truly responsible parent prepares their child not only for personal success, but also for contributing positively to society.",88,ai_neutral,AI,Parental Duty
"Often overlooked in discussions of parental duty is the importance of allowing children to experience failure. The instinct to protect them from disappointment is strong, but shielding them from setbacks ultimately hinders their development. Failure provides invaluable learning opportunities, fostering resilience, problem-solving skills, and a realistic understanding of limitations. A responsible parent doesn’t eliminate obstacles, but rather helps their child navigate them, offering support and encouragement without immediately intervening. It’s about teaching them that setbacks are not defeats, but stepping stones.",81,ai_neutral,AI,Parental Duty
"Imagine a garden: parental duty isn’t about forcing a seed to bloom according to a predetermined schedule. It’s about providing the optimal conditions for growth – fertile soil, sunlight, water – and then allowing the plant to unfold naturally. Each child is unique, possessing their own inherent timeline and potential. Attempts to rigidly control their development, to force them into a specific mold, can stifle their growth and lead to frustration. A responsible parent cultivates an environment of acceptance and support, allowing their child to blossom in their own way, at their own pace.",94,ai_neutral,AI,Parental Duty
"What if we reframed parental duty not as a set of obligations, but as a continuous process of co-creation? The parent-child relationship isn’t a one-way street of instruction, but a dynamic interplay of learning and growth for both parties. Children challenge our assumptions, broaden our perspectives, and force us to confront our own biases. Embracing this reciprocal dynamic fosters a deeper connection and a more authentic understanding of both ourselves and our children. Responsible parenting, then, is about evolving *with* our children, not simply guiding them.",86,ai_neutral,AI,Parental Duty
"The modern landscape presents unique challenges to parental duty, particularly regarding technology. While digital tools offer incredible opportunities for learning and connection, they also pose risks to mental health, privacy, and social development. A responsible parent doesn’t simply ban technology, but actively engages in media literacy education, establishing healthy boundaries, and modeling responsible digital habits. This requires ongoing dialogue, critical thinking, and a willingness to adapt to the ever-changing digital world. It’s about equipping children to navigate the online realm safely and thoughtfully.",83,ai_neutral,AI,Parental Duty
"Acknowledging the limits of our own expertise is a surprisingly crucial aspect of parental duty. No parent has all the answers, and attempting to project an image of infallibility is both unrealistic and damaging. It’s okay to say “I don’t know,” to seek advice from others, and to admit when we’ve made a mistake. Modeling vulnerability and a willingness to learn fosters a more honest and authentic relationship with our children, demonstrating that growth is a lifelong process. Responsible parenting isn’t about having all the answers, but about being open to finding them together.",94,ai_neutral,AI,Parental Duty
"Is it truly possible to prepare a child for a world brimming with uncertainty? Parental duty, at its core, isn’t about shielding offspring from hardship, but equipping them with the resilience to navigate it. This means fostering not just academic intelligence, but emotional literacy – the ability to understand and manage their own feelings, and empathize with others. It demands a willingness to allow for failure, framing missteps as learning opportunities rather than catastrophes. The modern landscape necessitates adaptability; rigid adherence to pre-defined paths will likely lead to frustration. Therefore, a parent’s responsibility extends beyond providing necessities; it’s about cultivating a flexible, compassionate, and self-aware individual capable of thriving amidst constant change.",112,ai_neutral,AI,Parental Duty
"The quiet moments often reveal the most profound aspects of parental duty. It isn’t the grand gestures – the expensive gifts or elaborate vacations – that truly define it, but the consistent, often unnoticed, acts of presence. Listening without judgment, offering a comforting silence, simply *being* available when a child needs reassurance. These small deposits of emotional security build a foundation of trust, allowing children to feel safe enough to explore their vulnerabilities and develop a strong sense of self. This consistent emotional availability, arguably, outweighs any material provision in shaping a well-adjusted and confident human being.",97,ai_neutral,AI,Parental Duty
"“Children have never been very good at listening to their elders, but they have never failed to imitate them,” James Baldwin observed, and within this lies a crucial understanding of parental duty. More than any lecture or instruction, children learn by observing the behaviors modeled by their parents. Demonstrating integrity, kindness, and respect – even in challenging situations – is far more impactful than simply *telling* a child to embody those qualities. The responsibility, then, isn’t just about shaping a child’s character, but continuously refining one’s own, recognizing that every action serves as a lesson.",95,ai_neutral,AI,Parental Duty
"Parental duty frequently feels like a delicate balancing act between protection and liberation. While the instinct to shield children from harm is powerful, overprotection can inadvertently stifle their growth. Allowing age-appropriate risks – climbing trees, learning to ride a bike, navigating social conflicts – is essential for developing independence and self-reliance. The challenge lies in discerning the difference between genuine danger and opportunities for growth disguised as discomfort. A truly supportive parent understands that sometimes, the most loving thing to do is to step back and allow a child to experience the consequences of their choices.",96,ai_neutral,AI,Parental Duty
"Consider the long-term implications: parental duty isn’t confined to the years of dependency. It extends into adulthood, evolving from direct caregiving to a supportive, respectful relationship. This means recognizing a child’s autonomy, respecting their choices – even when disagreeing with them – and offering guidance only when solicited. The goal isn’t to maintain control, but to foster a lasting connection built on mutual respect and understanding. A successful parent ultimately prepares their child to become a self-sufficient, responsible adult capable of navigating life’s complexities independently.",85,ai_neutral,AI,Parental Duty
"Often overlooked in discussions of parental duty is the importance of self-care. The demands of parenthood can be all-consuming, leading to burnout and resentment. However, a parent who neglects their own well-being is ultimately less equipped to provide the emotional and practical support their child needs. Prioritizing physical and mental health – pursuing hobbies, maintaining social connections, seeking support when needed – isn’t selfish; it’s a necessary component of effective parenting. A healthy, balanced parent models self-respect and demonstrates the importance of prioritizing one’s own needs.",86,ai_neutral,AI,Parental Duty
"The concept of ‘good enough’ parenting offers a refreshing perspective on parental duty. The pursuit of perfection is not only unrealistic but potentially harmful, creating undue pressure on both parent and child. Recognizing that mistakes are inevitable, and striving for consistent effort rather than flawless execution, is far more beneficial. A ‘good enough’ parent provides a secure base, offers consistent love and support, and allows for imperfections – both their own and their child’s. This approach fosters a more relaxed and authentic parent-child relationship.",84,ai_neutral,AI,Parental Duty
"Imagine a garden: parental duty is akin to cultivating a young plant. You provide the necessary nutrients – food, shelter, education – but you don’t dictate its growth. Each plant has its own unique potential, its own inherent direction. A skilled gardener understands this, offering support and guidance while allowing the plant to flourish in its own way. Similarly, a parent’s role is to nurture a child’s individual talents and passions, rather than imposing their own expectations or aspirations. The goal is to help them become the best version of *themselves*, not a miniature version of their parent.",98,ai_neutral,AI,Parental Duty
"Beyond the biological imperative, parental duty is fundamentally a societal one. Raising responsible, compassionate, and engaged citizens benefits everyone. Investing in children’s well-being – through quality education, access to healthcare, and supportive communities – is an investment in the future. This broader perspective shifts the focus from individual responsibility to collective obligation, recognizing that a thriving society depends on the healthy development of its youngest members. It necessitates advocating for policies that support families and prioritize children’s needs.",78,ai_neutral,AI,Parental Duty
"Reflecting on the essence of parental duty, it becomes clear that it’s less about control and more about fostering connection. It’s about creating a safe and loving environment where a child feels seen, heard, and valued for who they are. This requires vulnerability, empathy, and a willingness to learn alongside your child. It’s a journey of mutual growth, marked by both joy and challenge. Ultimately, the most profound legacy a parent can leave isn’t material wealth or professional success, but a deep and enduring bond built on love, trust, and respect.",91,ai_neutral,AI,Parental Duty
"Is it truly possible to prepare a child for a world brimming with uncertainty? Parental duty, at its core, isn’t about shielding offspring from hardship, but equipping them with the resilience to navigate it. This means fostering not just academic intelligence, but emotional literacy – the ability to understand and manage their own feelings, and empathize with others. It demands a willingness to allow for failure, framing missteps as learning opportunities rather than catastrophes. The modern landscape necessitates adaptability; rigid adherence to pre-defined paths will likely lead to frustration. Therefore, a parent’s responsibility extends beyond providing necessities; it’s about cultivating a flexible, compassionate, and self-aware individual capable of thriving amidst constant change.",112,ai_neutral,AI,Parental Duty
"The concept of parental duty often defaults to provision – food, shelter, education. However, a crucial, frequently overlooked aspect lies in modeling ethical behavior. Children aren’t passive recipients of lectures; they are astute observers, internalizing values through consistent example. A parent who champions honesty, demonstrates respect, and actively participates in their community isn’t simply *telling* their child how to live, they are *showing* them. This isn’t about perfection, but about accountability – acknowledging mistakes and striving for improvement. Ultimately, the most powerful inheritance a parent can bestow isn’t material wealth, but a strong moral compass.",95,ai_neutral,AI,Parental Duty
"“It takes a village to raise a child,” the proverb suggests, and while true, it doesn’t diminish the primary responsibility of parents. Instead, it highlights the necessity of building a supportive network. Parental duty isn’t a solitary endeavor; it requires actively seeking guidance, accepting help, and fostering collaborative relationships with educators, caregivers, and other parents. This collaborative approach isn’t a sign of weakness, but of wisdom – recognizing that diverse perspectives and shared resources enhance a child’s development. A strong village empowers parents to better fulfill their obligations, creating a more nurturing and enriching environment.",95,ai_neutral,AI,Parental Duty
"Consider the long-term implications: parental duty isn’t confined to the years of dependency. It’s an ongoing commitment, evolving as a child matures. While the nature of support shifts from direct care to guidance and encouragement, the underlying responsibility remains. This means respecting their autonomy, even when disagreeing with their choices, and offering a safe space for them to return to when facing challenges. It’s about fostering a relationship built on mutual respect and understanding, one that endures beyond the traditional parent-child dynamic. True parental duty extends into adulthood, becoming a source of unwavering support and unconditional love.",97,ai_neutral,AI,Parental Duty
"Frequently, discussions around parental duty center on what *should* be done, neglecting the importance of individual needs. Each child is unique, possessing distinct talents, challenges, and learning styles. A one-size-fits-all approach to parenting is inherently flawed. Effective parental duty demands attentive observation, genuine listening, and a willingness to adapt strategies based on the child’s specific requirements. This requires moving beyond preconceived notions and embracing the individuality of each offspring, fostering their potential rather than attempting to mold them into a predetermined ideal.",82,ai_neutral,AI,Parental Duty
"Parental duty isn’t simply about ensuring a child’s happiness; it’s about preparing them for reality, which inevitably includes discomfort and disappointment. Overprotecting children, shielding them from all negative experiences, can inadvertently hinder their development of coping mechanisms. Allowing them to navigate age-appropriate challenges, experience setbacks, and learn from their mistakes is crucial for building resilience and self-reliance. A parent’s role isn’t to eliminate suffering, but to provide a secure base from which a child can explore, learn, and grow, even when facing adversity.",83,ai_neutral,AI,Parental Duty
"Imagine a sculptor carefully shaping a piece of clay. This analogy aptly illustrates parental duty. A parent doesn’t *create* the child’s essence, but rather nurtures and refines the potential already present. This involves providing the necessary tools – education, experiences, values – and gently guiding the development process. However, it also requires respecting the inherent form of the clay, allowing it to express its unique qualities. The goal isn’t to create a perfect sculpture, but to help the child realize their full potential, embracing their individuality and imperfections.",88,ai_neutral,AI,Parental Duty
"The digital age presents novel challenges to parental duty. Beyond traditional concerns, parents now grapple with navigating the complexities of online safety, social media, and the constant influx of information. This requires not only establishing boundaries and monitoring online activity, but also fostering critical thinking skills – the ability to discern credible sources, evaluate information objectively, and resist manipulation. Parental duty in the 21st century demands a proactive approach to digital literacy, equipping children to navigate the online world responsibly and safely.",82,ai_neutral,AI,Parental Duty
"Often framed as a set of obligations, parental duty can also be viewed as a profound privilege. The opportunity to witness a child’s growth, to share in their joys, and to guide them through life’s challenges is an extraordinary gift. This perspective shifts the focus from burden to blessing, fostering a deeper sense of connection and purpose. Recognizing this privilege encourages parents to approach their role with gratitude, patience, and a genuine desire to nurture the unique potential within each child.",81,ai_neutral,AI,Parental Duty
"A common misconception equates parental duty with control. However, true responsibility lies in fostering independence. While guidance and support are essential, a parent’s ultimate goal should be to empower their child to become a self-sufficient, autonomous individual. This means gradually relinquishing control, allowing them to make their own decisions, and accepting the consequences, even when those decisions differ from what a parent might have chosen. The measure of successful parental duty isn’t how much a parent controls, but how well a child learns to navigate life on their own.",89,ai_neutral,AI,Parental Duty
"Is it truly possible to fully prepare a child for a world brimming with uncertainty? Parental duty, at its core, isn’t about shielding offspring from hardship, but equipping them with the resilience to navigate it. This necessitates fostering independence, encouraging calculated risk-taking, and allowing for the inevitable stumbles that build character. Modern parenting often fixates on achievement – grades, extracurriculars, future careers – yet a crucial component is cultivating emotional intelligence. Teaching children to understand and manage their feelings, to empathize with others, and to build healthy relationships provides a foundation far more valuable than any academic accolade. Ultimately, the most profound act of parental duty lies in empowering a child to become a self-sufficient, compassionate, and thoughtful human being.",120,ai_neutral,AI,Parental Duty
"The concept of parental duty frequently clashes with individual liberty, a tension particularly acute in adolescence. While parents instinctively feel responsible for guiding their children’s choices, an overbearing approach can stifle growth and breed resentment. A more effective strategy acknowledges the child’s developing autonomy while maintaining clear boundaries and open communication. This isn’t about relinquishing control, but rather shifting the nature of it. Instead of dictating decisions, parents can offer informed perspectives, explore potential consequences, and ultimately allow their children to own their choices – even the ones that lead to mistakes. Such an approach fosters responsibility and prepares them for the complexities of adult life.",106,ai_neutral,AI,Parental Duty
"“Children are not things to be moulded, but people to be unfolded,” as Jess Lair famously stated, and this sentiment encapsulates a vital aspect of parental duty. It’s easy to project our own aspirations and unfulfilled dreams onto our children, attempting to steer them towards paths *we* believe are best. However, true parental responsibility demands recognizing and nurturing each child’s unique talents, passions, and inclinations. This requires active listening, genuine curiosity, and a willingness to support choices that may diverge from our own expectations. The goal isn’t to create a miniature version of ourselves, but to help our children become the fullest, most authentic versions of *themselves*.",107,ai_neutral,AI,Parental Duty
"From a sociological perspective, parental duty extends beyond the immediate family unit and impacts the broader community. Well-adjusted, responsible children are more likely to become contributing members of society – engaged citizens, ethical workers, and compassionate neighbors. Conversely, a breakdown in parental guidance can contribute to social problems like crime, poverty, and inequality. Therefore, supporting families through accessible childcare, quality education, and robust social safety nets isn’t merely a matter of individual welfare, but a strategic investment in the collective good. Recognizing this interconnectedness elevates parental duty from a private obligation to a public responsibility.",95,ai_neutral,AI,Parental Duty
"Consider the practical implications of parental duty in an increasingly digital world. It’s no longer sufficient to simply provide food, shelter, and education; parents must also navigate the complexities of online safety, social media, and digital citizenship. This requires ongoing learning, open dialogue, and establishing clear guidelines for technology use. It’s about teaching children to critically evaluate information, protect their privacy, and engage in respectful online interactions. Failing to address these challenges leaves children vulnerable to cyberbullying, exploitation, and the negative impacts of excessive screen time, representing a significant dereliction of parental duty.",93,ai_neutral,AI,Parental Duty
"The weight of parental duty can feel particularly heavy when facing a child’s struggles – whether it’s academic difficulties, emotional distress, or behavioral challenges. It’s tempting to swoop in and fix the problem, but often the most effective approach is to provide unwavering support and empower the child to develop their own coping mechanisms. This means resisting the urge to rescue, instead offering a safe space for vulnerability, validating their feelings, and helping them identify resources and strategies for overcoming obstacles. True parental duty isn’t about eliminating hardship, but about fostering resilience in the face of it.",97,ai_neutral,AI,Parental Duty
"Philosophically, parental duty can be framed as a moral obligation stemming from the act of bringing a new life into the world. By choosing to have a child, parents voluntarily assume responsibility for their well-being and development. This isn’t simply a legal or social expectation, but a fundamental ethical imperative. It implies a commitment to providing not only for their physical needs, but also for their emotional, intellectual, and spiritual growth. This perspective underscores the profound significance of parenthood and the weighty responsibility it entails.",85,ai_neutral,AI,Parental Duty
"Often overlooked in discussions of parental duty is the importance of self-care. It seems counterintuitive, but parents cannot effectively nurture their children if they are depleted and overwhelmed. Prioritizing one’s own physical and mental health – through exercise, healthy eating, mindfulness, or simply taking time for personal pursuits – isn’t selfish; it’s essential. A well-rested, emotionally balanced parent is better equipped to provide consistent, patient, and loving guidance. Recognizing this reciprocal relationship between parental well-being and child development is a crucial aspect of responsible parenting.",85,ai_neutral,AI,Parental Duty
"Imagine a society where parental duty was universally embraced and diligently fulfilled. The ripple effects would be transformative: reduced crime rates, increased educational attainment, stronger communities, and a more compassionate citizenry. While utopian in its scope, this vision highlights the profound societal benefits of prioritizing responsible parenting. Investing in programs that support families, promote positive parenting practices, and address the challenges faced by parents is not merely a social service, but a strategic investment in a brighter future.",78,ai_neutral,AI,Parental Duty
"What does it mean to prepare a child for a future we cannot fully predict? Parental duty, in this context, transcends specific skills or knowledge and focuses on cultivating adaptability and lifelong learning. The world is changing at an unprecedented pace, and the jobs of tomorrow may not even exist today. Therefore, the most valuable gift parents can give their children is a love of learning, a willingness to embrace new challenges, and the ability to think critically and creatively. This emphasis on intellectual curiosity and resilience will equip them to navigate an uncertain future with confidence and purpose.",99,ai_neutral,AI,Parental Duty
"Isn't it curious how deeply ingrained expectations about “masculinity” and “femininity” often limit individual potential? These socially constructed roles, rather than being inherent traits, are learned behaviors reinforced through family, media, and cultural norms. The pressure to conform – for men to suppress emotions and prioritize strength, for women to prioritize nurturing and appearance – can stifle personal growth and contribute to mental health challenges. Challenging these rigid definitions isn’t about erasing difference, but about creating space for individuals to express themselves authentically, free from the constraints of outdated stereotypes. A truly equitable society acknowledges that strength and vulnerability, ambition and compassion, exist within all people, regardless of gender.",109,ai_neutral,AI,Gender Roles
"The economic impact of rigidly defined gender roles is often overlooked, yet profoundly significant. When career paths are subtly or overtly steered based on gender – women towards caregiving roles, men towards traditionally higher-paying fields – it creates a wage gap and limits overall economic productivity. This isn’t simply a matter of individual choice; systemic biases in hiring, promotion, and workplace culture contribute to these disparities. Furthermore, the disproportionate burden of unpaid care work falling on women restricts their economic opportunities and reinforces financial dependence. Addressing gender roles is, therefore, not just a social justice issue, but a crucial step towards a more robust and equitable economy.",107,ai_neutral,AI,Gender Roles
"“Boys don’t cry,” a phrase echoing through generations, exemplifies the damaging impact of restrictive gender roles on emotional development. This expectation, and countless others like it, teaches boys to suppress vulnerability, leading to difficulties in forming healthy relationships and processing emotions constructively. Consequently, this emotional constriction can manifest as aggression, substance abuse, or mental health issues. Simultaneously, girls are often discouraged from expressing anger or assertiveness, internalizing a sense of powerlessness. Breaking down these harmful norms requires fostering emotional literacy in children of all genders, encouraging open communication, and validating the full spectrum of human emotion.",96,ai_neutral,AI,Gender Roles
"Consider the subtle ways gender roles influence even seemingly innocuous choices, like color preferences or toy selections. From a young age, children are bombarded with messages associating certain colors, activities, and objects with specific genders. Pink for girls, blue for boys; dolls for girls, trucks for boys. While seemingly harmless, these early associations contribute to the internalization of gender stereotypes, shaping children’s interests and limiting their exploration of diverse possibilities. This early conditioning can have lasting effects, influencing career choices, hobbies, and even self-perception.",84,ai_neutral,AI,Gender Roles
"The concept of “toxic masculinity” isn’t about demonizing men, but rather about identifying a specific set of harmful behaviors associated with traditional masculine norms. These behaviors – aggression, dominance, emotional repression, and the objectification of women – are detrimental not only to women and marginalized groups, but also to men themselves. They contribute to higher rates of violence, suicide, and health problems among men. Deconstructing toxic masculinity requires challenging the notion that strength equates to dominance and embracing a more nuanced and compassionate understanding of what it means to be a man.",92,ai_neutral,AI,Gender Roles
"Historically, gender roles haven’t been static; they’ve evolved dramatically over time and vary significantly across cultures. What was considered “masculine” or “feminine” in one era or society may be vastly different in another. For example, in some indigenous cultures, individuals may embody both masculine and feminine qualities, recognizing a spectrum of gender identities beyond the binary. Understanding this historical and cultural variability demonstrates that gender roles are not natural or inevitable, but rather social constructs shaped by specific historical and cultural contexts. This perspective is crucial for dismantling rigid and limiting norms.",92,ai_neutral,AI,Gender Roles
"Imagine a world where individuals are evaluated based on their skills and character, not their gender. This isn’t a utopian fantasy, but a practical goal achievable through conscious effort. Implementing policies like paid parental leave, affordable childcare, and equal pay for equal work are essential steps towards leveling the playing field. However, policy changes alone aren’t enough. We also need to challenge unconscious biases in hiring and promotion, promote gender diversity in leadership positions, and create workplace cultures that value inclusivity and respect.",83,ai_neutral,AI,Gender Roles
"The media plays a powerful role in perpetuating and reinforcing gender stereotypes. From advertising to film to television, representations of men and women often fall into predictable and limiting tropes. Women are frequently portrayed as passive, emotional, and focused on appearance, while men are depicted as strong, rational, and career-driven. These representations not only shape our perceptions of gender, but also influence our expectations of ourselves and others. Critically analyzing media messages and demanding more diverse and nuanced portrayals is crucial for challenging these harmful stereotypes.",86,ai_neutral,AI,Gender Roles
"Frequently, discussions about gender roles center on the experiences of cisgender individuals, overlooking the unique challenges faced by transgender and non-binary people. These individuals often experience discrimination and violence simply for existing outside of traditional gender norms. A truly inclusive approach to dismantling gender roles must prioritize the rights and well-being of transgender and non-binary communities, recognizing the diversity of gender identities and expressions. This includes advocating for legal protections, access to healthcare, and respectful language and representation.",78,ai_neutral,AI,Gender Roles
"One often-underappreciated consequence of strict gender roles is the limitation of creativity and innovation. When individuals are discouraged from pursuing interests or careers that don’t align with societal expectations, it stifles their potential and deprives society of their unique talents. A diverse workforce, with individuals from all genders and backgrounds, brings a wider range of perspectives and experiences to the table, fostering creativity and driving innovation. Embracing gender fluidity and challenging traditional norms unlocks a wealth of untapped potential.",79,ai_neutral,AI,Gender Roles
"Isn't it curious how deeply ingrained expectations about “masculinity” and “femininity” often limit individual potential? These socially constructed roles, rather than being inherent traits, are learned behaviors reinforced through family, media, and cultural norms. The pressure to conform – for men to suppress emotions and prioritize strength, for women to prioritize nurturing and appearance – can stifle personal growth and contribute to mental health challenges. Challenging these rigid definitions isn’t about erasing difference, but about allowing individuals the freedom to express themselves authentically, regardless of assigned gender. A society that values diverse expressions of humanity benefits from the full spectrum of talents and perspectives each person possesses, unburdened by outdated constraints.",111,ai_neutral,AI,Gender Roles
"The persistent notion that certain professions are “for men” or “for women” actively hinders workplace equality. While overt discrimination is lessening, subtle biases continue to steer individuals toward career paths deemed “gender-appropriate.” This isn’t merely a matter of personal choice; it’s a systemic issue where girls are often discouraged from STEM fields while boys are steered away from caring professions. Consequently, we lose out on innovative solutions and diverse leadership styles. Dismantling this pattern requires conscious effort – promoting role models who defy stereotypes, actively recruiting diverse talent, and fostering inclusive workplace cultures where everyone feels valued and empowered to pursue their passions.",103,ai_neutral,AI,Gender Roles
"“Act like a lady,” a phrase seemingly innocuous, often carries the weight of centuries of societal control. This directive, and countless others like it, subtly communicates that a woman’s worth is tied to her adherence to prescribed behaviors – politeness, demureness, and a focus on appearance. Such expectations not only limit a woman’s agency but also devalue qualities traditionally associated with strength and assertiveness. Reclaiming femininity means redefining it on one’s own terms, embracing both vulnerability *and* power, and rejecting the notion that a woman must shrink herself to be accepted.",91,ai_neutral,AI,Gender Roles
"Consider the emotional labor disproportionately placed on women. This often-invisible work – managing emotions, mediating conflicts, anticipating needs – is frequently undervalued and unacknowledged. While emotional intelligence is a valuable skill, the expectation that women will consistently provide this support, both at home and in the workplace, can lead to burnout and resentment. Recognizing and fairly distributing emotional labor is crucial for creating equitable relationships and fostering healthier, more balanced environments for everyone. It’s about acknowledging the cognitive and emotional toll of this work and ensuring it isn’t solely borne by one gender.",93,ai_neutral,AI,Gender Roles
"Frequently, discussions about gender roles center on the experiences of cisgender individuals, inadvertently marginalizing transgender and non-binary people. These individuals actively challenge the binary framework upon which traditional gender roles are built, demonstrating the fluidity and complexity of gender identity. Their existence highlights the limitations of rigid categorization and underscores the importance of inclusivity. A truly progressive understanding of gender roles must center the experiences of *all* individuals, recognizing that gender is a personal and self-defined aspect of identity, not a predetermined set of expectations.",85,ai_neutral,AI,Gender Roles
"The impact of gender roles extends beyond individual expression, profoundly shaping societal power dynamics. Historically, the association of masculinity with authority and femininity with subservience has justified systemic inequalities. This imbalance manifests in political representation, economic opportunities, and legal systems. Addressing these inequalities requires not only challenging individual biases but also dismantling the structural barriers that perpetuate them. True equality demands a fundamental shift in power, ensuring that all genders have equal access to resources and opportunities.",77,ai_neutral,AI,Gender Roles
"Imagine a world where boys are encouraged to express vulnerability and seek help without fear of judgment. This isn’t about “weakening” masculinity; it’s about expanding its definition to encompass a full range of human emotions. The pressure to suppress feelings contributes to higher rates of male suicide and substance abuse. Allowing boys and men to embrace emotional honesty fosters healthier relationships, reduces stigma surrounding mental health, and ultimately creates a more compassionate and resilient society. Redefining masculinity as inclusive of emotional intelligence is a vital step towards gender equality.",89,ai_neutral,AI,Gender Roles
"Parenting plays a pivotal role in the perpetuation – or disruption – of gender roles. From the toys children are given to the chores they are assigned, subtle messages reinforce societal expectations. Consciously challenging these norms within the family – encouraging boys to play with dolls and girls to explore construction sets, sharing household responsibilities equitably – can have a profound impact on children’s developing sense of self and their understanding of gender. Modeling egalitarian relationships and open-mindedness is crucial for raising a generation that rejects limiting stereotypes.",88,ai_neutral,AI,Gender Roles
"Media representation significantly influences our perceptions of gender. The consistent portrayal of women as passive objects of desire and men as dominant action heroes reinforces harmful stereotypes. While progress is being made, the entertainment industry still often relies on tired tropes that limit the complexity of gender roles. Demanding more diverse and nuanced representation – characters who defy expectations, stories that challenge norms – is essential for shaping a more equitable and inclusive cultural landscape. Consumers have the power to support media that promotes positive change.",86,ai_neutral,AI,Gender Roles
"Often overlooked is the intersectionality of gender roles with other aspects of identity, such as race, class, and sexual orientation. The experience of gender is not universal; it is shaped by a complex interplay of social factors. A Black woman, for example, may face unique challenges related to both gender and racial discrimination. Ignoring these intersections leads to incomplete and ineffective solutions. A truly equitable approach to dismantling gender roles must acknowledge and address the multiple layers of oppression that individuals may experience.",83,ai_neutral,AI,Gender Roles
"Isn't it curious how deeply ingrained expectations about “masculinity” and “femininity” often limit individual potential? These socially constructed roles, rather than being inherent traits, are learned behaviors reinforced through family, media, and cultural norms. The pressure to conform – for men to suppress emotional vulnerability and for women to prioritize nurturing – can stifle personal growth and contribute to mental health challenges. This isn’t about denying biological differences, but acknowledging that the *expression* of those differences is heavily shaped by societal dictates. Challenging these rigid frameworks isn’t about erasing gender, but about liberating individuals to authentically express themselves, free from the constraints of outdated expectations, and fostering a more equitable society where strength and sensitivity aren’t mutually exclusive.",118,ai_neutral,AI,Gender Roles
"The persistent narrative that associates specific careers with specific genders actively disadvantages both men and women. Consider the subtle discouragement a young boy might face when expressing interest in nursing, or the assumptions a woman encounters when pursuing engineering. This isn’t merely a matter of personal preference; it’s a systemic issue stemming from decades of reinforcing occupational segregation. The result is a workforce that lacks diversity of thought and experience, and individuals who may never fully explore their aptitudes. Breaking down these barriers requires conscious effort – promoting STEM education for girls, challenging stereotypes in media, and actively encouraging individuals to pursue passions regardless of perceived gender appropriateness.",108,ai_neutral,AI,Gender Roles
"“Act like a lady,” a phrase seemingly innocuous, carries the weight of centuries of societal control. It implies a performance of demureness, passivity, and a prioritization of appearance over substance. This expectation isn’t simply about politeness; it’s about maintaining a power imbalance. By dictating how women *should* behave, society subtly limits their agency and reinforces their subordinate status. The demand for feminine performance extends beyond personal interactions, influencing professional settings and political arenas, where assertive women are often labeled as “aggressive” or “difficult” – traits readily accepted in their male counterparts.",91,ai_neutral,AI,Gender Roles
"Observing children at play reveals a fascinating glimpse into the early stages of gender role socialization. Even before formal instruction, children begin to internalize societal expectations, often through imitation and observation. Boys gravitate towards toys associated with action and competition, while girls are drawn to those emphasizing caregiving and domesticity. While some of this may be innate preference, a significant portion is shaped by the marketing, parental encouragement, and peer influence surrounding these toys. This early conditioning lays the foundation for future expectations and can limit children’s exploration of a wider range of interests and skills.",96,ai_neutral,AI,Gender Roles
"The concept of “toxic masculinity” isn’t about demonizing men, but about deconstructing a harmful set of societal expectations. It highlights the pressure on men to embody traits like stoicism, dominance, and aggression, often at the expense of emotional well-being and healthy relationships. This rigid definition of masculinity can lead to suppressed emotions, increased risk-taking behavior, and difficulty forming genuine connections. Recognizing and challenging these harmful norms is crucial not only for men’s own mental health, but also for creating a more equitable and compassionate society for everyone.",87,ai_neutral,AI,Gender Roles
"Imagine a world where emotional expression wasn’t categorized as “feminine” or “masculine.” The current division creates a double standard: women are often penalized for displaying anger or assertiveness, while men are discouraged from expressing vulnerability or sadness. This emotional segregation limits the full range of human experience for everyone. A more nuanced understanding of emotions, divorced from gendered expectations, would foster greater empathy, stronger relationships, and improved mental health outcomes across the board. It’s about recognizing that emotions are universal, not gender-specific.",82,ai_neutral,AI,Gender Roles
"Frequently, discussions about gender roles center on the experiences of cisgender individuals, inadvertently marginalizing the experiences of transgender and non-binary people. These individuals often face unique challenges navigating a society rigidly defined by binary gender categories. Their very existence challenges the notion that gender is fixed and immutable, highlighting the fluidity and diversity of human identity. A truly inclusive approach to dismantling gender roles must prioritize the voices and experiences of those who exist outside the traditional binary, recognizing that their liberation is integral to the liberation of all.",89,ai_neutral,AI,Gender Roles
"Consider the subtle ways in which language reinforces gender stereotypes. Phrases like “man up” or “don’t be such a drama queen” perpetuate harmful expectations about how men and women should behave. These linguistic shortcuts reinforce the idea that certain emotions or behaviors are inherently masculine or feminine, limiting individuals’ ability to express themselves authentically. Consciously challenging this language – opting for more neutral and inclusive phrasing – is a small but significant step towards dismantling ingrained biases.",77,ai_neutral,AI,Gender Roles
"The expectation that women bear the primary responsibility for childcare and household labor continues to create significant inequalities. This “second shift” – the unpaid work women often perform after their paid employment – limits their career advancement opportunities and contributes to economic disparities. While societal norms are slowly shifting, the burden of domestic labor remains disproportionately placed on women, hindering their full participation in the workforce and perpetuating gender imbalances in power and influence. Addressing this requires systemic changes, including affordable childcare, paid parental leave, and a more equitable distribution of household responsibilities.",93,ai_neutral,AI,Gender Roles
"Perhaps the most insidious aspect of rigid gender roles is their tendency to limit self-perception. When individuals are constantly told what they *should* be, based on their assigned gender, they may internalize these expectations and suppress aspects of their personality that don’t align with those norms. This can lead to a sense of inauthenticity and a diminished sense of self. True liberation lies in recognizing that gender is a spectrum, and that individuals are free to define themselves on their own terms, unburdened by societal expectations and limitations.",88,ai_neutral,AI,Gender Roles
"Isn't it curious how deeply ingrained expectations about “masculinity” and “femininity” often limit individual potential? These socially constructed roles, rather than being inherent traits, are learned behaviors reinforced through family, media, and cultural norms. The pressure to conform – for men to suppress emotions and prioritize strength, for women to be nurturing and prioritize appearance – can stifle personal growth and contribute to mental health challenges. Challenging these rigid definitions isn’t about erasing difference, but about creating space for individuals to express themselves authentically, free from the constraints of outdated stereotypes. A truly equitable society acknowledges that strength and vulnerability, ambition and compassion, exist within all people, regardless of gender.",110,ai_neutral,AI,Gender Roles
"The economic impact of rigidly defined gender roles is often overlooked, yet profoundly significant. When career paths are subtly or overtly steered based on gender – women towards caregiving roles, men towards traditionally higher-paying fields – it creates a demonstrable wage gap and limits overall economic productivity. This isn’t simply a matter of individual choice; systemic biases in hiring, promotion, and workplace culture contribute to these disparities. Furthermore, the disproportionate burden of unpaid care work falling on women restricts their economic opportunities and reinforces financial dependence. Addressing gender roles is, therefore, not just a social justice issue, but a crucial step towards a more robust and equitable economy.",108,ai_neutral,AI,Gender Roles
"“Boys don’t cry,” a phrase echoing through generations, exemplifies the damaging impact of restrictive gender roles on emotional development. This expectation, and countless others like it, actively discourages boys and men from expressing vulnerability, leading to internalized emotional distress and potentially harmful coping mechanisms. Suppressing emotions doesn’t equate to strength; it equates to a denial of a fundamental human experience. Conversely, girls are often socialized to prioritize the emotions of others, potentially leading to emotional exhaustion and a diminished sense of self. A healthier approach involves fostering emotional literacy and allowing individuals of all genders to experience and express the full spectrum of human feeling.",105,ai_neutral,AI,Gender Roles
"Consider the subtle ways gender roles manifest in everyday language. The casual use of gendered adjectives – “assertive” for men, “bossy” for women – reveals underlying biases in how we perceive and evaluate behavior. These linguistic patterns reinforce stereotypes and contribute to a culture where certain traits are deemed acceptable or unacceptable based on gender. Deconstructing this ingrained language requires conscious effort and a willingness to challenge our own assumptions. It’s about recognizing that qualities like leadership, intelligence, and creativity are not inherently gendered, and striving for neutral and inclusive communication.",91,ai_neutral,AI,Gender Roles
"From a purely biological perspective, the differences between genders are often overstated when it comes to behavior and aptitude. While biological factors undoubtedly play a role, the vast majority of observed differences are attributable to socialization. Brain plasticity demonstrates the brain’s remarkable ability to adapt based on experience, meaning that societal expectations actively shape neurological development. Therefore, attributing complex behaviors solely to biology ignores the powerful influence of culture and environment. Recognizing this interplay is crucial for dismantling harmful stereotypes and fostering a more nuanced understanding of human potential.",89,ai_neutral,AI,Gender Roles
"The concept of “toxic masculinity” isn’t about demonizing men, but about identifying a specific set of harmful behaviors associated with traditional masculine norms. These behaviors – aggression, emotional repression, the need to dominate – not only harm those around them but also limit men’s own emotional range and well-being. Challenging toxic masculinity requires redefining what it means to be a man, emphasizing empathy, vulnerability, and respect. It’s about creating a space for men to embrace a broader range of emotions and behaviors without fear of judgment or ridicule.",88,ai_neutral,AI,Gender Roles
"Imagine a world where children are encouraged to explore their interests and talents without regard for gender. Toys, activities, and career aspirations would be presented as options open to all, fostering a sense of limitless possibility. This isn’t a utopian fantasy, but a practical approach to dismantling gender stereotypes at their root. Early childhood socialization is incredibly powerful, and by challenging gendered expectations from a young age, we can create a generation that is more open-minded, equitable, and accepting of diversity. This requires a conscious effort from parents, educators, and the media.",92,ai_neutral,AI,Gender Roles
"Often, the fight for gender equality is framed as a zero-sum game – that progress for women somehow comes at the expense of men. This is a false dichotomy. A more equitable society benefits everyone. When individuals are free to pursue their passions and reach their full potential, regardless of gender, it leads to greater innovation, creativity, and overall societal well-being. Challenging gender roles isn’t about taking something away from anyone; it’s about expanding opportunities for all. It’s about creating a world where everyone can thrive.",86,ai_neutral,AI,Gender Roles
"The media plays a significant role in perpetuating and reinforcing gender roles. From stereotypical portrayals in advertising to underrepresentation of women in leadership positions, the media often presents a limited and biased view of gender. This constant exposure to narrow representations shapes our perceptions and reinforces existing prejudices. Conscious media consumption – seeking out diverse and nuanced portrayals of gender – is a crucial step towards challenging these harmful stereotypes. Furthermore, demanding greater representation and accountability from media creators is essential for fostering a more equitable media landscape.",88,ai_neutral,AI,Gender Roles
"Frequently, discussions about gender roles overlook the experiences of non-binary and gender non-conforming individuals. These individuals challenge the very binary framework of “male” and “female,” highlighting the fluidity and complexity of gender identity. Ignoring their experiences not only perpetuates exclusion but also reinforces the limitations of traditional gender roles. True gender equality requires acknowledging and celebrating the diversity of gender identities and expressions, and creating a society where everyone feels safe and respected to live authentically.",76,ai_neutral,AI,Gender Roles
"Isn't it curious how deeply ingrained expectations about “masculinity” and “femininity” often limit individual potential? These socially constructed roles, rather than being inherent traits, are learned behaviors reinforced through family, media, and cultural norms. The pressure to conform – for men to suppress emotions and prioritize strength, for women to prioritize nurturing and appearance – can stifle personal growth and contribute to mental health challenges. Challenging these rigid definitions isn’t about erasing difference, but about allowing individuals the freedom to express themselves authentically, regardless of assigned gender. A society that values diverse expressions of humanity benefits from the full spectrum of talents and perspectives each person possesses, unburdened by outdated constraints.",111,ai_neutral,AI,Gender Roles
"The economic impact of rigidly defined gender roles is often overlooked, yet profoundly significant. When career paths are subtly or overtly steered based on gender – women towards caregiving roles, men towards traditionally higher-paying fields – it creates wage gaps and limits economic mobility. This isn’t simply a matter of individual choice; systemic biases within hiring practices, promotion opportunities, and workplace culture contribute to the disparity. Furthermore, the undervaluing of traditionally “feminine” labor, such as childcare and eldercare, perpetuates economic inequalities. A more equitable distribution of labor, both within households and the broader economy, is crucial for fostering sustainable and inclusive economic growth.",103,ai_neutral,AI,Gender Roles
"“Act like a lady,” the phrase echoes through generations, a subtle directive shaping behavior. But what *is* “ladylike”? Historically, it signified passivity, obedience, and a focus on domesticity. Today, the expectation feels more complex, often a confusing blend of empowerment and continued pressure to be agreeable and aesthetically pleasing. This internal conflict – striving for agency while navigating societal expectations – can be exhausting. Deconstructing these inherited notions requires conscious effort, recognizing that self-worth isn’t tied to adhering to arbitrary standards of femininity, and embracing a wider range of acceptable expressions.",91,ai_neutral,AI,Gender Roles
"Consider the subtle ways gender roles manifest in childhood play. From the toys marketed to different genders – building blocks for boys, dolls for girls – to the encouragement of specific behaviors, children are subtly steered towards predetermined paths. This early socialization shapes their understanding of what is “appropriate” for their gender, influencing their interests, skills, and ultimately, their life choices. While play is inherently valuable, it’s crucial to provide children with a diverse range of options, allowing them to explore their interests without the constraints of gendered expectations. This fosters creativity, self-discovery, and a more inclusive worldview.",98,ai_neutral,AI,Gender Roles
"Philosophically, the very concept of fixed gender roles clashes with the fluid nature of identity. Human beings are complex and multifaceted, constantly evolving and redefining themselves. To impose rigid categories based on biological sex ignores the spectrum of gender identities and expressions that exist. Existentialist thought emphasizes individual freedom and responsibility, suggesting that we create our own meaning and essence. Therefore, adhering to pre-defined gender roles can be seen as a form of self-deception, a denial of our inherent capacity for self-determination.",82,ai_neutral,AI,Gender Roles
"Often, the enforcement of gender roles isn’t about protecting tradition, but about maintaining power structures. Historically, patriarchal societies have relied on the subjugation of women to maintain control. Rigid gender expectations serve to reinforce these power imbalances, limiting women’s access to education, economic opportunities, and political representation. Challenging these roles isn’t simply a matter of fairness; it’s a necessary step towards dismantling systemic oppression and creating a more just and equitable society for all. Recognizing this power dynamic is crucial for understanding the resistance to gender equality.",87,ai_neutral,AI,Gender Roles
"Imagine a world where vulnerability wasn’t considered a weakness, particularly for men. The societal pressure to suppress emotions and project an image of stoicism can be incredibly damaging, contributing to higher rates of suicide and substance abuse among men. Redefining masculinity to embrace emotional intelligence, empathy, and open communication is not about diminishing strength, but about expanding it. True strength lies in the ability to acknowledge and process emotions, to seek help when needed, and to build authentic connections with others.",81,ai_neutral,AI,Gender Roles
"The media plays a significant, often insidious, role in perpetuating harmful gender stereotypes. From romantic comedies that reinforce traditional courtship rituals to action films that portray men as hyper-masculine heroes, media representations shape our perceptions of what it means to be a man or a woman. While progress is being made in terms of representation, these stereotypes remain pervasive. Critical media literacy – the ability to analyze and deconstruct media messages – is essential for challenging these narratives and promoting more nuanced and inclusive portrayals of gender.",87,ai_neutral,AI,Gender Roles
"Beyond the binary, the increasing visibility of non-binary and genderfluid identities is forcing a necessary re-evaluation of our understanding of gender. These identities challenge the very foundation of traditional gender roles, demonstrating that gender is not a fixed category but a spectrum of experiences. Embracing this diversity requires a willingness to move beyond outdated assumptions and to respect individuals’ self-identified gender. It also necessitates a shift in language and social structures to accommodate and validate these identities.",77,ai_neutral,AI,Gender Roles
"Practical steps towards dismantling harmful gender roles begin at home. Consciously challenging gendered language, encouraging children to pursue their interests regardless of societal expectations, and sharing household responsibilities equitably are all impactful actions. Furthermore, actively supporting policies that promote gender equality – such as paid parental leave and affordable childcare – creates a more supportive environment for all. It’s a continuous process of self-reflection, education, and advocacy, requiring a commitment to creating a more inclusive and equitable world.",78,ai_neutral,AI,Gender Roles
"Isn't it ironic how the very people meant to champion our individuality often become the architects of our perceived failures? Familial expectations, while frequently rooted in love and a desire for security, can function as invisible constraints, subtly steering us away from paths deemed unsuitable. This isn’t necessarily malicious; often, it’s a projection of unfulfilled dreams or anxieties about a challenging world. The pressure to conform – to pursue a ‘respectable’ career, marry within a certain timeframe, or uphold family traditions – can stifle genuine self-discovery. The resulting internal conflict, the dissonance between who we are and who we’re *supposed* to be, can lead to profound unhappiness and a sense of living a life not truly our own. Ultimately, navigating these expectations requires a delicate balance of respect and self-assertion.",130,ai_neutral,AI,Familial Expectations
"The weight of familial expectations isn’t always a dramatic confrontation; sometimes, it’s the quiet disappointment in a parent’s eyes, a subtle sigh during a holiday conversation. This passive pressure can be particularly insidious, eroding self-esteem over time. Unlike explicit demands, these unspoken desires require a constant internal calibration – am I living up to what they *want* for me, even if it’s not what *I* want? This often manifests in career choices, where individuals opt for stability and parental approval over passion and risk. The long-term consequences can be a feeling of emptiness, a nagging sense that potential remains untapped, and a life lived in the shadow of someone else’s aspirations.",111,ai_neutral,AI,Familial Expectations
"“We only want what’s best for you,” the phrase echoes through countless childhoods, yet its definition of ‘best’ is invariably filtered through the lens of parental experience and societal norms. This well-intentioned sentiment frequently overlooks the evolving nature of success and happiness. What constituted a fulfilling life for one generation may be entirely irrelevant to the next. The expectation to follow a predetermined path – a stable job, homeownership, a traditional family – can feel suffocating in a world that increasingly values adaptability, creativity, and unconventional lifestyles. Breaking free from this mold requires courage, self-awareness, and a willingness to potentially disappoint those who love us.",105,ai_neutral,AI,Familial Expectations
"Consider the first-generation immigrant experience; familial expectations take on a heightened significance. Parents who sacrificed everything to provide opportunities for their children often harbor intense hopes for their success – not merely personal fulfillment, but a validation of their own struggles. This can create immense pressure, particularly when children feel torn between honoring their heritage and forging their own identity in a new culture. The expectation to excel academically, pursue a ‘practical’ profession, and maintain close family ties can feel overwhelming, potentially leading to feelings of guilt or alienation if those expectations aren’t met.",94,ai_neutral,AI,Familial Expectations
"From a sociological perspective, familial expectations function as a form of social control, perpetuating cultural values and maintaining societal structures. These expectations aren’t simply personal preferences; they’re often deeply ingrained in collective beliefs about success, morality, and social status. While this can contribute to social cohesion, it can also reinforce inequalities and limit individual agency. Challenging these expectations, therefore, isn’t just a personal struggle; it’s a potentially transformative act that can contribute to broader social change. The question becomes: at what point does tradition become a barrier to progress and individual well-being?",92,ai_neutral,AI,Familial Expectations
"Imagine a family where artistic pursuits are dismissed as ‘hobbies,’ and a career in the arts is viewed as financially irresponsible. For a child with a passion for painting or music, this creates a profound internal conflict. The expectation to pursue a ‘sensible’ career – perhaps in business or medicine – can stifle creativity and lead to a life of quiet regret. This isn’t about a lack of support; it’s about a fundamental difference in values. The child may succeed in the chosen field, but the unfulfilled artistic yearning can linger, manifesting as dissatisfaction or a sense of incompleteness.",99,ai_neutral,AI,Familial Expectations
"The impact of familial expectations isn’t limited to career choices; they often extend to romantic relationships. The pressure to marry within a certain community, religion, or social class can be immense, particularly in cultures where family approval is paramount. Individuals may find themselves in relationships that lack genuine connection, simply to appease their families. This can lead to unhappiness, resentment, and ultimately, the breakdown of the relationship. The freedom to choose a partner based on love and compatibility, rather than external pressures, is a crucial aspect of personal autonomy.",89,ai_neutral,AI,Familial Expectations
"Often, the source of these expectations isn’t a conscious attempt to control, but rather a reflection of parental anxieties. Parents, having navigated their own challenges, naturally want to shield their children from similar hardships. The expectation to avoid risk, pursue financial security, and conform to societal norms stems from a desire to protect. However, this protective instinct can inadvertently limit a child’s growth and prevent them from developing resilience. Recognizing this underlying motivation can foster empathy and facilitate a more constructive dialogue.",82,ai_neutral,AI,Familial Expectations
"What happens when familial expectations are demonstrably harmful? Consider situations involving abusive or dysfunctional families, where expectations perpetuate cycles of trauma or enable destructive behaviors. In these cases, breaking free from those expectations isn’t just a matter of personal fulfillment; it’s a matter of self-preservation. This often requires establishing firm boundaries, seeking professional help, and potentially severing ties with family members. The courage to prioritize one’s own well-being, even in the face of familial disapproval, is a testament to inner strength.",81,ai_neutral,AI,Familial Expectations
"Looking ahead, the nature of familial expectations is likely to evolve. As societal norms become more fluid and individual expression is increasingly valued, the pressure to conform may diminish. However, the underlying desire for connection and approval will likely remain. The key lies in fostering open communication, mutual respect, and a willingness to embrace diversity – both within families and within society as a whole. A healthy family dynamic allows for individual growth *alongside* a sense of belonging, rather than one at the expense of the other.",87,ai_neutral,AI,Familial Expectations
"Isn't it ironic how the very people meant to offer unconditional love are often the source of the most stringent conditions? Familial expectations, while frequently rooted in genuine care, can manifest as subtle pressures to conform to a pre-defined path. This isn’t necessarily malicious; often, parents project their own unfulfilled ambitions or anxieties onto their children, believing they know what constitutes success or happiness. The weight of these expectations can stifle individuality, leading to a life lived in pursuit of approval rather than authentic self-discovery. The challenge lies in navigating these influences with grace, acknowledging the love behind them while asserting the right to forge one’s own identity, even if it diverges from the family blueprint.",116,ai_neutral,AI,Familial Expectations
"The concept of ‘duty’ frequently underpins familial expectations, particularly in cultures emphasizing collectivism. However, what constitutes a ‘duty’ is often subjective and shifts with generational values. Grandparents might envision a grandchild carrying on the family business, while parents hope for a stable career in a respected field, and the grandchild dreams of artistic expression. This clash isn’t about disrespect, but a fundamental difference in priorities. Successfully managing these expectations requires open communication, a willingness to compromise, and a clear articulation of personal values. Ignoring them entirely can breed resentment, but blindly accepting them can lead to a life of quiet desperation.",101,ai_neutral,AI,Familial Expectations
"Consider the silent expectation of emotional labor within families – the unspoken role of being the ‘strong one,’ the mediator, or the keeper of family secrets. This burden, often disproportionately placed on women or eldest children, can be incredibly draining. While offering support is a natural part of family life, consistently prioritizing others’ emotional needs at the expense of one’s own creates an imbalance. Recognizing this dynamic is the first step towards establishing healthy boundaries. It’s not selfish to require reciprocal emotional support; it’s essential for maintaining individual well-being and preventing burnout within the family system.",96,ai_neutral,AI,Familial Expectations
"“We only want what’s best for you,” is a phrase often uttered alongside imposing familial expectations, yet its sincerity doesn’t negate the potential for harm. The problem isn’t the intention, but the definition of “best.” What a parent deems optimal for their child may not align with the child’s inherent talents, passions, or desires. This disconnect can lead to a sense of alienation and a feeling of being fundamentally misunderstood. True support involves fostering autonomy and celebrating individuality, even when it means embracing choices that differ from the family norm.",90,ai_neutral,AI,Familial Expectations
"Often, familial expectations aren’t explicitly stated; they’re communicated through subtle cues – disappointed sighs, backhanded compliments, or comparisons to more ‘successful’ relatives. This passive-aggressive approach can be particularly damaging, as it leaves the individual questioning their own worth and struggling to decipher the unspoken rules. The ambiguity creates a constant state of anxiety, forcing one to perpetually second-guess their decisions. Addressing this requires direct, yet compassionate, communication, gently challenging the underlying assumptions and asserting the right to self-determination.",78,ai_neutral,AI,Familial Expectations
"The pressure to maintain a certain family image – a facade of perfection – frequently fuels unrealistic expectations. This can manifest as a reluctance to acknowledge struggles with mental health, financial difficulties, or relationship problems. The fear of tarnishing the family reputation outweighs the need for genuine connection and support. Breaking this cycle requires vulnerability and a willingness to challenge the narrative of flawless success. Admitting imperfections isn’t a sign of weakness; it’s a courageous act that fosters authenticity and strengthens familial bonds.",83,ai_neutral,AI,Familial Expectations
"Interestingly, familial expectations can also operate in reverse, creating a pressure *not* to succeed. In families where past attempts at upward mobility were met with hardship or resentment, there might be an unspoken discouragement of ambition. This stems from a fear of disrupting the established dynamic or attracting unwanted attention. Overcoming this requires a conscious effort to redefine success on one’s own terms and to challenge the limiting beliefs that have been passed down through generations.",76,ai_neutral,AI,Familial Expectations
"Imagine a family where academic achievement is paramount. While encouraging education is positive, an overemphasis on grades and test scores can overshadow other valuable qualities – creativity, empathy, or practical skills. This narrow definition of success creates a competitive and stressful environment, potentially leading to anxiety, depression, and a distorted sense of self-worth. A holistic approach to development, valuing diverse talents and fostering intrinsic motivation, is crucial for nurturing well-rounded individuals.",71,ai_neutral,AI,Familial Expectations
"The impact of cultural background significantly shapes familial expectations. In some cultures, filial piety – respect and obedience to elders – is deeply ingrained, often prioritizing family needs above individual desires. While this fosters strong intergenerational bonds, it can also create conflicts when personal aspirations clash with traditional values. Navigating this requires a delicate balance of honoring cultural heritage while asserting individual autonomy, seeking understanding and compromise rather than outright rejection.",71,ai_neutral,AI,Familial Expectations
"Ultimately, the healthiest approach to familial expectations involves recognizing them as a reflection of love and concern, but not as dictates to be blindly followed. It’s about engaging in a continuous dialogue, expressing gratitude for the support received while respectfully asserting one’s own path. The goal isn’t to eliminate expectations entirely – that’s unrealistic – but to transform them into a source of encouragement rather than a burden of obligation, fostering a family dynamic built on mutual respect and genuine acceptance.",81,ai_neutral,AI,Familial Expectations
"Isn't it curious how often the dreams we inherit are not our own? Familial expectations, often unspoken, function as a subtle architecture shaping individual ambition. They aren’t necessarily malicious; frequently, they stem from a desire to shield us from perceived hardship, to guide us toward a ‘safe’ and ‘successful’ path – a path already trodden, and therefore, seemingly validated. However, this pre-determined route can stifle genuine self-discovery, leading to a quiet resentment or a pervasive sense of unfulfillment. The pressure to uphold a family legacy, whether professional or social, can become a gilded cage, beautiful to observe but restrictive to inhabit. Ultimately, navigating these expectations requires a delicate balance of respect and self-assertion, a willingness to honor the past while forging a future authentically one’s own.",126,ai_neutral,AI,Familial Expectations
"The weight of familial expectations isn’t always about grand achievements; sometimes, it’s the accumulation of small, consistent pressures. Consider the expectation to marry within a certain social circle, to maintain a specific religious observance, or even to simply *appear* happy. These seemingly minor demands, repeated over years, can erode an individual’s sense of agency. They create a subtle form of emotional blackmail, where deviating from the norm feels like a betrayal of family loyalty. This isn’t about overt conflict, but a slow, insidious chipping away at the self, a gradual surrender to a narrative not of one’s own making. The challenge lies in recognizing these subtle pressures and reclaiming the right to define one’s own happiness, even if it means disappointing those closest to you.",125,ai_neutral,AI,Familial Expectations
"“We only want what’s best for you,” the phrase echoes through countless family gatherings, often masking a more complex agenda. Familial expectations frequently operate under the guise of benevolent concern, making them particularly difficult to challenge. The implication is that the individual is incapable of discerning their own best interests, requiring the wisdom and guidance of those who have ‘been there.’ This dynamic can foster a sense of infantilization, hindering the development of independent thought and decision-making skills. Breaking free requires acknowledging the inherent limitations of even the most well-intentioned advice and cultivating a robust sense of self-trust.",98,ai_neutral,AI,Familial Expectations
"Imagine a garden meticulously planned by a previous generation. Each flower, each shrub, is chosen for its aesthetic appeal and adherence to a pre-defined design. Now, imagine a new gardener, with a different vision, wanting to introduce wildflowers and untamed growth. This is analogous to the struggle against familial expectations. While the original design may be beautiful, it may not resonate with the new gardener’s artistic sensibility. The conflict arises from the tension between honoring the past and embracing personal expression. The key isn’t to destroy the existing garden, but to find space for new growth, to integrate personal preferences into the established landscape.",104,ai_neutral,AI,Familial Expectations
"Often, the most damaging familial expectations are those that remain unarticulated. These unspoken rules, passed down through generations, operate as a silent code, dictating acceptable behavior and suppressing dissenting voices. They thrive in environments where emotional expression is discouraged, and conformity is prized above individuality. Identifying these hidden expectations requires a degree of self-awareness and a willingness to question deeply ingrained assumptions. It’s about recognizing the patterns of behavior that feel instinctively ‘wrong’ and tracing them back to their origins within the family system. Only then can one begin to dismantle these invisible barriers and create space for authentic self-expression.",100,ai_neutral,AI,Familial Expectations
"The pursuit of a career often becomes a battleground for familial expectations. Parents may envision a stable, financially secure future for their children, steering them towards professions like medicine or law, regardless of their inherent talents or passions. This isn’t necessarily about financial control, but a desire to provide a perceived safety net, to protect them from the uncertainties of the creative world. However, forcing someone into a career path they despise can lead to burnout, resentment, and a profound sense of disillusionment. True support lies in fostering a child’s individual strengths and encouraging them to pursue a path that aligns with their values, even if it deviates from the family norm.",112,ai_neutral,AI,Familial Expectations
"Consider the impact of generational trauma on familial expectations. Past hardships and unresolved conflicts can be unconsciously transmitted to subsequent generations, manifesting as rigid beliefs and unrealistic demands. For example, a family that experienced financial insecurity may place an excessive emphasis on wealth accumulation, pressuring their children to prioritize financial success above all else. Understanding the historical context of these expectations is crucial for breaking the cycle. It allows for empathy and compassion, while also creating space for healing and change. Recognizing the roots of the pressure doesn’t excuse it, but it provides a framework for addressing it constructively.",99,ai_neutral,AI,Familial Expectations
"Familial expectations aren’t monolithic; they vary significantly based on cultural background, socioeconomic status, and individual family dynamics. What constitutes an acceptable life path in one family may be radically different in another. This diversity highlights the importance of avoiding generalizations and approaching each situation with nuance and sensitivity. The challenge isn’t simply to reject all expectations, but to critically evaluate them, discerning which ones are genuinely beneficial and which ones are hindering personal growth. Context is everything, and a one-size-fits-all approach is rarely effective.",84,ai_neutral,AI,Familial Expectations
"The desire for familial approval is a deeply ingrained human need. It’s a primal longing for belonging and acceptance, rooted in our earliest experiences of attachment. This makes challenging familial expectations particularly difficult, as it risks jeopardizing those fundamental bonds. However, sacrificing one’s authenticity for the sake of approval is a Faustian bargain, ultimately leading to a hollow and unfulfilled existence. The path forward involves learning to navigate the tension between honoring family relationships and prioritizing personal integrity, accepting that some level of disappointment may be unavoidable.",87,ai_neutral,AI,Familial Expectations
"Reflecting on familial expectations often reveals a surprising truth: they are frequently projections of a parent’s own unfulfilled dreams. A father who longed to be a musician may push his son to pursue a career in music, not because it’s necessarily the best fit for the son, but because it represents a second chance to realize his own aspirations. Recognizing this dynamic can shift the focus from resentment to understanding. It allows for a more compassionate perspective, acknowledging that the pressure isn’t necessarily about controlling the child, but about vicariously experiencing a desired outcome. This doesn’t invalidate the pressure, but it reframes it, opening the door for a more honest and productive conversation.",113,ai_neutral,AI,Familial Expectations
"Isn't it ironic how the very people meant to offer unconditional love are often the source of the most stringent conditions? Familial expectations, while frequently rooted in genuine care, can function as invisible constraints, subtly dictating life paths. These aren’t always grand pronouncements; often, they’re the quiet assumptions woven into everyday conversations – a raised eyebrow at an artistic pursuit, a gentle nudge towards a “stable” career, a wistful comment about grandchildren. The cumulative effect can be a stifling pressure, leading individuals to prioritize pleasing their families over pursuing authentic self-expression. This isn’t necessarily malicious, but the damage lies in the erosion of individual agency, the slow surrender of personal dreams to a pre-approved script.",115,ai_neutral,AI,Familial Expectations
"The weight of familial expectations frequently manifests as a complex form of inherited anxiety. Generations often project their own unfulfilled ambitions and regrets onto their children, framing success not as personal fulfillment, but as a rectification of past “failures.” This creates a paradoxical situation: striving to meet these expectations becomes less about achieving personal goals and more about alleviating parental worry. Consequently, individuals may find themselves trapped in careers or lifestyles that offer little joy, driven solely by a desire to avoid disappointing those they love. Breaking free from this cycle requires a conscious effort to disentangle personal desires from inherited burdens.",102,ai_neutral,AI,Familial Expectations
"“Follow your heart,” we’re told, yet how often does that advice clash with the deeply ingrained expectations of family? The dissonance can be particularly acute when cultural or religious traditions play a significant role. In these contexts, deviating from established norms – choosing a partner outside the approved group, for example, or rejecting a family business – can be perceived not merely as a personal choice, but as a betrayal of heritage. Navigating these situations demands a delicate balance of respect for one’s roots and a firm commitment to individual autonomy, a negotiation that often involves painful conversations and potential estrangement.",101,ai_neutral,AI,Familial Expectations
"Consider the subtle power dynamics at play within families. Expectations aren’t simply *given*; they’re often reinforced through patterns of reward and withdrawal of affection. A child who consistently excels in academics might receive disproportionate praise, subtly signaling that intellectual achievement is the primary measure of worth. Conversely, a child who pursues less conventional paths might encounter subtle disapproval, leading them to internalize a sense of inadequacy. This conditioning can be remarkably insidious, shaping self-perception and limiting exploration of diverse talents and interests.",82,ai_neutral,AI,Familial Expectations
"From a sociological perspective, familial expectations serve a function: the preservation of social capital and the continuation of family legacies. Families invest in their children, not just emotionally, but also financially and socially, with the expectation of a return on that investment – whether it’s through professional success, the continuation of a family business, or the upholding of family values. While this isn’t inherently negative, it can create a transactional dynamic, where love and acceptance become contingent upon fulfilling predetermined roles. Recognizing this underlying motivation can help individuals navigate these expectations with greater clarity.",94,ai_neutral,AI,Familial Expectations
"Often, the most damaging familial expectations are the unspoken ones. These are the assumptions that linger in the air, the things that are *not* said but are nonetheless powerfully felt. Perhaps a parent subtly communicates their disappointment with a child’s artistic ambitions, not through direct criticism, but through a lack of enthusiasm or a constant questioning of its practicality. These subtle cues can be incredibly difficult to address, as they lack the clarity of explicit demands, yet they can erode self-confidence and stifle creativity just as effectively.",87,ai_neutral,AI,Familial Expectations
"The pressure to conform to familial expectations can be particularly intense during major life transitions – choosing a college, selecting a career, getting married, or starting a family. These moments often trigger a flurry of advice, opinions, and subtle (or not-so-subtle) attempts at influence. While well-intentioned, this intervention can feel suffocating, preventing individuals from fully exploring their own desires and making choices that align with their authentic selves. Learning to politely but firmly assert boundaries is crucial during these pivotal moments.",81,ai_neutral,AI,Familial Expectations
"It’s easy to fall into the trap of viewing familial expectations as monolithic, but the reality is far more nuanced. Different family members often hold conflicting expectations, creating a complex web of pressures. A parent might encourage a child to pursue a prestigious career, while a grandparent might prioritize artistic expression. Navigating these conflicting messages requires a degree of emotional intelligence and the ability to prioritize one’s own values, even in the face of disagreement.",75,ai_neutral,AI,Familial Expectations
"The concept of “duty” frequently underpins familial expectations, particularly in cultures that emphasize collectivism and intergenerational responsibility. Children may feel obligated to care for aging parents, to uphold family traditions, or to contribute to the family’s financial well-being, even at the expense of their own personal aspirations. While a sense of duty is admirable, it’s essential to ensure that it doesn’t become a form of self-sacrifice, leading to resentment and a diminished quality of life.",75,ai_neutral,AI,Familial Expectations
"Ultimately, healthy families foster growth, not conformity. The goal shouldn’t be to eliminate expectations entirely, but to transform them into supportive encouragement rather than controlling mandates. This requires open communication, mutual respect, and a willingness to embrace individuality. When families can celebrate their members’ unique paths, even if those paths diverge from the expected norm, they create an environment where genuine happiness and fulfillment can flourish, rather than being stifled by the weight of unfulfilled expectations.",76,ai_neutral,AI,Familial Expectations
"Isn't it ironic how the very people who claim to want our happiness often define it for us? Familial expectations, particularly in collectivist cultures, can function as a gilded cage, offering security but severely limiting individual exploration. The pressure to uphold family honor, pursue a ‘respectable’ profession – often one chosen by previous generations – or maintain specific traditions can stifle personal growth. This isn’t necessarily malicious; it stems from a deep-seated desire to protect offspring from hardship and ensure the family’s continued success. However, the cost can be a life lived according to someone else’s blueprint, leading to resentment, anxiety, and a persistent feeling of inauthenticity. Navigating these expectations requires a delicate balance of respect and self-assertion.",118,ai_neutral,AI,Familial Expectations
"The weight of familial expectations isn’t always about grand ambitions; sometimes, it’s the accumulation of small, seemingly insignificant demands. A mother’s subtle disappointment at a career choice, a father’s quiet disapproval of a partner, a sibling’s constant comparisons – these microaggressions erode self-esteem over time. This insidious form of pressure operates beneath the surface of overt conflict, making it difficult to articulate the harm it causes. It’s a constant negotiation of boundaries, a perpetual attempt to prove one’s worthiness, not based on intrinsic values, but on external validation. The long-term effect can be a diminished sense of self and an inability to trust one’s own judgment.",106,ai_neutral,AI,Familial Expectations
"“Blood is thicker than water,” the old adage goes, but what happens when that blood feels like a chain? Historically, familial expectations served a practical purpose: ensuring the survival of the lineage, maintaining social status, and preserving accumulated wealth. In agrarian societies, children were expected to follow in their parents’ footsteps, contributing to the family farm or business. While these expectations provided stability, they also limited social mobility. Today, while the economic necessity may be lessened, the emotional weight remains. Breaking free from these ingrained patterns often requires a conscious rejection of inherited beliefs and a willingness to forge a new path, even at the risk of familial disapproval.",109,ai_neutral,AI,Familial Expectations
"Consider the immigrant experience: familial expectations often become amplified across generations. Parents who sacrificed everything to provide a better life for their children may harbor specific hopes for their success – a doctor, a lawyer, an engineer. These aspirations, born from hardship and a desire for upward mobility, can clash with the child’s own passions and interests. The resulting tension isn’t simply a generational gap; it’s a collision of cultures, a struggle to reconcile the old world values with the opportunities of the new. The child feels torn between honoring their parents’ sacrifices and pursuing a life that feels authentically their own.",102,ai_neutral,AI,Familial Expectations
"From a psychological perspective, familial expectations can be understood as a form of internalized conditioning. We learn, from a young age, to seek approval from our parents and to anticipate their reactions. This creates a powerful internal critic, constantly evaluating our choices against their perceived standards. Even when parents are no longer present, this internalized voice can continue to exert a significant influence on our behavior. Overcoming this conditioning requires self-awareness, therapy, and a conscious effort to redefine success on our own terms. It’s about dismantling the narratives that no longer serve us.",93,ai_neutral,AI,Familial Expectations
"The concept of ‘duty’ is often central to familial expectations. Children are frequently taught that they have a responsibility to care for their aging parents, to uphold family traditions, or to carry on the family business. While these obligations can be admirable, they can also become burdensome, particularly when they conflict with personal goals or well-being. The ethical dilemma lies in balancing filial piety with self-preservation. Is it selfish to prioritize one’s own happiness, or is it a necessary act of self-respect? The answer, of course, is nuanced and depends on the specific circumstances.",94,ai_neutral,AI,Familial Expectations
"Observing the dynamics within families reveals a recurring pattern: the projection of unfulfilled dreams. Parents who didn’t pursue their own passions may attempt to live vicariously through their children, pushing them towards careers or activities that they themselves desired. This can create a sense of resentment and a feeling of being used as a vessel for someone else’s aspirations. The child may excel in the chosen field, but lack genuine fulfillment. Recognizing this pattern is crucial for both parents and children, allowing for a more honest and authentic relationship.",89,ai_neutral,AI,Familial Expectations
"Imagine a family where academic achievement is paramount. Every report card is scrutinized, every extracurricular activity is evaluated for its potential to enhance a college application. In such an environment, a child who struggles academically or prefers artistic pursuits may feel like a failure, despite their other talents and strengths. This narrow definition of success can stifle creativity, foster anxiety, and damage the parent-child bond. It highlights the danger of equating self-worth with external accomplishments. A healthy family fosters a diverse range of interests and celebrates individual strengths, regardless of societal expectations.",92,ai_neutral,AI,Familial Expectations
"The rise of individualism in modern society has created a unique tension with traditional familial expectations. As individuals gain more autonomy and prioritize self-expression, they may be less willing to conform to established norms. This can lead to conflict, but also to opportunities for growth and innovation. Families that are able to embrace change and support their members’ individual journeys are more likely to thrive in the long run. Rigid adherence to tradition, on the other hand, can lead to estrangement and resentment. The key is finding a balance between honoring the past and embracing the future.",97,ai_neutral,AI,Familial Expectations
"Frequently, the unspoken expectations are the most damaging. A subtle sigh when a child expresses a non-traditional career aspiration, a pointed comment about settling down and starting a family, a lingering silence after a controversial opinion is shared – these passive-aggressive behaviors communicate disapproval without direct confrontation. This ambiguity makes it difficult to address the issue directly, leaving the child feeling confused, invalidated, and emotionally drained. Open and honest communication is essential for dismantling these unspoken expectations and fostering a healthy family dynamic.",83,ai_neutral,AI,Familial Expectations
"Is it possible to feel utterly alone even in a crowded room? Social isolation isn’t simply about physical distance; it’s a subjective experience of disconnection, a perceived lack of meaningful relationships and belonging. Modern life, despite its hyper-connectivity, ironically fosters this feeling for many. The constant stream of curated online personas can create a sense of inadequacy, leading individuals to withdraw rather than risk vulnerability. This isn’t merely a psychological state, however. Prolonged isolation demonstrably impacts physiological health, weakening the immune system and increasing the risk of cardiovascular disease. Addressing this requires a conscious effort to cultivate genuine connections, prioritizing quality over quantity in our interactions, and recognizing the fundamental human need for social support.",115,ai_neutral,AI,Social Isolation
"The rise of remote work, while offering flexibility, presents a subtle but significant challenge to social well-being. While eliminating commutes and offering autonomy, it can also erode the casual interactions that build camaraderie and a sense of community. Water cooler conversations, shared lunches, and spontaneous collaborations – these seemingly minor elements contribute significantly to workplace cohesion. Without them, professional relationships can become transactional, lacking the emotional depth that buffers against feelings of loneliness. Companies must proactively address this by fostering virtual social spaces, encouraging team-building activities, and prioritizing opportunities for in-person connection, recognizing that a productive workforce is also a socially connected one.",103,ai_neutral,AI,Social Isolation
"“The worst loneliness is not to be alone, but to be among people and feel unseen.” This quote encapsulates a particularly painful facet of social isolation: the feeling of invisibility. It’s not necessarily the absence of people, but the absence of *being seen* – truly understood, valued, and acknowledged for who you are. This can occur within families, friendships, or even romantic relationships. Individuals may feel compelled to present a facade, suppressing their authentic selves to fit in or avoid conflict, ultimately leading to a profound sense of alienation. Breaking this cycle requires courage – the willingness to be vulnerable, to share your true self, and to seek out connections based on genuine acceptance.",114,ai_neutral,AI,Social Isolation
"Consider the elderly population, often facing a confluence of factors that contribute to social isolation. Retirement can lead to a loss of purpose and routine, while declining health and mobility can limit opportunities for social engagement. The loss of spouses and friends further exacerbates these feelings, creating a void that’s difficult to fill. This isn’t simply a matter of sadness; it’s a public health concern. Isolated seniors are at higher risk for cognitive decline, depression, and premature mortality. Community programs, intergenerational initiatives, and accessible transportation are crucial interventions to combat this growing problem and ensure that older adults remain connected and valued members of society.",105,ai_neutral,AI,Social Isolation
"Social isolation frequently manifests as a self-perpetuating cycle. Initial feelings of loneliness can lead to withdrawal, which then reinforces those feelings, creating a downward spiral. Individuals may become increasingly hesitant to initiate social interactions, fearing rejection or awkwardness. This avoidance behavior, while initially intended to protect against emotional pain, ultimately exacerbates the problem. Cognitive Behavioral Therapy (CBT) offers a powerful tool for breaking this cycle, helping individuals identify and challenge negative thought patterns, develop social skills, and gradually re-engage with the world.",82,ai_neutral,AI,Social Isolation
"The impact of social isolation extends beyond individual well-being, subtly eroding the fabric of communities. When people are disconnected from one another, civic engagement declines, trust diminishes, and social cohesion weakens. This can manifest in increased polarization, reduced volunteerism, and a general sense of apathy. Strong communities are built on strong social networks, where individuals feel a sense of responsibility for one another. Investing in community spaces, supporting local organizations, and fostering opportunities for social interaction are essential steps towards rebuilding these vital connections.",84,ai_neutral,AI,Social Isolation
"Imagine a teenager navigating the complexities of adolescence, simultaneously craving independence and needing belonging. Social media, while offering a platform for connection, can ironically amplify feelings of isolation. The pressure to present a perfect image, the fear of missing out (FOMO), and the prevalence of cyberbullying can all contribute to a sense of inadequacy and disconnection. It’s crucial for parents and educators to foster open communication, encourage healthy online habits, and promote real-world social activities that nurture genuine relationships and self-esteem.",81,ai_neutral,AI,Social Isolation
"From a neurological perspective, social interaction is fundamental to brain development and function. The brain is wired for connection, releasing neurochemicals like oxytocin – often referred to as the “bonding hormone” – during positive social interactions. Prolonged social isolation, conversely, can lead to changes in brain structure and function, impacting emotional regulation, cognitive abilities, and even physical health. This underscores the biological imperative for social connection and highlights the profound consequences of its absence.",74,ai_neutral,AI,Social Isolation
"Often overlooked is the social isolation experienced by caregivers. Devoting oneself to the care of a loved one, while deeply rewarding, can be incredibly isolating. The demands of caregiving often leave little time or energy for maintaining personal relationships or pursuing personal interests. This can lead to feelings of exhaustion, resentment, and loneliness. Providing support services for caregivers – respite care, counseling, and peer support groups – is essential not only for their well-being but also for the quality of care they provide.",83,ai_neutral,AI,Social Isolation
"The pandemic dramatically illuminated the pervasive nature of social isolation, forcing many into prolonged periods of physical distancing. While necessary for public health, these measures inadvertently exacerbated existing vulnerabilities and created new challenges for social connection. The experience served as a stark reminder of the fundamental human need for social interaction and the importance of proactively addressing the factors that contribute to isolation, even in the absence of a global crisis. The long-term psychological effects are still unfolding, demanding continued attention and innovative solutions.",84,ai_neutral,AI,Social Isolation
"Is it possible to feel utterly alone even in a crowded room? Social isolation isn’t simply about physical distance; it’s a subjective experience of disconnection, a perceived lack of meaningful relationships and belonging. This feeling can stem from a variety of factors – relocation, job loss, the ending of a significant relationship, or even a gradual drifting apart from established networks. The consequences extend beyond emotional distress, impacting physical health through increased cortisol levels and weakened immune function. Crucially, it’s the *quality* of connections, not just the quantity, that matters. Superficial interactions offer little solace against the ache of genuine loneliness, highlighting the human need for deep, reciprocal bonds. Recognizing this distinction is the first step towards addressing the pervasive issue of modern isolation.",124,ai_neutral,AI,Social Isolation
"The rise of digital connectivity, ironically, may be exacerbating social isolation for some. While platforms promise connection, they often deliver curated performances of self, fostering comparison and a sense of inadequacy. Scrolling through endless feeds of seemingly perfect lives can amplify feelings of loneliness and exclusion, creating a paradoxical situation where increased access to information coincides with decreased genuine interaction. Furthermore, online relationships, while valuable, often lack the nuanced nonverbal cues and physical presence crucial for building strong emotional bonds. The ease of digital communication can also discourage the effort required to maintain face-to-face relationships, leading to a gradual erosion of real-world social support systems.",105,ai_neutral,AI,Social Isolation
"Consider the elderly widow, quietly navigating a home filled with memories, her days stretching out with little human contact. This scenario, sadly common, illustrates how life transitions can precipitate profound social isolation. Retirement, the loss of a spouse, and declining health can all contribute to a shrinking social circle and reduced opportunities for engagement. Unlike younger individuals who may actively seek new connections, older adults often face barriers to re-establishing social networks, including mobility issues, financial constraints, and a sense of loss. Addressing this requires proactive community initiatives – senior centers, volunteer opportunities, and accessible transportation – designed to combat loneliness and promote continued social participation.",106,ai_neutral,AI,Social Isolation
"“The worst loneliness is not to be alone, but to be among thousands and to feel unseen.” This quote by Friedrich Nietzsche encapsulates a particularly insidious form of social isolation: feeling invisible within a larger group. This can occur in workplaces, schools, or even within families, where individuals feel unheard, undervalued, and disconnected from those around them. It’s a subtle but damaging experience, eroding self-worth and fostering a sense of alienation. Overcoming this requires conscious effort to cultivate empathy, active listening, and genuine attempts to understand the perspectives of others. Creating inclusive environments where everyone feels valued is paramount.",99,ai_neutral,AI,Social Isolation
"From a public health perspective, social isolation is increasingly recognized as a significant risk factor for a range of physical and mental health problems. Studies have linked it to increased rates of heart disease, stroke, depression, and cognitive decline. The physiological effects are comparable to those associated with smoking or obesity, highlighting the seriousness of the issue. This isn’t merely a matter of individual well-being; it places a substantial burden on healthcare systems. Investing in preventative measures – community programs, social prescribing initiatives, and mental health services – is therefore not only ethically sound but also economically prudent.",98,ai_neutral,AI,Social Isolation
"Imagine a young adult moving to a new city for university, leaving behind a tightly-knit support system. Initial excitement quickly gives way to a gnawing sense of loneliness as they struggle to forge new connections. This experience, common among students and young professionals, demonstrates how geographical mobility can contribute to social isolation. The challenge lies in overcoming the initial inertia and actively seeking out opportunities for social engagement. Universities and workplaces can play a crucial role by fostering inclusive environments and providing platforms for social interaction, but ultimately, the onus is on the individual to take the first step.",99,ai_neutral,AI,Social Isolation
"Often, social isolation isn’t a choice but a consequence of systemic inequalities. Marginalized communities – individuals experiencing poverty, discrimination, or disability – are disproportionately affected. Barriers to participation, such as lack of access to transportation, affordable childcare, or inclusive spaces, can limit opportunities for social connection. Addressing this requires a multi-faceted approach that tackles the root causes of inequality and promotes social inclusion. Policies that prioritize accessibility, affordability, and equity are essential for creating a society where everyone has the opportunity to thrive.",83,ai_neutral,AI,Social Isolation
"The internal experience of social isolation frequently manifests as a negative self-narrative. Individuals may begin to believe they are unworthy of connection, or that their attempts to reach out will be rejected. This self-fulfilling prophecy can further exacerbate feelings of loneliness and make it even more difficult to initiate social interaction. Cognitive Behavioral Therapy (CBT) techniques can be particularly helpful in challenging these negative thought patterns and developing more adaptive coping mechanisms. Reframing self-perception and building self-compassion are crucial steps towards breaking the cycle of isolation.",86,ai_neutral,AI,Social Isolation
"What if we redefined “social connection” to encompass interactions beyond traditional human relationships? For individuals who struggle with social anxiety or find human interaction overwhelming, connections with animals, nature, or even creative pursuits can provide a sense of belonging and purpose. While these aren’t substitutes for meaningful human relationships, they can serve as valuable sources of comfort and support, mitigating the negative effects of isolation. Recognizing the diverse ways in which individuals can find connection is essential for fostering a more inclusive and compassionate society.",85,ai_neutral,AI,Social Isolation
"The long-term effects of prolonged social isolation can be particularly devastating, leading to a diminished sense of self and a profound loss of meaning. When individuals are deprived of regular social interaction, their cognitive abilities can decline, their emotional regulation skills can deteriorate, and their overall sense of well-being can suffer. This underscores the fundamental human need for connection and the importance of prioritizing social relationships throughout the lifespan. Early intervention and ongoing support are crucial for preventing the long-term consequences of isolation and promoting a sense of belonging for all.",91,ai_neutral,AI,Social Isolation
"Is it possible to feel utterly alone even surrounded by people? Social isolation isn’t simply about physical distance; it’s a subjective experience of disconnection, a perceived lack of meaningful relationships and belonging. This feeling can stem from a variety of factors – relocation, job loss, the ending of a significant relationship, or even a gradual drifting apart from established networks. The consequences extend beyond emotional distress, impacting physical health through increased cortisol levels and weakened immune function. Crucially, it’s the *quality* of connections, not the quantity, that buffers against isolation. Superficial interactions, while pleasant, don’t fulfill the deep-seated human need for intimacy and understanding, leaving individuals vulnerable to loneliness and its associated harms.",113,ai_neutral,AI,Social Isolation
"The modern workplace, despite its emphasis on collaboration, can ironically foster profound social isolation. Open-plan offices, intended to encourage interaction, often result in a constant low-level distraction that hinders genuine connection. Remote work, while offering flexibility, presents its own challenges, requiring deliberate effort to maintain social bonds. Furthermore, the competitive nature of many professions can discourage vulnerability and authentic self-expression, leading individuals to present curated versions of themselves rather than forging true relationships. This performative aspect of professional life creates a barrier to intimacy, leaving many feeling unseen and unsupported, even amongst colleagues.",93,ai_neutral,AI,Social Isolation
"Consider the elderly widow, her days stretching out like an empty canvas after decades of shared life. Social isolation in later life is a particularly pressing concern, often exacerbated by mobility issues, the loss of a spouse or friends, and a sense of diminished purpose. Retirement, while anticipated, can sever crucial social ties linked to employment. Technology offers some mitigation – video calls, social media – but these are often poor substitutes for face-to-face interaction and the spontaneous connections that enrich daily life. Addressing this requires proactive community initiatives, accessible transportation, and programs designed to foster intergenerational connections.",98,ai_neutral,AI,Social Isolation
"“The worst loneliness is not to be alone, but to be among thousands and to feel unseen.” This quote by Friedrich Nietzsche encapsulates a core truth about social isolation: it’s about a lack of *reciprocal* recognition. It’s not merely being physically apart, but feeling invisible, unheard, and unimportant to those around you. This can occur within families, friendships, or even romantic relationships where communication breaks down or emotional needs are consistently unmet. The resulting sense of alienation can be deeply damaging to self-esteem and contribute to feelings of worthlessness, creating a vicious cycle of withdrawal and further isolation.",98,ai_neutral,AI,Social Isolation
"From a neurological perspective, social isolation triggers similar brain responses to physical pain. Studies utilizing fMRI technology demonstrate activation in the anterior cingulate cortex – a region associated with detecting and processing distress – when individuals are socially excluded. This suggests that the need for social connection is deeply ingrained in our biology, and its deprivation is experienced as a genuine threat. Prolonged activation of these pain pathways can lead to chronic stress, anxiety, and depression, highlighting the profound physiological impact of feeling disconnected.",84,ai_neutral,AI,Social Isolation
"Imagine a teenager navigating the complexities of adolescence, feeling like an outsider in their peer group. Social isolation during formative years can have particularly devastating consequences, hindering the development of crucial social skills and impacting identity formation. The pressure to conform, coupled with the fear of rejection, can lead to withdrawal and a reluctance to engage in social activities. This, in turn, can exacerbate feelings of loneliness and contribute to mental health challenges such as anxiety, depression, and even suicidal ideation. Early intervention and support are vital to help these individuals build confidence and develop healthy social connections.",98,ai_neutral,AI,Social Isolation
"The rise of digital communication, while connecting us globally, paradoxically contributes to localized social isolation. Spending excessive time online can displace real-world interactions, leading to a decline in face-to-face communication skills and a weakening of community ties. The curated nature of social media often presents unrealistic portrayals of others’ lives, fostering feelings of inadequacy and social comparison. Furthermore, online interactions can lack the nuance and emotional depth of in-person connections, leaving individuals feeling superficially connected but ultimately unfulfilled.",78,ai_neutral,AI,Social Isolation
"Social isolation isn’t always a passive experience; sometimes, it’s a self-imposed defense mechanism. Individuals who have experienced trauma or betrayal may consciously withdraw from social interactions as a way to protect themselves from further hurt. This protective isolation, while understandable, can become a self-fulfilling prophecy, reinforcing feelings of loneliness and hindering the ability to form healthy relationships. Breaking this cycle requires courage, vulnerability, and often, the support of a therapist or counselor to address underlying emotional wounds.",77,ai_neutral,AI,Social Isolation
"Beyond individual suffering, social isolation has significant societal implications. Communities with low levels of social cohesion tend to experience higher rates of crime, civic disengagement, and political polarization. When individuals feel disconnected from their neighbors and institutions, they are less likely to participate in collective action or contribute to the common good. Strengthening social capital – the networks of relationships and trust that bind communities together – is therefore essential for building a more resilient and equitable society.",78,ai_neutral,AI,Social Isolation
"Reflect on the quiet desperation of the long-distance commuter, spending hours each day traveling between work and home, disconnected from both. This illustrates a subtle but pervasive form of social isolation – a lack of spontaneous, everyday interactions that contribute to a sense of belonging. These micro-connections, the brief exchanges with colleagues, neighbors, or local shopkeepers, may seem insignificant, but they collectively create a sense of community and shared experience. The erosion of these opportunities, driven by factors like suburban sprawl and increasingly individualized lifestyles, contributes to a growing sense of alienation.",92,ai_neutral,AI,Social Isolation
"Is it possible to feel utterly alone even in a crowded room? Social isolation isn’t simply about physical distance; it’s a subjective experience of disconnection, a perceived lack of meaningful relationships and belonging. This feeling can stem from various sources – relocation, job loss, the ending of a significant relationship, or even a gradual drifting apart from established networks. The consequences extend beyond emotional distress, impacting physical health through increased cortisol levels and weakened immune function. Prolonged isolation can contribute to a cycle of negative thought patterns, making it increasingly difficult to initiate and maintain connections, ultimately reinforcing the very feeling it seeks to escape. Recognizing this disconnect as a legitimate health concern is the first step towards addressing it.",120,ai_neutral,AI,Social Isolation
"The rise of digital connectivity ironically coincides with a growing epidemic of social isolation. While platforms promise connection, they often deliver curated performances of life rather than genuine interaction. Superficial online engagements – likes, comments, shares – can create an *illusion* of belonging, masking a deeper yearning for authentic human contact. This is particularly true for younger generations who have grown up immersed in digital culture, potentially hindering the development of crucial social skills needed for navigating real-world relationships. The constant comparison inherent in social media also fuels feelings of inadequacy and loneliness, exacerbating the sense of being an outsider looking in.",102,ai_neutral,AI,Social Isolation
"Consider the elderly widow, her days stretching out with an echoing emptiness after the loss of her spouse. This scenario, sadly common, highlights how life transitions can precipitate profound social isolation. Retirement often removes the structure and social interaction provided by work, while declining health can limit mobility and participation in community activities. The loss of a partner, a lifelong companion, creates a void that’s difficult to fill, and grief can further withdraw individuals from social circles. Addressing this requires proactive outreach programs, accessible transportation, and initiatives designed to foster intergenerational connections, reminding older adults they remain valued members of society.",101,ai_neutral,AI,Social Isolation
"“The worst loneliness is not to be alone, but to be among thousands and to feel unseen.” This quote by Friedrich Nietzsche encapsulates a core truth about social isolation: it’s about the *quality* of connection, not merely the quantity. One can be surrounded by people and still feel profoundly alone if those interactions lack depth, empathy, or genuine understanding. This often occurs in highly competitive environments, or within groups where conformity is prioritized over individuality. Cultivating a few close, supportive relationships is far more beneficial than maintaining a large network of superficial acquaintances.",93,ai_neutral,AI,Social Isolation
"From a public health perspective, social isolation represents a significant, often overlooked, determinant of well-being. Studies consistently demonstrate a link between loneliness and increased risk of cardiovascular disease, stroke, and even premature mortality. The physiological effects are comparable to those associated with smoking or obesity. This isn’t simply a matter of feeling sad; it’s a biological response to chronic stress and a lack of social support. Investing in community-based programs that promote social connectedness should be viewed as a preventative healthcare measure, reducing the burden on healthcare systems and improving overall population health.",93,ai_neutral,AI,Social Isolation
"Imagine a recent immigrant, navigating a new culture, language barriers, and the absence of familiar support systems. The experience of displacement inherently breeds social isolation. Beyond the practical challenges of finding employment and housing, there’s the emotional toll of leaving behind family and friends, and the struggle to build new relationships in an unfamiliar environment. Cultural differences can further complicate matters, leading to misunderstandings and feelings of alienation. Successful integration requires not only language training and job assistance, but also intentional efforts to create welcoming communities and facilitate cross-cultural understanding.",90,ai_neutral,AI,Social Isolation
"Social isolation isn’t always a passive experience; sometimes, it’s a self-imposed defense mechanism. Individuals who have experienced trauma, rejection, or betrayal may consciously withdraw from social interaction as a way to protect themselves from further pain. While understandable, this avoidance ultimately reinforces the cycle of loneliness. Breaking down these self-erected barriers requires therapeutic intervention, building trust, and learning healthy coping mechanisms for managing vulnerability. Recognizing the underlying fear driving the isolation is crucial for fostering genuine connection.",77,ai_neutral,AI,Social Isolation
"The impact of social isolation extends beyond the individual, affecting the fabric of communities. A society characterized by widespread disconnection is less resilient, less innovative, and less likely to address collective challenges effectively. When people feel isolated, they are less engaged in civic life, less likely to volunteer, and less inclined to participate in democratic processes. Strengthening social capital – the networks of relationships and trust that bind communities together – is essential for building a more cohesive and thriving society. This requires fostering spaces for interaction, promoting inclusivity, and valuing diverse perspectives.",93,ai_neutral,AI,Social Isolation
"Often, the stigma surrounding mental health contributes to social isolation. Individuals struggling with depression, anxiety, or other mental health conditions may fear judgment or discrimination, leading them to withdraw from social activities and conceal their struggles. This silence perpetuates the problem, preventing them from seeking the support they need. Creating a culture of openness and acceptance, where mental health is treated with the same seriousness as physical health, is vital for breaking down these barriers and encouraging individuals to reach out for help.",83,ai_neutral,AI,Social Isolation
"Think about the shift towards remote work and the increasing prevalence of gig economy jobs. While offering flexibility, these trends can also contribute to social isolation by reducing opportunities for spontaneous interaction and team building. The traditional workplace often provided a built-in social network, even for those who didn’t actively seek it out. Replicating that sense of community in a remote environment requires intentional effort – virtual social events, regular check-ins, and opportunities for collaboration beyond task-oriented meetings. The future of work must prioritize not only productivity, but also employee well-being and social connection.",94,ai_neutral,AI,Social Isolation
"Is it possible to feel utterly alone even in a crowded room? Social isolation isn’t simply about physical distance; it’s a subjective experience of disconnection, a perceived lack of meaningful relationships and belonging. Modern life, despite its hyper-connectivity, ironically fosters this feeling for many. The curated perfection of social media often highlights what we *lack* rather than celebrating genuine connection, leading to feelings of inadequacy and withdrawal. This isn’t merely a psychological state, however. Prolonged social isolation demonstrably weakens the immune system, increases risk of cardiovascular disease, and accelerates cognitive decline. Addressing this requires a conscious effort to cultivate authentic relationships, prioritize face-to-face interaction, and challenge the isolating narratives of our digital age.",113,ai_neutral,AI,Social Isolation
"The rise of remote work, while offering flexibility, presents a significant challenge to maintaining social cohesion. Consider the implications for younger employees, those early in their careers, who rely on informal mentorship and workplace camaraderie for professional and personal growth. Beyond the loss of spontaneous interactions – the water cooler conversations, shared lunches – lies a more insidious erosion of collective identity. A company culture isn’t built solely on Zoom meetings and Slack channels; it thrives on shared experiences and a sense of mutual support. Organizations must proactively address this by fostering virtual communities, encouraging in-person gatherings when possible, and prioritizing employee well-being to combat the potential for widespread isolation.",110,ai_neutral,AI,Social Isolation
"“The worst loneliness is not to be alone, but to be among thousands and to feel unseen.” This quote by Friedrich Nietzsche encapsulates a profound truth about the human condition. Social isolation isn’t always a matter of quantifiable contacts; it’s about the *quality* of those connections. Someone can be surrounded by people yet feel profoundly invisible, their thoughts and feelings dismissed or ignored. This form of emotional isolation is particularly damaging, fostering feelings of worthlessness and despair. Overcoming it requires vulnerability – the courage to authentically express oneself and seek genuine reciprocal understanding from others.",95,ai_neutral,AI,Social Isolation
"Historically, social isolation has often been a tool of control. From exile and ostracism to imprisonment and forced relocation, societies have long used separation to punish dissent or marginalize unwanted groups. This deliberate infliction of isolation isn’t merely punitive; it’s psychologically devastating, stripping individuals of their support networks and sense of identity. Understanding this historical context is crucial to recognizing the insidious ways in which social isolation can be weaponized, even in seemingly benign forms, such as social shaming or online harassment. Recognizing the power dynamics at play is the first step towards dismantling these isolating structures.",97,ai_neutral,AI,Social Isolation
"Imagine a city designed *against* connection. Wide, car-centric streets, a lack of public spaces, and housing developments prioritizing privacy over community all contribute to a fragmented social landscape. Urban planning, often unintentionally, can exacerbate social isolation by discouraging spontaneous interaction and fostering a sense of anonymity. Conversely, walkable neighborhoods with vibrant public squares, community gardens, and mixed-use developments encourage social interaction and build a stronger sense of belonging. Rethinking our cities to prioritize human connection is a vital step in combating the growing epidemic of loneliness.",86,ai_neutral,AI,Social Isolation
"The elderly are disproportionately vulnerable to social isolation, a reality often compounded by factors like declining health, loss of loved ones, and limited mobility. Retirement, while offering freedom, can also lead to a loss of purpose and social networks previously centered around work. This isn’t simply a matter of sadness; prolonged isolation significantly increases the risk of dementia, depression, and premature mortality. Targeted interventions, such as senior centers, volunteer programs, and regular check-ins from healthcare providers, are essential to ensuring that older adults remain connected and engaged in their communities.",90,ai_neutral,AI,Social Isolation
"Philosophically, social isolation forces us to confront fundamental questions about the nature of self and the importance of intersubjectivity. If our identity is, in part, constructed through our interactions with others, what happens when those interactions are limited or absent? Does the self dissolve into a kind of existential void? While solitude can be a source of creativity and self-discovery, prolonged isolation can erode our sense of self, leading to feelings of alienation and meaninglessness. The human need for connection isn’t merely a psychological preference; it’s a deeply ingrained aspect of our being.",93,ai_neutral,AI,Social Isolation
"Consider the impact of chronic illness on social life. Individuals battling long-term health conditions often experience social isolation due to physical limitations, fatigue, or the stigma associated with their illness. The need to constantly manage symptoms and navigate healthcare systems can leave little time or energy for social activities. Furthermore, friends and family may unintentionally withdraw due to discomfort or a lack of understanding. Creating more inclusive and supportive communities for those living with chronic illness requires greater awareness, empathy, and a willingness to adapt social norms to accommodate diverse needs.",91,ai_neutral,AI,Social Isolation
"A surprising contributor to modern social isolation is the decline of civic engagement. Participation in local organizations – book clubs, sports teams, volunteer groups – has steadily decreased in recent decades. This erosion of community involvement not only weakens social bonds but also diminishes our sense of collective responsibility and civic pride. Rebuilding these social infrastructures requires a renewed emphasis on local participation, fostering a sense of shared purpose and belonging. Encouraging volunteerism, supporting local businesses, and actively engaging in community events can all help to counteract the isolating effects of modern life.",93,ai_neutral,AI,Social Isolation
"What if we treated loneliness as a public health crisis? Currently, social isolation often remains a hidden struggle, stigmatized and overlooked. A proactive approach would involve widespread public awareness campaigns, increased funding for mental health services, and the integration of social connection initiatives into healthcare systems. Just as we prioritize preventative measures for physical health, we must also prioritize preventative measures for social and emotional well-being. Recognizing the profound impact of social isolation on individual and societal health is the first step towards creating a more connected and compassionate world.",90,ai_neutral,AI,Social Isolation
"Isn't it a paradox that the spaces designed for safety – homes, families – can sometimes become the very source of lasting emotional wounds? Childhood trauma isn’t always dramatic, overt abuse; often, it’s the insidious erosion of a child’s sense of self through chronic neglect, parental inconsistency, or witnessing domestic conflict. These experiences, while lacking physical scars, leave deep imprints on the developing brain, altering stress response systems and impacting emotional regulation. The consequences aren’t simply ‘feeling sad’; they manifest as difficulties forming secure attachments, heightened anxiety, and a pervasive sense of unworthiness. Untreated, these early wounds can contribute to a cycle of unhealthy relationships and mental health challenges throughout life, demanding compassionate understanding and specialized intervention.",117,ai_neutral,AI,Childhood Trauma
"The concept of ‘adverse childhood experiences’ (ACEs) provides a quantifiable framework for understanding the long-term impact of trauma. Research consistently demonstrates a strong correlation between the number of ACEs a person experiences and their risk for a wide range of negative health outcomes, including heart disease, diabetes, and substance abuse. This isn’t to suggest a deterministic relationship – resilience plays a crucial role – but rather highlights the biological and psychological toll that early adversity takes on the body. Recognizing ACEs isn’t about blaming parents; it’s about acknowledging the systemic factors that contribute to childhood trauma and advocating for preventative measures, such as supporting families and promoting safe, stable environments for all children.",113,ai_neutral,AI,Childhood Trauma
"Imagine a garden where the soil is consistently poisoned. While some seeds might still sprout, their growth will be stunted, their blooms diminished. This is a fitting analogy for the impact of childhood trauma on a child’s development. The ‘poison’ represents the toxic stress caused by abuse, neglect, or witnessing violence, and the ‘seeds’ represent the child’s inherent potential. Trauma doesn’t erase potential, but it severely compromises the conditions necessary for healthy growth. Therapy, then, becomes the process of remediating the soil, providing the nutrients and support needed to nurture resilience and allow the child’s true self to flourish.",99,ai_neutral,AI,Childhood Trauma
"“The body keeps the score,” Bessel van der Kolk famously wrote, and this rings particularly true for individuals grappling with the aftermath of childhood trauma. Unlike talk-based therapies, somatic experiencing and other body-centered approaches recognize that trauma isn’t solely stored in the mind; it’s physically embedded in the nervous system. Symptoms like chronic pain, digestive issues, and unexplained fatigue can often be traced back to unresolved trauma. By focusing on releasing the physical tension and restoring regulation within the body, these therapies offer a powerful pathway to healing that complements traditional psychological interventions.",93,ai_neutral,AI,Childhood Trauma
"Often, the most damaging aspect of childhood trauma isn’t the event itself, but the *silence* surrounding it. When children are discouraged from talking about their experiences, or when their feelings are dismissed or invalidated, they learn to internalize their pain and shame. This secrecy creates a breeding ground for self-blame and prevents them from seeking the support they desperately need. Breaking the cycle of silence requires creating safe spaces where children feel empowered to share their stories without fear of judgment or retribution, and where adults are equipped to listen with empathy and understanding.",94,ai_neutral,AI,Childhood Trauma
"Consider the subtle ways trauma can manifest in adulthood – not as dramatic flashbacks, but as a persistent difficulty trusting others, a tendency towards people-pleasing, or an overwhelming fear of abandonment. These behaviors, often developed as coping mechanisms in childhood, can sabotage relationships and hinder personal growth. Recognizing these patterns as trauma responses, rather than character flaws, is a crucial step towards self-compassion and healing. It allows individuals to understand that their struggles aren’t a reflection of their worth, but a consequence of past adversity.",85,ai_neutral,AI,Childhood Trauma
"The intergenerational transmission of trauma is a sobering reality. Children who experience trauma are more likely to struggle with parenting, potentially perpetuating a cycle of adversity for their own children. This isn’t a matter of intentional harm, but rather a consequence of unresolved emotional wounds impacting their ability to provide consistent, nurturing care. Breaking this cycle requires acknowledging the impact of past trauma on current parenting patterns and seeking support to develop healthier coping mechanisms and attachment styles. Therapy, support groups, and mindful parenting practices can all play a vital role.",91,ai_neutral,AI,Childhood Trauma
"What if we reframed childhood trauma not as a defining characteristic, but as a catalyst for profound growth? While the pain is undeniable, the process of healing can foster resilience, empathy, and a deeper understanding of the human condition. Many individuals who have overcome significant adversity go on to live meaningful lives, dedicating themselves to helping others and advocating for social justice. Trauma can, paradoxically, unlock a unique capacity for compassion and a fierce determination to create a better world.",80,ai_neutral,AI,Childhood Trauma
"The legal system often struggles to adequately address the complexities of childhood trauma. While child protective services aim to safeguard vulnerable children, the process can be retraumatizing, particularly when children are forced to testify against their abusers. Furthermore, the focus often remains on the immediate crisis, neglecting the long-term therapeutic needs of survivors. A trauma-informed legal system would prioritize the well-being of children, minimizing further harm and ensuring access to comprehensive support services, including mental health care and advocacy.",79,ai_neutral,AI,Childhood Trauma
"Beyond individual therapy, community-based interventions are essential for addressing the widespread impact of childhood trauma. Creating safe and supportive schools, providing accessible mental health services, and fostering strong social networks can all contribute to a more trauma-informed community. This requires a shift in perspective – from asking “What’s wrong with you?” to asking “What happened to you?” – and a commitment to creating environments where all children can thrive, free from the shadow of adversity.",75,ai_neutral,AI,Childhood Trauma
"Is it possible to truly outrun the echoes of a difficult childhood? The insidious nature of early trauma isn’t always dramatic outbursts or visible scars; often, it manifests as a pervasive sense of unworthiness, a quiet hum of anxiety that dictates choices and colors perceptions. This internal landscape, shaped by experiences of neglect, abuse, or profound loss, can lead to patterns of self-sabotage, difficulty forming healthy attachments, and a relentless inner critic. The brain, still developing during these formative years, adapts to survive, creating coping mechanisms that, while effective in the moment, can become detrimental in adulthood. Recognizing these patterns – the people-pleasing, the avoidance, the hypervigilance – is the first, crucial step towards healing, a process that demands patience and self-compassion.",122,ai_neutral,AI,Childhood Trauma
"The concept of ‘brokenness’ is often unfairly applied to those who’ve experienced childhood trauma. Instead, consider the analogy of kintsugi, the Japanese art of repairing broken pottery with gold. The cracks aren’t erased; they’re highlighted, becoming integral to the object’s beauty and story. Similarly, trauma doesn’t destroy a person, it reshapes them. The resulting vulnerabilities can foster profound empathy, resilience, and a unique perspective on the world. However, this isn’t to romanticize suffering. It’s acknowledging that even within the deepest wounds, there’s potential for growth and transformation, a strength forged in the fires of adversity. The gold isn’t a cover-up, but a celebration of survival.",105,ai_neutral,AI,Childhood Trauma
"Frequently, the impact of childhood trauma isn’t immediately apparent. It doesn’t always present as obvious mental health struggles. Instead, it can subtly influence physical health, manifesting as chronic pain, autoimmune disorders, or digestive issues. The body remembers what the mind tries to forget, storing traumatic experiences in the nervous system. This physiological response isn’t a sign of weakness, but a natural consequence of prolonged stress and dysregulation. Understanding this mind-body connection is vital for holistic healing, emphasizing the importance of practices like somatic experiencing, yoga, and mindfulness to release stored tension and restore a sense of safety within the body.",100,ai_neutral,AI,Childhood Trauma
"“The past is never dead. It’s not even past,” William Faulkner famously wrote, and this sentiment rings particularly true for individuals grappling with the aftermath of childhood trauma. The past isn’t a fixed point in time, but a living presence that continues to influence the present. Flashbacks, nightmares, and intrusive thoughts aren’t simply memories; they’re re-experiencing events as if they’re happening now. This can disrupt daily functioning, erode self-esteem, and create a sense of being perpetually on edge. Effective therapy focuses on processing these fragmented memories, creating a coherent narrative, and ultimately, reclaiming control over the internal experience.",98,ai_neutral,AI,Childhood Trauma
"One of the most challenging aspects of childhood trauma is the disruption of trust – not just in others, but in oneself. When fundamental needs for safety and security are unmet, it creates a deep-seated belief that the world is an unpredictable and dangerous place. This can lead to difficulties with intimacy, a fear of vulnerability, and a tendency to push people away. Rebuilding trust requires a gradual process of self-discovery, learning to identify healthy boundaries, and cultivating self-compassion. It’s about recognizing that you are worthy of love and connection, despite the experiences of the past.",96,ai_neutral,AI,Childhood Trauma
"Consider the ripple effect of intergenerational trauma. Adverse experiences aren’t confined to a single generation; they can be passed down through families, shaping parenting styles, belief systems, and emotional patterns. Children of parents who themselves experienced trauma may unknowingly replicate those patterns, creating a cycle of pain and dysfunction. Breaking this cycle requires awareness, intentionality, and a commitment to healing. It’s about acknowledging the past, understanding its impact, and making conscious choices to create a different future for subsequent generations.",80,ai_neutral,AI,Childhood Trauma
"Often overlooked is the impact of childhood trauma on identity formation. When a child’s sense of self is repeatedly invalidated or harmed, it can lead to a fragmented and unstable identity. They may struggle with questions of who they are, what they want, and where they belong. This can manifest as a chameleon-like tendency to adapt to others’ expectations, a lack of clear values, or a persistent feeling of emptiness. Reclaiming a sense of self requires exploration, self-expression, and a willingness to embrace authenticity, even if it means challenging deeply ingrained beliefs.",92,ai_neutral,AI,Childhood Trauma
"The societal tendency to minimize or dismiss childhood trauma contributes significantly to the suffering of survivors. Phrases like “get over it” or “it was a long time ago” invalidate the profound and lasting impact of these experiences. This lack of understanding can lead to feelings of shame, isolation, and self-blame. Creating a more trauma-informed society requires education, empathy, and a willingness to listen to survivors without judgment. It’s about recognizing that healing is a process, not a destination, and that support is essential.",83,ai_neutral,AI,Childhood Trauma
"Imagine a garden overgrown with weeds. These weeds represent the maladaptive coping mechanisms developed in response to childhood trauma – the substance abuse, the compulsive behaviors, the emotional detachment. While these behaviors may have provided temporary relief, they ultimately stifle growth and prevent the flourishing of a healthy self. Therapy can be viewed as the process of carefully weeding the garden, removing the harmful patterns and creating space for new, more nourishing growth. This requires patience, persistence, and a willingness to get your hands dirty.",85,ai_neutral,AI,Childhood Trauma
"What if, instead of focusing solely on the ‘what happened’ of childhood trauma, we prioritized the ‘how it changed you’? While acknowledging the pain is crucial, dwelling exclusively on the past can be paralyzing. Shifting the focus to the skills developed in response to adversity – the heightened intuition, the resilience, the capacity for empathy – can empower survivors to reframe their narratives. These aren’t simply byproducts of trauma; they’re strengths forged in the crucible of experience, qualities that can be harnessed for personal growth and positive change.",88,ai_neutral,AI,Childhood Trauma
"Isn't it a paradox that the spaces designed for safety – homes, families – can sometimes become the very source of lasting wounds? Childhood trauma isn’t always dramatic, overt abuse; often, it’s the insidious erosion of a child’s sense of self through emotional neglect, consistent criticism, or witnessing domestic conflict. These experiences, while lacking physical scars, can fundamentally alter brain development, impacting emotional regulation, attachment styles, and the ability to form healthy relationships later in life. The cumulative effect of these subtle injuries can manifest as anxiety, depression, or a pervasive feeling of unworthiness, shaping an individual’s worldview long after the initial events have faded from conscious memory. Recovery isn’t about forgetting, but about reprocessing and integrating these experiences into a coherent narrative.",123,ai_neutral,AI,Childhood Trauma
"The body remembers what the mind tries to forget. This is a crucial understanding when considering the long-term effects of childhood trauma. Beyond the psychological impact, trauma is physically encoded within the nervous system, leading to heightened stress responses, chronic pain, and increased vulnerability to illness. Individuals who experienced adverse childhood experiences (ACEs) are statistically more likely to develop conditions like heart disease, diabetes, and autoimmune disorders. This isn’t simply correlation; the constant activation of the fight-or-flight response during formative years fundamentally alters physiological functioning. Addressing childhood trauma, therefore, requires a holistic approach that integrates somatic therapies alongside traditional talk therapy.",101,ai_neutral,AI,Childhood Trauma
"“The wound is the place where the Light enters you,” Rumi wrote, a sentiment that resonates deeply with the experience of overcoming childhood trauma. While acknowledging the pain is essential, focusing solely on the trauma itself can be re-traumatizing. A more productive approach involves identifying the strengths and resilience developed *as a result* of navigating those difficult experiences. Did the child learn hyper-vigilance, becoming exceptionally attuned to the needs of others? Did they develop a fierce independence out of necessity? These aren’t necessarily healthy coping mechanisms in the long term, but they represent adaptive strategies born from adversity, and can be reframed as valuable assets in the healing process.",109,ai_neutral,AI,Childhood Trauma
"Consider the ripple effect: childhood trauma doesn’t exist in isolation. It impacts not only the individual who experienced it, but also their future relationships, their parenting style, and even their communities. Intergenerational trauma, the transmission of unresolved trauma across generations, is a well-documented phenomenon. Parents who haven’t processed their own childhood wounds may inadvertently perpetuate harmful patterns with their children, creating a cycle of pain. Breaking this cycle requires conscious effort, self-awareness, and a commitment to healing, not just for oneself, but for future generations.",85,ai_neutral,AI,Childhood Trauma
"Often, the most damaging aspect of childhood trauma isn’t the event itself, but the *silence* surrounding it. Shame, fear of judgment, or a desire to protect family members can lead to secrets and suppressed memories. This silence creates a breeding ground for self-blame and distorted perceptions of reality. The act of voicing the trauma – whether through therapy, journaling, or trusted relationships – is a powerful step towards reclaiming agency and challenging the narrative imposed by the abuser or the circumstances. Breaking the silence allows for validation, support, and the possibility of collective healing.",94,ai_neutral,AI,Childhood Trauma
"Imagine a garden overgrown with weeds. These weeds represent the maladaptive coping mechanisms developed in response to childhood trauma – substance abuse, self-harm, compulsive behaviors. While these behaviors may provide temporary relief, they ultimately choke the life out of healthy growth. Therapy, in this analogy, is the gardener, carefully removing the weeds and cultivating the soil. However, simply removing the weeds isn’t enough; the gardener must also plant new seeds – healthy coping skills, self-compassion, and boundaries – to ensure a thriving garden. This process takes time, patience, and consistent effort.",91,ai_neutral,AI,Childhood Trauma
"The concept of ‘complex trauma’ – resulting from prolonged, repeated trauma, often within the context of a primary relationship – differs significantly from single-incident trauma. It’s not about a specific event, but about a pervasive pattern of abuse or neglect that fundamentally shapes a child’s developing sense of self. This can lead to difficulties with identity formation, emotional regulation, and the ability to trust others. Individuals with complex trauma often struggle with chronic feelings of emptiness, dissociation, and a distorted sense of reality, requiring specialized therapeutic approaches that address the systemic nature of their wounds.",95,ai_neutral,AI,Childhood Trauma
"What if we reframed the language around childhood trauma, moving away from deficit-based models and towards a strengths-based perspective? Instead of focusing on what was *lost* – innocence, trust, security – we could emphasize the resilience, adaptability, and inner strength that allowed the individual to survive. This isn’t about minimizing the pain, but about recognizing the inherent capacity for growth and transformation. Acknowledging these strengths can empower individuals to take ownership of their healing journey and build a future defined not by trauma, but by possibility.",86,ai_neutral,AI,Childhood Trauma
"The search for meaning is a common thread in the aftermath of childhood trauma. Why did this happen to me? What purpose does this pain serve? While there may not be easy answers, grappling with these existential questions can be a catalyst for profound personal growth. Some individuals find solace in spirituality, others in creative expression, and still others in advocacy work. The act of transforming suffering into something meaningful – whether through art, activism, or simply sharing their story – can be incredibly empowering and healing.",87,ai_neutral,AI,Childhood Trauma
"It’s easy to fall into the trap of believing that healing from childhood trauma is a linear process. The reality is far more messy and unpredictable. There will be setbacks, triggers, and moments of intense emotional pain. Progress isn’t always visible, and it often feels like two steps forward, one step back. Self-compassion is paramount during these times. Recognizing that healing is a journey, not a destination, and allowing oneself to feel the full range of emotions without judgment is crucial for navigating the inevitable challenges that arise.",88,ai_neutral,AI,Childhood Trauma
"Isn't it a paradox that the spaces designed for safety – homes, families – can sometimes become the very source of lasting emotional wounds? Childhood trauma, encompassing abuse, neglect, or witnessing violence, doesn’t always leave visible scars. Often, it manifests as a subtle erosion of self-worth, a persistent anxiety, or difficulty forming healthy attachments. The developing brain, still constructing its understanding of the world, internalizes these experiences as fundamental truths about itself and relationships. This can lead to maladaptive coping mechanisms, such as substance abuse or self-harm, not as choices, but as desperate attempts to manage overwhelming pain. Recognizing the insidious nature of these early wounds is the first step towards healing, acknowledging that the past doesn’t dictate the future.",120,ai_neutral,AI,Childhood Trauma
"The concept of ‘resilience’ is often invoked when discussing childhood trauma, but framing it solely as an individual strength can be misleading. While some children demonstrate remarkable adaptability, attributing recovery solely to personal fortitude ignores the crucial role of external support systems. A stable, nurturing relationship with even one adult – a teacher, a relative, a mentor – can act as a buffer against the damaging effects of adversity. Furthermore, access to mental health resources, safe environments, and supportive communities are not luxuries, but necessities for fostering genuine healing. Resilience isn’t simply *bouncing back*; it’s about adapting *well* in the face of significant hardship, and that requires more than just inner strength.",112,ai_neutral,AI,Childhood Trauma
"“The body keeps the score,” Bessel van der Kolk famously wrote, and this rings particularly true for those who experienced trauma in childhood. Because young brains haven’t fully developed the capacity for verbal processing, traumatic memories are often stored somatically – in the physical sensations and emotional responses of the body. This can manifest as chronic pain, digestive issues, or heightened startle responses, seemingly unrelated to any current threat. Traditional talk therapy, while valuable, may not be sufficient to address these deeply ingrained physical manifestations. Somatic experiencing, EMDR, and other body-centered therapies offer alternative pathways to release the trapped energy of trauma and restore a sense of embodied safety.",109,ai_neutral,AI,Childhood Trauma
"Consider the ripple effect of unresolved childhood trauma extending beyond the individual. Patterns of dysfunctional behavior, learned in the context of early adversity, can be unconsciously replicated in subsequent generations. Parents who haven’t processed their own wounds may struggle to provide the consistent, emotionally available parenting their children need. This isn’t necessarily a matter of malicious intent, but rather a consequence of operating from a place of emotional dysregulation. Breaking this cycle requires a conscious effort towards self-awareness, healing, and a commitment to creating a different narrative for future generations.",90,ai_neutral,AI,Childhood Trauma
"Often, the insidious nature of childhood trauma lies in its normalization. When abuse or neglect occurs within the family system, it can become shrouded in secrecy and denial. Children may be explicitly told their experiences are “not a big deal” or implicitly learn that speaking out will result in punishment or abandonment. This creates a profound sense of invalidation, leading them to question their own perceptions and internalize shame. The long-term consequences of this gaslighting can be devastating, eroding trust in oneself and others, and hindering the ability to establish healthy boundaries.",92,ai_neutral,AI,Childhood Trauma
"Imagine a garden where the soil has been poisoned. While seeds may still be planted, their growth will be stunted, their blooms diminished. Childhood trauma functions similarly, contaminating the fertile ground of a child’s developing psyche. It doesn’t necessarily destroy potential, but it creates significant obstacles to flourishing. The individual may expend enormous energy simply to maintain a semblance of normalcy, constantly battling internal demons and navigating a world that feels inherently unsafe. Understanding this analogy is crucial for fostering compassion, both for oneself and for others who carry the weight of past wounds.",94,ai_neutral,AI,Childhood Trauma
"The diagnostic criteria for complex PTSD (C-PTSD) highlight the unique challenges faced by individuals who experienced prolonged, repeated trauma in childhood. Unlike single-incident PTSD, C-PTSD often involves difficulties with emotional regulation, distorted self-perception, and relationship instability. These symptoms aren’t simply “personality flaws,” but rather adaptive responses to chronic adversity. Recognizing C-PTSD as a distinct diagnosis is vital for ensuring that individuals receive the specialized, trauma-informed care they deserve, moving beyond traditional approaches that may prove ineffective.",76,ai_neutral,AI,Childhood Trauma
"What if the most significant impact of childhood trauma isn’t what *happened*, but what *didn’t* happen? Emotional neglect – the consistent failure to provide a child with the emotional support, validation, and attunement they need – can be profoundly damaging. While not as overtly harmful as physical or sexual abuse, emotional neglect leaves children feeling invisible, unworthy, and disconnected. This can lead to a pervasive sense of emptiness, difficulty identifying and expressing emotions, and a chronic longing for connection. The absence of nurturing can be as devastating as the presence of harm.",92,ai_neutral,AI,Childhood Trauma
"The legal system often struggles to adequately address the long-term consequences of childhood trauma. While perpetrators may be held accountable for specific acts of abuse or neglect, the systemic impact on the victim’s life – the lost opportunities, the mental health struggles, the impaired ability to function – is often overlooked. Restorative justice practices, which prioritize healing and accountability over punishment, offer a promising alternative. These approaches aim to address the harm caused by trauma, not simply to assign blame, fostering a more compassionate and effective response.",87,ai_neutral,AI,Childhood Trauma
"Frequently, individuals who experienced childhood trauma develop a heightened sensitivity to perceived threats. This isn’t a sign of weakness, but a neurobiological adaptation designed to protect them from future harm. The amygdala, the brain’s fear center, becomes hyperactive, triggering a constant state of vigilance. While this can be adaptive in acutely dangerous situations, it becomes exhausting and debilitating in everyday life. Learning to regulate the nervous system, through practices like mindfulness and deep breathing, can help to calm the amygdala and restore a sense of safety and groundedness.",88,ai_neutral,AI,Childhood Trauma
"Isn't it a paradox that the spaces designed for safety – homes, families – can sometimes become the very source of lasting emotional wounds? Childhood trauma, encompassing abuse, neglect, or witnessing violence, doesn’t simply vanish with time; it reshapes neurological development, impacting the brain’s stress response system and emotional regulation. This altered wiring can manifest as chronic anxiety, depression, or difficulty forming healthy attachments in adulthood. The insidious nature of such trauma lies in its normalization – a child, dependent on caregivers, often internalizes harmful behaviors as ‘just how things are.’ Consequently, breaking free requires not only acknowledging the past but actively rewiring those deeply ingrained patterns, a process often best navigated with professional support.",115,ai_neutral,AI,Childhood Trauma
"The concept of ‘adverse childhood experiences’ (ACEs) has revolutionized our understanding of long-term health outcomes. Originally a large-scale study by the CDC, ACEs demonstrate a startling correlation between traumatic childhood events – things like parental divorce, household dysfunction, or physical abuse – and increased risk for a wide range of physical and mental health problems later in life, including heart disease, diabetes, and substance abuse. This isn’t merely correlation; research suggests a direct biological link, with chronic stress from early trauma impacting immune function and cellular aging. Recognizing ACEs isn’t about blaming individuals, but about understanding the systemic impact of childhood adversity and advocating for preventative measures.",107,ai_neutral,AI,Childhood Trauma
"“The body keeps the score,” Bessel van der Kolk famously wrote, and this rings profoundly true for those grappling with the aftermath of childhood trauma. Often, memories aren’t stored as coherent narratives, but as fragmented sensory experiences – a smell, a sound, a physical sensation – that can trigger intense emotional flashbacks. These aren’t conscious recollections, but visceral re-experiencing of the original trauma, bypassing rational thought. This explains why seemingly innocuous events can evoke overwhelming anxiety or panic. Healing, therefore, requires somatic approaches – therapies that focus on releasing trauma stored within the body, rather than solely relying on talk therapy.",101,ai_neutral,AI,Childhood Trauma
"From a philosophical perspective, childhood trauma raises difficult questions about innocence and the social contract. A child inherently trusts their caregivers, expecting protection and nurturing. When that trust is violated, it shatters a fundamental belief in the safety of the world. This existential wound can lead to a pervasive sense of distrust, not just in individuals, but in systems and institutions. Rebuilding a sense of safety and meaning requires a re-evaluation of core beliefs and a conscious effort to cultivate self-compassion and resilience in the face of a world that once felt profoundly unsafe.",94,ai_neutral,AI,Childhood Trauma
"Consider the intergenerational transmission of trauma. Unresolved trauma doesn’t simply stay with the individual; it can be passed down to subsequent generations through altered parenting styles, genetic predispositions, and learned behaviors. A parent who experienced childhood abuse may, unconsciously, replicate those patterns with their own children, creating a cycle of adversity. Breaking this cycle requires awareness, intentionality, and a commitment to healing – not just for oneself, but for the sake of future generations. Therapy, support groups, and mindful parenting practices can all play a crucial role.",87,ai_neutral,AI,Childhood Trauma
"What if we reframed childhood trauma not as a defining characteristic, but as a catalyst for growth? While acknowledging the profound pain and challenges it presents, it’s also important to recognize the resilience and strength that survivors often develop. Facing adversity can foster empathy, compassion, and a deep understanding of human suffering. Many individuals who have overcome childhood trauma dedicate their lives to helping others, becoming advocates, therapists, or simply sources of support for those in need. This isn’t to minimize the pain, but to highlight the potential for post-traumatic growth.",91,ai_neutral,AI,Childhood Trauma
"The legal system often struggles to adequately address the long-term consequences of childhood trauma. While criminal charges may be filed in cases of abuse or neglect, the focus is often on the immediate offense, rather than the lasting impact on the victim. This can leave survivors feeling re-victimized and unsupported. A more trauma-informed legal approach would prioritize the needs of the survivor, offering access to counseling, advocacy services, and restorative justice options that focus on healing and accountability, rather than solely on punishment.",83,ai_neutral,AI,Childhood Trauma
"Imagine a child constantly scanning their environment for threats, hypervigilant and anticipating danger. This isn’t a character flaw; it’s a survival mechanism developed in response to a traumatic environment. The constant state of alert depletes cognitive resources, impacting academic performance, social interactions, and overall well-being. Understanding this neurological response is crucial for educators and caregivers. Creating a safe and predictable environment, offering consistent support, and avoiding triggers can help to regulate the nervous system and promote a sense of security.",80,ai_neutral,AI,Childhood Trauma
"Beyond individual therapy, community-based interventions are vital in addressing childhood trauma. Strengthening families, providing access to affordable childcare, and creating safe neighborhoods can all serve as preventative measures. Furthermore, schools can play a critical role by implementing trauma-informed practices, training staff to recognize the signs of trauma, and offering support services to students. A collective, community-wide approach is essential to creating a nurturing environment where all children can thrive.",69,ai_neutral,AI,Childhood Trauma
"Frequently, the silence surrounding childhood trauma is as damaging as the trauma itself. Shame, fear of judgment, and societal stigma often prevent survivors from seeking help or sharing their stories. Breaking this silence requires creating safe spaces for dialogue, promoting open conversations about mental health, and challenging harmful narratives that blame victims. When survivors are empowered to share their experiences, it not only fosters healing but also inspires others to come forward and seek support, dismantling the cycle of secrecy and shame.",82,ai_neutral,AI,Childhood Trauma
"Isn't it a paradox that in a society boasting unprecedented wealth, so many remain trapped in cycles of poverty? Class disparity isn’t simply about income; it’s a systemic issue woven into the fabric of opportunity. Access to quality education, healthcare, and even nutritious food are heavily dictated by zip code and parental income. This creates a self-perpetuating loop where disadvantage is inherited, limiting social mobility and stifling potential. The consequences extend beyond individual hardship, impacting economic growth as a whole by underutilizing a significant portion of the population’s talent and innovation. Addressing this requires a multifaceted approach, focusing on equitable resource allocation and dismantling barriers to advancement.",107,ai_neutral,AI,Class Disparity
"The gleaming skyscrapers of financial districts often cast long shadows, and those shadows represent the growing chasm of class disparity. While the upper echelons experience exponential wealth accumulation, wages for the majority have stagnated for decades. This isn’t a natural economic phenomenon; it’s a direct result of policy choices – tax structures favoring the wealthy, deregulation weakening worker protections, and a decline in unionization. The narrative of “pulling oneself up by one’s bootstraps” ignores the fact that many lack even boots to begin with. A fundamental shift in priorities is needed, one that prioritizes the well-being of all citizens, not just a select few.",104,ai_neutral,AI,Class Disparity
"Consider the subtle, yet pervasive, impact of “cultural capital.” Class disparity manifests not only in financial terms but also in the unspoken rules and advantages afforded to those from privileged backgrounds. Knowing how to navigate elite social circles, possessing the “right” accent, or understanding unwritten expectations in professional settings can be just as crucial as formal qualifications. These advantages, often unconsciously transmitted through families and social networks, create an uneven playing field, reinforcing existing inequalities and making upward mobility significantly harder for those lacking this inherited knowledge.",87,ai_neutral,AI,Class Disparity
"“The problem isn’t that some people are born with silver spoons,” as the saying goes, “it’s that others are born without forks.” This stark observation highlights the fundamental injustice at the heart of class disparity. It’s not about resentment towards success, but about the denial of basic necessities and opportunities to a substantial portion of the population. This inequality breeds social unrest, erodes trust in institutions, and ultimately undermines the stability of society. A truly just society ensures a minimum standard of living for all, allowing everyone to participate fully and contribute their talents.",94,ai_neutral,AI,Class Disparity
"Looking at the data, the correlation between parental income and a child’s future success is disturbingly strong. Class disparity isn’t a future threat; it’s a present reality shaping the lives of an entire generation. Children born into poverty are more likely to experience health problems, attend underfunded schools, and face limited career prospects. This intergenerational transmission of disadvantage requires early intervention programs – universal preschool, affordable childcare, and robust social safety nets – to break the cycle and provide all children with a fair start.",85,ai_neutral,AI,Class Disparity
"Imagine two individuals, equally intelligent and motivated, but born into vastly different circumstances. One has access to advanced educational resources, healthcare, and a supportive network; the other faces systemic barriers at every turn. This isn’t a hypothetical scenario; it’s the everyday reality for millions. Class disparity isn’t merely an economic issue; it’s a moral one. It represents a failure to uphold the principles of equality and opportunity, and it demands a collective commitment to creating a more just and equitable society.",81,ai_neutral,AI,Class Disparity
"The narrative surrounding class disparity often focuses on individual responsibility, blaming those experiencing poverty for their circumstances. However, this ignores the structural forces at play. Redlining, discriminatory lending practices, and biased criminal justice systems have historically and continue to disadvantage marginalized communities, creating barriers to wealth accumulation and perpetuating cycles of poverty. Recognizing these systemic issues is crucial for developing effective solutions that address the root causes of inequality, not just the symptoms.",73,ai_neutral,AI,Class Disparity
"One often overlooked consequence of class disparity is its impact on civic engagement. When individuals feel disenfranchised and believe the system is rigged against them, they are less likely to participate in democratic processes. This creates a vicious cycle where the voices of the marginalized are further silenced, and policies continue to favor the wealthy and powerful. Strengthening democratic institutions and ensuring equal access to political participation are essential for addressing class disparity and building a more representative society.",79,ai_neutral,AI,Class Disparity
"Perhaps the most insidious aspect of class disparity is its normalization. We’ve become accustomed to vast inequalities, accepting them as an inevitable part of modern life. This complacency allows the problem to persist and even worsen. Challenging this normalization requires a conscious effort to raise awareness, promote empathy, and demand accountability from those in power. It necessitates a fundamental shift in our collective mindset, recognizing that a more equitable society benefits everyone.",72,ai_neutral,AI,Class Disparity
"Reflect on the concept of “opportunity hoarding.” Class disparity isn’t simply about a lack of resources for some; it’s about the deliberate concentration of resources and opportunities in the hands of a few. This can manifest in exclusive schools, gated communities, and networks that actively exclude those from lower socioeconomic backgrounds. Breaking down these barriers to opportunity requires policies that promote inclusivity, such as affirmative action, progressive taxation, and investments in public goods that benefit all members of society.",79,ai_neutral,AI,Class Disparity
"Isn't it a peculiar paradox that in a society boasting unprecedented wealth, so many remain trapped in cycles of poverty? Class disparity isn’t simply about income; it’s a systemic issue woven into the fabric of opportunity. Access to quality education, healthcare, and even nutritious food are heavily dictated by zip code, creating a self-perpetuating disadvantage for those born into lower socioeconomic strata. This isn’t a matter of individual failings, but of structural barriers. The narrative of “pulling oneself up by one’s bootstraps” ignores the fact that many lack boots to begin with. Consequently, social mobility stagnates, and the gap between the haves and have-nots continues to widen, fostering resentment and instability.",111,ai_neutral,AI,Class Disparity
"The gleaming skyscrapers and luxury boutiques of a city often mask a stark reality: a deeply fractured social landscape. Class disparity manifests not just in financial terms, but in the very spaces people inhabit and the experiences they’re afforded. Consider the difference in park access, grocery store options, or even exposure to environmental hazards – these seemingly minor discrepancies accumulate to create vastly different life trajectories. This spatial segregation reinforces existing inequalities, limiting social interaction and perpetuating stereotypes. It’s a subtle, yet powerful, form of social control, maintaining the status quo by physically and psychologically dividing communities.",97,ai_neutral,AI,Class Disparity
"“The problem isn’t that some people are born with silver spoons,” the economist argued, “it’s that others are born with lead weights.” This sentiment encapsulates the core of class disparity: an uneven playing field from the outset. Inherited wealth and privilege provide advantages that are impossible to replicate through hard work alone. Networks, connections, and access to capital are often passed down through generations, creating a cumulative advantage for the already fortunate. While meritocracy is a laudable ideal, it’s a flawed system when starting points are so drastically different. Addressing this requires acknowledging the role of inheritance and considering policies that level the playing field.",105,ai_neutral,AI,Class Disparity
"Observing the political discourse surrounding social safety nets reveals a troubling trend: the demonization of those who rely on assistance. Class disparity isn’t merely an economic issue; it’s a moral one, often fueled by judgmental attitudes towards poverty. The narrative that individuals are solely responsible for their circumstances ignores the systemic factors at play – job displacement, wage stagnation, and lack of affordable housing. Cutting social programs under the guise of “personal responsibility” exacerbates the problem, pushing vulnerable populations further into desperation and reinforcing cycles of disadvantage. A compassionate society invests in its citizens, not punishes them for their circumstances.",100,ai_neutral,AI,Class Disparity
"Imagine two children, identical in potential, but raised in vastly different environments. One attends well-funded schools, enjoys enriching extracurricular activities, and has access to healthcare. The other struggles with overcrowded classrooms, limited resources, and inadequate medical care. This isn’t a hypothetical scenario; it’s the everyday reality for millions. Class disparity directly impacts human capital development, stifling potential and limiting opportunities. The loss of talent and innovation resulting from this inequity is a societal cost we can ill afford. Investing in equitable access to resources isn’t just about fairness; it’s about maximizing collective prosperity.",93,ai_neutral,AI,Class Disparity
"Frequently, discussions about class disparity center on income, but wealth – the total value of assets – paints a far more revealing picture. While income provides a snapshot of current earnings, wealth represents accumulated advantage, passed down through generations. The concentration of wealth in the hands of a small percentage of the population creates a power imbalance that extends beyond economic influence. It shapes political agendas, controls media narratives, and ultimately undermines democratic principles. Addressing wealth inequality requires considering policies like progressive taxation and estate taxes.",86,ai_neutral,AI,Class Disparity
"Consider the psychological toll of constantly navigating a system rigged against you. Class disparity isn’t just about material hardship; it’s about the chronic stress, anxiety, and diminished self-worth experienced by those living in poverty. The constant struggle to meet basic needs can lead to mental health challenges, substance abuse, and reduced life expectancy. This creates a vicious cycle, making it even more difficult to escape poverty. Ignoring the psychological impact of inequality is a critical oversight in any attempt to address the problem.",83,ai_neutral,AI,Class Disparity
"A common misconception is that class disparity is a natural outcome of a free market economy. However, market forces are not neutral; they operate within a framework of existing power structures and historical inequalities. Policies like deregulation, tax cuts for the wealthy, and weakened labor protections have actively contributed to the widening gap between the rich and the poor. To claim that the current level of inequality is simply the result of individual merit ignores the deliberate choices that have shaped our economic landscape. A truly free market requires a level playing field, which currently does not exist.",98,ai_neutral,AI,Class Disparity
"The narrative often presented is that upward mobility is readily available to anyone willing to work hard. Yet, statistical evidence consistently demonstrates that social mobility in many developed nations is surprisingly low, particularly in the United States. Children born into the bottom quintile have a significantly lower chance of reaching the top quintile compared to their counterparts in other countries. This suggests that systemic barriers, not individual effort, are the primary determinants of economic success. Challenging this myth requires a critical examination of the policies and structures that limit opportunity.",90,ai_neutral,AI,Class Disparity
"If we define a just society as one where everyone has a fair chance to thrive, then current levels of class disparity represent a profound moral failing. The sheer scale of the gap – the vast difference in living standards, opportunities, and life expectancies – is unacceptable. While complete equality may be an unrealistic goal, striving for greater equity is a fundamental obligation. This requires a multifaceted approach, encompassing policies related to education, healthcare, housing, and economic justice, all guided by a commitment to creating a more inclusive and compassionate society.",91,ai_neutral,AI,Class Disparity
"Isn't it a peculiar paradox that in a society boasting unprecedented wealth, so many remain tethered to cycles of poverty? Class disparity isn’t simply about income; it’s a systemic issue woven into the fabric of opportunity. Access to quality education, healthcare, and even nutritious food are drastically different depending on zip code, creating a self-perpetuating disadvantage. Children born into low-income families often face barriers from the start, limiting their potential and reinforcing existing inequalities. This isn’t a matter of individual failings, but a structural problem demanding comprehensive solutions – from equitable funding for schools to affordable housing initiatives and robust social safety nets. Ignoring this chasm risks not only economic stagnation but also social unrest and a diminished collective future.",120,ai_neutral,AI,Class Disparity
"The chipped Formica countertop in the diner felt cold under Elias’s elbows, a stark contrast to the warmth radiating from the bustling kitchen. He watched, unnoticed, as a businessman in a tailored suit discussed a multi-million dollar deal on his phone, oblivious to the waitress struggling to make ends meet just feet away. This everyday scene encapsulates the quiet brutality of class disparity. It’s not always dramatic confrontations, but the subtle, constant reminders of unequal access and opportunity. The businessman isn’t inherently malicious, but his privilege shields him from the daily anxieties faced by those working tirelessly for a fraction of his wealth. This disconnect fosters a lack of empathy and hinders meaningful progress towards a more just society.",119,ai_neutral,AI,Class Disparity
"“The playing field is not level,” a sentiment echoed across countless conversations, accurately describes the core issue of class disparity. However, framing it as simply ‘unfair’ overlooks the deliberate mechanisms that maintain the imbalance. Tax policies favoring the wealthy, lobbying efforts that prioritize corporate interests, and the erosion of worker protections all contribute to a system rigged in favor of those already at the top. Addressing this requires more than charitable donations or individual acts of kindness; it demands systemic reform and a willingness to challenge the power structures that perpetuate inequality. It’s about dismantling the barriers, not just offering a helping hand.",103,ai_neutral,AI,Class Disparity
"Consider the concept of ‘social capital’ – the networks of relationships and connections that provide advantages. While often overlooked, social capital is profoundly unevenly distributed. Individuals from affluent backgrounds inherit access to influential circles, mentorship opportunities, and insider knowledge, giving them a significant head start. Conversely, those from disadvantaged backgrounds often lack these crucial resources, limiting their career prospects and reinforcing cycles of poverty. This invisible advantage isn’t about merit; it’s about who you know, and that ‘who’ is often determined by the circumstances of your birth. Bridging this gap requires intentional efforts to create inclusive networks and provide equitable access to opportunities.",103,ai_neutral,AI,Class Disparity
"Observing the gentrification of once-vibrant, working-class neighborhoods reveals a particularly insidious form of class disparity. While revitalization can bring benefits, it often displaces long-term residents who can no longer afford the rising costs of living. The character of the community is eroded, replaced by upscale boutiques and restaurants catering to a wealthier clientele. This isn’t progress; it’s a transfer of wealth and opportunity, leaving those who built the neighborhood in the lurch. True community development must prioritize the needs of existing residents, ensuring they benefit from improvements rather than being forced out.",92,ai_neutral,AI,Class Disparity
"The narrative that anyone can ‘pull themselves up by their bootstraps’ ignores the fundamental realities of class disparity. While hard work and determination are valuable, they are insufficient to overcome systemic barriers. A single parent working two minimum wage jobs faces challenges vastly different from someone with inherited wealth and a network of support. The myth of meritocracy perpetuates the idea that poverty is a personal failing, absolving society of its responsibility to create a more equitable system. Recognizing the limitations of individual effort is crucial for fostering empathy and enacting meaningful change.",93,ai_neutral,AI,Class Disparity
"Imagine two children, identical in intelligence and potential, but born into vastly different circumstances. One has access to enriching extracurricular activities, advanced placement classes, and a supportive home environment. The other attends an underfunded school, lacks access to healthcare, and faces the daily stress of food insecurity. The outcome is almost predetermined. This isn’t a hypothetical scenario; it’s the lived reality for millions of children. Class disparity isn’t just about economic inequality; it’s about the denial of opportunity and the squandering of human potential.",84,ai_neutral,AI,Class Disparity
"A growing body of research demonstrates a strong correlation between socioeconomic status and health outcomes. Individuals from lower socioeconomic backgrounds experience higher rates of chronic disease, mental health issues, and premature mortality. This isn’t simply a matter of lifestyle choices; it’s a direct consequence of limited access to healthcare, nutritious food, safe housing, and stress-reducing resources. Class disparity, therefore, isn’t just an economic issue; it’s a public health crisis demanding urgent attention and equitable solutions.",75,ai_neutral,AI,Class Disparity
"Perhaps the most damaging consequence of class disparity is the erosion of social cohesion. When vast segments of the population feel excluded and marginalized, it breeds resentment, distrust, and ultimately, social instability. A society fractured by inequality is less resilient, less innovative, and less capable of addressing collective challenges. Investing in social programs, promoting economic mobility, and fostering a sense of shared responsibility are essential for rebuilding trust and strengthening the social fabric.",73,ai_neutral,AI,Class Disparity
"Reflecting on the sheer scale of wealth concentrated at the very top prompts a difficult question: at what point does accumulation become detrimental to the collective good? While individual success is admirable, extreme wealth inequality undermines democratic principles and creates a system where the voices of the majority are drowned out by the interests of the few. Class disparity isn’t simply a matter of fairness; it’s a threat to the very foundations of a just and equitable society, demanding a critical re-evaluation of our economic priorities.",86,ai_neutral,AI,Class Disparity
"Isn't it a peculiar paradox that in a society boasting unprecedented wealth, so many remain trapped in cycles of poverty? Class disparity isn’t simply about income; it’s a systemic issue woven into the fabric of opportunity. Access to quality education, healthcare, and even nutritious food are heavily dictated by zip code, creating a self-perpetuating disadvantage for those born into lower socioeconomic strata. This isn’t a matter of individual failings, but of structural barriers. The narrative of “pulling oneself up by one’s bootstraps” ignores the fact that many lack boots to begin with. Consequently, social mobility stagnates, and the gap between the haves and have-nots continues to widen, fostering resentment and instability. Addressing this requires a multifaceted approach focused on equitable resource distribution and dismantling systemic biases.",126,ai_neutral,AI,Class Disparity
"The stark reality of class disparity manifests most visibly in health outcomes. Beyond access to insurance, the stress of financial insecurity profoundly impacts physical and mental wellbeing. Individuals facing constant economic pressure experience higher rates of chronic disease, lower life expectancies, and limited preventative care. This isn’t merely correlation; it’s a direct consequence of the physiological toll exacted by prolonged hardship. Furthermore, neighborhoods with concentrated poverty often lack access to fresh produce and safe recreational spaces, contributing to health disparities. Ignoring these connections perpetuates a cycle where disadvantage breeds illness, and illness reinforces disadvantage, creating a deeply unfair and preventable situation.",101,ai_neutral,AI,Class Disparity
"“The playing field is not level,” a sentiment echoed across countless conversations about fairness, encapsulates the core issue of class disparity. While meritocracy is often touted as the cornerstone of success, the starting points are drastically different. Children from affluent families benefit from enriched early childhood education, extensive extracurricular activities, and networks of privilege, advantages unavailable to their less fortunate peers. This head start isn’t earned; it’s inherited. Consequently, talent and potential are often squandered, not due to lack of ability, but due to lack of opportunity. True meritocracy demands a commitment to leveling the playing field, ensuring everyone has a genuine chance to succeed.",105,ai_neutral,AI,Class Disparity
"Consider the subtle, yet pervasive, impact of social capital. Class disparity isn’t just about what you *have*; it’s about *who* you know. Affluent individuals navigate life with access to influential networks, mentorship opportunities, and insider information, advantages that significantly enhance their prospects. These connections aren’t readily available to those from disadvantaged backgrounds, creating a significant barrier to upward mobility. This invisible advantage reinforces existing inequalities, making it harder for individuals to break free from cycles of poverty. Building bridges across class lines and fostering inclusive networks is crucial for dismantling these systemic barriers.",93,ai_neutral,AI,Class Disparity
"Often overlooked in discussions of class disparity is the psychological impact of chronic scarcity. When basic needs aren’t met, cognitive bandwidth is consumed by immediate survival, leaving less mental energy for long-term planning, education, or personal development. This “scarcity mindset” isn’t a character flaw; it’s a rational response to a stressful environment. It impacts decision-making, increases impulsivity, and hinders the ability to invest in the future. Addressing class disparity requires not only material assistance but also interventions that alleviate the psychological burden of poverty, fostering hope and empowering individuals to envision a better future.",94,ai_neutral,AI,Class Disparity
"Imagine a city divided not by walls, but by invisible lines of economic segregation. This is the reality of class disparity in many urban centers. Concentrated poverty leads to underfunded schools, limited job opportunities, and increased exposure to crime, creating a cycle of disadvantage. Simultaneously, affluent neighborhoods benefit from superior resources and amenities, reinforcing their privilege. This spatial segregation isn’t accidental; it’s often the result of discriminatory housing policies and systemic disinvestment. Breaking down these barriers requires intentional efforts to promote integrated communities and equitable resource allocation.",87,ai_neutral,AI,Class Disparity
"The narrative surrounding class disparity frequently frames it as an individual problem, blaming those experiencing poverty for their circumstances. However, this perspective ignores the powerful influence of systemic factors. Minimum wage stagnation, declining union membership, and the erosion of social safety nets have all contributed to widening income inequality. These aren’t individual failures; they are policy choices. Shifting the focus from individual blame to systemic accountability is essential for developing effective solutions. We must acknowledge that poverty is often a consequence of structural forces beyond individual control.",87,ai_neutral,AI,Class Disparity
"What if we measured societal progress not by GDP growth, but by the wellbeing of its most vulnerable citizens? Class disparity reveals a fundamental flaw in our current metrics of success. A rising tide doesn’t lift all boats if some are deliberately weighed down. Focusing solely on economic indicators ignores the human cost of inequality – the lost potential, the diminished opportunities, and the erosion of social cohesion. A truly just society prioritizes the wellbeing of all its members, ensuring everyone has the opportunity to thrive, regardless of their socioeconomic background.",91,ai_neutral,AI,Class Disparity
"The intergenerational transmission of poverty is perhaps the most insidious aspect of class disparity. Children born into low-income families face significant disadvantages that can limit their opportunities throughout their lives. These disadvantages aren’t simply economic; they include limited access to quality education, healthcare, and social networks. Breaking this cycle requires targeted interventions that support families and invest in early childhood development. Providing children with a strong foundation is crucial for ensuring they have the opportunity to reach their full potential, regardless of their parents’ circumstances.",85,ai_neutral,AI,Class Disparity
"Beyond the economic and social consequences, class disparity erodes the very foundations of democracy. When a significant portion of the population feels disenfranchised and excluded from the political process, it breeds cynicism and distrust. The concentration of wealth and power in the hands of a few undermines the principles of equal representation and fair governance. Addressing class disparity isn’t just a matter of economic justice; it’s a matter of safeguarding our democratic institutions and ensuring a more equitable and inclusive society for all.",83,ai_neutral,AI,Class Disparity
"Isn't it a peculiar paradox that in a society boasting unprecedented wealth, so many remain trapped in cycles of poverty? Class disparity isn’t simply about income; it’s a systemic issue woven into the fabric of opportunity. Access to quality education, healthcare, and even nutritious food are heavily dictated by zip code and parental income. This creates a self-perpetuating loop where disadvantage is inherited, limiting social mobility and stifling potential. The narrative of meritocracy rings hollow when the starting line is so drastically uneven. Addressing this requires more than just charitable giving; it demands fundamental shifts in policy, focusing on equitable resource allocation and dismantling barriers to advancement for marginalized communities. It’s a moral imperative, and a practical necessity for a thriving future.",122,ai_neutral,AI,Class Disparity
"The stark reality of class disparity often manifests not as outright hostility, but as subtle, everyday exclusions. Consider the unspoken rules of networking events, the assumed cultural capital required to navigate certain professional spaces, or the financial burden of participating in extracurricular activities that bolster college applications. These seemingly minor hurdles accumulate, creating significant disadvantages for those lacking the resources to overcome them. This isn’t about individual failings; it’s about a system that privileges certain backgrounds and subtly penalizes others. Recognizing these insidious forms of exclusion is the first step towards building a more inclusive and equitable society, one where opportunity isn’t determined by circumstance.",105,ai_neutral,AI,Class Disparity
"“The problem isn’t that there are poor people,” as the saying goes, “but that there are wealth hoarders.” While a simplification, this sentiment highlights a crucial aspect of class disparity: the concentration of wealth at the very top. Decades of stagnant wages for the majority, coupled with tax policies favoring the affluent, have exacerbated the gap between the rich and the rest. This isn’t merely an economic issue; it’s a power imbalance. Concentrated wealth translates into concentrated political influence, allowing those at the top to shape policies that further entrench their advantages. Reversing this trend requires progressive taxation, stronger labor protections, and campaign finance reform.",105,ai_neutral,AI,Class Disparity
"Imagine two children, born minutes apart, yet destined for vastly different life trajectories. One is born into a family with access to excellent schools, healthcare, and a network of supportive professionals. The other faces underfunded schools, limited healthcare options, and a community grappling with systemic challenges. This isn’t a hypothetical scenario; it’s the lived reality for millions. Class disparity isn’t a natural phenomenon; it’s a consequence of choices – societal choices about how we allocate resources and prioritize opportunities. To truly address this, we must move beyond individual responsibility and focus on systemic change.",94,ai_neutral,AI,Class Disparity
"From a purely economic standpoint, extreme class disparity is demonstrably detrimental to overall growth. When a significant portion of the population lacks disposable income, consumer demand stagnates, hindering economic expansion. Furthermore, untapped potential within disadvantaged communities represents a massive loss of innovation and productivity. Investing in education, healthcare, and job training for all isn’t just a matter of social justice; it’s a sound economic strategy. A more equitable distribution of wealth fosters a more robust and resilient economy, benefiting everyone in the long run.",84,ai_neutral,AI,Class Disparity
"Often, discussions about class disparity center on financial metrics, overlooking the profound impact on mental and physical health. Chronic stress associated with poverty and economic insecurity takes a significant toll, leading to higher rates of chronic disease, depression, and anxiety. This creates a vicious cycle, as health problems further limit opportunities and perpetuate disadvantage. Addressing class disparity, therefore, requires a holistic approach that prioritizes access to affordable healthcare, mental health services, and supportive social programs. Ignoring the human cost is not only unethical, but also economically unsustainable.",87,ai_neutral,AI,Class Disparity
"Consider the subtle ways in which class influences our perceptions and biases. We often unconsciously associate success with certain behaviors and characteristics, while simultaneously stigmatizing those struggling with poverty. These implicit biases can affect hiring decisions, educational opportunities, and even interactions within the criminal justice system. Challenging these ingrained prejudices requires critical self-reflection and a commitment to dismantling systemic biases. It’s about recognizing that individual circumstances are often shaped by forces beyond one’s control.",74,ai_neutral,AI,Class Disparity
"Historically, class disparity hasn’t been a static condition. Throughout history, periods of extreme inequality have often been followed by social unrest and upheaval. From the French Revolution to the labor movements of the 20th century, societies have repeatedly demonstrated that unchecked disparity can lead to instability. While history doesn’t necessarily repeat itself, it offers valuable lessons. Ignoring the growing gap between the rich and the poor isn’t simply a matter of fairness; it’s a potential threat to social order. Proactive measures to address inequality are essential for maintaining a stable and just society.",93,ai_neutral,AI,Class Disparity
"What if we redefined “success” to encompass more than just financial accumulation? Our current societal values often prioritize wealth and status, creating a culture of relentless competition and individual ambition. This narrow definition of success overlooks the importance of community, creativity, and personal fulfillment. Shifting our focus towards these values could help to mitigate the negative consequences of class disparity, fostering a more collaborative and equitable society where everyone has the opportunity to thrive, regardless of their economic background.",79,ai_neutral,AI,Class Disparity
"The digital divide represents a contemporary manifestation of class disparity. Access to reliable internet and technology is no longer a luxury; it’s a necessity for education, employment, and civic participation. Those lacking access are effectively excluded from opportunities in the modern economy, further widening the gap between the haves and have-nots. Bridging this digital divide requires significant investment in infrastructure, affordable internet access, and digital literacy programs, ensuring that everyone has the tools they need to succeed in the 21st century.",81,ai_neutral,AI,Class Disparity
"Is it a paradox that confronting our eventual non-existence can actually amplify the vibrancy of life? The awareness of mortality isn’t morbid dwelling, but a recalibration of priorities. When we truly grasp the finite nature of our time, the accumulation of possessions feels less crucial, and experiences – genuine connection, creative expression, contributing to something larger than ourselves – take center stage. This isn’t about living recklessly, but living *intentionally*. It’s about recognizing that every sunrise is a gift, every conversation a potential treasure, and every moment a non-renewable resource. Accepting mortality allows us to shed the weight of societal expectations and define a life aligned with our deepest values, a life lived fully, knowing it won’t last forever.",119,ai_neutral,AI,Mortality Awareness
"The human tendency to compartmentalize death – to relegate it to hospitals, news reports, or distant futures – is a remarkably effective coping mechanism, yet ultimately a disservice. By shielding ourselves from the reality of our own impermanence, we inadvertently diminish our capacity for gratitude and appreciation. Consider the simple act of savoring a meal, not just for its taste, but for the complex chain of events that brought it to your plate, and the fact that you *can* experience that pleasure. Mortality awareness isn’t about being perpetually gloomy; it’s about recognizing the preciousness inherent in the everyday, the fleeting beauty that surrounds us, and the profound gift of consciousness itself.",111,ai_neutral,AI,Mortality Awareness
"“The art of living lies in our refusal to be determined by the limitations of our biology,” wrote philosopher Ernest Becker, a sentiment that highlights a crucial aspect of grappling with mortality. While we cannot escape death, we *can* choose how we respond to its inevitability. For some, this manifests as a pursuit of legacy – creating art, raising a family, or contributing to scientific advancement. For others, it’s a commitment to living ethically and compassionately, leaving the world a little brighter than they found it. The fear of oblivion can be a powerful motivator, driving us to transcend our individual limitations and connect with something enduring.",107,ai_neutral,AI,Mortality Awareness
"Often, our fear of death isn’t about the cessation of existence, but the fear of *unlived* life. The regret of opportunities missed, words unspoken, and dreams unpursued weighs heavily on the dying. This realization underscores the importance of proactive living – of identifying our passions, confronting our fears, and taking calculated risks. It’s not about achieving perfection, but about striving for authenticity and embracing the journey, imperfections and all. A life well-lived, even a short one, is far less daunting to contemplate than a life filled with “what ifs” and unrealized potential.",92,ai_neutral,AI,Mortality Awareness
"Imagine a world where mortality wasn’t a taboo subject, but an integrated part of the curriculum, discussed openly and honestly from a young age. Such a shift in perspective could fundamentally alter our societal values, moving away from relentless consumerism and towards a greater emphasis on community, sustainability, and meaningful connection. Instead of chasing external validation, we might prioritize inner peace and cultivate a deeper appreciation for the natural world. Acknowledging our shared fate could foster empathy and compassion, breaking down the barriers that divide us.",86,ai_neutral,AI,Mortality Awareness
"Neuroscience reveals that our brains are remarkably adept at constructing narratives, and our understanding of mortality is no exception. We create stories about the afterlife, about reincarnation, or about leaving a lasting impact on the world, all in an attempt to reconcile ourselves with the unknown. These narratives aren’t necessarily “true” in a literal sense, but they serve a vital psychological function – providing comfort, meaning, and a sense of continuity in the face of existential anxiety. The power of storytelling, therefore, becomes a crucial tool in navigating the complexities of mortality.",92,ai_neutral,AI,Mortality Awareness
"Consider the cultural variations in how death is approached. Some societies embrace ancestor veneration, maintaining a continuous connection with those who have passed. Others practice elaborate mourning rituals, providing a communal space for grief and remembrance. These diverse traditions demonstrate that mortality isn’t a universal source of fear, but a phenomenon interpreted and integrated into life in profoundly different ways. Examining these cultural perspectives can broaden our own understanding and challenge our preconceived notions about death and dying.",78,ai_neutral,AI,Mortality Awareness
"The modern obsession with extending lifespan, while understandable, sometimes overshadows the more important question of *lifespan quality*. Investing solely in longevity without addressing the emotional, spiritual, and social dimensions of aging feels inherently unbalanced. True well-being isn’t simply about adding years to life, but about adding life to years. Cultivating resilience, fostering meaningful relationships, and pursuing activities that bring joy and purpose are arguably more crucial than chasing the elusive fountain of youth.",73,ai_neutral,AI,Mortality Awareness
"Perhaps the most profound impact of mortality awareness lies in its ability to dismantle the illusion of control. We spend so much time planning, strategizing, and attempting to shape our futures, yet the ultimate outcome remains uncertain. Accepting this inherent unpredictability can be liberating, allowing us to relinquish the need for constant control and embrace the present moment. It’s about learning to navigate life’s inevitable challenges with grace, resilience, and a sense of equanimity, knowing that everything is impermanent.",79,ai_neutral,AI,Mortality Awareness
"Reflect on a time you experienced a near-miss – a moment where you confronted your own vulnerability. Did it alter your perspective? Often, these experiences serve as powerful catalysts for change, prompting us to re-evaluate our priorities and live more authentically. While we don’t need a brush with death to awaken to its reality, these moments can provide a visceral reminder of the preciousness of life and the importance of making the most of every opportunity. The lingering echo of vulnerability can be a surprisingly potent force for positive transformation.",90,ai_neutral,AI,Mortality Awareness
"Is it a paradox that confronting our eventual non-existence can actually amplify the vibrancy of life? The awareness of mortality isn’t necessarily morbid; rather, it’s a potent catalyst for prioritizing experiences, nurturing relationships, and pursuing passions. When we truly grasp the finite nature of our time, the trivial anxieties and self-imposed limitations often dissolve, replaced by a fierce urgency to live authentically. This isn’t about reckless abandon, but about intentionality – choosing how we spend our days knowing they are irrevocably numbered. It’s a recognition that legacy isn’t built on accumulation, but on the impact we have on others and the meaning we create within our own lives. Ultimately, acknowledging mortality isn’t about fearing death, but about honoring life.",119,ai_neutral,AI,Mortality Awareness
"The human tendency to compartmentalize death – to relegate it to hospitals, news reports, or distant futures – is a remarkably effective coping mechanism, yet simultaneously a profound disservice. By shielding ourselves from the reality of our own impermanence, we inadvertently diminish our capacity for genuine appreciation. Consider the simple pleasure of a warm sunrise, a shared laugh, or the comfort of a loved one’s presence. These moments gain a richer texture when viewed through the lens of their fleeting nature. To truly *feel* joy, perhaps, requires a simultaneous awareness of its potential loss. This isn’t to suggest constant melancholy, but a mindful engagement with the present, recognizing it as a precious, unrepeatable gift.",114,ai_neutral,AI,Mortality Awareness
"“The art of living lies in our refusal to be determined by the limitations of our biology,” wrote philosopher Ernest Becker, a sentiment that highlights a crucial tension within the human experience. While acknowledging our mortality is fundamental, succumbing to despair or nihilism isn’t inevitable. Instead, we possess a unique ability to transcend our physical constraints through creativity, connection, and the pursuit of meaning. Building something lasting – a work of art, a strong community, a loving family – can be seen as a symbolic defiance of entropy, a way to leave a mark on the world that extends beyond our individual lifespan. This isn’t about achieving immortality, but about participating in something larger than ourselves.",116,ai_neutral,AI,Mortality Awareness
"Often, the fear of death isn’t about the cessation of existence itself, but about the fear of *unlived* life. Regret, the gnawing sense of opportunities missed and dreams unfulfilled, is a far more potent source of anxiety than the unknown that awaits us. This realization shifts the focus from preparing for death to actively shaping a life worth remembering. It encourages us to confront our fears, take calculated risks, and prioritize experiences that align with our values. The question isn’t simply “How will I die?” but “How will I *live*?” – a question that demands honest self-reflection and courageous action.",100,ai_neutral,AI,Mortality Awareness
"Imagine a world where death wasn’t sanitized and hidden, but openly discussed and integrated into the fabric of everyday life. Such a society might exhibit a profound shift in priorities, valuing experiences over possessions, relationships over status, and genuine connection over superficiality. The constant awareness of mortality could foster a greater sense of empathy and compassion, reminding us of our shared vulnerability and interconnectedness. While potentially unsettling, this transparency could also liberate us from the anxieties surrounding death, allowing us to approach it not as an enemy, but as a natural and inevitable part of the human journey.",98,ai_neutral,AI,Mortality Awareness
"The modern obsession with extending lifespan, while understandable, sometimes overlooks the importance of *lifespan quality*. Investing solely in longevity without addressing the emotional, spiritual, and relational aspects of existence feels fundamentally incomplete. A long life filled with regret, isolation, or unfulfilled potential is arguably less valuable than a shorter life lived with purpose and joy. The true measure of a life isn’t its duration, but its depth – the richness of experiences, the strength of connections, and the impact we have on the world around us. Focusing on these elements, rather than simply adding years, is a more meaningful approach to confronting our mortality.",104,ai_neutral,AI,Mortality Awareness
"Consider the natural world: cycles of birth, growth, decay, and renewal are fundamental to its very existence. Humans, as part of this ecosystem, are no exception. Resisting this natural order, clinging to life at all costs, can be seen as a form of denial, a refusal to accept our place within the larger universe. Embracing mortality, on the other hand, allows us to find peace and acceptance in the face of impermanence. It’s a recognition that endings are necessary for new beginnings, and that death is not an annihilation, but a transformation. This perspective doesn’t diminish the value of life, but rather enhances it by placing it within a broader cosmic context.",112,ai_neutral,AI,Mortality Awareness
"For many, the concept of an afterlife provides comfort in the face of mortality. However, relying solely on faith-based beliefs to alleviate the fear of death can sometimes hinder genuine engagement with the present moment. Even if an afterlife exists, the life we are currently living remains uniquely precious and irreplaceable. Acknowledging our mortality, regardless of our beliefs about what comes next, encourages us to make the most of the time we have, to cultivate meaningful relationships, and to pursue our passions with unwavering dedication. It’s a call to action, not a passive acceptance of fate.",96,ai_neutral,AI,Mortality Awareness
"The stories we tell ourselves about death profoundly shape our experience of life. Cultures that view death as a natural transition, a homecoming, or a celebration often exhibit less anxiety surrounding it than those that portray it as a terrifying and final end. Reframing our narrative – shifting from a focus on loss and fear to one of acceptance and gratitude – can be a powerful tool for coping with mortality. This isn’t about denying the pain of grief, but about finding meaning and purpose even in the face of loss. It’s about recognizing that death is not the opposite of life, but an integral part of it.",108,ai_neutral,AI,Mortality Awareness
"What if, instead of viewing mortality as a limitation, we saw it as the very condition that gives life its meaning? Without the awareness of our finite time, would we truly appreciate the beauty of a sunset, the warmth of human connection, or the simple joy of being alive? It’s the knowledge that these experiences are fleeting that makes them so precious. Mortality isn’t a curse to be avoided, but a fundamental aspect of the human condition that compels us to live fully, to love deeply, and to create a life that resonates with purpose and authenticity. It’s a reminder that every moment is a gift, and that we have a responsibility to cherish it.",115,ai_neutral,AI,Mortality Awareness
"Is it a paradox that confronting our eventual non-existence can actually amplify the vibrancy of life? The awareness of mortality isn’t simply a morbid fascination, but a fundamental catalyst for meaning-making. When we truly grasp the finite nature of our time, trivial pursuits often lose their grip, replaced by a desire for authentic experiences and genuine connection. This isn’t about living in constant fear, but rather cultivating a heightened appreciation for the present moment. It’s recognizing that every sunrise, every shared laugh, every act of kindness carries a weight of significance precisely *because* it won’t last forever. Embracing this truth allows us to prioritize what truly matters, shaping a life defined not by its length, but by its depth.",119,ai_neutral,AI,Mortality Awareness
"The human tendency to compartmentalize death – to relegate it to hospitals, news reports, or distant futures – is a remarkably effective coping mechanism, yet ultimately a disservice. By shielding ourselves from the reality of our own impermanence, we inadvertently diminish our capacity for fully living. Consider the implications for long-term planning: not merely financial security, but also the pursuit of passions, the mending of fractured relationships, and the conscious creation of a legacy. Acknowledging mortality isn’t about succumbing to despair; it’s about prompting a radical re-evaluation of priorities, urging us to invest our limited energy in endeavors that resonate with our deepest values.",104,ai_neutral,AI,Mortality Awareness
"“The art of living lies in our refusal to be determined by the limitations of our biology,” wrote philosopher Ernest Becker, a sentiment that highlights a crucial tension. While acknowledging our physical vulnerability is essential, dwelling solely on the inevitability of death can be paralyzing. The key lies in recognizing mortality not as an ending, but as a defining condition of being human. It’s this very awareness that fuels our creativity, our drive to leave a mark on the world, and our profound capacity for love. To live fully, then, requires a delicate balance: accepting our limitations while simultaneously striving to transcend them through meaningful action and connection.",108,ai_neutral,AI,Mortality Awareness
"Imagine a single, perfect bloom. Its beauty is breathtaking, yet intrinsically tied to its fleeting existence. The knowledge that it will inevitably wither and fade doesn’t diminish its splendor; rather, it *enhances* it. Similarly, our lives gain a unique poignancy when viewed through the lens of mortality. This isn’t a pessimistic outlook, but a realistic one. It’s about recognizing that impermanence is woven into the fabric of existence, and that resisting this truth only leads to suffering. By accepting the transient nature of all things, we can cultivate a sense of gratitude for the present moment and find beauty in the ephemeral.",102,ai_neutral,AI,Mortality Awareness
"Often, the fear of death isn’t about the cessation of existence itself, but about the fear of *unlived* life. It’s the regret of opportunities missed, words left unspoken, and dreams left unpursued. This realization can be profoundly motivating. Mortality awareness, therefore, serves as a powerful call to action, urging us to confront our fears and embrace vulnerability. It’s a reminder that procrastination is a luxury we cannot afford, and that the time to pursue our passions, nurture our relationships, and make a difference in the world is *now*. The question isn’t whether we will die, but how we will choose to live before we do.",105,ai_neutral,AI,Mortality Awareness
"Consider the cultural variations in how death is approached. Some societies embrace rituals that openly acknowledge and celebrate the cycle of life and death, while others tend to avoid the topic altogether. This difference reveals a fundamental truth: our relationship with mortality is largely shaped by our cultural conditioning. In many Western societies, death is often medicalized and sanitized, creating a sense of distance and detachment. Reclaiming a more natural and holistic understanding of death – one that acknowledges its inevitability and integrates it into the broader context of life – can be profoundly liberating.",95,ai_neutral,AI,Mortality Awareness
"The paradox of striving for immortality – through legacy, art, or offspring – is that it’s ultimately a response *to* our mortality. We seek to transcend our finite existence by leaving something behind that will endure. However, this pursuit can also be a source of anxiety and dissatisfaction if it’s not grounded in a genuine appreciation for the present moment. True fulfillment doesn’t lie in achieving lasting fame or fortune, but in living a life that is meaningful and authentic, regardless of its duration. The focus should be on the *quality* of our existence, not simply its length or its impact on future generations.",104,ai_neutral,AI,Mortality Awareness
"What if, instead of viewing death as an enemy to be defeated, we embraced it as a natural and integral part of the life process? This shift in perspective can be transformative. It allows us to release our grip on control, to accept the uncertainties of life, and to find peace in the face of the unknown. It’s about recognizing that death isn’t an ending, but a transition – a return to the source from which we came. This isn’t a passive resignation, but an active acceptance that empowers us to live more fully and authentically.",96,ai_neutral,AI,Mortality Awareness
"The modern emphasis on self-optimization and extending lifespan, while understandable, can sometimes obscure the more fundamental question of how to live a *good* life. Focusing solely on longevity risks neglecting the importance of meaning, purpose, and connection. A long life devoid of these qualities is hardly a desirable outcome. Mortality awareness encourages us to prioritize what truly matters, to cultivate inner peace, and to embrace the beauty and fragility of existence. It’s a reminder that life isn’t about accumulating years, but about making those years count.",86,ai_neutral,AI,Mortality Awareness
"Observing the natural world offers a powerful lesson in impermanence. Seasons change, flowers bloom and wither, and even mountains erode over time. Everything is in a constant state of flux. This inherent transience is not a cause for sadness, but a source of wonder. It’s a reminder that life is a precious and fleeting gift, and that we should cherish every moment. By aligning ourselves with the natural rhythms of life and death, we can cultivate a sense of acceptance and find peace in the face of our own mortality.",90,ai_neutral,AI,Mortality Awareness
"Is it a paradox that confronting our eventual non-existence can actually enrich life? The awareness of mortality, often avoided, isn’t necessarily morbid; it’s a powerful catalyst for prioritizing experiences and values. When we genuinely accept that time is finite, the trivial concerns that often dominate our attention begin to fade. Instead, a focus emerges on cultivating meaningful relationships, pursuing passions, and contributing to something larger than ourselves. This isn’t about living with constant fear, but rather with a heightened sense of urgency and appreciation. It’s a recognition that every moment is a gift, and therefore deserves to be lived fully and intentionally, unburdened by the illusion of endless time.",109,ai_neutral,AI,Mortality Awareness
"The human tendency to compartmentalize death – to relegate it to hospitals, news reports, or distant futures – is a remarkably effective coping mechanism, but ultimately a disservice. By shielding ourselves from the reality of our own mortality, we inadvertently diminish the vibrancy of our present. Consider the implications for risk aversion; a deep understanding of life’s fragility can paradoxically encourage bolder choices, a willingness to step outside comfort zones, and a rejection of stagnation. It’s not about recklessness, but about a recalibrated assessment of what truly matters, shifting focus from preserving security to maximizing lived experience before the opportunity is lost.",102,ai_neutral,AI,Mortality Awareness
"“The art of living lies in our refusal to be determined by the limitations of our biology,” wrote philosopher Ernest Becker, and this sentiment encapsulates a crucial aspect of navigating mortality awareness. While we cannot escape death, we *can* choose how we respond to its inevitability. For some, this manifests as a pursuit of legacy – creating art, raising families, or contributing to societal progress. For others, it’s a commitment to mindfulness and savoring the present moment. The key isn’t to deny the ending, but to actively construct meaning *in the face* of it, transforming the anxiety of finitude into a source of motivation and purpose.",106,ai_neutral,AI,Mortality Awareness
"Often, the discomfort surrounding mortality stems not from the idea of ceasing to exist, but from the fear of *how* we will cease to exist – the potential for suffering, the loss of control, the unfinished business. This fear is understandable, and addressing it requires a shift in perspective. Rather than fixating on the process of dying, we can focus on the process of *living* – on cultivating resilience, building strong support systems, and making peace with the inherent uncertainties of life. Accepting vulnerability, both our own and that of others, becomes paramount, fostering deeper connection and empathy.",98,ai_neutral,AI,Mortality Awareness
"Imagine a world where death wasn’t a taboo subject, but an openly discussed and integrated part of life. Such a society might exhibit a profound shift in values, prioritizing experiences over possessions, relationships over status, and genuine connection over superficiality. The constant striving for more – more wealth, more power, more recognition – might give way to a more contemplative and appreciative existence. This isn’t utopian fantasy; it’s a logical consequence of acknowledging the ultimate limit on our time, prompting a re-evaluation of what truly constitutes a life well-lived.",89,ai_neutral,AI,Mortality Awareness
"The denial of mortality isn’t simply a personal quirk; it’s deeply ingrained in many cultural narratives. From the promise of eternal life in religious doctrines to the relentless marketing of anti-aging products, we are constantly bombarded with messages that subtly reinforce the illusion of indefinite existence. Breaking free from these narratives requires conscious effort – a willingness to confront uncomfortable truths and to embrace the beauty of impermanence. This isn’t about rejecting faith or dismissing scientific advancements, but about maintaining a realistic and grounded perspective on our place in the universe.",91,ai_neutral,AI,Mortality Awareness
"Consider the impact of mortality awareness on creativity. Artists, writers, and musicians often grapple with themes of death and loss, not out of morbid fascination, but because these themes are fundamental to the human experience. The knowledge that our time is limited can fuel a sense of urgency and passion, driving us to express ourselves authentically and to leave a lasting mark on the world. It’s a recognition that art isn’t merely decoration, but a powerful means of confronting our existential anxieties and celebrating the fleeting beauty of life.",89,ai_neutral,AI,Mortality Awareness
"Frequently, the fear of death is inextricably linked to the fear of insignificance – the worry that our lives will ultimately amount to nothing. However, this perspective overlooks the ripple effect of our actions, the countless ways in which we touch the lives of others, and the enduring impact of our contributions, however small. Even seemingly insignificant acts of kindness can have far-reaching consequences, creating a chain reaction of positivity that extends beyond our own lifespan. Meaning isn’t inherent; it’s created through connection and contribution.",85,ai_neutral,AI,Mortality Awareness
"What if, instead of viewing mortality as an enemy to be defeated, we embraced it as a teacher? The awareness of our own finitude can cultivate a profound sense of gratitude for the simple joys of life – a warm embrace, a beautiful sunset, a shared laugh. It can also foster a greater appreciation for the natural world, reminding us of the interconnectedness of all living things. By accepting the cyclical nature of existence, we can find peace in the face of impermanence and cultivate a deeper sense of belonging.",90,ai_neutral,AI,Mortality Awareness
"The paradox of preparing for death is that it compels us to truly live. Practical considerations – estate planning, advance directives, expressing our wishes to loved ones – aren’t morbid exercises, but acts of self-respect and consideration for those we leave behind. These preparations aren’t about dwelling on the end, but about ensuring that our final chapter is aligned with our values and that our loved ones are spared unnecessary burden. It’s a final act of agency, reclaiming control in the face of the inevitable and solidifying a meaningful legacy.",90,ai_neutral,AI,Mortality Awareness
"Is it a paradox that confronting our inevitable end can actually enrich our lives? The awareness of mortality, often avoided, isn’t about dwelling on sadness, but about recalibrating priorities. When we truly grasp the finite nature of time, the accumulation of possessions feels less vital, and experiences – genuine connection, creative expression, contributing to something larger than ourselves – take center stage. This isn’t a morbid exercise; it’s a liberation. It allows us to shed the weight of societal expectations and focus on what genuinely resonates with our values. Accepting mortality isn’t about fearing death, but about fully inhabiting life, recognizing its precious and fleeting quality, and making choices that reflect that understanding.",113,ai_neutral,AI,Mortality Awareness
"The human tendency to project ourselves into the future – planning careers, relationships, retirement – is a powerful coping mechanism against the unsettling reality of non-existence. However, this constant forward momentum can ironically disconnect us from the present moment. Mortality awareness serves as a corrective, a gentle nudge to appreciate the ‘now’ rather than perpetually deferring joy to a hypothetical future. It’s a recognition that the only guaranteed time is this very breath, this current sensation. Cultivating this presence doesn’t require grand gestures; it’s found in savoring a meal, truly listening to a friend, or simply observing the world around us with mindful attention.",104,ai_neutral,AI,Mortality Awareness
"“The art of living lies in our refusal to be determined by the limitations of our biology,” wrote philosopher Ernest Becker. This sentiment highlights a crucial aspect of mortality awareness: it compels us to grapple with meaning. Faced with the ultimate limit, humans instinctively seek purpose, whether through religion, art, legacy, or simply the love we share. This search isn’t about denying death, but about transcending it, creating something enduring that outlives our physical form. The drive to leave a mark, however small, is a fundamental response to our mortality, a testament to our innate desire for significance.",98,ai_neutral,AI,Mortality Awareness
"Consider the cultural variations in how death is approached. In some societies, death is openly acknowledged and integrated into daily life, celebrated even, as a natural part of the cycle. In contrast, many modern Western cultures actively shield themselves from the realities of death, relegating it to hospitals and funeral homes. This avoidance, while understandable, can lead to a profound disconnect from the natural order and a heightened fear of the inevitable. Increased mortality awareness encourages a more honest and open dialogue about death, allowing us to prepare emotionally and practically, and to support those who are grieving.",98,ai_neutral,AI,Mortality Awareness
"From a purely biological perspective, the awareness of mortality is a relatively recent development in human evolution. Earlier hominids likely lived with a more instinctive understanding of life and death, unburdened by the self-awareness that allows us to contemplate our own demise. This cognitive leap, while enabling complex thought and culture, also brought with it the existential angst of knowing we will not last forever. Understanding this evolutionary context can help us contextualize our anxieties, recognizing that the fear of death is a byproduct of our advanced consciousness.",88,ai_neutral,AI,Mortality Awareness
"Often, the fear of death isn’t about the cessation of existence itself, but about the fear of *how* we will die – the potential for suffering, the loss of control, the impact on loved ones. Addressing these specific anxieties, rather than the abstract concept of mortality, can be a more effective approach. Practical preparations, such as advance care planning and estate organization, can alleviate some of these concerns, providing a sense of agency and peace of mind. Focusing on quality of life, and ensuring our affairs are in order, allows us to face the future with greater courage and acceptance.",100,ai_neutral,AI,Mortality Awareness
"Imagine a sculptor working with a limited amount of clay. The knowledge that the material is finite forces them to make deliberate choices, to focus on the essential forms and details. Similarly, mortality awareness can act as a catalyst for creative expression. Knowing that our time is limited can inspire us to pursue our passions with greater urgency and dedication, to create something beautiful and meaningful before it’s too late. It’s a recognition that life is not a rehearsal, but a unique and irreplaceable opportunity for self-expression.",87,ai_neutral,AI,Mortality Awareness
"The rise of mindfulness practices, such as meditation and yoga, can be seen as a contemporary response to the anxieties surrounding mortality. These practices encourage us to cultivate a non-judgmental awareness of the present moment, detaching from the relentless stream of thoughts and worries that often dominate our minds. By learning to observe our thoughts and feelings without getting caught up in them, we can develop a greater sense of equanimity in the face of life’s uncertainties, including the inevitability of death.",82,ai_neutral,AI,Mortality Awareness
"Historically, philosophical schools of thought have grappled with mortality for centuries. Stoicism, for example, emphasizes acceptance of what we cannot control, including death, and focuses on cultivating inner virtue and resilience. Epicureanism, while advocating for pleasure, also recognized the importance of understanding our mortality in order to appreciate the simple joys of life. Examining these diverse perspectives can provide valuable insights and frameworks for navigating our own existential concerns, offering different paths towards peace and acceptance.",76,ai_neutral,AI,Mortality Awareness
"Perhaps the most profound impact of mortality awareness lies in its ability to foster empathy and compassion. Recognizing our shared human fate – the fact that we are all subject to the same limitations and vulnerabilities – can break down barriers and promote a sense of interconnectedness. When we understand that everyone we encounter is also grappling with their own mortality, it can inspire us to treat others with greater kindness, understanding, and respect, recognizing the preciousness of each individual life.",81,ai_neutral,AI,Mortality Awareness
"What if the self wasn’t a discovery, but a carefully constructed narrative? Identity formation, often framed as a journey *to* find oneself, is more accurately a process of *making* oneself. This isn’t to suggest inauthenticity, but rather to acknowledge the powerful influence of social context, personal desires, and the stories we choose to believe about our past. We curate experiences, selectively remember events, and adopt roles that contribute to a coherent, if sometimes fragile, sense of self. The brain, constantly rewriting its own code based on incoming information, actively participates in this construction. Consequently, identity isn’t fixed; it’s a dynamic project, perpetually under revision, shaped by interactions and internal reflection.",110,ai_neutral,AI,Identity Formation
"The teenage years, frequently depicted as a period of angst and rebellion, represent a crucial phase in identity formation precisely because established structures begin to feel insufficient. Previously accepted norms – family values, childhood friendships, academic expectations – are subjected to intense scrutiny. This isn’t simply about rejecting authority; it’s a necessary dismantling of inherited frameworks to allow for the emergence of an autonomous self. Experimentation with different styles, beliefs, and social groups becomes paramount, a testing ground for potential identities. While often messy and uncomfortable, this period of deconstruction is vital for developing a self grounded in personal conviction rather than external imposition.",104,ai_neutral,AI,Identity Formation
"“Who am I?” is a question rarely asked aloud, yet it permeates the subconscious of nearly everyone navigating adulthood. However, the pursuit of a singular, definitive answer is often misguided. Contemporary psychology increasingly emphasizes the concept of ‘multiple selves’ – the recognition that we embody different identities depending on the context. We are a professional self at work, a familial self at home, a social self amongst friends, and so on. These aren’t necessarily contradictory; they represent adaptive strategies for navigating a complex world. Healthy identity formation involves acknowledging and integrating these diverse facets, rather than striving for a monolithic, unattainable whole.",102,ai_neutral,AI,Identity Formation
"Consider the immigrant experience: a profound disruption to established identity. Leaving behind familiar cultural markers – language, customs, social networks – forces a renegotiation of self. The individual is simultaneously connected to their heritage and compelled to adapt to a new environment. This process often involves a period of liminality, a sense of being ‘between’ cultures, where old identities feel inadequate and new ones are not yet fully formed. Successful integration isn’t about assimilation, but about forging a hybrid identity that honors the past while embracing the possibilities of the present. It’s a testament to the resilience and adaptability of the human spirit.",103,ai_neutral,AI,Identity Formation
"From a neurological perspective, identity formation is deeply intertwined with the development of the prefrontal cortex, the brain region responsible for self-awareness, planning, and decision-making. This area undergoes significant maturation throughout adolescence and early adulthood, allowing for increasingly complex self-reflection and the ability to envision future possibilities. Damage to the prefrontal cortex can dramatically alter personality and sense of self, highlighting its crucial role in maintaining a coherent identity. Therefore, identity isn’t merely a psychological construct; it has a tangible biological basis.",82,ai_neutral,AI,Identity Formation
"The rise of social media presents a unique challenge to identity formation. While offering opportunities for self-expression and connection, platforms like Instagram and TikTok also encourage the curation of idealized personas. The pressure to present a ‘perfect’ self can lead to a disconnect between online representation and lived experience, potentially hindering the development of authentic identity. Furthermore, constant comparison with others can fuel feelings of inadequacy and anxiety, impacting self-esteem. Navigating this digital landscape requires critical awareness and a conscious effort to prioritize genuine self-discovery over external validation.",88,ai_neutral,AI,Identity Formation
"Interestingly, trauma can both disrupt and solidify identity. While profoundly damaging, traumatic experiences often force individuals to confront fundamental questions about their values, beliefs, and place in the world. The process of recovery frequently involves reconstructing a shattered sense of self, integrating the trauma into a coherent narrative. This can lead to a deepened sense of resilience and a clearer understanding of personal boundaries. However, unresolved trauma can also result in fragmented identity and ongoing psychological distress, underscoring the importance of therapeutic intervention.",83,ai_neutral,AI,Identity Formation
"Observe a child engaging in imaginative play. They seamlessly adopt different roles – doctor, teacher, superhero – experimenting with various identities without the self-consciousness that often accompanies adulthood. This playful exploration is fundamental to identity formation, allowing children to try on different personas and develop a sense of agency. Encouraging creativity and providing a safe space for experimentation are crucial for fostering healthy self-development. Suppressing imagination can stifle the process of self-discovery and limit a child’s capacity for empathy and adaptability.",81,ai_neutral,AI,Identity Formation
"Contrary to the Western emphasis on individualism, many cultures prioritize collective identity over individual self-expression. In these societies, identity is deeply rooted in family, community, and tradition. An individual’s sense of self is defined by their role within the larger social structure, and personal aspirations are often subordinate to the needs of the group. This isn’t to suggest a lack of individuality, but rather a different understanding of what constitutes a meaningful life. Identity formation, in this context, involves internalizing and upholding cultural values rather than pursuing self-actualization in isolation.",90,ai_neutral,AI,Identity Formation
"The concept of ‘identity foreclosure,’ as described by Erik Erikson, describes a situation where individuals adopt an identity prematurely, often based on parental expectations or societal pressures, without sufficient exploration of alternatives. This can lead to a sense of rigidity and a lack of genuine self-awareness. While providing a sense of stability, foreclosed identities can be brittle and vulnerable to disruption when confronted with conflicting experiences. True identity formation requires a willingness to question assumptions, embrace uncertainty, and actively construct a self that aligns with one’s authentic values and aspirations.",90,ai_neutral,AI,Identity Formation
"What if the self wasn’t a discovery, but a carefully constructed narrative? Identity formation, at its core, isn’t about unearthing a pre-existing ‘true self,’ but rather assembling one from the raw materials of experience, social expectation, and personal choice. We inherit predispositions, certainly – temperament, perhaps even inclinations – but these are merely starting points. The stories we tell ourselves, and the stories others tell *about* us, become the building blocks. This process is rarely conscious; it’s a continuous editing and re-editing, influenced by successes, failures, relationships, and the ever-shifting cultural landscape. Ultimately, identity isn’t found, it’s authored, a fluid and evolving text constantly under revision.",106,ai_neutral,AI,Identity Formation
"The teenage years are often portrayed as a chaotic search for identity, but perhaps ‘search’ is the wrong metaphor. Instead, consider it a period of intense experimentation, a deliberate dismantling of inherited roles to test the viability of alternatives. Adolescents aren’t necessarily *lacking* an identity; they’re actively deconstructing the one assigned to them – the ‘good student,’ the ‘dutiful child’ – to see what remains, and what new structures can be built. This can manifest as rebellion, conformity, or a bewildering oscillation between the two. Crucially, this isn’t simply about finding a label; it’s about establishing a coherent internal framework for navigating the world, a sense of agency and self-authorship.",110,ai_neutral,AI,Identity Formation
"“Who am I?” is a question often posed in isolation, yet identity is fundamentally relational. It’s forged in the crucible of interaction, shaped by our perceptions of how others perceive us. This isn’t to say identity is merely a reflection of external validation, but rather that it’s co-created through a constant feedback loop. We present ourselves, observe the response, and adjust accordingly. Even acts of defiance are, paradoxically, defined in relation to others. The desire to belong, to be recognized, is a powerful force in identity formation, driving us to seek out communities and affiliations that affirm our sense of self.",101,ai_neutral,AI,Identity Formation
"Contrary to popular belief, identity formation isn’t limited to adolescence. While those years are pivotal, the process continues throughout life, often triggered by significant life events – a career change, a relocation, the loss of a loved one. These disruptions force a re-evaluation of core beliefs and values, prompting a renegotiation of self-perception. This ongoing process can be unsettling, even painful, as it requires letting go of familiar narratives and embracing uncertainty. However, it also offers opportunities for growth, resilience, and a more authentic expression of self.",87,ai_neutral,AI,Identity Formation
"Imagine identity as a mosaic, composed of countless small tiles representing experiences, beliefs, and relationships. Some tiles are brightly colored and prominently displayed, forming the core of our self-image. Others are muted and hidden, representing aspects we may consciously or unconsciously suppress. The pattern isn’t fixed; tiles can be rearranged, added, or removed over time. This metaphor highlights the fragmented and multifaceted nature of identity, challenging the notion of a singular, unified self. It also suggests that even seemingly insignificant experiences can contribute to the overall picture.",87,ai_neutral,AI,Identity Formation
"The pressure to define oneself – to choose a career, a lifestyle, a political affiliation – can be paralyzing. This stems from a societal expectation of coherence, a belief that a ‘true’ identity must be consistent and readily articulated. However, embracing ambiguity and contradiction can be liberating. It’s perfectly acceptable to hold conflicting values, to pursue multiple interests, to evolve over time. In fact, this fluidity may be a sign of psychological health, indicating an openness to experience and a willingness to challenge assumptions. Rigid adherence to a fixed identity can stifle growth and limit potential.",96,ai_neutral,AI,Identity Formation
"Consider the impact of trauma on identity formation. Profoundly negative experiences can shatter a person’s sense of self, leaving them feeling fragmented, disconnected, and fundamentally altered. Rebuilding an identity after trauma is a complex and often arduous process, requiring a re-evaluation of core beliefs about safety, trust, and self-worth. It often involves seeking support from others, engaging in therapy, and developing coping mechanisms to manage the lingering effects of the trauma. The resulting identity may be profoundly different from the one that existed before, but it can also be marked by resilience and a newfound appreciation for life.",98,ai_neutral,AI,Identity Formation
"Social media presents a unique challenge to authentic identity formation. The curated nature of online profiles encourages the presentation of an idealized self, often divorced from reality. This constant performance can lead to a disconnect between the online persona and the lived experience, fostering feelings of inadequacy and anxiety. Furthermore, the relentless pursuit of validation through likes and followers can externalize the locus of self-worth, making identity contingent on external approval. Navigating this digital landscape requires critical self-awareness and a conscious effort to prioritize genuine connection over superficial validation.",89,ai_neutral,AI,Identity Formation
"It’s tempting to view identity as an individual project, a solitary quest for self-discovery. However, cultural narratives and collective identities play a crucial role. We are all embedded within larger social groups – families, communities, nations – that shape our values, beliefs, and sense of belonging. These collective identities provide a framework for understanding ourselves and our place in the world. While it’s important to maintain a sense of individuality, acknowledging the influence of cultural forces is essential for a nuanced understanding of identity formation.",85,ai_neutral,AI,Identity Formation
"Perhaps the most crucial aspect of identity formation isn’t *what* we become, but *how* we become it. The process of self-discovery, with all its uncertainties and challenges, cultivates essential qualities like self-awareness, empathy, and resilience. It teaches us to navigate complexity, to embrace ambiguity, and to adapt to change. Ultimately, a strong sense of identity isn’t about arriving at a definitive answer, but about developing the capacity for continuous self-reflection and growth, a lifelong journey of becoming.",77,ai_neutral,AI,Identity Formation
"What if the self wasn’t a discovery, but a carefully constructed narrative? Identity formation isn’t a passive unveiling of a pre-existing core, but an active process of storytelling, constantly revised and re-edited based on experience and interaction. We gather fragments – inherited traits, societal expectations, personal triumphs and failures – and weave them into a coherent, if often fragile, whole. This narrative isn’t solely individual; it’s deeply relational, shaped by how others perceive and respond to us. The stories we tell ourselves about ourselves are, fundamentally, stories *about* our relationships, and the meaning we derive from them. Consequently, a shifting social landscape necessitates a continual re-evaluation of this internal narrative, leading to a perpetually evolving sense of self.",118,ai_neutral,AI,Identity Formation
"The teenage bedroom, often dismissed as a chaotic mess, is, in reality, a laboratory of identity. Within those walls, experimentation with aesthetics – music, clothing, posters – isn’t superficial; it’s a tangible exploration of potential selves. This isn’t about finding ‘who you are,’ but rather trying on different personas, testing their fit, and discarding those that feel inauthentic. Social media amplifies this process, offering a curated stage for self-presentation and feedback. However, the pressure to project a consistent, appealing image can hinder genuine exploration, leading to a performance of identity rather than its organic development. The crucial element isn’t the final ‘look,’ but the freedom to experiment without judgment, a space for becoming.",113,ai_neutral,AI,Identity Formation
"“Who am I?” is a question often posed in moments of crisis, but perhaps a more useful inquiry is, “What do I value?” Identity formation, at its core, is a process of clarifying one’s ethical and moral compass. It’s not about aligning with pre-defined categories or labels, but about identifying principles that guide behavior and decision-making. These values, often formed through observing role models or grappling with difficult choices, provide a stable anchor amidst the fluidity of experience. A strong value system doesn’t preclude self-doubt or change, but it offers a framework for navigating complexity and maintaining a sense of integrity. This internal consistency, more than any external marker, defines a cohesive identity.",113,ai_neutral,AI,Identity Formation
"Consider the immigrant experience: a forced dismantling and rebuilding of self. Leaving behind familiar cultural cues, social structures, and even language, individuals are compelled to renegotiate their identity in a new context. This process isn’t simply about *adding* a new layer to an existing self, but about confronting the contingency of identity itself. What aspects of the ‘old’ self are retained, adapted, or discarded? The negotiation often involves navigating conflicting expectations – assimilation versus preservation of heritage – and forging a hybrid identity that acknowledges both past and present. This experience highlights the socially constructed nature of identity and the profound impact of environment on self-perception.",106,ai_neutral,AI,Identity Formation
"The brain, remarkably plastic throughout life, physically reflects the process of identity formation. Neural pathways strengthen with repeated experiences and behaviors, literally shaping the architecture of the self. This neuroplasticity means that identity isn’t fixed at birth or even in adolescence; it’s a dynamic process of ongoing construction and reconstruction. Trauma, for example, can profoundly alter these neural pathways, leading to fragmented or altered senses of self. Conversely, intentional practices like mindfulness or therapy can facilitate the creation of new, healthier pathways, fostering a more integrated and resilient identity. The self, therefore, isn’t merely a psychological construct, but a biological reality.",101,ai_neutral,AI,Identity Formation
"Often, the search for identity is framed as an individual pursuit, yet it’s inextricably linked to collective belonging. We define ourselves, in part, by the groups we identify with – family, community, nation, subcultures. These affiliations provide a sense of shared history, values, and purpose, offering a framework for understanding our place in the world. However, this desire for belonging can also lead to conformity and the suppression of individuality. The challenge lies in finding a balance between embracing collective identity and maintaining a sense of unique selfhood, resisting the pressure to assimilate completely while still fostering meaningful connections.",99,ai_neutral,AI,Identity Formation
"Imagine a sculptor approaching a block of marble. The initial form is amorphous, potential energy waiting to be released. Similarly, a child enters the world with inherent predispositions, but their identity is not pre-determined. It’s shaped by the ‘chisels’ of experience – interactions with caregivers, exposure to different ideas, and the challenges encountered along the way. The sculptor doesn’t impose a form, but rather reveals what’s already latent within the stone. Likewise, identity formation isn’t about creating something entirely new, but about uncovering and refining the unique potential within each individual, guided by internal impulses and external influences.",98,ai_neutral,AI,Identity Formation
"The concept of a ‘false self’ – a persona adopted to meet the expectations of others – highlights the potential pitfalls of identity formation. When individuals consistently prioritize external validation over internal authenticity, they risk developing a self that feels disconnected and unfulfilling. This can manifest as chronic anxiety, depression, or a pervasive sense of emptiness. Recognizing and dismantling the false self requires courage and self-awareness, a willingness to confront uncomfortable truths about one’s motivations and behaviors. The journey towards authenticity isn’t always easy, but it’s essential for cultivating a genuine and meaningful sense of self.",96,ai_neutral,AI,Identity Formation
"Consider the power of naming. Both the name given at birth and the nicknames acquired throughout life contribute to the construction of identity. A name carries cultural weight, familial history, and societal expectations. It’s a label that others use to categorize and interact with us, shaping our self-perception. Choosing to change one’s name, as many transgender and non-binary individuals do, is a powerful act of self-definition, a reclaiming of agency over one’s own narrative. Even subtle shifts in how we refer to ourselves – adopting preferred pronouns, for example – can have a profound impact on our sense of self and our interactions with the world.",106,ai_neutral,AI,Identity Formation
"It’s tempting to view identity as a destination, a fixed point to be reached. However, a more accurate metaphor is that of a river: constantly flowing, changing course, and adapting to the landscape. Identity formation isn’t a linear progression towards a definitive self, but a continuous process of becoming. There will be periods of turbulence, stagnation, and unexpected detours. Embracing this fluidity, rather than resisting it, is crucial for navigating the complexities of life. Acknowledging that the self is inherently incomplete and perpetually evolving allows for greater self-compassion and a more open-minded approach to personal growth.",96,ai_neutral,AI,Identity Formation
"What if the self wasn’t a discovery, but a carefully constructed narrative? Identity formation, at its core, isn’t about unearthing a pre-existing ‘true self,’ but rather assembling one from the raw materials of experience, social expectation, and personal choice. We inherit predispositions, certainly – temperament, perhaps even inclinations – but these are merely starting points. The process is fundamentally performative; we try on roles, internalize feedback, and gradually refine a sense of who we are through interaction. This isn’t necessarily inauthentic, however. The narrative we build *becomes* our truth, shaping our perceptions and guiding our actions. It’s a continuous project, susceptible to revision and reinterpretation throughout life, a story we tell ourselves and, crucially, that others believe.",117,ai_neutral,AI,Identity Formation
"The teenage years are often portrayed as a chaotic search for identity, but perhaps ‘search’ is the wrong metaphor. Instead, consider it a period of intense experimentation with boundaries. Adolescents aren’t simply trying to *find* themselves; they’re actively testing the limits of what they can be, pushing against parental expectations, societal norms, and even their own previously held beliefs. This boundary-testing isn’t rebellious for its own sake, but a necessary process of differentiation. By defining what they *aren’t*, teenagers begin to clarify what they *are*. This often involves adopting and discarding subcultures, exploring different aesthetics, and engaging in risk-taking behaviors – all attempts to establish a distinct and independent self.",110,ai_neutral,AI,Identity Formation
"“Who am I?” is a question often posed in isolation, yet identity is profoundly relational. Our sense of self isn’t formed in a vacuum; it emerges from our interactions with others. From early childhood attachments to adult relationships, we internalize the ways others see us – the labels they apply, the expectations they hold, and the roles they assign. These external perceptions become woven into the fabric of our self-concept, shaping our beliefs about our strengths, weaknesses, and worth. While we strive for autonomy, we remain fundamentally interconnected, and our identities are inevitably co-created through these ongoing social exchanges.",99,ai_neutral,AI,Identity Formation
"Consider the impact of trauma on identity formation. While adversity can foster resilience, deeply traumatic experiences can fracture a person’s sense of self, leaving them feeling fragmented and disconnected. The pre-trauma identity may become untenable, a reminder of a lost sense of safety and wholeness. Rebuilding an identity after trauma isn’t about returning to the ‘old self,’ but about constructing a new one that integrates the experience into a coherent narrative. This process often requires professional support, as it involves confronting painful memories, processing difficult emotions, and redefining one’s relationship to the world.",93,ai_neutral,AI,Identity Formation
"Identity isn’t a static endpoint, but a dynamic process constantly influenced by cultural shifts. The narratives available to us – the stories we hear about what it means to be a man, a woman, a member of a particular ethnicity, or a citizen of a nation – profoundly shape our self-perception. As cultural norms evolve, so too does the landscape of identity. For example, increasing visibility and acceptance of diverse gender identities are challenging traditional binary notions of self, allowing individuals to explore and express their identities in more nuanced and authentic ways. This ongoing cultural negotiation is central to the ever-evolving nature of identity.",105,ai_neutral,AI,Identity Formation
"The rise of social media presents a unique challenge to authentic identity formation. Platforms designed for self-presentation encourage individuals to curate idealized versions of themselves, often prioritizing external validation over internal authenticity. This constant performance can lead to a disconnect between the ‘real self’ and the ‘online self,’ fostering feelings of inadequacy and anxiety. While social media can facilitate connection and community, it also creates a pressure to conform to certain standards of beauty, success, and happiness, potentially hindering the development of a genuine and self-defined identity.",87,ai_neutral,AI,Identity Formation
"Imagine a sculptor approaching a block of marble. The raw material represents potential, but the final form emerges through deliberate chipping away, shaping, and refining. Similarly, identity formation involves a process of selection and rejection. We are bombarded with countless influences – family values, peer pressure, media messages – but we don’t passively absorb them all. We actively choose which aspects to internalize, which to modify, and which to discard, gradually sculpting a self that feels coherent and meaningful. This selective process is driven by our values, beliefs, and aspirations.",90,ai_neutral,AI,Identity Formation
"Often, the quest for identity is framed as an individual endeavor, yet collective identities play a crucial role. Our affiliations with groups – whether based on ethnicity, religion, nationality, or shared interests – provide a sense of belonging and purpose, shaping our self-perception and influencing our behavior. These collective identities aren’t simply imposed upon us; we actively choose to identify with certain groups, finding validation and support within their boundaries. However, it’s important to recognize that collective identities can also be exclusionary, potentially leading to conflict and prejudice.",88,ai_neutral,AI,Identity Formation
"Neuroscience is beginning to illuminate the biological underpinnings of identity formation. The adolescent brain undergoes significant structural and functional changes, particularly in areas associated with self-awareness, social cognition, and emotional regulation. These changes enhance our capacity for introspection, allowing us to reflect on our experiences and construct a more complex sense of self. Furthermore, the brain’s reward system is particularly sensitive during adolescence, making us more susceptible to peer influence and risk-taking behaviors – both of which contribute to the process of identity exploration.",84,ai_neutral,AI,Identity Formation
"Perhaps the most enduring aspect of identity isn’t *what* we believe, but *how* we navigate uncertainty. Life inevitably throws curveballs – unexpected challenges, unforeseen setbacks, and moments of profound change. A strong sense of identity isn’t about having all the answers, but about possessing the resilience and adaptability to cope with ambiguity. It’s about having a core set of values that guide our decisions, even when faced with difficult choices, and a willingness to learn and grow from our experiences. This capacity for navigating uncertainty is arguably the defining characteristic of a well-formed identity.",94,ai_neutral,AI,Identity Formation
"What if the self wasn’t a discovery, but a carefully constructed narrative? Identity formation, at its core, isn’t about unearthing a pre-existing ‘true self,’ but rather assembling one from the raw materials of experience, social expectation, and personal choice. This process begins in infancy, with mirroring and attachment shaping our initial understanding of self in relation to others. As we mature, we actively curate this narrative, selecting which experiences to emphasize, which values to adopt, and which relationships to prioritize. The stories we tell ourselves – and the stories others tell *about* us – become the building blocks of our identity. Crucially, this construction is ongoing, a continuous revision in response to new information and evolving circumstances, making identity a fluid, dynamic project rather than a fixed destination.",128,ai_neutral,AI,Identity Formation
"The teenage years are often portrayed as a chaotic search for identity, but perhaps ‘search’ isn’t the right word. Instead, consider it a period of intense experimentation, a deliberate dismantling of inherited frameworks. Adolescents, acutely aware of societal pressures and expectations, often engage in a process of ‘identity play,’ trying on different roles, beliefs, and behaviors like costumes. This isn’t necessarily indicative of confusion, but rather a necessary stage in differentiating oneself from family and establishing a sense of autonomy. The risk-taking and boundary-pushing common during adolescence can be understood as attempts to define the self *against* existing norms, ultimately forging a unique and independent identity. This phase, though turbulent, is vital for psychological growth.",115,ai_neutral,AI,Identity Formation
"“Who am I?” is a question that echoes throughout literature and philosophy, but from a neurological perspective, identity formation is deeply rooted in the brain’s capacity for pattern recognition and memory consolidation. Our brains constantly categorize and connect experiences, creating neural pathways that represent our understanding of the world and our place within it. Repeated experiences strengthen these pathways, solidifying beliefs and behaviors. This suggests that identity isn’t solely a conscious construct, but also a product of unconscious neurological processes. Trauma, for example, can disrupt these pathways, leading to fragmented or unstable senses of self, highlighting the brain’s crucial role in maintaining a coherent identity.",105,ai_neutral,AI,Identity Formation
"Consider the immigrant experience: a profound disruption of established identity. Leaving behind familiar cultural norms, languages, and social structures forces individuals to renegotiate their sense of self in a new context. This isn’t simply about adapting to a new culture; it’s about reconciling conflicting identities – the one left behind and the one being forged in the present. The process can involve embracing a hybrid identity, integrating elements of both cultures, or consciously choosing to assimilate. This experience demonstrates that identity isn’t solely an internal process, but is profoundly shaped by external factors and the challenges of navigating multiple cultural landscapes.",101,ai_neutral,AI,Identity Formation
"From a sociological standpoint, identity formation is inextricably linked to group affiliation. We define ourselves, in part, by the groups we belong to – whether based on ethnicity, religion, profession, or shared interests. These groups provide a sense of belonging, validation, and shared meaning, contributing to our self-perception. However, this reliance on group identity can also lead to exclusion and conflict, as individuals may define themselves *against* other groups. The tension between individual identity and collective identity is a constant dynamic, shaping social interactions and influencing our understanding of ourselves and others.",92,ai_neutral,AI,Identity Formation
"The rise of social media has introduced a new dimension to identity formation, offering unprecedented opportunities for self-presentation and social comparison. Individuals curate online personas, carefully selecting images and information to project a desired image. This curated self can differ significantly from their offline identity, leading to questions about authenticity and the impact of online validation on self-esteem. While social media can facilitate connection and community, it can also contribute to feelings of inadequacy and anxiety, as individuals constantly compare themselves to idealized representations of others. The digital self, therefore, is a complex and evolving aspect of modern identity.",99,ai_neutral,AI,Identity Formation
"Imagine a sculptor approaching a block of marble. Identity formation isn’t dissimilar; we begin with a raw potential, a set of inherent predispositions, and then, through experience and interaction, we chip away at what we are *not*, revealing the form within. This process isn’t always linear or intentional. Sometimes, external forces – societal expectations, trauma, or chance encounters – shape the sculpture in unexpected ways. The finished product isn’t a perfect representation of an ideal form, but rather a unique and imperfect expression of the individual’s journey, marked by both deliberate choices and unforeseen circumstances.",95,ai_neutral,AI,Identity Formation
"Historically, identity was often ascribed – determined by birth, social class, or religious affiliation. Individuals had limited agency in defining themselves, their roles largely predetermined by societal structures. The Enlightenment and the rise of individualism challenged this notion, emphasizing the importance of reason, autonomy, and self-determination. This shift paved the way for the modern concept of identity as a self-constructed narrative, allowing individuals greater freedom to choose their values, beliefs, and lifestyles. However, the legacy of ascribed identity continues to influence social inequalities and power dynamics.",86,ai_neutral,AI,Identity Formation
"Perhaps the most crucial aspect of healthy identity formation is the capacity for self-reflection. Regularly examining our beliefs, values, and motivations allows us to identify inconsistencies, challenge assumptions, and refine our understanding of ourselves. This process requires vulnerability, honesty, and a willingness to confront uncomfortable truths. Without self-reflection, we risk living according to inherited patterns or societal expectations, rather than consciously choosing a path that aligns with our authentic selves. Journaling, meditation, and therapy can all serve as tools for cultivating self-awareness and fostering a more integrated sense of identity.",90,ai_neutral,AI,Identity Formation
"It’s a common misconception to view identity as a singular, unified entity. In reality, most individuals possess multiple, often overlapping, identities – professional, familial, social, cultural. These different facets of self may be activated in different contexts, leading to variations in behavior and self-expression. This multiplicity isn’t a sign of fragmentation, but rather a reflection of the complexity of human experience. Embracing the fluidity and nuance of multiple identities allows for greater adaptability, resilience, and a richer understanding of oneself and the world.",83,ai_neutral,AI,Identity Formation
