text,word_count,class,author,topic
"Social class isn’t simply about income, though financial resources are a significant component. It’s a complex layering of economic standing, occupational prestige, educational attainment, and inherited status. Modern understandings recognize class as a spectrum, not rigid categories, with fluidity allowing for upward or downward mobility – though systemic barriers often make that movement unequal. Beyond material possessions, class profoundly shapes access to opportunities, healthcare, quality education, and even social networks. These advantages or disadvantages accumulate over generations, creating persistent inequalities. It influences lifestyle, values, and worldviews, impacting everything from dietary choices to political affiliations, and ultimately, life expectancy.",98,ai_neutral,AI,Social Class
"The concept of “class consciousness” describes the awareness of one’s social class and its associated interests, often leading to collective action. However, class consciousness isn’t automatic. Factors like geographic location, racial identity, and gender intersect with class, creating diverse experiences and sometimes fracturing potential solidarity. Media representation and dominant narratives frequently obscure class realities, promoting individualistic explanations for success or failure rather than acknowledging systemic factors. This can hinder the development of a shared understanding of class-based disadvantage and impede efforts to address inequality. Recognizing these complexities is crucial for fostering genuine social change.",94,ai_neutral,AI,Social Class
"Cultural capital – the non-financial social assets that promote social mobility – plays a vital role in maintaining class structures. This includes things like knowledge of art, music, etiquette, and the ability to navigate social situations with ease. These assets are often acquired through family upbringing and elite educational institutions, giving those from higher social classes a distinct advantage. Cultural capital isn’t inherently valuable, but it *is* recognized as valuable by those in positions of power, effectively creating barriers to entry for individuals lacking these specific cultural markers. This subtle form of discrimination reinforces existing inequalities.",96,ai_neutral,AI,Social Class
"The decline of manufacturing and the rise of the gig economy have significantly reshaped the class landscape in recent decades. The traditional working class, once a powerful force for social and political change, has experienced economic insecurity and diminished power. Simultaneously, the growth of precarious employment – characterized by short-term contracts, low wages, and limited benefits – has created a new “precariat” class, facing similar vulnerabilities. This shift has contributed to increased income inequality and a weakening of social safety nets, leaving many individuals struggling to maintain a stable economic footing.",91,ai_neutral,AI,Social Class
"Intergenerational mobility – the extent to which children’s economic outcomes are independent of their parents’ – is a key indicator of a society’s fairness. In many developed nations, including the United States, intergenerational mobility is surprisingly low, meaning a person’s socioeconomic status is heavily influenced by their family of origin. This suggests that the “American Dream” of upward mobility is increasingly difficult to achieve. Factors contributing to this stagnation include unequal access to education, discriminatory housing policies, and a widening wealth gap, all of which perpetuate cycles of poverty and privilege across generations.",93,ai_neutral,AI,Social Class
"Social class isn’t simply about income, though financial resources are a significant component. It’s a complex layering of economic standing, occupational prestige, educational attainment, and inherited status. Modern understandings recognize class as a spectrum, not rigid categories, with fluidity allowing for upward or downward mobility – though systemic barriers often make that movement unequal. Beyond material possessions, class profoundly shapes access to opportunities, healthcare, quality education, and even social networks. These advantages or disadvantages accumulate over generations, creating persistent inequalities. It influences lifestyle, values, and worldviews, impacting everything from dietary choices to political affiliations, and ultimately, life expectancy.",98,ai_neutral,AI,Social Class
"The concept of “class consciousness” describes the awareness of one’s social class and its associated interests, often leading to collective action. However, class consciousness isn’t automatic. Factors like geographic mobility, diverse workplaces, and the proliferation of consumer culture can fragment class identity. Media representation also plays a role, often obscuring the realities of class struggle or promoting narratives of individual success that downplay systemic issues. Furthermore, intersectionality complicates the picture; race, gender, and other social categories intersect with class to create unique experiences of privilege and disadvantage. Building genuine class solidarity requires acknowledging these complexities and fostering empathy across different lived realities.",102,ai_neutral,AI,Social Class
"Cultural capital – the non-financial social assets that promote social mobility – is a crucial element of class reproduction. This includes things like knowledge of art, music, etiquette, and the ability to navigate social situations with ease. These assets are often acquired through family upbringing and elite education, giving individuals from higher social classes an advantage in competitive environments. While cultural capital isn’t inherently negative, it can function as a subtle form of exclusion, creating barriers for those who haven’t had the same opportunities to acquire it. Recognizing the value of diverse forms of cultural knowledge is essential for creating a more equitable society.",104,ai_neutral,AI,Social Class
"The decline of manufacturing and the rise of the gig economy have significantly reshaped the class structure in recent decades. The traditional working class, once a powerful force for social change, has experienced job losses and wage stagnation. Simultaneously, the gig economy has created a new precariat – a class of workers characterized by precarious employment, low wages, and a lack of benefits. This shift has contributed to increased economic insecurity and social fragmentation. The erosion of traditional employer-employee relationships also weakens collective bargaining power, making it harder for workers to advocate for better conditions.",95,ai_neutral,AI,Social Class
"Social class impacts health outcomes in profound ways. Lower socioeconomic status is consistently linked to higher rates of chronic disease, mental health issues, and shorter life expectancies. This isn’t simply a matter of access to healthcare, though that’s a significant factor. Stress related to financial insecurity, exposure to environmental hazards, and limited access to healthy food options all contribute to health disparities. Furthermore, experiences of discrimination and social exclusion can have a detrimental impact on mental and physical well-being. Addressing these health inequalities requires a holistic approach that tackles the root causes of poverty and social disadvantage.",97,ai_neutral,AI,Social Class
"Social class isn’t simply about income, though financial resources are a significant component. It’s a complex layering of economic standing, occupational prestige, educational attainment, and inherited status. Modern understandings recognize class as a spectrum, not rigid categories, with fluidity allowing for upward or downward mobility – though systemic barriers often make that movement unequal. Beyond material possessions, class profoundly shapes access to opportunities, healthcare, quality education, and even social networks. These advantages or disadvantages accumulate over generations, creating persistent inequalities. It influences lifestyle, values, and perspectives, impacting everything from dietary choices to political affiliations, and ultimately, life expectancy.",98,ai_neutral,AI,Social Class
"The concept of “class consciousness” describes the awareness of one’s social class and its associated interests. This awareness isn’t automatic; it often develops through shared experiences of economic hardship or political marginalization. When individuals recognize common struggles and begin to collectively advocate for change, class consciousness strengthens. However, factors like geographic dispersion, diverse identities within a class, and the deliberate fragmentation of working groups can hinder its formation. Media representation and dominant narratives also play a role, often obscuring class realities or promoting individualistic explanations for systemic problems, thereby diminishing collective awareness.",92,ai_neutral,AI,Social Class
"Cultural capital – the non-financial social assets that promote social mobility – is deeply intertwined with social class. This includes things like knowledge of art, music, literature, and appropriate social etiquette. Individuals from higher social classes often inherit cultural capital, giving them an advantage in navigating educational institutions and professional settings. This isn’t about inherent intelligence or talent, but rather familiarity with the unspoken rules and expectations of dominant culture. The acquisition of cultural capital can be a conscious strategy for upward mobility, but it also highlights the ways in which social systems privilege certain forms of knowledge and behavior over others, perpetuating inequality.",104,ai_neutral,AI,Social Class
"Intersectionality complicates the understanding of social class. Class isn’t experienced in isolation; it intersects with other social categories like race, gender, sexual orientation, and disability. A person’s experience of class is therefore shaped by the combined effects of these intersecting identities. For example, a woman of color may face both gender and racial discrimination *in addition* to class-based disadvantages, creating unique and compounded barriers to opportunity. Ignoring these intersections leads to incomplete and inaccurate analyses of social inequality, and ineffective solutions that fail to address the root causes of marginalization.",90,ai_neutral,AI,Social Class
"The decline of traditional industries and the rise of the gig economy have significantly altered the landscape of social class in recent decades. The shrinking middle class and the increasing concentration of wealth at the top are key indicators of this shift. Precarious employment, characterized by short-term contracts, low wages, and limited benefits, is becoming increasingly common, creating a new “precariat” – a class defined by economic insecurity. This shift challenges traditional notions of class identity and requires new frameworks for understanding the evolving dynamics of economic inequality and social stratification in the 21st century.",95,ai_neutral,AI,Social Class
"Social class isn’t simply about income; it’s a complex layering of economic resources, social connections, and cultural capital. While wealth is a significant factor, it doesn’t fully define one’s position. Access to quality education, healthcare, and networks of influence all contribute. Someone with a modest income but strong social connections and educational attainment might experience more social mobility than someone with a higher income but limited access to these resources. Furthermore, class is often perceived subjectively – how individuals identify themselves and how others perceive them plays a crucial role in shaping experiences and opportunities. It’s a system that impacts everything from life expectancy to career trajectories, and continues to be a powerful force in contemporary society.",117,ai_neutral,AI,Social Class
"The concept of social mobility – the ability to move up or down the social class ladder – is often presented as a cornerstone of meritocratic societies. However, real-world data frequently reveals significant barriers to upward mobility. Factors like inherited wealth, systemic inequalities in education and employment, and even geographic location can dramatically limit opportunities. While hard work and talent are important, they aren’t always enough to overcome these structural obstacles. Intergenerational mobility, specifically, is a key indicator of a society’s fairness; if a child’s prospects are heavily determined by their parents’ class, it suggests a rigid and unequal system.",100,ai_neutral,AI,Social Class
"Cultural capital, a term coined by sociologist Pierre Bourdieu, refers to the non-financial social assets that promote social mobility. This includes things like knowledge of art, music, literature, and appropriate social etiquette. Individuals from higher social classes often acquire these assets through upbringing and education, giving them an advantage in navigating social and professional environments. This isn’t about inherent intelligence or ability, but rather about possessing the “right” cultural knowledge and behaviors that are valued by those in positions of power. It can create subtle but significant barriers for those lacking this cultural fluency, even if they possess equal or greater skills in other areas.",105,ai_neutral,AI,Social Class
"Social class profoundly impacts health outcomes. Individuals in lower socioeconomic brackets often experience higher rates of chronic disease, mental health issues, and shorter life expectancies. This isn’t simply due to lack of access to healthcare, although that’s a major factor. It’s also linked to increased stress levels stemming from financial insecurity, exposure to environmental hazards, and limited access to healthy food options. These factors create a cumulative disadvantage, impacting physical and mental well-being. Addressing health disparities requires not only improving healthcare access, but also tackling the underlying social and economic inequalities that contribute to them.",95,ai_neutral,AI,Social Class
"The increasing concentration of wealth in recent decades has exacerbated class divisions in many countries. This trend, often linked to globalization and changes in economic policy, has led to a widening gap between the richest and the poorest segments of society. This isn’t just an economic issue; it has significant social and political consequences. Increased inequality can erode social trust, fuel political polarization, and create a sense of resentment and disenfranchisement. Understanding the drivers of wealth concentration and its impact on social structures is crucial for developing policies that promote greater equity and opportunity.",94,ai_neutral,AI,Social Class
"Social class isn’t simply about income, though financial resources are a significant component. It’s a complex layering of economic standing, occupational prestige, educational attainment, and inherited status. Modern understandings recognize class as a spectrum, not rigid categories, with fluidity allowing for upward or downward mobility – though systemic barriers often make that movement unequal. Beyond material possessions, class profoundly shapes access to opportunities, healthcare, quality education, and even social networks. These advantages or disadvantages accumulate over generations, creating persistent inequalities. It influences lifestyle, values, and worldviews, impacting everything from dietary choices to political affiliations, and ultimately, life expectancy.",98,ai_neutral,AI,Social Class
"The concept of “class consciousness” describes the awareness of one’s social class and its associated interests, often leading to collective action. However, class consciousness isn’t automatic. Factors like geographic location, racial identity, and political ideology can intersect with class, fragmenting potential solidarity. In many contemporary societies, a decline in traditional working-class communities and the rise of the gig economy have further complicated the development of a unified class identity. Media representation and narratives also play a role, often obscuring the realities of class struggle or promoting individualistic explanations for economic hardship rather than systemic ones.",95,ai_neutral,AI,Social Class
"Cultural capital – the non-financial social assets that promote social mobility – is a crucial element of understanding class dynamics. This includes things like knowledge of art, music, and literature, as well as etiquette, language skills, and the ability to navigate social situations effectively. These assets are often acquired through education and upbringing, giving those from higher social classes a distinct advantage. Cultural capital isn’t inherently valuable, but it *is* recognized as valuable by institutions and individuals who hold power, creating a self-perpetuating cycle of advantage. It can manifest in subtle ways, like knowing which fork to use or being comfortable discussing classical music.",104,ai_neutral,AI,Social Class
"Intersectionality highlights how social class interacts with other forms of social stratification, such as race, gender, and sexuality, to create unique experiences of privilege and disadvantage. A person’s experience of class isn’t solely determined by their income or occupation; it’s shaped by how those factors intersect with their other identities. For example, a woman of color from a working-class background will face different challenges than a white man from the same class. Ignoring these intersections leads to incomplete and inaccurate understandings of social inequality. Analyzing these overlapping systems of oppression is vital for effective social justice work.",97,ai_neutral,AI,Social Class
"The decline of manufacturing and the rise of automation have significantly reshaped the class structure in many developed nations. This has led to a hollowing out of the middle class and a widening gap between the wealthy and the working class. While new opportunities have emerged in the technology sector, these often require specialized skills and education, leaving many workers behind. This shift has fueled economic insecurity and social unrest, contributing to political polarization and a sense of disillusionment with traditional institutions. Addressing these challenges requires proactive policies focused on retraining, education, and a more equitable distribution of wealth.",99,ai_neutral,AI,Social Class
"Social class isn’t simply about income, though financial resources are a significant component. It’s a complex layering of economic standing, occupational prestige, educational attainment, and inherited status. Modern understandings recognize class as a spectrum, not rigid categories, with fluidity allowing for upward or downward mobility – though systemic barriers often make that movement unequal. Beyond material possessions, class profoundly shapes access to opportunities, healthcare, quality education, and even social networks. These advantages or disadvantages accumulate over generations, creating cycles of privilege and disadvantage. It influences lifestyle, values, and perspectives, impacting everything from dietary choices to political beliefs, and ultimately, life expectancy.",101,ai_neutral,AI,Social Class
"The concept of “class consciousness” describes the awareness of one’s social class and its associated interests. This awareness isn’t automatic; it often develops through shared experiences of economic hardship or political struggle. When individuals recognize commonalities in their circumstances – limited access to resources, systemic discrimination, or unfair labor practices – they may begin to organize and advocate for collective change. However, factors like geographic isolation, internal divisions within a class, and the pervasive influence of dominant ideologies can hinder the development of strong class consciousness. Media representation and narratives about meritocracy also play a role in obscuring class realities.",100,ai_neutral,AI,Social Class
"Social class significantly impacts health outcomes. Individuals in lower socioeconomic classes often experience higher rates of chronic disease, mental health issues, and shorter lifespans. This isn’t simply due to lack of financial resources for healthcare, though that’s a major factor. It’s also linked to increased exposure to environmental hazards, stressful living conditions, food insecurity, and limited access to safe recreational spaces. The chronic stress associated with poverty and economic instability takes a physiological toll, weakening the immune system and increasing vulnerability to illness. These health disparities are not individual failings, but rather consequences of systemic inequalities embedded within societal structures.",100,ai_neutral,AI,Social Class
"Cultural capital – the knowledge, skills, habits, and tastes valued by the dominant class – plays a crucial role in maintaining social hierarchies. It’s not necessarily about intelligence or talent, but about possessing the cultural cues and competencies that signal belonging and competence within elite circles. This can include things like familiarity with classical music, art history, or specific etiquette. Cultural capital is often acquired through education and upbringing, giving those from privileged backgrounds an advantage in navigating social and professional environments. It can operate subtly, influencing perceptions of credibility and trustworthiness, and impacting access to opportunities.",97,ai_neutral,AI,Social Class
"Intersectionality highlights how social class interacts with other forms of social stratification, such as race, gender, and sexual orientation, to create unique experiences of privilege and oppression. A person’s class isn’t experienced in isolation; it’s shaped by their other social identities. For example, a woman of color from a low-income background may face compounded disadvantages compared to a white man from the same socioeconomic class. Understanding these intersecting systems of power is essential for developing effective strategies to address social inequality. Ignoring intersectionality risks overlooking the specific challenges faced by marginalized groups and perpetuating existing disparities.",96,ai_neutral,AI,Social Class
"Social class isn’t simply about income, though financial resources are a significant component. It’s a complex layering of economic standing, occupational prestige, educational attainment, and inherited status. Modern understandings recognize class as a spectrum, not rigid categories, with fluidity allowing for upward or downward mobility – though systemic barriers often make that movement unequal. Beyond material possessions, class profoundly shapes access to opportunities, healthcare, quality education, and even social networks. These advantages or disadvantages accumulate over generations, creating persistent inequalities. It influences lifestyle, values, and perspectives, impacting everything from dietary choices to political affiliations, and ultimately, life expectancy.",98,ai_neutral,AI,Social Class
"The concept of “class consciousness” describes the awareness of one’s social class and its associated interests, often leading to collective action. However, class consciousness isn’t automatic. Factors like geographic location, ethnicity, and gender intersect with class, creating diverse experiences and sometimes fracturing potential solidarity. Media representation and dominant narratives frequently obscure class realities, promoting individualistic explanations for success or failure rather than acknowledging systemic issues. Furthermore, the decline of traditional working-class communities and the rise of the gig economy have complicated the formation of shared identity and collective bargaining power, making unified action more challenging.",95,ai_neutral,AI,Social Class
"Cultural capital – the non-financial social assets that promote social mobility – plays a crucial role in maintaining class structures. This includes things like knowledge of art, music, etiquette, and the ability to navigate social situations with ease. These assets are often acquired through education and upbringing, giving those from higher social classes a distinct advantage. Cultural capital isn’t inherently valuable, but it *is* recognized as valuable by those in positions of power, influencing hiring decisions, social acceptance, and access to exclusive networks. This creates a self-perpetuating cycle where privilege begets privilege, and disadvantage reinforces disadvantage.",96,ai_neutral,AI,Social Class
"Social class significantly impacts health outcomes. Individuals in lower socioeconomic classes experience higher rates of chronic disease, mental health issues, and shorter life expectancies. This isn’t simply due to lack of access to healthcare, though that’s a major factor. It’s also linked to increased exposure to environmental hazards, stressful living conditions, food insecurity, and limited opportunities for preventative care. The chronic stress associated with poverty and economic instability takes a significant toll on physical and mental wellbeing, creating a vicious cycle of disadvantage. Addressing health disparities requires tackling the root causes of social inequality, not just treating the symptoms.",99,ai_neutral,AI,Social Class
"The idea that class is becoming less relevant in contemporary society is a common, but often inaccurate, assertion. While traditional class markers may be blurring, new forms of stratification are emerging, often linked to globalization and the knowledge economy. The gap between the highly skilled and the less skilled continues to widen, creating a new class divide. Furthermore, wealth inequality is reaching unprecedented levels, concentrating economic power in the hands of a small elite. This concentration of wealth translates into political influence, further reinforcing existing inequalities and challenging the notion of a truly meritocratic society.",95,ai_neutral,AI,Social Class
"Social class isn’t simply about income, though financial resources are a significant component. It’s a complex layering of economic standing, social connections, educational attainment, and even cultural capital – the knowledge, habits, and tastes deemed valuable by society. These factors combine to create opportunities, or barriers, impacting everything from health outcomes and access to quality education, to career trajectories and even lifespan. Increasingly, social mobility – the ability to move between classes – is proving difficult, leading to a solidification of existing hierarchies. Understanding class requires acknowledging its pervasive influence, shaping not just *what* people have, but *how* they experience the world and their place within it.",107,ai_neutral,AI,Social Class
"The concept of “class consciousness” describes the awareness of one’s social class and its associated interests. It’s not merely recognizing your economic bracket, but understanding how that bracket relates to broader systems of power and inequality. Historically, this awareness has fueled social movements advocating for change, from labor rights to wealth redistribution. However, class consciousness is often fragmented. Factors like race, gender, and geographic location intersect with class, creating diverse experiences and sometimes hindering collective action. The media and dominant narratives can also obscure class realities, making it harder for individuals to identify shared struggles and build solidarity across perceived divides.",101,ai_neutral,AI,Social Class
"Cultural differences often reinforce social class boundaries. These aren’t necessarily about superiority or inferiority, but rather about learned behaviors, values, and communication styles. What’s considered “polite” or “appropriate” can vary dramatically between classes, leading to misunderstandings and feelings of exclusion. This “cultural capital” can be a significant advantage in navigating professional settings or higher education, where certain norms are implicitly expected. These subtle cues and expectations can create invisible barriers for those unfamiliar with them, perpetuating inequalities even in the absence of overt discrimination.",84,ai_neutral,AI,Social Class
"The impact of social class extends to mental and physical health. Individuals in lower socioeconomic classes often experience higher levels of stress due to financial insecurity, unstable housing, and limited access to healthcare. This chronic stress can contribute to a range of health problems, from cardiovascular disease to mental health disorders. Furthermore, environmental factors – such as exposure to pollution or lack of access to healthy food – disproportionately affect lower-class communities. These health disparities aren’t simply individual failings, but systemic consequences of unequal distribution of resources and opportunities.",89,ai_neutral,AI,Social Class
"Contemporary discussions about social class are increasingly focused on the widening gap between the wealthiest and everyone else. This isn’t just a matter of fairness; extreme income inequality has demonstrable negative consequences for society as a whole. It can lead to decreased economic growth, political instability, and erosion of social trust. Policies aimed at addressing this inequality – such as progressive taxation, increased minimum wages, and affordable healthcare – are often debated, with proponents arguing they are essential for creating a more just and sustainable society, and opponents raising concerns about economic impact and individual liberty.",96,ai_neutral,AI,Social Class
"Social class isn’t simply about income, though financial resources are a significant component. It’s a complex layering of economic standing, occupational prestige, educational attainment, and inherited status. Modern understandings recognize class as a spectrum, not rigid categories, with fluidity allowing for upward or downward mobility – though systemic barriers often make that movement unequal. Beyond material possessions, class profoundly shapes access to opportunities, healthcare, quality education, and even social networks. These advantages or disadvantages accumulate over generations, creating persistent inequalities. It influences lifestyle, values, and perspectives, impacting everything from dietary choices to political affiliations, and ultimately, life expectancy.",98,ai_neutral,AI,Social Class
"The concept of “class consciousness” describes the awareness of one’s social class and its associated interests. This awareness isn’t automatic; it often develops through shared experiences of economic hardship or political struggle. When individuals recognize commonalities in their circumstances – limited access to resources, systemic discrimination, or unfair labor practices – they may begin to organize and advocate for collective change. However, factors like geographic isolation, internal divisions within a class, and the pervasive influence of dominant ideologies can hinder the development of strong class consciousness. Media representation and narratives about meritocracy also play a role in obscuring class realities.",100,ai_neutral,AI,Social Class
"Social class significantly impacts health outcomes. Individuals in lower socioeconomic classes often experience higher rates of chronic disease, mental health issues, and shorter lifespans. This isn’t simply due to lack of financial resources for healthcare, though that’s a major factor. It’s also linked to increased exposure to environmental hazards, stressful living conditions, food insecurity, and limited access to safe recreational spaces. The chronic stress associated with poverty and economic instability takes a physiological toll, weakening the immune system and increasing vulnerability to illness. These health disparities are often compounded by systemic biases within the healthcare system itself.",97,ai_neutral,AI,Social Class
"Cultural capital – the knowledge, skills, habits, and tastes valued by the dominant class – plays a crucial role in maintaining social hierarchies. It’s not necessarily about intelligence or talent, but rather about possessing the cultural cues and competencies that signal belonging and competence within elite circles. This can include things like familiarity with classical music, art history, or specific etiquette. Cultural capital is often acquired through education and upbringing, giving those from privileged backgrounds an advantage in navigating social and professional environments. It can operate subtly, influencing perceptions of credibility and trustworthiness.",93,ai_neutral,AI,Social Class
"The idea that social class is becoming less relevant in contemporary society is a common, yet often inaccurate, assertion. While traditional class structures may be evolving, new forms of stratification are emerging, often linked to globalization and the digital economy. The rise of the “gig economy” and precarious employment, coupled with increasing income inequality, are creating new divisions and vulnerabilities. Furthermore, inherited wealth continues to play a significant role in determining life chances, and access to education and social networks remains highly unequal. Dismissing the importance of class ignores the persistent realities of economic injustice and social stratification.",98,ai_neutral,AI,Social Class
"Social class isn’t simply about income, though financial resources are a significant component. It’s a complex layering of economic standing, occupational prestige, educational attainment, and inherited status. Modern understandings recognize class as a spectrum, not rigid categories, with fluidity allowing for upward or downward mobility – though systemic barriers often make that movement unequal. Beyond material possessions, class profoundly shapes access to opportunities, healthcare, quality education, and even social networks. These advantages or disadvantages accumulate over generations, creating persistent inequalities. It influences lifestyle, values, and perspectives, impacting everything from dietary choices to political affiliations, and ultimately, life expectancy.",98,ai_neutral,AI,Social Class
"The concept of “class consciousness” describes the awareness of one’s social class and its associated interests. This awareness isn’t automatic; it often develops through shared experiences of economic hardship or political struggle. When individuals recognize commonalities in their circumstances – limited access to resources, systemic discrimination, or similar challenges – they may begin to organize and advocate for collective change. However, factors like geographic dispersion, differing cultural values within a class, and the deliberate fragmentation of working-class solidarity by powerful interests can hinder the development of strong class consciousness. Media representation and dominant narratives also play a role in shaping, or obscuring, perceptions of class.",105,ai_neutral,AI,Social Class
"Social class significantly impacts health outcomes. Individuals in lower socioeconomic classes often experience higher rates of chronic disease, mental health issues, and shorter lifespans. This isn’t simply due to lack of financial resources for healthcare, though that’s a major factor. It’s also linked to increased exposure to environmental hazards, stressful living conditions, food insecurity, and limited access to safe recreational spaces. The chronic stress associated with poverty and economic instability takes a physiological toll, weakening the immune system and increasing vulnerability to illness. Furthermore, healthcare systems themselves can perpetuate inequalities through implicit bias and unequal access to quality care.",99,ai_neutral,AI,Social Class
"Cultural capital – the knowledge, skills, habits, and tastes valued by the dominant class – plays a crucial role in maintaining social hierarchies. This isn’t about inherent intelligence or ability, but rather about possessing the cultural cues and competencies that signal belonging and facilitate success within established institutions. For example, familiarity with classical music, art history, or specific forms of etiquette can provide advantages in educational settings or professional interviews. Cultural capital is often acquired through family upbringing and elite educational experiences, creating a cycle where privilege is reproduced across generations. It can operate subtly, influencing perceptions of competence and trustworthiness.",101,ai_neutral,AI,Social Class
"The decline of manufacturing and the rise of the gig economy have dramatically reshaped the class structure in recent decades. The traditional working class, once characterized by stable, unionized jobs with benefits, has experienced significant erosion. Simultaneously, the growth of precarious employment – contract work, freelance positions, and part-time jobs with limited security – has created a new “precariat” class, facing economic instability and lacking traditional worker protections. This shift has contributed to increased income inequality, weakened social safety nets, and a growing sense of economic anxiety for many individuals and families, challenging established notions of class identity and political alignment.",101,ai_neutral,AI,Social Class
"Navigating modern marriage prospects often begins with self-assessment. Beyond simply *wanting* a partner, understanding your own values, lifestyle, and long-term goals is crucial. What does a fulfilling life look like for you, independently? What non-negotiables do you have in a relationship – regarding finances, family, career ambitions, or personal growth? Recognizing these aspects allows for a more focused search, preventing wasted time on incompatible connections. Online dating platforms offer broad reach, but intentionality is key; clearly articulating your needs and boundaries in your profile and initial conversations filters out mismatches and attracts individuals aligned with your vision.",97,ai_neutral,AI,Marriage Prospects
"Financial compatibility is increasingly recognized as a significant factor in successful marriage prospects. This isn’t necessarily about wealth, but rather shared attitudes towards money – spending habits, saving goals, and debt management. Open and honest conversations about finances early in a relationship are vital. Discrepancies in financial philosophies can create substantial stress later on, even if both partners are financially stable individually. Consider discussing budgeting, long-term investments, and how financial decisions will be made as a couple. Ignoring these practicalities, while perhaps uncomfortable, can undermine even the strongest emotional connection.",90,ai_neutral,AI,Marriage Prospects
"The influence of family and friends on marriage prospects remains substantial, though the nature of that influence is evolving. While arranged marriages are less common, opinions from close circles still carry weight. It’s important to differentiate between genuine concern for your well-being and undue pressure to conform to external expectations. A healthy relationship allows for respectful consideration of loved ones’ perspectives, but ultimately, the decision to marry should be based on your own assessment of compatibility and happiness. Establishing clear boundaries with family regarding relationship advice is often necessary.",89,ai_neutral,AI,Marriage Prospects
"Emotional maturity plays a pivotal role in identifying viable marriage prospects. This encompasses self-awareness, the ability to communicate effectively, and a capacity for empathy. Look for partners who demonstrate emotional regulation – managing their reactions to stress and conflict constructively. Avoid individuals who consistently blame others, exhibit controlling behaviors, or struggle with accountability. A partner’s willingness to engage in self-reflection and personal growth is a strong indicator of their capacity for a healthy, long-term commitment. Prioritize emotional intelligence over superficial qualities.",81,ai_neutral,AI,Marriage Prospects
"Shared life vision is often underestimated when evaluating marriage prospects. Beyond immediate compatibility, consider whether your long-term aspirations align. Do you both envision similar futures regarding career paths, geographic location, raising children (if desired), and lifestyle choices? While compromise is inevitable in any relationship, fundamental disagreements about core life goals can create persistent friction. Regularly discussing these visions, and being willing to adapt and negotiate, is essential for building a shared future and ensuring lasting fulfillment.",76,ai_neutral,AI,Marriage Prospects
"Navigating modern marriage prospects often begins with self-assessment. Beyond simply *wanting* a partner, understanding your own values, lifestyle, and long-term goals is crucial. What does a fulfilling life look like for you, independently and with someone else? Financial stability, career ambitions, desired location, and family plans all factor in. Increasingly, people prioritize emotional intelligence and shared core beliefs over superficial compatibility. Online dating platforms offer a vast pool of potential partners, but require realistic expectations and a willingness to sift through profiles. Remember that a “perfect” match is a myth; focus instead on finding someone who complements your strengths and supports your growth.",103,ai_neutral,AI,Marriage Prospects
"The influence of social media on marriage prospects is undeniable, though complex. While platforms can facilitate connections, they also present curated versions of reality, potentially leading to unrealistic comparisons and anxieties. The pressure to present a “relationship-ready” self can be exhausting, and the constant exposure to others’ seemingly perfect lives can diminish satisfaction. However, social media also allows individuals to showcase their interests and values, attracting like-minded partners. It’s important to be mindful of the performative aspects of online interaction and prioritize genuine connection over superficial validation. Authenticity, even online, remains a powerful draw.",94,ai_neutral,AI,Marriage Prospects
"Shifting societal norms are significantly impacting marriage prospects. The age at which people consider marriage is steadily increasing, as individuals prioritize education, career development, and personal exploration. Cohabitation before marriage is now widely accepted, allowing couples to test compatibility without the legal complexities of divorce. Furthermore, there’s a growing acceptance of diverse relationship structures, including those that don’t conform to traditional marriage models. This doesn’t diminish the desire for committed partnerships, but rather reflects a broader re-evaluation of what commitment *means* and how it’s expressed.",85,ai_neutral,AI,Marriage Prospects
"Financial considerations play a substantial role in modern marriage prospects, often more openly discussed than in previous generations. Debt, income disparity, and differing financial habits can create significant stress within a relationship. Transparency about finances is essential, and couples should ideally discuss their financial goals and expectations *before* committing to marriage. This includes conversations about budgeting, saving, and long-term financial planning. While love is important, practical considerations like financial security contribute significantly to a stable and fulfilling partnership. Ignoring these aspects can lead to resentment and conflict down the line.",90,ai_neutral,AI,Marriage Prospects
"The concept of “dealbreakers” in marriage prospects is highly individual, but certain patterns emerge. Consistent dishonesty, lack of emotional maturity, differing views on fundamental values (like raising children or political beliefs), and unresolved addiction issues are frequently cited. However, it’s also important to distinguish between genuine dealbreakers and minor annoyances that can be addressed through communication and compromise. Self-awareness is key: understanding *why* certain behaviors are unacceptable to you can help you identify truly incompatible partners and avoid settling for less than you deserve. Recognizing your boundaries is crucial for protecting your emotional well-being.",94,ai_neutral,AI,Marriage Prospects
"Navigating modern marriage prospects often begins with self-assessment. Beyond simply *wanting* a partner, understanding your own values, lifestyle, and long-term goals is crucial. What does a fulfilling life look like for you, independently and with someone else? Financial stability, career ambitions, and desired family size all play a role. Increasingly, shared values around social issues, political beliefs, and personal growth are considered non-negotiable for many. Online dating has broadened the pool of potential partners, but requires a discerning eye and realistic expectations. It’s about identifying what truly matters to *you* and seeking someone whose core principles align, rather than chasing an idealized image.",103,ai_neutral,AI,Marriage Prospects
"The influence of social media on marriage prospects is undeniable, though often complex. While platforms can facilitate connections, they also present curated versions of reality, potentially leading to unrealistic comparisons and anxieties. The “highlight reel” effect can make individuals feel inadequate or pressure them to project an equally polished image. Furthermore, the constant exposure to others’ relationships can fuel dissatisfaction or a sense of missing out. However, social media can also be a valuable tool for discovering shared interests through groups and communities, and for subtly gauging a potential partner’s personality and values through their online presence – though critical thinking is essential.",103,ai_neutral,AI,Marriage Prospects
"Financial compatibility is frequently underestimated when considering marriage prospects. It’s not necessarily about equal income, but rather a shared understanding of financial priorities and habits. Open communication about debt, spending, saving, and long-term financial goals is vital. Disagreements about money are a leading cause of marital stress, so addressing these issues *before* marriage is paramount. This includes discussing expectations around financial independence, shared expenses, and how major purchases will be made. A proactive approach to financial planning demonstrates maturity and a commitment to building a secure future together.",88,ai_neutral,AI,Marriage Prospects
"The concept of a “timeline” for marriage is shifting. While societal pressures still exist, more individuals are prioritizing personal and professional fulfillment before settling down. This delay isn’t necessarily a negative; it allows for greater self-discovery and a more informed choice of partner. However, it’s important to be mindful of differing expectations within a relationship. Openly discussing individual timelines and being willing to compromise is crucial to avoid resentment or conflict. The key is to find a balance between pursuing individual goals and building a shared future, rather than adhering to arbitrary societal norms.",94,ai_neutral,AI,Marriage Prospects
"Emotional intelligence is arguably the most important factor in assessing marriage prospects. This encompasses self-awareness, empathy, and the ability to manage emotions effectively. A partner with high emotional intelligence can navigate conflict constructively, communicate needs clearly, and offer genuine support. Look for someone who demonstrates active listening skills, validates your feelings, and takes responsibility for their own actions. Red flags include defensiveness, gaslighting, or a consistent inability to empathize. A strong emotional foundation is essential for building a lasting and fulfilling partnership, far outweighing superficial qualities.",86,ai_neutral,AI,Marriage Prospects
"Navigating modern marriage prospects often begins with self-assessment. Beyond simply *wanting* a partner, understanding your own values, lifestyle, and long-term goals is crucial. What does a fulfilling life look like for you, independently and with someone else? Financial stability, career ambitions, desired family size, and even preferred leisure activities all play a role. Recognizing these aspects allows for a more focused search, preventing mismatches based on superficial attraction. Online dating platforms offer extensive filtering options, but ultimately, honest self-reflection is the most effective tool in identifying potential partners who align with your core needs and aspirations.",96,ai_neutral,AI,Marriage Prospects
"The influence of social circles on marriage prospects remains significant, even in the digital age. While dating apps broaden the pool of potential partners, a substantial number of marriages still originate through mutual friends, work connections, or shared hobbies. These pre-existing connections offer a level of social proof and shared context that can accelerate trust and compatibility. Actively participating in activities you enjoy not only enriches your life but also increases your exposure to like-minded individuals. Don’t underestimate the power of simply being present and open to meeting people organically; sometimes, the best connections aren’t actively sought, but rather discovered.",100,ai_neutral,AI,Marriage Prospects
"Financial compatibility is increasingly recognized as a key factor in successful marriage prospects. This isn’t necessarily about equal income, but rather shared financial values and responsible money management. Openly discussing financial habits, debt, and future goals *before* committing to a long-term relationship is essential. Differing approaches to saving, spending, and investing can create significant stress and conflict down the line. A willingness to collaborate on a budget, discuss financial anxieties, and work towards shared financial objectives demonstrates maturity and a commitment to building a stable future together.",87,ai_neutral,AI,Marriage Prospects
"Emotional intelligence plays a pivotal role in assessing marriage prospects. Look beyond initial attraction and evaluate a potential partner’s ability to communicate effectively, empathize with your feelings, and manage their own emotions constructively. Healthy relationships require vulnerability, active listening, and a willingness to compromise. Red flags include defensiveness, gaslighting, or a consistent inability to take responsibility for their actions. Observing how they interact with others – family, friends, and even service staff – can provide valuable insights into their character and emotional maturity.",83,ai_neutral,AI,Marriage Prospects
"The concept of “dealbreakers” in marriage prospects is highly personal, but often centers around fundamental values. These aren’t necessarily minor annoyances, but core beliefs or lifestyle choices that are non-negotiable for your happiness and well-being. Examples might include differing views on having children, religious beliefs, political ideologies, or fundamental approaches to life. While compromise is important, attempting to change someone’s core values is rarely successful and often leads to resentment. Identifying and acknowledging your dealbreakers upfront saves time and emotional energy, ensuring you focus on partners who are genuinely compatible with your long-term vision.",94,ai_neutral,AI,Marriage Prospects
"Navigating modern marriage prospects often begins with self-assessment. Beyond simply *wanting* a partner, understanding your own values, lifestyle, and long-term goals is crucial. What does a fulfilling life look like for you, independently and with someone else? Financial stability, career ambitions, desired family size, and even preferred leisure activities all play a role. Recognizing these aspects allows for a more focused search, preventing mismatches based on superficial attraction. Online dating platforms offer extensive filtering options, but ultimately, honest self-reflection is the most effective tool in identifying potential partners who align with your core needs and aspirations.",96,ai_neutral,AI,Marriage Prospects
"The influence of social circles on marriage prospects remains significant, even in the digital age. While dating apps broaden the pool of potential partners, a substantial number of marriages still originate through mutual friends, work connections, or shared hobbies. These pre-existing connections offer a level of social proof and shared context that can accelerate trust and compatibility. Actively participating in activities you enjoy not only enriches your life but also increases your exposure to like-minded individuals. Don’t underestimate the power of simply being present and open to meeting people organically; sometimes, the best connections aren’t actively sought, but rather discovered.",100,ai_neutral,AI,Marriage Prospects
"Financial compatibility is increasingly recognized as a key factor in successful marriage prospects. This isn’t necessarily about equal income, but rather shared financial values and responsible money management. Openly discussing financial habits, debt, and future goals *before* committing to a long-term relationship is essential. Differing approaches to saving, spending, and investing can create significant stress and conflict down the line. A willingness to collaborate on a budget, understand each other’s financial backgrounds, and plan for the future demonstrates maturity and a commitment to building a stable life together.",88,ai_neutral,AI,Marriage Prospects
"Emotional intelligence plays a pivotal role in assessing marriage prospects. Look beyond initial attraction and evaluate a potential partner’s ability to communicate effectively, manage conflict constructively, and demonstrate empathy. Can they articulate their feelings? Are they willing to listen and understand your perspective, even when disagreeing? Healthy relationships require vulnerability and a willingness to work through challenges. Red flags include defensiveness, gaslighting, or a consistent inability to take responsibility for their actions. Prioritizing emotional maturity is an investment in the long-term health of the relationship.",85,ai_neutral,AI,Marriage Prospects
"The concept of “dealbreakers” in marriage prospects is highly personal, but requires careful consideration. While some non-negotiables are essential – such as shared values regarding children or fundamental lifestyle choices – it’s important to distinguish between genuine dealbreakers and minor annoyances. Rigidity in expectations can limit opportunities and prevent potentially fulfilling relationships from developing. Before dismissing a potential partner, honestly assess whether the perceived flaw is truly insurmountable or something you could potentially compromise on. Flexibility and a willingness to accept imperfections are crucial for navigating the complexities of a long-term partnership.",92,ai_neutral,AI,Marriage Prospects
"Navigating modern marriage prospects often begins with self-assessment. Beyond simply *wanting* a partner, understanding your own values, lifestyle, and long-term goals is crucial. What does a fulfilling life look like for you, independently? What non-negotiables do you have in a relationship – regarding finances, family, career ambitions, or personal growth? Recognizing these aspects allows for a more focused search, preventing wasted time on incompatible connections. Online dating platforms offer expansive reach, but also require discerning profiles and realistic expectations. Remember, a successful partnership isn’t about finding someone “perfect,” but someone genuinely compatible with your authentic self and future vision.",99,ai_neutral,AI,Marriage Prospects
"Financial compatibility is increasingly recognized as a key component of successful marriage prospects. This isn’t necessarily about matching incomes, but rather aligning financial philosophies. Are both partners savers or spenders? How will debt be managed? Will financial decisions be made jointly or independently? Open and honest conversations about money – even before serious commitment – can prevent significant conflict down the line. Ignoring these practical considerations, while romanticizing love, can lead to resentment and instability. Financial transparency builds trust and allows couples to collaboratively plan for shared goals, like homeownership, retirement, or raising a family.",95,ai_neutral,AI,Marriage Prospects
"The influence of family and social circles on marriage prospects remains significant, though the nature of that influence is evolving. While arranged marriages are less common, familial expectations and opinions can still exert pressure. It’s important to establish healthy boundaries and prioritize your own happiness, even when it differs from family desires. Similarly, social circles can shape perceptions and introduce potential partners, but shouldn’t dictate choices. A supportive network is valuable, but ultimately, the decision to marry should be based on a genuine connection and mutual respect between two individuals, not external validation.",93,ai_neutral,AI,Marriage Prospects
"Emotional maturity plays a pivotal role in assessing marriage prospects. This encompasses self-awareness, the ability to communicate effectively, and a willingness to compromise. Look for a partner who demonstrates emotional regulation – managing their own feelings constructively rather than projecting them onto others. Healthy relationships require vulnerability and the capacity to navigate conflict with empathy and respect. Red flags include controlling behavior, consistent blame-shifting, or an unwillingness to take responsibility for actions. Prioritizing emotional intelligence is essential for building a lasting and fulfilling partnership.",84,ai_neutral,AI,Marriage Prospects
"Shared values and life goals are foundational to strong marriage prospects. While differences can be enriching, fundamental disagreements on core beliefs – regarding ethics, religion, politics, or lifestyle – can create ongoing tension. Consider not just what you enjoy doing *together* now, but how you envision your future unfolding. Do you both want children? What are your career aspirations? How important is community involvement? Aligning on these broader life directions increases the likelihood of a harmonious and supportive partnership over the long term, fostering a shared sense of purpose and mutual growth.",92,ai_neutral,AI,Marriage Prospects
"Navigating modern marriage prospects often begins with self-assessment. Beyond simply *wanting* a partner, understanding your own values, lifestyle, and long-term goals is crucial. What does a fulfilling life look like for you, independently and with someone else? Consider your non-negotiables – core beliefs or habits you won’t compromise on – and areas where you’re willing to be flexible. This clarity isn’t about creating a rigid checklist, but about ensuring potential partners align with your fundamental needs. Simultaneously, realistically evaluate what you bring to a relationship: emotional maturity, communication skills, and a willingness to invest time and effort are all vital components.",101,ai_neutral,AI,Marriage Prospects
"The role of online dating in shaping marriage prospects is undeniable. Platforms offer access to a wider pool of potential partners than traditional methods, but also present unique challenges. Profile curation becomes a performance, and initial impressions are heavily influenced by carefully selected photos and brief bios. It’s easy to fall into the trap of superficial judgments or misrepresentation. Successful online dating requires a discerning eye, a healthy dose of skepticism, and a willingness to move beyond initial attraction to assess compatibility through meaningful conversation. Prioritizing safety – meeting in public places, informing friends of your plans – is also paramount.",101,ai_neutral,AI,Marriage Prospects
"Financial compatibility is frequently underestimated when considering marriage prospects, yet it’s a significant predictor of long-term relationship satisfaction. This isn’t necessarily about matching incomes, but about shared financial values and responsible habits. Openly discussing attitudes towards saving, spending, debt, and financial goals is essential *before* making a long-term commitment. Discrepancies in these areas can create ongoing stress and conflict. Transparency about financial situations – income, assets, and liabilities – builds trust and allows for collaborative financial planning, a cornerstone of a stable future together.",84,ai_neutral,AI,Marriage Prospects
"Family and friend influence on marriage prospects remains substantial, even in modern society. While ultimately the decision rests with the individuals involved, the opinions of close loved ones often carry weight. Supportive networks can provide valuable perspective and emotional support throughout the relationship. However, it’s crucial to differentiate between constructive feedback and undue pressure. A healthy relationship should be built on mutual attraction and compatibility, not solely on external approval. Learning to navigate differing opinions respectfully, while prioritizing your own happiness, is a key skill.",85,ai_neutral,AI,Marriage Prospects
"The evolving definition of commitment impacts current marriage prospects. Traditional expectations surrounding marriage – specific timelines, roles, and societal pressures – are increasingly being challenged. Many couples are choosing to cohabitate for extended periods before marriage, or opting for alternative relationship structures altogether. This shift necessitates open communication about expectations and a willingness to define commitment on your own terms. Discussing shared visions for the future – regarding career, family, and personal growth – is vital to ensure both partners are aligned and working towards a mutually fulfilling life together.",90,ai_neutral,AI,Marriage Prospects
"Navigating modern marriage prospects often begins with self-assessment. Beyond simply *wanting* a partner, understanding your own values, lifestyle, and long-term goals is crucial. What does a fulfilling life look like for you, independently and with someone else? Financial stability, career ambitions, desired location, and family plans all factor in. Increasingly, people prioritize emotional intelligence and shared core beliefs over superficial compatibility. Online dating platforms offer a vast pool of potential partners, but require discerning profiles and realistic expectations. Remember that a “good” match isn’t about finding someone who completes you, but someone who complements your already whole self, fostering mutual growth and support.",103,ai_neutral,AI,Marriage Prospects
"The influence of social media on marriage prospects is undeniable, though complex. While platforms can facilitate connections, they also present curated realities that can distort perceptions. The constant exposure to idealized relationships can create unrealistic expectations and fuel comparison. Furthermore, the ease of access to potential partners can paradoxically lead to a sense of disposability, hindering the development of deeper connections. It’s important to be mindful of the performative aspects of online life and prioritize genuine interactions over superficial validation. Building a strong sense of self-worth independent of online approval is vital for healthy relationship formation.",96,ai_neutral,AI,Marriage Prospects
"Shifting demographics are reshaping marriage prospects. Later marriages are becoming the norm, as individuals focus on education, career establishment, and personal development. This delay doesn’t necessarily indicate a decline in the desire for partnership, but rather a change in priorities. Simultaneously, increasing rates of cohabitation demonstrate a willingness to explore long-term commitment without the immediate legal and social pressures of marriage. The traditional timeline of dating, engagement, and marriage is becoming increasingly fluid, allowing for more individualized paths to partnership. These trends reflect a broader societal shift towards prioritizing personal fulfillment and autonomy.",93,ai_neutral,AI,Marriage Prospects
"Financial considerations play a significant, often understated, role in marriage prospects. While love is paramount, practical realities like debt, income disparity, and financial goals can significantly impact relationship stability. Open and honest communication about finances is essential *before* making a long-term commitment. Differing spending habits, attitudes towards saving, and financial anxieties can create friction if not addressed proactively. Increasingly, couples are engaging in premarital financial counseling to navigate these complexities and establish a shared financial vision. Ignoring these practical aspects can lead to resentment and conflict down the line.",89,ai_neutral,AI,Marriage Prospects
"The concept of “dealbreakers” in marriage prospects is highly personal, yet often reflects evolving societal values. While some dealbreakers remain consistent – such as fundamental disagreements on core values or abusive behavior – others are becoming more nuanced. For example, differing views on parenting, political ideologies, or lifestyle choices can be significant barriers for some, while less impactful for others. It’s crucial to differentiate between negotiable differences and non-negotiable values. Self-awareness is key: understanding *why* certain traits are dealbreakers allows for more informed decision-making and a clearer understanding of one’s own needs and boundaries in a potential partnership.",98,ai_neutral,AI,Marriage Prospects
"Navigating modern marriage prospects often begins with self-assessment. Beyond simply *wanting* a partner, understanding your own values, lifestyle, and long-term goals is crucial. What does a fulfilling life look like for you, independently and with someone else? Consider your non-negotiables – core beliefs or habits you won’t compromise on – and areas where you’re willing to be flexible. This clarity isn’t about creating a rigid checklist, but about ensuring potential partners align with your fundamental needs. Simultaneously, realistically evaluate your own contributions to a relationship; healthy partnerships are built on mutual effort and compromise, not simply finding someone who “completes” you.",101,ai_neutral,AI,Marriage Prospects
"Online dating has fundamentally reshaped marriage prospects, offering access to a far wider pool of potential partners than traditional methods. However, this abundance presents its own challenges. Profiles are curated representations, and initial impressions can be misleading. It’s important to approach online interactions with a healthy dose of skepticism and prioritize safety. Focus on genuine connection through thoughtful conversations, looking beyond superficial attributes. Don’t be afraid to ask direct questions about values and expectations early on, and be prepared to move conversations offline relatively quickly to assess compatibility in a more natural setting. Remember that rejection is a common part of the process, and doesn’t necessarily reflect on your worth.",110,ai_neutral,AI,Marriage Prospects
"Socioeconomic factors continue to play a significant role in marriage prospects, though perhaps less overtly than in previous generations. Financial stability, career aspirations, and shared attitudes towards money are all important considerations. While love shouldn’t be contingent on wealth, significant financial disparities can create stress and conflict within a marriage. Open communication about finances is essential, including discussions about debt, spending habits, and long-term financial goals. Furthermore, differing levels of ambition or career focus can impact lifestyle choices and create imbalances in the relationship if not addressed proactively.",88,ai_neutral,AI,Marriage Prospects
"The influence of family and social circles on marriage prospects remains substantial, even for those who prioritize individual choice. Family expectations, cultural norms, and the opinions of close friends can all subtly shape our perceptions of potential partners. While it’s important to respect your loved ones, ultimately the decision of who to marry should be your own. Navigating differing opinions requires clear communication and a willingness to set boundaries. Explain your reasoning and values, and prioritize a partner who supports your autonomy and individuality, rather than one who simply pleases others.",91,ai_neutral,AI,Marriage Prospects
"Emotional maturity is arguably the most critical factor in successful marriage prospects. This encompasses self-awareness, the ability to regulate emotions, and a capacity for empathy and effective communication. Look for partners who demonstrate emotional intelligence – those who can acknowledge their own flaws, take responsibility for their actions, and navigate conflict constructively. Avoid individuals who exhibit controlling behaviors, emotional manipulation, or a consistent inability to compromise. A strong emotional foundation is essential for building a lasting and fulfilling partnership, capable of weathering the inevitable challenges that life presents.",88,ai_neutral,AI,Marriage Prospects
"Navigating modern marriage prospects often begins with self-assessment. Beyond simply *wanting* a partner, understanding your own values, lifestyle, and long-term goals is crucial. What does a fulfilling life look like for you, independently and with someone else? Consider your non-negotiables – core beliefs or habits you won’t compromise on – and areas where you’re willing to be flexible. This clarity isn’t about creating a rigid checklist, but about ensuring potential partners align with your fundamental needs. Simultaneously, realistically evaluate what you bring to a relationship: emotional maturity, communication skills, and a willingness to invest time and effort are all vital components.",101,ai_neutral,AI,Marriage Prospects
"The influence of online dating on marriage prospects is undeniable, yet it presents a unique set of challenges. While platforms expand the pool of potential partners exponentially, they also foster a “marketplace” mentality, encouraging superficial judgments based on profiles. Authenticity can be difficult to discern, and the sheer volume of choices can lead to decision fatigue and a tendency to constantly seek something “better.” Successful navigation requires mindful engagement: focusing on genuine connection over curated images, prioritizing quality conversations, and being prepared to move interactions offline relatively quickly. Remember that a profile is a starting point, not a complete representation of a person.",103,ai_neutral,AI,Marriage Prospects
"Socioeconomic factors continue to play a significant role in marriage prospects, though perhaps less overtly than in previous generations. Financial stability, while not necessarily a prerequisite for happiness, reduces stress and provides a foundation for building a life together. Educational attainment often correlates with shared values and communication styles. However, focusing solely on these factors risks overlooking compatibility and emotional connection. Increasingly, couples are prioritizing shared ambitions and a collaborative approach to finances, rather than adhering to traditional gender roles regarding income or career paths. Open communication about financial expectations is paramount.",92,ai_neutral,AI,Marriage Prospects
"The impact of family and social circles on marriage prospects shouldn’t be underestimated. While individual autonomy is important, the approval and support of loved ones can significantly contribute to a relationship’s success. Differing expectations or values between families can create friction, so understanding these dynamics early on is crucial. Conversely, a supportive network can provide emotional resilience during challenging times. It’s about finding a balance between honoring your own choices and acknowledging the influence of those closest to you. Healthy boundaries are key to navigating these complex relationships.",88,ai_neutral,AI,Marriage Prospects
"Shifting societal norms are redefining what constitutes “good” marriage prospects. Traditional expectations around timelines – age of marriage, homeownership, having children – are becoming increasingly fluid. Many individuals are prioritizing personal fulfillment and career goals before settling down, leading to later marriages or choosing to remain single. This isn’t necessarily a negative trend; it reflects a greater emphasis on individual agency and a rejection of societal pressure. The focus is shifting towards finding a partner who complements your life, rather than completing it, and building a relationship based on mutual respect and shared values, regardless of external benchmarks.",98,ai_neutral,AI,Marriage Prospects
"Parental duty extends far beyond the provision of basic needs like food and shelter. It’s fundamentally about fostering a child’s development into a responsible, empathetic, and self-sufficient individual. This includes nurturing their emotional intelligence, helping them navigate social complexities, and providing a secure base from which they can explore the world and take calculated risks. Modern understandings of child psychology emphasize the importance of attachment and responsive caregiving; consistently meeting a child’s needs builds trust and lays the groundwork for healthy relationships later in life. It’s not about perfection, but about consistent effort and a willingness to learn and adapt alongside a growing child.",104,ai_neutral,AI,Parental Duty
"The concept of parental duty often clashes with individual autonomy, particularly as children approach adolescence. While a parent’s responsibility is to guide and protect, it’s equally crucial to allow for increasing independence and self-determination. This requires a delicate balance – setting clear boundaries and expectations while simultaneously granting space for exploration and decision-making, even if those decisions lead to mistakes. Overly controlling parenting can stifle a child’s development of critical thinking skills and resilience. The goal isn’t to prevent all hardship, but to equip children with the tools to cope with challenges and learn from their experiences.",97,ai_neutral,AI,Parental Duty
"Parental duty isn’t solely defined by biological connection. Legal guardianship, adoption, and fostering all create parental obligations, demanding the same level of care, commitment, and emotional investment. Furthermore, the definition of ‘parent’ is evolving to include diverse family structures, such as those with same-sex parents or multiple caregivers. The core principle remains consistent: those entrusted with the care of a child have a moral and legal responsibility to prioritize their well-being. This necessitates recognizing and respecting the unique needs of each child, regardless of their family configuration.",87,ai_neutral,AI,Parental Duty
"A significant aspect of parental duty involves advocating for a child’s rights and needs within larger systems – schools, healthcare, and the community. This can mean actively participating in their education, ensuring access to necessary resources, and challenging systemic inequalities that might disadvantage them. It’s not enough to simply provide for a child’s immediate needs; responsible parenting also requires a commitment to creating a more just and equitable world for future generations. This advocacy extends to protecting children from harm, both physical and emotional, and speaking out against injustice.",89,ai_neutral,AI,Parental Duty
"Parental duty is a continuous process of self-reflection and growth. Parents are not born with innate knowledge; they learn through experience, observation, and a willingness to acknowledge their own shortcomings. Seeking support from other parents, therapists, or educational resources is a sign of strength, not weakness. Recognizing the impact of one’s own upbringing on parenting style is also vital. Breaking negative cycles and consciously choosing to parent differently than one was parented demonstrates a commitment to providing the best possible environment for a child’s development.",85,ai_neutral,AI,Parental Duty
"Parental duty extends far beyond the provision of basic needs like food and shelter. It’s fundamentally about fostering a child’s development into a responsible, empathetic, and self-sufficient individual. This includes nurturing their emotional intelligence, helping them navigate social complexities, and providing a secure base from which they can explore the world and take calculated risks. Modern understandings emphasize the importance of responsive parenting – being attuned to a child’s cues and needs, and adapting support accordingly. It’s not about control, but about guidance, allowing children to learn from their mistakes within a safe and loving framework. Ultimately, parental duty is an investment in the future, both for the child and for society as a whole.",115,ai_neutral,AI,Parental Duty
"The concept of parental duty often clashes with individual freedoms, particularly as children grow older and assert their independence. Finding the balance between protecting a child and allowing them to experience the consequences of their choices is a constant negotiation. A crucial aspect of this duty is teaching critical thinking skills, enabling children to evaluate information, form their own opinions, and resist negative influences. It’s not about shielding them *from* the world, but preparing them *for* it. This means acknowledging that mistakes are inevitable, and framing them as learning opportunities rather than failures. Overly restrictive parenting can stifle growth and hinder the development of resilience.",105,ai_neutral,AI,Parental Duty
"Parental duty isn’t solely the responsibility of biological parents. It extends to guardians, adoptive parents, and anyone legally responsible for a child’s wellbeing. Furthermore, the definition of ‘parent’ is evolving to include diverse family structures, recognizing that love, commitment, and consistent care are the defining factors, not necessarily biological ties. This broadened understanding necessitates a more inclusive approach to support systems, ensuring all caregivers have access to resources and information. The focus should always remain on the child’s best interests, regardless of the specific family dynamic. Legal frameworks are continually adapting to reflect these changing societal norms.",97,ai_neutral,AI,Parental Duty
"A significant component of parental duty involves advocating for a child’s needs within larger systems – schools, healthcare, and the community. This can mean actively participating in their education, ensuring they receive appropriate medical care, and challenging systemic inequalities that might disadvantage them. It requires a willingness to navigate complex bureaucracies and to speak up on their behalf, even when it’s difficult. This advocacy extends to fostering a sense of belonging and inclusivity, teaching children to respect diversity and to stand up against injustice. It’s about empowering them to become active and engaged citizens.",94,ai_neutral,AI,Parental Duty
"Parental duty isn’t static; it changes as a child matures. What constitutes responsible care for a toddler differs drastically from what’s needed for a teenager. A key aspect of adapting to these changing needs is letting go – gradually relinquishing control and allowing children increasing autonomy. This can be emotionally challenging for parents, but it’s essential for fostering independence and self-reliance. It also requires ongoing self-reflection, acknowledging personal biases and adapting parenting strategies based on a child’s individual personality and evolving needs. The ultimate goal is to equip them with the tools they need to thrive as adults.",98,ai_neutral,AI,Parental Duty
"Parental duty extends far beyond the provision of basic needs like food and shelter. It’s fundamentally about fostering a child’s development into a responsible, empathetic, and self-sufficient individual. This includes nurturing their emotional intelligence, helping them navigate social complexities, and providing a secure base from which they can explore the world and take calculated risks. Modern understandings emphasize the importance of responsive parenting – being attuned to a child’s cues and needs, and adapting support accordingly. It’s not about control, but about guidance, allowing children to learn from their mistakes within a safe and loving framework. Ultimately, parental duty is an investment in the future, both for the child and for society as a whole.",115,ai_neutral,AI,Parental Duty
"The concept of parental duty often clashes with individual freedoms, particularly as children grow older. Striking a balance between protecting a child and allowing them autonomy is a central challenge. Duty doesn’t equate to ownership; it’s a temporary stewardship. As children mature, the nature of that duty shifts from direct control to offering support, advice, and a listening ear. Overly restrictive parenting can stifle independence and hinder the development of critical thinking skills. Conversely, complete abdication of responsibility can leave children feeling unsupported and vulnerable. The goal is to gradually empower children to make their own choices, even if those choices differ from what parents would prefer, while remaining a consistent source of unconditional love and guidance.",117,ai_neutral,AI,Parental Duty
"Parental duty isn’t solely defined by biological connection. Legal guardianship, adoption, and even long-term foster care create parental obligations. The core principles remain consistent: providing for a child’s well-being, advocating for their needs, and supporting their growth. The legal framework surrounding parental rights and responsibilities reflects this broader understanding, recognizing that a nurturing and stable environment is paramount, regardless of genetic ties. This also highlights the societal responsibility to support all caregivers, ensuring they have access to resources like affordable childcare, healthcare, and educational support, enabling them to fulfill their duties effectively.",92,ai_neutral,AI,Parental Duty
"A crucial, often overlooked, aspect of parental duty is modeling healthy behavior. Children learn far more from what their parents *do* than from what they *say*. This extends to emotional regulation, conflict resolution, respectful communication, and ethical decision-making. Parents who struggle with these areas have a responsibility to acknowledge their shortcomings and actively work towards improvement, not only for their own well-being but also for the sake of their children. It’s about demonstrating accountability, empathy, and a commitment to personal growth, creating a positive and constructive environment for children to learn and develop their own moral compass.",97,ai_neutral,AI,Parental Duty
"Parental duty doesn’t end when a child reaches adulthood. While the nature of the relationship evolves, the underlying responsibility for their well-being often persists, albeit in a different form. This can involve providing emotional support during challenging times, offering financial assistance when appropriate, or simply being a source of encouragement and guidance. However, it’s equally important to respect an adult child’s independence and allow them to navigate their own life path, even if it diverges from parental expectations. The transition to this new phase of parental duty requires a delicate balance of continued support and respectful detachment, recognizing that the ultimate goal is to foster a healthy and autonomous adult.",110,ai_neutral,AI,Parental Duty
"Parental duty extends far beyond the provision of basic needs like food, shelter, and clothing. It’s fundamentally about fostering a child’s development into a responsible, empathetic, and self-sufficient individual. This includes nurturing their emotional intelligence, helping them navigate social complexities, and supporting their intellectual curiosity. Modern understandings emphasize the importance of attachment theory – a secure emotional bond is crucial for a child’s healthy psychological growth. Duty isn’t simply about dictating rules, but modeling positive behaviors, offering consistent support, and creating a safe space for exploration and, crucially, for making mistakes. It’s a long-term investment in a human being, demanding patience, adaptability, and a willingness to learn alongside the child.",110,ai_neutral,AI,Parental Duty
"The concept of parental duty often clashes with individual freedoms, particularly as children grow older. Striking a balance between protecting a child and allowing them to experience the consequences of their choices is a central challenge. Overprotective parenting, while stemming from good intentions, can hinder the development of resilience and independent problem-solving skills. Duty, in this context, isn’t about preventing all harm, which is impossible, but about equipping children with the tools to assess risk, make informed decisions, and cope with adversity. This requires a gradual release of control, coupled with ongoing support and open communication, even when disagreements arise.",100,ai_neutral,AI,Parental Duty
"Parental duty isn’t solely the responsibility of biological parents. Legal guardians, adoptive parents, and even extended family members who take on significant caregiving roles share in this obligation. Increasingly, societal structures recognize diverse family formations, and the core principles of duty – providing care, guidance, and support – remain consistent regardless of the familial arrangement. The focus shifts from the *who* of parenthood to the *how* – the quality of the care provided and the commitment to the child’s well-being. This inclusivity acknowledges that a loving and supportive environment is paramount, irrespective of traditional definitions of family.",97,ai_neutral,AI,Parental Duty
"A crucial, often overlooked, aspect of parental duty is self-care. Parents who are overwhelmed, stressed, or struggling with their own mental health are less able to effectively fulfill their responsibilities. Prioritizing one’s own well-being isn’t selfish; it’s essential for providing consistent, nurturing care. This might involve seeking therapy, establishing healthy boundaries, or simply carving out time for personal interests. Recognizing that parental duty requires sustained energy and emotional capacity necessitates a proactive approach to self-preservation. A depleted parent cannot adequately support a child’s growth.",84,ai_neutral,AI,Parental Duty
"The evolving digital landscape presents new challenges to parental duty. Protecting children from online risks – cyberbullying, inappropriate content, and predatory behavior – requires ongoing vigilance and education. However, duty also extends to fostering responsible digital citizenship. This means teaching children about online safety, critical thinking skills for evaluating information, and the importance of respectful online interactions. Simply restricting access isn’t sufficient; parents must actively engage with their children’s digital lives, guiding them towards healthy and ethical online habits, and modeling responsible technology use themselves.",85,ai_neutral,AI,Parental Duty
"Parental duty extends far beyond the provision of basic needs like food and shelter. It’s fundamentally about fostering a child’s development into a responsible, empathetic, and self-sufficient individual. This includes nurturing their emotional intelligence, helping them navigate social complexities, and providing a secure base from which they can explore the world and take calculated risks. Modern understandings emphasize the importance of responsive parenting – being attuned to a child’s cues and needs, and adapting support accordingly. It’s not about control, but about guidance, allowing children to learn from their mistakes within a safe and loving framework. Ultimately, parental duty is an investment in the future, both for the child and for society as a whole.",115,ai_neutral,AI,Parental Duty
"The concept of parental duty often clashes with individual freedoms, particularly as children grow older. Striking a balance between protecting a child and allowing them autonomy is a central challenge. Duty doesn’t equate to ownership; it’s a temporary stewardship. As children mature, the nature of that duty shifts from direct control to offering support, advice, and a listening ear. Overly restrictive parenting can stifle independence and hinder the development of critical thinking skills. Conversely, complete abdication of responsibility can leave children feeling unsupported and vulnerable. The goal is to gradually empower children to make their own choices, even if those choices differ from what parents would prefer, while remaining a consistent source of unconditional love and guidance.",117,ai_neutral,AI,Parental Duty
"Parental duty isn’t solely defined by biological connection. Legal guardianship, adoption, and even long-term foster care create equally valid parental relationships, carrying the same weight of responsibility. The core principles – providing care, nurturing development, and advocating for well-being – remain constant regardless of the origin of the relationship. Focusing on biological ties can inadvertently exclude or devalue the contributions of those who step into parental roles through circumstance or choice. A functional family isn’t necessarily defined by genetics, but by the consistent presence of caring and supportive figures dedicated to a child’s flourishing.",94,ai_neutral,AI,Parental Duty
"Acknowledging the limitations of parental duty is crucial. Parents are fallible humans, prone to mistakes and biases. Expecting perfection is unrealistic and can be damaging to both parent and child. Acknowledging errors, apologizing, and demonstrating a willingness to learn and grow are vital components of responsible parenting. Furthermore, recognizing that children are individuals with their own unique paths and destinies is essential. Parental duty doesn’t mean molding a child into a predetermined ideal, but rather supporting them in becoming the best version of themselves, even if that version differs from parental expectations.",92,ai_neutral,AI,Parental Duty
"The societal dimension of parental duty is often overlooked. Raising children isn’t a private endeavor; it’s a collective responsibility. A supportive community – encompassing schools, healthcare systems, and social services – is essential for enabling parents to fulfill their duties effectively. Policies like affordable childcare, parental leave, and accessible healthcare directly impact a parent’s ability to provide for their children. Furthermore, a culture that values and respects families contributes to a more nurturing environment for children to thrive. Therefore, advocating for policies that support families is itself an extension of parental duty, recognizing that a child’s well-being is inextricably linked to the well-being of the community.",106,ai_neutral,AI,Parental Duty
"Parental duty extends far beyond the provision of basic needs like food and shelter. It’s fundamentally about fostering a child’s development into a responsible, empathetic, and self-sufficient individual. This includes nurturing their emotional intelligence, helping them navigate social complexities, and supporting their intellectual curiosity. Modern understandings emphasize a shift from authoritarian control to guided exploration, allowing children to learn from mistakes within a safe and supportive framework. Crucially, parental duty isn’t a static checklist; it evolves as the child grows, demanding adaptability and a willingness to reassess approaches based on the child’s unique needs and emerging personality. It’s a long-term investment in a future generation equipped to contribute positively to society.",111,ai_neutral,AI,Parental Duty
"The concept of parental duty often clashes with individual freedoms, creating a tension many parents experience. While autonomy is valued, the responsibility to a dependent child inherently limits certain personal choices. This isn’t necessarily a negative constraint, but rather a re-prioritization of needs. Effective parenting requires a constant balancing act – pursuing personal goals while ensuring the child’s well-being remains paramount. This can manifest in career choices, lifestyle adjustments, and even social activities. Recognizing this inherent trade-off is vital; it’s not about sacrificing self entirely, but about integrating parenthood into a fulfilling life, acknowledging the profound impact one’s actions have on another human being.",104,ai_neutral,AI,Parental Duty
"Parental duty isn’t solely the responsibility of biological parents. Legal guardians, adoptive parents, and even extended family members who assume significant caregiving roles share in this obligation. The focus should always be on providing a stable and loving environment, regardless of biological connection. This broadened understanding acknowledges diverse family structures and recognizes that a child’s needs are met through consistent, nurturing relationships. Furthermore, societal support systems – schools, healthcare providers, community organizations – play a crucial role in supplementing parental duty, offering resources and assistance to ensure all children have opportunities to thrive.",93,ai_neutral,AI,Parental Duty
"A common misconception frames parental duty as solely preventative – shielding children from harm. While protection is essential, a crucial aspect is preparing them *for* harm, equipping them with the resilience and coping mechanisms to navigate life’s inevitable challenges. This means allowing age-appropriate risks, fostering problem-solving skills, and encouraging emotional expression, even when it’s uncomfortable. Overprotective parenting, while well-intentioned, can inadvertently hinder a child’s development of independence and self-reliance. The goal isn’t to eliminate all difficulties, but to empower children to face them with confidence and resourcefulness.",87,ai_neutral,AI,Parental Duty
"The fulfillment of parental duty isn’t measured by material possessions or academic achievements, but by the quality of the relationship fostered with the child. Genuine connection, characterized by empathy, active listening, and unconditional love, is paramount. This requires dedicated time and effort, prioritizing meaningful interactions over simply fulfilling logistical needs. A strong parent-child bond provides a secure base from which a child can explore the world, take risks, and develop a healthy sense of self. Ultimately, parental duty is about nurturing a human being, not molding a perfect product, and recognizing the inherent worth and individuality of the child.",99,ai_neutral,AI,Parental Duty
"Parental duty extends far beyond the provision of basic needs like food and shelter. It’s fundamentally about fostering a child’s development into a responsible, empathetic, and self-sufficient individual. This includes nurturing their emotional intelligence, helping them navigate social complexities, and providing a secure base from which they can explore the world and take calculated risks. Modern understandings emphasize the importance of responsive parenting – being attuned to a child’s cues and needs, and adapting parenting styles as the child grows. It’s not about control, but about guidance, offering support while allowing for increasing autonomy. Ultimately, parental duty is an investment in the future, both for the child and for society as a whole.",113,ai_neutral,AI,Parental Duty
"The concept of parental duty often clashes with individual freedoms, creating a complex ethical landscape. While parents have a responsibility to guide their children, children also possess inherent rights to self-determination, even from a young age. Striking a balance requires ongoing communication and a willingness to adapt expectations. Rigid adherence to pre-conceived notions of success or happiness can be detrimental, potentially stifling a child’s unique potential. A crucial aspect of fulfilling parental duty, therefore, is recognizing and respecting a child’s individuality, supporting their passions even if they diverge from parental aspirations, and fostering critical thinking skills so they can make informed choices about their own lives.",106,ai_neutral,AI,Parental Duty
"Parental duty isn’t solely the responsibility of biological parents. Increasingly, families are formed through adoption, fostering, or other care arrangements. The core principles of providing care, guidance, and emotional support remain constant, regardless of biological connection. Legal frameworks often reflect this shift, recognizing the rights and responsibilities of all caregivers. Furthermore, the concept extends to a broader societal responsibility – creating supportive communities that offer resources and assistance to all families, recognizing that raising children is a collective endeavor. A strong social safety net can significantly alleviate the burdens on parents and improve outcomes for children.",96,ai_neutral,AI,Parental Duty
"The digital age presents unique challenges to parental duty. Protecting children from online risks – cyberbullying, inappropriate content, and predatory behavior – requires constant vigilance and open communication. However, simply restricting access isn’t a sustainable solution. Instead, parents need to equip their children with the skills to navigate the digital world safely and responsibly. This includes teaching them about online privacy, critical evaluation of information, and healthy digital habits. Parental duty in this context isn’t about controlling technology, but about fostering digital literacy and promoting responsible online citizenship. It’s a continuous learning process for both parent and child.",98,ai_neutral,AI,Parental Duty
"Acknowledging mistakes is a vital, yet often overlooked, component of parental duty. No parent is perfect, and children benefit from witnessing adults taking responsibility for their actions. Apologizing for errors in judgment, demonstrating a willingness to learn and grow, and modeling healthy coping mechanisms are powerful lessons. This creates a safe and honest environment where children feel comfortable expressing themselves and learning from their own mistakes. Perfection isn’t the goal; authenticity and a commitment to continuous self-improvement are. Demonstrating humility and vulnerability strengthens the parent-child bond and fosters a more resilient family dynamic.",93,ai_neutral,AI,Parental Duty
"Parental duty extends far beyond the provision of basic needs like food, shelter, and clothing. It’s fundamentally about fostering a child’s development into a responsible, empathetic, and self-sufficient individual. This includes nurturing their emotional intelligence, helping them navigate social complexities, and supporting their intellectual curiosity. Modern understandings emphasize a shift from authoritarian control to guided exploration, allowing children to learn from mistakes within a safe and supportive framework. Crucially, parental duty isn’t a static checklist; it evolves as the child grows, demanding adaptability and a willingness to reassess approaches based on the child’s unique needs and emerging personality. It’s a long-term investment in a future generation equipped to contribute positively to society.",112,ai_neutral,AI,Parental Duty
"The concept of parental duty often clashes with individual freedoms, creating a tension many parents experience. While autonomy is valued, the responsibility to a dependent child inherently limits certain personal choices. This isn’t necessarily a negative constraint, but rather a re-prioritization of needs. Effective parenting requires a constant balancing act – pursuing personal goals while ensuring the child’s well-being remains paramount. This can manifest in career choices, lifestyle adjustments, or even social activities. Recognizing this inherent trade-off is vital; it’s not about sacrificing oneself entirely, but about making informed decisions that acknowledge and honor the profound impact those decisions have on a developing human being.",105,ai_neutral,AI,Parental Duty
"Parental duty isn’t solely the responsibility of biological parents. Legal guardians, adoptive parents, and even extended family members who assume significant caregiving roles share in this obligation. The focus should always be on providing a stable and nurturing environment, regardless of biological connection. This broadened understanding acknowledges the diverse family structures present in contemporary society. Furthermore, the state has a duty to support families in fulfilling their parental obligations, through access to resources like affordable childcare, healthcare, and education. A strong social safety net isn’t a replacement for parental care, but a crucial supplement that enables parents to thrive.",99,ai_neutral,AI,Parental Duty
"A significant aspect of parental duty involves modeling appropriate behavior. Children learn far more from observing their parents’ actions than from simply hearing their words. This extends to how parents handle conflict, demonstrate respect, and engage with the wider world. Demonstrating empathy, honesty, and a commitment to personal growth are powerful lessons that shape a child’s character. It’s not about striving for perfection, as mistakes are inevitable, but about acknowledging those mistakes and demonstrating a willingness to learn from them. This modeling effect underscores the profound influence parents have, often unconsciously, on their children’s development.",95,ai_neutral,AI,Parental Duty
"The evolving digital landscape presents new challenges to parental duty. Protecting children online, educating them about responsible technology use, and fostering critical thinking skills are now essential components of responsible parenting. This requires ongoing learning for parents themselves, as technology changes rapidly. It’s not simply about restricting access, but about equipping children with the tools to navigate the online world safely and ethically. Open communication, establishing clear boundaries, and modeling healthy digital habits are crucial. Parental duty in the 21st century demands a proactive and informed approach to the digital realm.",91,ai_neutral,AI,Parental Duty
"Parental duty extends far beyond the provision of basic needs like food and shelter. It’s fundamentally about fostering a child’s development into a responsible, empathetic, and self-sufficient individual. This includes nurturing their emotional intelligence, helping them navigate social complexities, and supporting their intellectual curiosity. Modern understandings emphasize a shift from authoritarian control to guided exploration, allowing children to learn from mistakes within a safe and supportive framework. Crucially, parental duty isn’t about molding a child into a predetermined image, but rather providing the tools and encouragement for them to discover and pursue their own authentic selves, while instilling a strong moral compass.",102,ai_neutral,AI,Parental Duty
"The concept of parental duty is increasingly intertwined with recognizing a child’s rights. While parents have responsibilities, children are not simply possessions; they are individuals deserving of respect, autonomy, and the freedom to express themselves. This means actively listening to a child’s perspective, validating their feelings, and protecting them from harm – both physical and emotional. A healthy parent-child relationship acknowledges the evolving nature of this dynamic, granting increasing independence as the child matures. Fulfilling parental duty, therefore, requires a constant recalibration of boundaries and expectations, always prioritizing the child’s well-being and fostering their sense of agency.",97,ai_neutral,AI,Parental Duty
"Parental duty isn’t solely an individual responsibility; it’s a societal one. Strong families contribute to stable communities, and supporting parents is vital for the healthy development of future generations. This support can take many forms, from accessible childcare and parental leave policies to community programs offering resources and education. Recognizing systemic barriers that disproportionately affect certain families – such as poverty, discrimination, or lack of access to healthcare – is also crucial. A truly supportive society understands that investing in families is investing in its own future, and actively works to create conditions where all parents can effectively fulfill their duties.",101,ai_neutral,AI,Parental Duty
"A significant aspect of parental duty involves modeling the behaviors you wish to see in your child. Children learn far more from observation than from direct instruction. This means demonstrating honesty, integrity, kindness, and resilience in your own life. It also requires acknowledging and addressing your own shortcomings, showing vulnerability, and taking responsibility for your actions. Essentially, parents are constantly “teaching” through their everyday choices and interactions. This emphasis on modeling underscores the importance of self-awareness and continuous personal growth for anyone taking on the role of a parent.",89,ai_neutral,AI,Parental Duty
"The evolving digital landscape presents new challenges to parental duty. Protecting children online, educating them about responsible technology use, and fostering critical thinking skills are now essential components of responsible parenting. This isn’t simply about restricting access; it’s about engaging in open conversations about online safety, privacy, and the potential risks of social media. It also requires parents to stay informed about emerging technologies and the platforms their children are using. Effectively navigating this digital world demands a proactive and adaptable approach to parental duty, prioritizing both safety and digital literacy.",91,ai_neutral,AI,Parental Duty
"Parental duty extends far beyond the provision of basic needs like food and shelter. It’s fundamentally about fostering a child’s development into a responsible, empathetic, and self-sufficient individual. This includes nurturing their emotional intelligence, helping them navigate social complexities, and supporting their intellectual curiosity. Modern understandings emphasize a shift from authoritarian control to guided exploration, allowing children to learn from mistakes within a safe and supportive framework. Crucially, parental duty isn’t about molding a child into a pre-defined image, but rather providing the tools and encouragement for them to discover and cultivate their own unique potential, preparing them to contribute positively to society.",103,ai_neutral,AI,Parental Duty
"The concept of parental duty is increasingly intertwined with recognizing a child’s rights. While parents have responsibilities, children possess inherent rights to safety, education, healthcare, and expression. A healthy parent-child dynamic balances these aspects; duty isn’t about ownership, but stewardship. This means advocating for a child’s needs, protecting them from harm – both physical and emotional – and respecting their evolving autonomy as they mature. Ignoring a child’s rights, whether through neglect, abuse, or stifling their individuality, represents a failure of parental duty, hindering their ability to thrive and develop a strong sense of self-worth.",95,ai_neutral,AI,Parental Duty
"Parental duty isn’t solely an individual responsibility; it’s a societal one. Strong families contribute to stable communities, and supporting parents is vital for the well-being of everyone. This support can take many forms, from accessible childcare and parental leave policies to community resources offering education and guidance. Recognizing systemic barriers that disproportionately affect certain families – such as poverty, discrimination, or lack of access to healthcare – is also crucial. A society that prioritizes family well-being understands that investing in parents is investing in the future, lessening the burden on individuals and fostering a more equitable environment for raising children.",100,ai_neutral,AI,Parental Duty
"A significant aspect of parental duty lies in modeling positive behavior. Children learn far more from what their parents *do* than from what they *say*. This encompasses demonstrating respect, honesty, empathy, and responsible decision-making. It also means acknowledging and addressing one’s own flaws and mistakes, showing children that vulnerability and growth are natural parts of life. Parents aren’t expected to be perfect, but they are expected to strive for self-improvement and to consistently demonstrate the values they wish to instill in their children. This consistent modeling builds trust and provides a strong moral compass.",94,ai_neutral,AI,Parental Duty
"The evolving nature of family structures doesn’t diminish parental duty; it redefines it. Whether it’s single-parent households, blended families, or families headed by same-sex parents, the core principles remain the same: providing love, support, guidance, and a safe environment for a child to flourish. Parental duty isn’t defined by a specific family configuration, but by the quality of the relationship and the commitment to a child’s well-being. Focusing on the child’s needs, regardless of the family’s structure, is paramount, and recognizing the diverse forms love and support can take is essential in a modern context.",95,ai_neutral,AI,Parental Duty
"Gender roles are socially constructed expectations about how individuals should behave, think, and feel based on their assigned sex. These aren’t biological imperatives, but rather a complex interplay of cultural norms, learned behaviors, and societal pressures. They dictate everything from career paths and emotional expression to clothing choices and domestic responsibilities. While seemingly natural to those within a given culture, gender roles vary dramatically across different societies and have evolved significantly over time. Recognizing their constructed nature is crucial for challenging harmful stereotypes and fostering a more equitable society where individuals are free to express themselves authentically, regardless of societal expectations linked to their gender.",105,ai_neutral,AI,Gender Roles
"The impact of rigid gender roles on mental health is substantial. Traditional expectations of masculinity – stoicism, dominance, and suppression of emotion – can contribute to higher rates of depression, anxiety, and substance abuse in men, who may struggle to seek help due to perceived weakness. Similarly, restrictive expectations of femininity – prioritizing appearance, nurturing, and selflessness – can lead to body image issues, eating disorders, and feelings of inadequacy in women. These roles limit emotional range and discourage vulnerability, hindering genuine connection and self-acceptance. Challenging these norms and promoting healthy emotional expression for all genders is vital for improving overall well-being.",102,ai_neutral,AI,Gender Roles
"Intersectionality plays a critical role in understanding gender roles. Gender doesn’t exist in a vacuum; it intersects with other aspects of identity like race, class, sexual orientation, and ability. A Black woman, for example, experiences gender roles differently than a white woman, facing additional layers of societal expectations and discrimination rooted in both sexism and racism. Similarly, a transgender individual navigating gender roles faces unique challenges related to societal acceptance and affirmation of their gender identity. Ignoring these intersections leads to incomplete and often inaccurate understandings of the complexities of gender and its impact on individuals’ lives.",97,ai_neutral,AI,Gender Roles
"The concept of “toxic masculinity” isn’t about condemning men, but rather critiquing a narrow and harmful set of expectations placed upon them. It refers to the socially constructed idea that men must be strong, aggressive, and emotionally unavailable, often leading to harmful behaviors like violence, dominance, and the suppression of vulnerability. This isn’t inherent to being male, but a learned pattern of behavior that negatively impacts both men themselves and those around them. Deconstructing toxic masculinity involves promoting healthier expressions of manhood that embrace empathy, emotional intelligence, and respectful relationships.",90,ai_neutral,AI,Gender Roles
"Moving beyond binary gender roles requires conscious effort and systemic change. This includes challenging gender stereotypes in media and education, promoting gender-neutral language, and advocating for policies that support gender equality in all areas of life – from pay equity and parental leave to representation in leadership positions. It also necessitates creating spaces where individuals feel safe to explore and express their gender identity without fear of judgment or discrimination. Ultimately, a more fluid and inclusive understanding of gender benefits everyone by fostering a society where individuals are valued for who they are, not who they are expected to be.",100,ai_neutral,AI,Gender Roles
"Gender roles are socially constructed expectations about how individuals should behave, think, and feel based on their assigned sex. These aren’t biological imperatives, but rather a complex interplay of cultural norms, learned behaviors, and societal pressures. They dictate everything from career choices and emotional expression to domestic responsibilities and personal interests. While seemingly natural to those within a given culture, gender roles vary dramatically across different societies and have evolved significantly over time, demonstrating their malleable nature. Recognizing this constructed quality is crucial for challenging harmful stereotypes and fostering a more equitable society where individuals are free to pursue their potential regardless of gender.",104,ai_neutral,AI,Gender Roles
"The impact of rigid gender roles on mental health is substantial. Traditional expectations often limit emotional expression, particularly for men who are discouraged from displaying vulnerability. This can lead to internalized stress, difficulty forming healthy relationships, and increased rates of depression and anxiety. Similarly, women may face pressure to prioritize others’ needs over their own, contributing to burnout and feelings of inadequacy. The pressure to conform to narrow definitions of masculinity and femininity can also contribute to body image issues and eating disorders. Challenging these roles and promoting emotional intelligence across all genders is vital for improving overall well-being.",99,ai_neutral,AI,Gender Roles
"Intersectionality plays a critical role in understanding the complexities of gender roles. Gender doesn’t exist in a vacuum; it intersects with other aspects of identity like race, class, sexual orientation, and ability. A Black woman, for example, will experience gender roles differently than a white woman due to the added layer of racial stereotypes and discrimination. Similarly, a transgender individual navigating gender roles faces unique challenges related to societal acceptance and legal recognition. Ignoring these intersections leads to incomplete and often inaccurate understandings of the lived experiences of individuals and perpetuates systemic inequalities.",93,ai_neutral,AI,Gender Roles
"The concept of “toxic masculinity” isn’t about condemning men, but rather about critiquing a specific set of harmful behaviors and beliefs often associated with traditional masculinity. These include suppressing emotions, valuing dominance and aggression, and viewing vulnerability as weakness. This narrow definition of manhood can be damaging not only to men themselves, but also to those around them, contributing to violence, sexism, and unhealthy relationships. Deconstructing toxic masculinity involves promoting healthier expressions of masculinity that embrace empathy, emotional intelligence, and respect for others.",83,ai_neutral,AI,Gender Roles
"Moving beyond binary gender roles requires a conscious effort to dismantle ingrained societal biases. This includes challenging gendered language, promoting diverse representation in media and leadership positions, and advocating for policies that support gender equality. Education is key – fostering critical thinking skills in young people to question stereotypes and embrace inclusivity. Ultimately, creating a more equitable society means recognizing that gender is a spectrum and allowing individuals the freedom to define their own identities and express themselves authentically, without being constrained by outdated expectations.",85,ai_neutral,AI,Gender Roles
"Gender roles are socially constructed expectations about how individuals should behave, think, and feel based on their assigned sex. These aren’t biological imperatives, but rather a complex interplay of cultural norms, learned behaviors, and societal pressures. They dictate everything from career choices and emotional expression to domestic responsibilities and personal interests. While seemingly natural to those within a given culture, gender roles vary dramatically across different societies and have evolved significantly over time, demonstrating their malleable nature. Recognizing this constructed quality is crucial for challenging harmful stereotypes and fostering a more equitable society where individuals are free to pursue their potential regardless of gender.",104,ai_neutral,AI,Gender Roles
"The impact of rigid gender roles on mental health is substantial. Traditional expectations often limit emotional expression, particularly for men who are discouraged from displaying vulnerability. This can lead to internalized stress, difficulty forming healthy relationships, and increased rates of depression and anxiety. Similarly, women may face pressure to prioritize others’ needs over their own, contributing to burnout and feelings of inadequacy. The pressure to conform to narrow definitions of masculinity and femininity can also contribute to body image issues and eating disorders. Challenging these roles and promoting emotional intelligence across all genders is vital for improving overall well-being.",99,ai_neutral,AI,Gender Roles
"Intersectionality plays a critical role in understanding the complexities of gender roles. Gender doesn’t exist in a vacuum; it intersects with other aspects of identity like race, class, sexual orientation, and ability. A Black woman, for example, will experience gender roles differently than a white woman due to the added layer of racial stereotypes and systemic discrimination. Similarly, a transgender individual navigating gender roles faces unique challenges related to societal acceptance and legal recognition. Ignoring these intersections leads to incomplete and often inaccurate understandings of the lived experiences of individuals and perpetuates inequalities.",93,ai_neutral,AI,Gender Roles
"The concept of “toxic masculinity” isn’t about demonizing men, but rather about critiquing a specific set of harmful behaviors and beliefs often associated with traditional masculinity. These include suppressing emotions, valuing dominance and aggression, and viewing vulnerability as weakness. This narrow definition of manhood can have negative consequences not only for men themselves, but also for those around them, contributing to violence, sexism, and unhealthy relationships. Deconstructing toxic masculinity involves promoting healthier expressions of masculinity that embrace empathy, respect, and emotional intelligence.",82,ai_neutral,AI,Gender Roles
"Moving beyond binary gender roles requires a conscious effort to dismantle ingrained societal norms. This includes challenging gender stereotypes in media and education, advocating for inclusive policies that support gender equality, and fostering open conversations about gender identity and expression. It also means actively listening to and amplifying the voices of marginalized genders, particularly transgender and non-binary individuals. Ultimately, creating a more equitable future necessitates a shift towards a more fluid and inclusive understanding of gender, one that celebrates diversity and allows individuals to define themselves on their own terms.",90,ai_neutral,AI,Gender Roles
"Gender roles are socially constructed expectations about how individuals should behave, think, and feel based on their assigned sex. These aren’t biological imperatives, but rather a complex interplay of cultural norms, learned behaviors, and societal pressures. They dictate everything from career paths and emotional expression to clothing choices and domestic responsibilities. While seemingly natural to those within a given culture, gender roles vary dramatically across different societies and have evolved significantly over time. Recognizing their constructed nature is crucial for challenging harmful stereotypes and fostering a more equitable society where individuals are free to express themselves authentically, regardless of societal expectations linked to their gender.",105,ai_neutral,AI,Gender Roles
"The impact of rigid gender roles on mental health is substantial. Traditional expectations of masculinity – stoicism, dominance, and suppression of emotion – can contribute to higher rates of depression, anxiety, and substance abuse in men, who may struggle to seek help due to perceived weakness. Similarly, restrictive expectations of femininity – prioritizing appearance, nurturing, and selflessness – can lead to body image issues, eating disorders, and feelings of inadequacy in women. These roles often limit emotional range and discourage vulnerability, hindering healthy coping mechanisms and interpersonal relationships. Challenging these norms and promoting emotional literacy for all genders is vital for improving overall well-being.",104,ai_neutral,AI,Gender Roles
"Intersectionality plays a critical role in understanding the complexities of gender roles. Gender doesn’t exist in a vacuum; it intersects with other aspects of identity like race, class, sexual orientation, and ability. A Black woman, for example, will experience gender roles differently than a white woman, facing unique challenges stemming from both sexism and racism. Similarly, a transgender individual navigating gender roles experiences a different set of societal pressures than a cisgender individual. Ignoring these intersections leads to incomplete and often inaccurate understandings of how gender operates and the specific barriers faced by different groups.",95,ai_neutral,AI,Gender Roles
"The concept of “toxic masculinity” isn’t about condemning men, but rather critiquing a narrow and harmful set of expectations associated with traditional masculinity. It refers to the societal pressure on men to conform to ideals of aggression, dominance, and emotional repression, which can have negative consequences for both themselves and others. This can manifest in violence, misogyny, and an inability to form healthy relationships. Recognizing and dismantling these harmful norms isn’t about attacking masculinity itself, but about creating space for men to express a wider range of emotions and behaviors without fear of judgment or social repercussions.",97,ai_neutral,AI,Gender Roles
"Moving beyond binary gender roles requires conscious effort and systemic change. This includes challenging gender stereotypes in media and education, promoting gender-neutral language, and advocating for policies that support gender equality in all areas of life – from the workplace to childcare. It also involves actively listening to and amplifying the voices of marginalized genders, particularly transgender and non-binary individuals. Ultimately, the goal isn’t to eliminate gender altogether, but to create a society where gender is a source of empowerment and self-expression, rather than limitation and oppression.",87,ai_neutral,AI,Gender Roles
"Gender roles are socially constructed expectations about how individuals should behave, think, and feel based on their assigned sex. These aren’t biological imperatives, but rather a complex interplay of cultural norms, learned behaviors, and societal pressures. They dictate everything from career choices and emotional expression to domestic responsibilities and personal interests. While seemingly natural to those within a given culture, gender roles vary dramatically across different societies and have evolved significantly over time, demonstrating their malleable nature. Recognizing this constructed quality is crucial for challenging harmful stereotypes and fostering a more equitable society where individuals are free to pursue their potential regardless of gender.",104,ai_neutral,AI,Gender Roles
"The impact of rigid gender roles on mental health is substantial. Traditional expectations often limit emotional expression, particularly for men who are discouraged from displaying vulnerability. This can lead to internalized stress, difficulty forming healthy relationships, and increased rates of depression and anxiety. Similarly, women may face pressure to prioritize others’ needs over their own, contributing to burnout and feelings of inadequacy. The pressure to conform to narrow definitions of masculinity and femininity can also contribute to body image issues and eating disorders. Challenging these roles and promoting emotional intelligence across all genders is vital for improving overall well-being.",99,ai_neutral,AI,Gender Roles
"Intersectionality plays a critical role in understanding the complexities of gender roles. Gender doesn’t exist in a vacuum; it intersects with other aspects of identity like race, class, sexual orientation, and ability. A Black woman, for example, will experience gender roles differently than a white woman due to the added layer of racial stereotypes and discrimination. Similarly, a transgender individual navigating gender roles faces unique challenges related to societal acceptance and legal recognition. Ignoring these intersections leads to incomplete and often inaccurate understandings of the lived experiences of individuals and perpetuates systemic inequalities.",93,ai_neutral,AI,Gender Roles
"The concept of “toxic masculinity” isn’t about condemning men, but rather critiquing a specific set of harmful behaviors associated with traditional masculine norms. These behaviors – such as suppressing emotions, valuing dominance, and equating masculinity with aggression – can be detrimental to both men themselves and those around them. Toxic masculinity contributes to violence, sexism, and homophobia, and limits men’s ability to form genuine connections. Deconstructing these harmful norms and promoting healthier expressions of masculinity is essential for creating a more just and compassionate society. It’s about expanding the definition of what it means to be a man, not erasing masculinity altogether.",102,ai_neutral,AI,Gender Roles
"Moving beyond binary gender roles requires conscious effort and systemic change. This includes challenging gender stereotypes in media and education, promoting gender-neutral language, and advocating for policies that support gender equality in all areas of life. It also involves actively listening to and amplifying the voices of marginalized genders, particularly transgender and non-binary individuals. Ultimately, the goal isn’t to eliminate gender entirely, but to create a society where individuals are free to express their gender identity authentically without facing discrimination or limitation, and where societal expectations don’t dictate potential based on assigned sex.",93,ai_neutral,AI,Gender Roles
"Gender roles are socially constructed expectations about how individuals should behave, think, and feel based on their assigned sex. These aren’t biological imperatives, but rather a complex interplay of cultural norms, learned behaviors, and societal pressures. They dictate everything from career paths and emotional expression to clothing choices and domestic responsibilities. While seemingly natural to those within a given culture, gender roles vary dramatically across different societies and have evolved significantly over time. Recognizing their constructed nature is crucial for challenging harmful stereotypes and fostering a more equitable society where individuals are free to express themselves authentically, regardless of societal expectations linked to their gender.",105,ai_neutral,AI,Gender Roles
"The impact of rigid gender roles on mental health is substantial. Traditional expectations of masculinity – stoicism, dominance, and self-reliance – can discourage men from seeking help for emotional struggles, contributing to higher rates of suicide and substance abuse. Similarly, restrictive expectations of femininity – nurturing, submissiveness, and appearance-focused – can lead to anxiety, depression, and eating disorders in women. When individuals feel pressured to conform to roles that don’t align with their internal sense of self, it creates internal conflict and diminishes overall well-being. Challenging these roles and promoting emotional vulnerability across all genders is vital for improving mental health outcomes.",102,ai_neutral,AI,Gender Roles
"Intersectionality plays a critical role in understanding the complexities of gender roles. Gender doesn’t exist in a vacuum; it intersects with other aspects of identity like race, class, sexual orientation, and ability. A Black woman, for example, experiences gender roles differently than a white woman due to the added layer of racial stereotypes and systemic discrimination. Similarly, a transgender individual faces unique challenges navigating gender roles that don’t align with their gender identity. Ignoring these intersections leads to incomplete and often inaccurate understandings of the pressures and limitations individuals face, hindering efforts towards genuine equality.",95,ai_neutral,AI,Gender Roles
"The economic consequences of enforcing strict gender roles are significant. Occupational segregation, where certain jobs are predominantly held by one gender, often results in a wage gap. Jobs traditionally considered “feminine” are often undervalued and underpaid, while those deemed “masculine” command higher salaries. This disparity isn’t simply about individual choices; it’s a systemic issue rooted in societal biases. Furthermore, the disproportionate burden of unpaid care work – childcare, eldercare, housework – often falls on women, limiting their career advancement and economic independence. Dismantling these roles is essential for achieving economic justice.",91,ai_neutral,AI,Gender Roles
"Modern movements towards gender equality aren’t about eliminating differences between genders, but about dismantling the power imbalances associated with those differences. The goal isn’t to make everyone the same, but to create a society where individuals are free to pursue their passions and live authentically, unconstrained by harmful stereotypes. This includes challenging binary notions of gender and embracing gender fluidity and non-binary identities. Progress requires ongoing dialogue, education, and a willingness to question deeply ingrained assumptions about what it means to be a man, a woman, or anything in between.",90,ai_neutral,AI,Gender Roles
"Gender roles are socially constructed expectations about how individuals should behave, think, and feel based on their assigned sex. These aren’t biological imperatives, but rather a complex interplay of cultural norms, learned behaviors, and societal pressures. They dictate everything from career choices and emotional expression to domestic responsibilities and personal interests. While seemingly natural to those within a given culture, gender roles vary dramatically across different societies and have evolved significantly over time. Recognizing their constructed nature is crucial for challenging harmful stereotypes and fostering a more equitable society where individuals are free to pursue their potential regardless of gender. The impact extends to mental health, with rigid adherence often linked to increased stress and limited self-expression.",117,ai_neutral,AI,Gender Roles
"The performance of gender, as theorized by Judith Butler, highlights that gender isn’t an internal essence but something we *do* through repeated acts and expressions. These performances aren’t necessarily conscious or intentional; they’re ingrained through socialization and reinforced by societal reactions. This concept challenges the idea of a fixed gender identity, suggesting instead that gender is fluid and constantly being negotiated. Understanding gender as performance allows us to see how seemingly natural behaviors are actually carefully curated displays, often aimed at conforming to expectations. It also opens up space for subversion and resistance, as individuals can intentionally challenge and disrupt traditional gender norms through their actions and self-presentation.",108,ai_neutral,AI,Gender Roles
"The impact of rigid gender roles on men is often overlooked. While much of the conversation focuses on the constraints placed on women, men are also harmed by expectations of stoicism, dominance, and financial provision. These expectations can discourage emotional vulnerability, limit healthy relationships, and contribute to higher rates of suicide and substance abuse. The pressure to conform to a narrow definition of masculinity can be incredibly isolating and damaging, preventing men from seeking help or expressing a full range of emotions. Challenging these roles isn’t about diminishing masculinity, but about expanding it to encompass a wider spectrum of healthy behaviors and emotional expression.",104,ai_neutral,AI,Gender Roles
"Intersectionality is vital when discussing gender roles, as they are experienced differently based on other aspects of identity like race, class, sexuality, and ability. A Black woman, for example, will navigate gender roles in a way that is distinct from a white woman, due to the added layer of racial stereotypes and systemic discrimination. Similarly, a transgender individual faces unique challenges related to gender identity and expression. Ignoring these intersecting identities leads to incomplete and often inaccurate understandings of the complexities of gender. A truly inclusive approach to dismantling harmful gender roles must acknowledge and address the specific experiences of marginalized groups.",102,ai_neutral,AI,Gender Roles
"Moving beyond traditional gender roles requires conscious effort at both individual and societal levels. Individually, this means challenging our own biases, questioning internalized expectations, and supporting others in their self-expression. Societally, it demands systemic changes, including equitable policies in education, the workplace, and healthcare. Representation matters – seeing diverse portrayals of gender in media and leadership positions helps to normalize different ways of being. Ultimately, the goal isn’t to eliminate gender altogether, but to create a society where gender is a source of empowerment and self-discovery, rather than limitation and oppression.",91,ai_neutral,AI,Gender Roles
"Gender roles are socially constructed expectations about how individuals should behave, think, and feel based on their assigned sex. These aren’t biological imperatives, but rather a complex interplay of cultural norms, learned behaviors, and societal pressures. They dictate everything from career paths and emotional expression to clothing choices and domestic responsibilities. While seemingly natural to those within a given culture, gender roles vary dramatically across different societies and have evolved significantly over time. Recognizing their constructed nature is crucial for challenging harmful stereotypes and fostering a more equitable society where individuals are free to express themselves authentically, regardless of societal expectations linked to their gender.",105,ai_neutral,AI,Gender Roles
"The impact of rigid gender roles on mental health is substantial. Traditional expectations of masculinity – stoicism, dominance, and self-reliance – can discourage men from seeking help for emotional struggles, contributing to higher rates of suicide and substance abuse. Similarly, restrictive expectations of femininity – nurturing, submissiveness, and appearance-focused – can lead to anxiety, depression, and eating disorders in women. When individuals feel pressured to conform to roles that don’t align with their internal sense of self, it creates internal conflict and diminishes overall well-being. Challenging these roles and promoting emotional vulnerability across all genders is vital for improving mental health outcomes.",102,ai_neutral,AI,Gender Roles
"Intersectionality plays a critical role in understanding the complexities of gender roles. Gender doesn’t exist in a vacuum; it intersects with other aspects of identity like race, class, sexual orientation, and ability. A Black woman, for example, experiences gender roles differently than a white woman due to the added layer of racial stereotypes and systemic discrimination. Similarly, a transgender individual faces unique challenges navigating gender roles that don’t align with their gender identity. Ignoring these intersections leads to incomplete and often inaccurate understandings of the pressures and limitations individuals face, hindering efforts towards genuine equality.",95,ai_neutral,AI,Gender Roles
"The economic consequences of enforcing strict gender roles are significant. Occupational segregation, where certain jobs are predominantly held by one gender, often results in a wage gap. Jobs traditionally considered “feminine” are often undervalued and underpaid, while those deemed “masculine” command higher salaries. This disparity isn’t simply about individual choices; it’s a systemic issue rooted in societal biases. Furthermore, the disproportionate burden of unpaid care work – childcare, eldercare, housework – often falls on women, limiting their career advancement and economic independence. Dismantling these roles is essential for achieving economic justice.",91,ai_neutral,AI,Gender Roles
"Modern movements towards gender equality aren’t about eliminating differences between genders, but about dismantling the power imbalances associated with those differences. The goal isn’t to make everyone the same, but to create a society where individuals are free to pursue their passions and potential without being limited by arbitrary gendered expectations. This includes challenging harmful stereotypes in media, advocating for inclusive policies in workplaces and schools, and fostering a culture of respect and acceptance for all gender identities and expressions. Progress requires ongoing dialogue, critical self-reflection, and a commitment to creating a more just and equitable world.",97,ai_neutral,AI,Gender Roles
"Gender roles are socially constructed expectations about how individuals should behave, think, and feel based on their assigned sex. These aren’t biological imperatives, but rather a complex interplay of cultural norms, learned behaviors, and societal pressures. They dictate everything from career choices and emotional expression to domestic responsibilities and personal interests. While seemingly natural to those within a given culture, gender roles vary dramatically across different societies and have evolved significantly over time. Recognizing their constructed nature is crucial for challenging harmful stereotypes and fostering a more equitable society where individuals are free to pursue their potential regardless of gender. The impact extends to mental health, with rigid adherence often linked to increased stress and limited self-expression.",117,ai_neutral,AI,Gender Roles
"The performance of gender, as theorized by Judith Butler, isn’t about *being* a gender, but *doing* gender. This means gender isn’t an internal essence, but a repeated series of acts and expressions that create the illusion of a stable identity. We constantly perform gender through our clothing, speech patterns, body language, and interactions with others, often unconsciously reinforcing societal expectations. This performativity isn’t necessarily conscious deception; rather, it’s the way we navigate a world structured around gendered norms. Understanding this concept allows us to see how gender can be fluid and changeable, and how challenging these performances can disrupt and potentially dismantle restrictive gender roles. It highlights the power we have to redefine what it means to be masculine, feminine, or anything in between.",124,ai_neutral,AI,Gender Roles
"Toxic masculinity, a specific and harmful manifestation of traditional gender roles, emphasizes dominance, emotional repression, and aggression as defining characteristics of manhood. It’s not simply being masculine, but a narrow and damaging *version* of masculinity that negatively impacts both men and those around them. This ideology often discourages men from expressing vulnerability, seeking help, or forming healthy emotional connections, leading to increased rates of depression, substance abuse, and violence. Furthermore, it perpetuates harmful attitudes towards women and reinforces patriarchal structures. Deconstructing toxic masculinity requires actively promoting healthier models of manhood that embrace empathy, emotional intelligence, and respectful relationships.",98,ai_neutral,AI,Gender Roles
"The intersection of gender roles with other social categories like race, class, and sexuality creates unique experiences of oppression and privilege. For example, the expectations placed upon a Black woman will differ significantly from those placed upon a white woman, due to the combined effects of sexism and racism. Similarly, a working-class man may face different pressures related to providing for his family than a wealthy man. Ignoring these intersections leads to incomplete and inaccurate understandings of gender inequality. An intersectional approach acknowledges the complexity of lived experiences and recognizes that individuals can simultaneously experience both privilege and disadvantage based on their multiple identities.",104,ai_neutral,AI,Gender Roles
"Challenging traditional gender roles isn’t about eliminating differences between people, but about creating a society where everyone has the freedom to express themselves authentically without facing discrimination or limitation. This involves dismantling systemic barriers that perpetuate inequality, promoting gender-neutral language and practices, and fostering inclusive environments in all aspects of life – from education and the workplace to media representation and personal relationships. It also requires actively listening to and amplifying the voices of marginalized genders, particularly transgender and non-binary individuals, who often face the most significant challenges. Ultimately, the goal is a more just and equitable world where gender is not a constraint, but a source of individual expression and empowerment.",112,ai_neutral,AI,Gender Roles
"Gender roles are socially constructed expectations about how individuals should behave, think, and feel based on their assigned sex. These aren’t biological imperatives, but rather a complex interplay of cultural norms, learned behaviors, and societal pressures. They dictate everything from career choices and emotional expression to domestic responsibilities and personal interests. While seemingly natural to those within a given culture, gender roles vary dramatically across different societies and have evolved significantly over time. Recognizing their constructed nature is crucial for challenging harmful stereotypes and fostering a more equitable society where individuals are free to pursue their potential regardless of gender. The impact extends to mental health, with rigid adherence often linked to increased stress and limited self-expression.",117,ai_neutral,AI,Gender Roles
"The performance of gender, as theorized by Judith Butler, highlights that gender isn’t something *we are*, but something *we do*. This means gender isn’t an internal essence, but a repeated series of acts and expressions that, over time, create the illusion of a stable identity. These performances are often unconscious, ingrained through socialization, and reinforced by societal expectations. However, the very act of performing gender also presents opportunities for subversion and resistance. By intentionally challenging conventional expressions – through clothing, behavior, or career paths – individuals can disrupt the established order and contribute to a broader re-evaluation of gender norms. This concept emphasizes agency and the potential for change within seemingly fixed structures.",113,ai_neutral,AI,Gender Roles
"Toxic masculinity, a specific and harmful manifestation of traditional gender roles, centers on a narrow and restrictive definition of what it means to be a man. It emphasizes dominance, emotional stoicism, and aggression, often discouraging vulnerability and empathy. This isn’t simply about being male; it’s about adhering to a damaging set of ideals that negatively impacts both men and those around them. The pressure to conform can lead to increased rates of depression, substance abuse, and violence. Challenging toxic masculinity requires dismantling the societal structures that perpetuate it and promoting healthier, more inclusive models of manhood that value emotional intelligence, respect, and genuine connection.",104,ai_neutral,AI,Gender Roles
"The intersection of gender roles with other social categories like race, class, and sexuality creates unique experiences of oppression and privilege. For example, the expectations placed upon a Black woman will differ significantly from those placed upon a white woman, due to the combined effects of sexism and racism. Similarly, a working-class man may face different pressures related to providing for his family than a wealthy man. Ignoring these intersections leads to incomplete understandings of gender inequality and ineffective solutions. An intersectional approach acknowledges the complexity of lived experiences and strives for a more nuanced and equitable framework for social justice.",101,ai_neutral,AI,Gender Roles
"Moving beyond binary understandings of gender – male/female – is essential for creating a more inclusive society. Non-binary identities, encompassing a range of experiences outside the traditional gender spectrum, are increasingly recognized and validated. This shift challenges the fundamental assumption that gender is fixed and predetermined. Respecting individuals’ self-identified gender requires using their preferred pronouns and acknowledging their lived experiences. It also necessitates dismantling the systemic barriers that exclude and marginalize those who don’t conform to traditional gender norms, fostering a society where everyone can authentically express themselves without fear of discrimination or prejudice.",94,ai_neutral,AI,Gender Roles
"Superficiality, in contemporary society, often manifests as a prioritization of image over substance. This isn’t simply about vanity, though that’s a component. It’s a systemic issue fueled by social media, advertising, and a culture that rewards quick, easily digestible content. We’re bombarded with curated realities – filtered photos, highlight reels of success, and carefully constructed personas. This constant exposure can lead to a devaluation of authenticity and a pressure to conform to unrealistic standards. The danger lies in mistaking presentation for genuine character, and judging worth based on external markers rather than internal qualities like kindness, integrity, or intellectual curiosity. It creates a feedback loop where performing superficiality *becomes* a valuable skill.",112,ai_neutral,AI,Superficiality
"The economic drivers behind superficiality are significant. Consumer culture thrives on dissatisfaction, constantly presenting us with “better” versions of ourselves that can be purchased. Marketing doesn’t sell products; it sells aspirations, often tied to physical appearance or status symbols. This creates a cycle of wanting, acquiring, and then feeling the need to acquire *more* to maintain a perceived level of desirability. The focus shifts from intrinsic fulfillment to external validation, and self-worth becomes contingent on possessions or how one is perceived by others. This isn’t to say enjoying material things is inherently wrong, but when the pursuit of these things eclipses deeper values, it contributes to a superficial existence.",109,ai_neutral,AI,Superficiality
"Superficiality isn’t limited to personal interactions; it deeply impacts political and social discourse. Sound bites, slogans, and emotionally charged rhetoric often replace nuanced debate and thoughtful policy analysis. Complex issues are reduced to simplistic narratives, appealing to base instincts rather than critical thinking. This creates an environment where genuine understanding is sacrificed for the sake of winning arguments or gaining followers. The emphasis on performative activism – signaling virtue without enacting meaningful change – is another example. It’s easier to share a hashtag than to engage in the difficult work of systemic reform, and the appearance of caring can sometimes substitute for actual commitment.",104,ai_neutral,AI,Superficiality
"Psychologically, a preoccupation with superficiality can be linked to insecurity and a fear of vulnerability. Presenting a flawless facade can be a defense mechanism against judgment and rejection. It’s a way to control how others perceive you, and to avoid the discomfort of being truly seen. However, this strategy ultimately hinders genuine connection. Authentic relationships are built on mutual understanding and acceptance of flaws, not on curated perfection. The constant effort to maintain a superficial image can be exhausting and isolating, leading to feelings of emptiness and dissatisfaction despite outward appearances of success.",93,ai_neutral,AI,Superficiality
"Combating superficiality requires a conscious effort to cultivate self-awareness and prioritize authenticity. This means challenging societal norms that equate worth with appearance or possessions, and actively seeking out deeper connections with others. It involves practicing vulnerability, embracing imperfections, and valuing substance over style. Critically evaluating the media we consume and recognizing the manipulative tactics of advertising are also crucial steps. Ultimately, resisting superficiality is about reclaiming agency over our own values and defining success on our own terms, rather than accepting the narrow definitions imposed by external forces.",88,ai_neutral,AI,Superficiality
"Superficiality, in contemporary society, often manifests as a prioritization of image over substance. This isn’t simply about vanity, though that’s a component. It’s a systemic issue fueled by social media, advertising, and a culture that rewards quick, easily digestible content. We’re bombarded with curated realities – filtered photos, highlight reels of success, and carefully constructed personas. This constant exposure can lead to a devaluation of authenticity and a pressure to conform to unrealistic standards. The result is a world where genuine connection is hampered by a fear of vulnerability and a focus on projecting an idealized self, rather than *being* a self. It’s a performance, and increasingly, people struggle to differentiate between the performance and the person.",117,ai_neutral,AI,Superficiality
"The danger of superficiality extends beyond personal relationships and into intellectual pursuits. A superficial understanding of complex issues – gleaned from headlines or sound bites – can lead to polarized opinions and an inability to engage in meaningful dialogue. Nuance is lost, critical thinking is bypassed, and individuals become entrenched in pre-conceived notions. This isn’t necessarily intentional malice; it’s often a consequence of information overload and the cognitive shortcuts our brains take to process it. However, the outcome is a diminished capacity for empathy, informed decision-making, and constructive problem-solving. True understanding requires effort, research, and a willingness to challenge one’s own biases – things often sacrificed at the altar of convenience.",111,ai_neutral,AI,Superficiality
"Superficiality in art and entertainment frequently translates to style over substance. While aesthetic appeal is important, a work lacking depth, originality, or emotional resonance ultimately feels hollow. The pursuit of trends and commercial viability can stifle creativity, leading to a proliferation of derivative content designed to appeal to the lowest common denominator. This isn’t to say that popular art is inherently bad, but when form consistently overshadows function, the cultural landscape suffers. Genuine artistic expression often challenges conventions and provokes thought; superficial art simply reinforces existing norms and offers fleeting gratification. It’s a difference between experiencing something and merely consuming it.",101,ai_neutral,AI,Superficiality
"Within interpersonal dynamics, superficiality often presents as a reluctance to engage in genuine emotional intimacy. Small talk, polite avoidance of difficult topics, and a focus on surface-level interactions become the norm. While these behaviors can be socially lubricating, they prevent the formation of truly meaningful bonds. Vulnerability – the willingness to share one’s authentic self, flaws and all – is essential for building trust and connection. Superficial relationships, lacking this foundation, are often fragile and ultimately unsatisfying. They offer the *appearance* of connection without the substance to sustain it through challenges or moments of genuine need.",96,ai_neutral,AI,Superficiality
"The economic sphere is also susceptible to superficiality, particularly in branding and marketing. Companies often prioritize creating a desirable *image* over delivering genuine value or ethical practices. “Greenwashing,” for example, is a prime example – presenting a facade of environmental responsibility without making substantial changes to harmful practices. This manipulation relies on consumers’ desire for quick, easily understood signals of quality or morality. The long-term consequences include eroded trust, environmental damage, and a perpetuation of unsustainable consumption patterns. Ultimately, a superficial approach to business prioritizes profit over people and planet.",90,ai_neutral,AI,Superficiality
"Superficiality, in contemporary society, often manifests as a prioritization of image over substance. This isn’t simply about vanity, though that’s a component. It’s a systemic issue fueled by social media, advertising, and a culture that rewards quick, easily digestible content. We’re bombarded with curated realities – flawless photos, highlight reels of success – that create unrealistic expectations and encourage a focus on external validation. This can lead to a diminished capacity for genuine connection, as individuals present carefully constructed personas rather than authentic selves. The pursuit of ‘likes’ and followers becomes a substitute for meaningful relationships and personal growth, fostering a sense of emptiness despite outward appearances of fulfillment.",109,ai_neutral,AI,Superficiality
"The economic structures of modern life frequently incentivize superficiality. Brand recognition and marketing often trump quality and durability. Products are designed not to last, but to be replaced, feeding a cycle of consumption driven by perceived status and fleeting trends. This extends beyond material goods; careers are sometimes valued more for their prestige than their contribution to society, and skills are assessed based on certifications rather than demonstrable competence. This emphasis on surface-level indicators creates a system where genuine expertise and long-term value are often overlooked in favor of easily quantifiable metrics and immediate gratification. It’s a system that rewards *appearing* successful, rather than *being* successful.",106,ai_neutral,AI,Superficiality
"Superficiality impacts our emotional lives by hindering the development of empathy. When interactions are primarily based on outward appearances and quick judgments, it becomes difficult to truly see and understand others. We categorize people based on superficial characteristics – clothing, job title, social media presence – rather than engaging with their complexities and vulnerabilities. This lack of genuine connection can lead to increased polarization and a diminished sense of collective responsibility. The ability to connect with others on a deeper level requires vulnerability and a willingness to look beyond the surface, qualities that are often discouraged in a culture that prioritizes self-presentation.",102,ai_neutral,AI,Superficiality
"In the realm of intellectual discourse, superficiality presents as a preference for soundbites and simplified narratives over nuanced analysis. Complex issues are reduced to easily digestible slogans, and critical thinking is often sacrificed in favor of confirmation bias. This is exacerbated by the algorithms that govern our online experiences, which prioritize engagement over accuracy and often reinforce existing beliefs. The result is a fragmented and polarized public sphere where meaningful dialogue is increasingly difficult to achieve. A commitment to intellectual honesty requires a willingness to grapple with ambiguity and challenge one’s own assumptions, a process that is often bypassed in favor of quick, emotionally satisfying conclusions.",106,ai_neutral,AI,Superficiality
"Combating superficiality requires a conscious effort to cultivate authenticity and prioritize genuine connection. This involves challenging the narratives we consume, questioning our own motivations, and actively seeking out diverse perspectives. It means valuing experiences over possessions, and prioritizing personal growth over external validation. It also necessitates a willingness to be vulnerable and embrace imperfection, both in ourselves and in others. Ultimately, overcoming superficiality is about shifting our focus from *how things appear* to *what things are*, and building a society based on substance, empathy, and genuine human connection.",88,ai_neutral,AI,Superficiality
"Superficiality, in contemporary society, often manifests as a prioritization of image over substance. This isn’t simply about vanity, though that’s a component. It’s a systemic issue fueled by social media, advertising, and a culture that rewards quick, easily digestible content. We’re bombarded with curated realities – filtered photos, highlight reels of success, and carefully constructed personas. This constant exposure can lead to a devaluation of authenticity and a pressure to conform to unrealistic standards. The danger lies in mistaking presentation for genuine character, and judging worth based on external markers rather than internal qualities like kindness, integrity, or intellectual curiosity. It creates a feedback loop where performing superficiality *becomes* a valuable skill.",112,ai_neutral,AI,Superficiality
"The roots of superficiality aren’t solely external. Internal insecurities often drive the need for external validation. When self-worth is fragile, individuals may focus on aspects they *can* control – appearance, possessions, status – as a means of bolstering their self-esteem. This isn’t necessarily a conscious choice; it’s a coping mechanism. However, relying on external sources for validation is inherently unstable. The approval of others is fickle, and chasing it endlessly can lead to a sense of emptiness and dissatisfaction. True self-worth comes from internal acceptance and a recognition of one’s inherent value, independent of external judgments. Addressing these underlying insecurities is crucial to breaking the cycle.",106,ai_neutral,AI,Superficiality
"Superficiality impacts relationships by hindering genuine connection. When interactions are based on surface-level observations and shared interests remain unexplored, intimacy suffers. Conversations become transactional, focused on exchanging information rather than sharing vulnerabilities and building emotional bonds. The fear of revealing imperfections or challenging established narratives can prevent deeper understanding. This isn’t limited to romantic relationships; it affects friendships, family dynamics, and professional collaborations. A culture of superficiality fosters a sense of isolation, even amidst constant connection, because true connection requires risk and authenticity.",83,ai_neutral,AI,Superficiality
"In the realm of politics and public discourse, superficiality often takes the form of sound bites, slogans, and emotionally charged rhetoric. Complex issues are reduced to simplistic narratives, and nuanced arguments are dismissed in favor of easily digestible talking points. This hinders informed decision-making and encourages polarization. The focus shifts from policy details and long-term consequences to short-term gains and appealing to base emotions. A superficial understanding of political issues allows misinformation to spread rapidly and undermines the foundations of a healthy democracy. Critical thinking and a willingness to engage with opposing viewpoints are essential antidotes.",96,ai_neutral,AI,Superficiality
"Combating superficiality requires a conscious effort to cultivate depth in all aspects of life. This means prioritizing experiences over possessions, valuing genuine connection over social media validation, and embracing vulnerability over perfection. It also involves actively seeking out diverse perspectives, engaging in critical self-reflection, and challenging one’s own biases. Fostering empathy and practicing active listening are crucial skills. Ultimately, resisting superficiality isn’t about rejecting all forms of presentation; it’s about ensuring that substance and authenticity are at the core of who we are and how we interact with the world.",90,ai_neutral,AI,Superficiality
"Superficiality, in contemporary society, often manifests as a prioritization of image over substance. This isn’t simply about vanity, though that’s a component. It’s a systemic issue fueled by social media, advertising, and a culture that rewards quick, easily digestible content. We’re bombarded with curated realities – filtered photos, highlight reels of success, and carefully constructed personas. This constant exposure can lead to a devaluation of authenticity and a pressure to conform to unrealistic standards. The danger lies in mistaking presentation for genuine character, and judging worth based on external markers rather than internal qualities like kindness, integrity, or intellectual curiosity. It creates a feedback loop where performing superficiality *becomes* a valuable skill.",112,ai_neutral,AI,Superficiality
"The economic drivers behind superficiality are significant. Consumer culture thrives on dissatisfaction, constantly presenting us with “better” versions of ourselves that can be purchased. Marketing doesn’t sell products; it sells aspirations, often tied to physical appearance or status symbols. This creates a cycle of wanting, acquiring, and then feeling the need to acquire *more* to maintain a perceived level of desirability. The focus shifts from intrinsic fulfillment to external validation, and self-worth becomes contingent on possessions or appearances. This isn’t to say enjoying material things is inherently wrong, but when the pursuit of these things eclipses deeper values, it contributes to a superficial worldview.",104,ai_neutral,AI,Superficiality
"Superficiality isn’t limited to personal interactions; it deeply impacts political and social discourse. Sound bites, slogans, and emotionally charged rhetoric often replace nuanced debate and thoughtful policy analysis. Complex issues are reduced to simplistic narratives, appealing to base instincts rather than critical thinking. This creates an environment where genuine understanding is sacrificed for the sake of winning arguments or gaining followers. The emphasis on performative activism – signaling virtue without enacting meaningful change – is another example. It’s easier to share a hashtag than to engage in the difficult work of systemic reform, and the appearance of caring can sometimes substitute for actual commitment.",104,ai_neutral,AI,Superficiality
"Psychologically, a preoccupation with superficiality can be linked to insecurity and a fear of vulnerability. Presenting a flawless facade can be a defense mechanism against judgment and rejection. It’s a way to control how others perceive us, and to avoid the discomfort of being truly seen. However, this strategy ultimately hinders genuine connection. Authentic relationships are built on mutual understanding and acceptance, flaws and all. By constantly striving to project an idealized image, we prevent others from knowing the real us, and we deprive ourselves of the intimacy and support that come with vulnerability.",94,ai_neutral,AI,Superficiality
"Combating superficiality requires a conscious effort to cultivate self-awareness and prioritize authenticity. This means challenging our own biases, questioning the messages we receive from the media, and actively seeking out deeper connections with others. It also involves embracing imperfection, both in ourselves and in the world around us. Valuing experiences over possessions, intellectual curiosity over social status, and kindness over appearance are all steps in the right direction. Ultimately, resisting superficiality is about reclaiming our attention and directing it towards what truly matters – meaning, purpose, and genuine human connection.",90,ai_neutral,AI,Superficiality
"Superficiality, in contemporary society, often manifests as a prioritization of image over substance. This isn’t simply about vanity, though that’s a component. It’s a systemic issue fueled by social media, advertising, and a culture that rewards quick, easily digestible content. We’re bombarded with curated realities – flawless photos, highlight reels of success – that create unrealistic expectations and encourage a focus on external validation. This can lead to a diminished capacity for genuine connection, as individuals present carefully constructed personas rather than authentic selves. The pursuit of ‘likes’ and followers becomes a substitute for meaningful relationships and personal growth, fostering a sense of emptiness despite outward appearances of fulfillment.",109,ai_neutral,AI,Superficiality
"The economic implications of superficiality are significant. Marketing thrives on creating perceived needs, often unrelated to actual well-being. Consumer culture encourages the constant acquisition of goods and experiences designed to project a certain status or lifestyle. This cycle of consumption isn’t about improving quality of life; it’s about maintaining a facade. Businesses benefit from insecurities, selling solutions to problems people didn’t even know they had until they were told they *should* have them. This creates a system where value is assigned not to durability, functionality, or ethical production, but to brand recognition and aesthetic appeal, ultimately prioritizing profit over genuine value.",101,ai_neutral,AI,Superficiality
"Superficiality impacts our political discourse, too. Sound bites and emotionally charged rhetoric often overshadow nuanced policy debates. Complex issues are reduced to simplistic narratives, appealing to base instincts rather than critical thinking. Politicians are increasingly judged on their charisma and media presence rather than their competence or integrity. This creates a climate where genuine leadership is hampered, and meaningful progress is stalled. The focus shifts from addressing real problems to winning the ‘attention economy,’ prioritizing short-term gains over long-term solutions. A well-crafted image can often trump a well-considered plan.",89,ai_neutral,AI,Superficiality
"In interpersonal relationships, superficiality can manifest as a reluctance to engage in vulnerable conversations. We often stick to ‘safe’ topics – the weather, current events, surface-level hobbies – avoiding deeper explorations of feelings, beliefs, and experiences. This prevents the formation of true intimacy and fosters a sense of isolation, even within close relationships. Fear of judgment or rejection often drives this behavior, but it ultimately creates a barrier to genuine connection. Building strong, lasting bonds requires a willingness to be seen and known, flaws and all, something superficial interactions actively avoid.",91,ai_neutral,AI,Superficiality
"Combating superficiality requires conscious effort and a shift in values. It begins with self-awareness – recognizing our own tendencies to prioritize appearance over authenticity. Cultivating empathy and actively listening to others, without judgment, can foster deeper connections. Supporting media and platforms that prioritize substance over sensationalism is crucial. Ultimately, resisting the pressure to conform to unrealistic standards and embracing vulnerability are key steps towards building a more meaningful and authentic life, both individually and collectively. It’s about valuing *being* over *seeming*.",81,ai_neutral,AI,Superficiality
"Superficiality, in contemporary society, often manifests as a prioritization of image over substance. This isn’t simply about vanity, though that’s a component. It’s a systemic issue fueled by social media, advertising, and a culture that rewards quick, easily digestible content. We’re bombarded with curated versions of reality, leading to a distorted sense of normalcy and a pressure to present an idealized self. This focus on the external – appearance, possessions, perceived success – can erode genuine connection and critical thinking. It encourages a performance of happiness rather than the pursuit of it, and ultimately leaves individuals feeling empty despite outward appearances of fulfillment. The constant comparison inherent in these platforms exacerbates feelings of inadequacy and reinforces the cycle.",118,ai_neutral,AI,Superficiality
"The danger of superficiality extends beyond individual well-being and impacts our collective discourse. When complex issues are reduced to sound bites and emotionally charged slogans, meaningful debate becomes impossible. Nuance is lost, and critical analysis is replaced by reactive judgment. This is particularly evident in political polarization, where opposing viewpoints are often caricatured rather than understood. Superficial engagement with information – skimming headlines, sharing articles without reading them, relying on biased sources – contributes to the spread of misinformation and the erosion of trust in institutions. A society that values quick takes over thoughtful consideration is vulnerable to manipulation and poor decision-making.",102,ai_neutral,AI,Superficiality
"Superficial relationships, characterized by a lack of emotional depth and genuine vulnerability, are a common consequence of prioritizing surface-level interactions. These connections are often transactional, based on what individuals can offer each other in terms of social status, networking opportunities, or entertainment. While not inherently negative – many social interactions *are* somewhat transactional – a reliance on solely superficial bonds can lead to feelings of loneliness and isolation. True intimacy requires risk, self-disclosure, and a willingness to connect on a deeper level, qualities that are often sacrificed in favor of maintaining a carefully constructed persona. The fear of judgment often prevents authentic connection.",103,ai_neutral,AI,Superficiality
"Interestingly, superficiality isn’t a new phenomenon. Throughout history, societies have grappled with the tension between appearance and reality. However, the *scale* and *speed* at which superficiality operates today are unprecedented. Technology amplifies its effects, creating echo chambers and reinforcing existing biases. The sheer volume of information available also contributes, making it difficult to discern what is authentic and what is manufactured. This constant stimulation can lead to a shortened attention span and a decreased capacity for deep thought, further exacerbating the problem. It’s a feedback loop where the tools designed to connect us can ironically contribute to our disconnection.",99,ai_neutral,AI,Superficiality
"Combating superficiality requires a conscious effort to cultivate authenticity and prioritize genuine connection. This involves actively seeking out diverse perspectives, engaging in critical self-reflection, and challenging the narratives presented to us. It means valuing substance over style, depth over breadth, and vulnerability over perfection. Practicing mindful consumption of media – questioning sources, seeking out nuanced analysis, and limiting exposure to curated content – is crucial. Ultimately, resisting superficiality is about reclaiming agency over our own thoughts and values, and choosing to live a life guided by integrity rather than external validation.",91,ai_neutral,AI,Superficiality
"Superficiality, in contemporary society, often manifests as a prioritization of image over substance. This isn’t simply about vanity, though that’s a component. It’s a systemic issue fueled by social media, advertising, and a culture that rewards quick, easily digestible content. We’re bombarded with curated versions of reality, leading to a distorted sense of normalcy and a pressure to present an idealized self. This focus on the external – appearance, possessions, perceived success – can erode genuine connection and critical thinking. It encourages a performance of happiness rather than the pursuit of it, and ultimately leaves individuals feeling empty despite outward appearances of fulfillment. The constant comparison inherent in these platforms exacerbates feelings of inadequacy and reinforces the cycle.",118,ai_neutral,AI,Superficiality
"The danger of superficiality extends beyond individual well-being and impacts our collective discourse. When complex issues are reduced to sound bites and emotionally charged slogans, meaningful debate becomes impossible. Nuance is lost, and critical analysis is replaced by reactive judgment. This is particularly evident in political polarization, where opposing viewpoints are often caricatured rather than understood. Superficial engagement with information – skimming headlines, sharing articles without reading them, relying on biased sources – contributes to the spread of misinformation and the erosion of trust in institutions. A society that values quick takes over thoughtful consideration is vulnerable to manipulation and poor decision-making.",102,ai_neutral,AI,Superficiality
"Superficial relationships, characterized by a lack of emotional depth and genuine vulnerability, are a common consequence of prioritizing surface-level interactions. These connections are often transactional, based on what individuals can offer each other in terms of social status, networking opportunities, or temporary gratification. While not inherently negative – some level of social performance is natural – an overreliance on these types of relationships can lead to feelings of loneliness and isolation. True intimacy requires risk, self-disclosure, and a willingness to connect on a deeper level, qualities that are often sacrificed in the pursuit of maintaining a carefully constructed image.",99,ai_neutral,AI,Superficiality
"Interestingly, superficiality isn’t always a conscious choice. It can be a defense mechanism, a way to navigate a world that feels overwhelming or threatening. By focusing on the external, individuals can avoid confronting difficult emotions or existential anxieties. This can manifest as compulsive shopping, excessive self-grooming, or a constant need for external validation. While these behaviors may provide temporary relief, they ultimately reinforce a cycle of insecurity and dependence. Recognizing this underlying vulnerability is crucial for moving beyond superficiality and cultivating genuine self-acceptance.",83,ai_neutral,AI,Superficiality
"Combating superficiality requires a conscious effort to cultivate authenticity and prioritize genuine connection. This means challenging the narratives presented by mainstream culture, actively seeking out diverse perspectives, and embracing vulnerability in our interactions. It also involves developing a stronger sense of self-awareness and learning to value intrinsic qualities over external validation. Practicing mindfulness, engaging in meaningful activities, and fostering empathy can all contribute to a more grounded and fulfilling life, one less defined by the pursuit of superficial ideals and more focused on genuine human experience.",86,ai_neutral,AI,Superficiality
"Superficiality, in contemporary society, often manifests as a prioritization of image over substance. This isn’t simply about vanity, though that’s a component. It’s a systemic issue fueled by social media, advertising, and a culture that rewards quick, easily digestible content. We’re bombarded with curated realities – flawless photos, highlight reels of success – that create unrealistic expectations and encourage a focus on external validation. This can lead to a diminished capacity for genuine connection, as individuals present carefully constructed personas rather than authentic selves. The pursuit of ‘likes’ and followers becomes a substitute for meaningful relationships and personal growth, fostering a sense of emptiness despite outward appearances of fulfillment.",109,ai_neutral,AI,Superficiality
"The economic implications of superficiality are significant. Marketing thrives on creating perceived needs, often unrelated to actual well-being. Consumer culture encourages the constant acquisition of goods and experiences designed to project a certain status or lifestyle. This cycle of consumption isn’t about improving quality of life; it’s about maintaining a facade. Businesses benefit from insecurities, selling solutions to problems people didn’t even know they had until they were told they *should* have them. This creates a system where value is assigned not to durability, functionality, or ethical production, but to brand recognition and aesthetic appeal, ultimately prioritizing profit over genuine worth.",101,ai_neutral,AI,Superficiality
"Superficiality impacts our political discourse, too. Sound bites and emotionally charged rhetoric often overshadow nuanced policy debates. Complex issues are reduced to simplistic narratives, appealing to base instincts rather than critical thinking. Politicians are increasingly judged on their charisma and media presence rather than their competence or integrity. This creates a climate where genuine leadership is hampered, and meaningful progress is stalled. The focus shifts from addressing systemic problems to winning the next election cycle, prioritizing short-term gains over long-term solutions. A well-crafted image can often trump a well-considered plan.",90,ai_neutral,AI,Superficiality
"In interpersonal relationships, superficiality can manifest as a reluctance to engage in vulnerable conversations. We often stick to ‘safe’ topics – the weather, current events, surface-level hobbies – avoiding deeper explorations of feelings, beliefs, and experiences. This prevents the formation of true intimacy and fosters a sense of isolation, even within close relationships. Fear of judgment or rejection can drive this behavior, but it ultimately creates a barrier to genuine connection. Building strong, lasting bonds requires a willingness to be seen and known, flaws and all, something superficial interactions actively avoid.",91,ai_neutral,AI,Superficiality
"Combating superficiality requires conscious effort and a shift in values. It begins with self-awareness – recognizing our own tendencies to prioritize appearance over authenticity. Cultivating empathy and actively listening to others, without judgment, can foster deeper connections. Supporting media and platforms that prioritize substance over sensationalism is crucial. Ultimately, resisting the pressure to conform to unrealistic standards and embracing vulnerability are key steps towards building a more meaningful and authentic life, both individually and collectively. It’s about valuing *being* over *seeming*.",81,ai_neutral,AI,Superficiality
"Superficiality, in contemporary society, often manifests as a prioritization of image over substance. This isn’t simply about vanity, though that’s a component. It’s a systemic issue fueled by social media, advertising, and a culture that rewards quick, easily digestible content. We’re bombarded with curated versions of reality, leading to a distorted sense of normalcy and a pressure to present an idealized self. This focus on the external – appearance, possessions, perceived success – can erode genuine connection and critical thinking. It encourages a performance of happiness rather than the pursuit of it, and ultimately leaves individuals feeling empty despite outward appearances of fulfillment. The constant comparison inherent in these platforms exacerbates feelings of inadequacy and reinforces the cycle.",118,ai_neutral,AI,Superficiality
"The danger of superficiality extends beyond individual well-being and impacts our collective discourse. When complex issues are reduced to sound bites and emotionally charged slogans, meaningful debate becomes impossible. Nuance is lost, and critical analysis is replaced by reactive judgment. This is particularly evident in political polarization, where opposing viewpoints are often caricatured rather than understood. Superficial engagement with information – skimming headlines, sharing articles without reading them, relying on biased sources – contributes to the spread of misinformation and the erosion of trust in institutions. A society that values quick takes over thoughtful consideration is vulnerable to manipulation and poor decision-making.",102,ai_neutral,AI,Superficiality
"Superficial relationships, characterized by a lack of emotional depth and genuine vulnerability, are a common consequence of prioritizing surface-level interactions. These connections are often transactional, based on what individuals can offer each other in terms of social status, networking opportunities, or temporary gratification. While not inherently negative – some level of social performance is natural – an overreliance on these types of relationships can lead to feelings of loneliness and isolation. True intimacy requires risk, self-disclosure, and a willingness to connect on a deeper level, qualities that are often sacrificed in the pursuit of maintaining a carefully constructed image.",99,ai_neutral,AI,Superficiality
"Interestingly, superficiality isn’t always a conscious choice. It can be a defense mechanism, a way to navigate a world that feels overwhelming or threatening. By focusing on the external, individuals can avoid confronting difficult emotions or existential anxieties. This can manifest as compulsive shopping, excessive self-grooming, or a constant need for external validation. While these behaviors may provide temporary relief, they ultimately reinforce the underlying insecurity and prevent genuine growth. Recognizing this pattern is the first step towards cultivating a more authentic and meaningful existence.",85,ai_neutral,AI,Superficiality
"Combating superficiality requires a conscious effort to cultivate inner values and prioritize genuine experiences. This means actively seeking out opportunities for self-reflection, engaging in meaningful conversations, and challenging our own biases. It also involves being mindful of our consumption habits – both in terms of material possessions and media – and resisting the pressure to conform to unrealistic standards. Ultimately, overcoming superficiality is about shifting our focus from external validation to internal fulfillment, and embracing the messy, imperfect reality of being human.",82,ai_neutral,AI,Superficiality
"Social isolation isn’t simply about being alone; it’s a subjective experience of lacking meaningful connections with others. While solitude can be chosen and restorative, isolation feels imposed and unwanted. Modern life, despite its hyper-connectivity, paradoxically fosters isolation through decreased community engagement, increased reliance on digital interaction, and geographical mobility. This disconnect impacts mental and physical health, weakening the immune system and increasing risks for depression, anxiety, and even cardiovascular disease. Recognizing the difference between choosing time alone and *feeling* alone is the first step towards addressing the issue, and actively cultivating genuine relationships is crucial for well-being.",97,ai_neutral,AI,Social Isolation
"The rise of remote work and digital communication, while offering flexibility and convenience, can inadvertently contribute to social isolation. Constant screen time replaces face-to-face interactions, diminishing opportunities for spontaneous connection and nonverbal cues vital for building rapport. While online communities can offer support, they often lack the depth and complexity of real-world relationships. It’s important to be mindful of this trade-off and proactively seek out opportunities for in-person social engagement – joining clubs, volunteering, or simply making an effort to connect with colleagues and neighbors beyond work-related tasks. Intentionality is key to counteracting the isolating effects of a digitally-driven lifestyle.",100,ai_neutral,AI,Social Isolation
"Social isolation disproportionately affects vulnerable populations, including the elderly, individuals with disabilities, and those experiencing chronic illness. Limited mobility, financial constraints, or health concerns can create significant barriers to social participation. Furthermore, stigma surrounding mental health or physical limitations can lead to self-imposed isolation. Addressing this requires a multi-faceted approach, including accessible transportation options, affordable healthcare, and community programs designed to foster inclusivity and reduce barriers to social engagement. Recognizing and actively combating these systemic inequalities is essential for promoting social connectedness across all demographics.",85,ai_neutral,AI,Social Isolation
"The impact of social isolation extends beyond individual well-being, affecting societal cohesion and civic engagement. When people feel disconnected from their communities, they are less likely to participate in local activities, volunteer their time, or engage in democratic processes. This erosion of social capital weakens the fabric of society and can contribute to increased polarization and distrust. Building strong, resilient communities requires fostering a sense of belonging and encouraging active participation from all members. Initiatives that promote intergenerational connections, community events, and accessible public spaces can help bridge social divides and strengthen collective identity.",94,ai_neutral,AI,Social Isolation
"Combating social isolation isn’t solely the responsibility of individuals; it requires a broader societal shift in prioritizing connection and community. This includes rethinking urban planning to create more walkable, community-focused neighborhoods, investing in social infrastructure like libraries and community centers, and promoting policies that support work-life balance and social interaction. Furthermore, destigmatizing conversations about loneliness and mental health is crucial for encouraging people to seek help and support. A collective commitment to fostering a more connected and compassionate society is essential for mitigating the pervasive effects of social isolation.",89,ai_neutral,AI,Social Isolation
"Social isolation isn’t simply about being alone; it’s a subjective experience of lacking meaningful connections with others. While solitude can be chosen and restorative, isolation feels imposed and unwanted. Modern life, despite its hyper-connectivity, paradoxically fosters isolation through decreased community engagement, increased reliance on digital interaction, and geographical mobility. This disconnect impacts mental and physical health, contributing to increased rates of depression, anxiety, and even cardiovascular disease. Recognizing the difference between being alone and *feeling* alone is crucial, as is actively cultivating relationships – even small, consistent interactions – to combat its negative effects. It’s a public health concern demanding attention beyond individual coping mechanisms.",105,ai_neutral,AI,Social Isolation
"The rise of remote work and digital communication, while offering flexibility and convenience, presents a double-edged sword regarding social isolation. While these tools connect us across distances, they often lack the nuanced, non-verbal cues present in face-to-face interactions. This can lead to miscommunication, feelings of detachment, and a diminished sense of belonging. Furthermore, the blurring of boundaries between work and personal life can erode opportunities for spontaneous social encounters. Intentional strategies are needed to mitigate these risks, such as scheduling regular video calls with colleagues, prioritizing in-person meetings when possible, and actively seeking out social activities outside of work to maintain a healthy social balance.",105,ai_neutral,AI,Social Isolation
"Social isolation disproportionately affects vulnerable populations, including the elderly, individuals with disabilities, and those experiencing chronic illness. For seniors, factors like retirement, loss of loved ones, and declining mobility can contribute to reduced social networks. Individuals with disabilities may face physical or societal barriers to participation. Chronic illness can lead to social withdrawal due to fatigue, pain, or stigma. Addressing these disparities requires targeted interventions, such as accessible transportation, community programs designed for specific needs, and initiatives to combat ageism and ableism. Simply acknowledging these vulnerabilities is a first step towards creating more inclusive and supportive communities.",97,ai_neutral,AI,Social Isolation
"The impact of social isolation extends beyond individual well-being, affecting societal cohesion and economic productivity. Isolated individuals are less likely to participate in civic life, volunteer, or contribute to their communities. This can weaken social capital and erode trust. Economically, isolation can lead to decreased workforce participation and increased healthcare costs. Investing in social infrastructure – libraries, community centers, parks – and promoting social connectedness initiatives are not merely acts of compassion, but sound economic policies. A society that prioritizes social inclusion is a more resilient and prosperous society.",89,ai_neutral,AI,Social Isolation
"Combating social isolation requires a multi-faceted approach, focusing on both individual resilience and systemic change. On an individual level, actively pursuing hobbies, volunteering, and joining groups based on shared interests can foster connections. Learning to initiate conversations and practice active listening are also valuable skills. However, individual effort alone isn’t enough. Systemic changes are needed to create more walkable communities, affordable housing options, and accessible public spaces. Furthermore, destigmatizing mental health and promoting open conversations about loneliness are crucial steps towards building a more connected and compassionate world.",88,ai_neutral,AI,Social Isolation
"Social isolation isn’t simply about being alone; it’s a subjective experience of lacking meaningful connections with others. While solitude can be chosen and restorative, isolation feels imposed and unwanted. Modern life, despite its hyper-connectivity, paradoxically fosters isolation through decreased community engagement, increased reliance on digital interaction, and geographical mobility. This disconnect impacts mental and physical health, weakening the immune system and increasing risks for depression, anxiety, and even cardiovascular disease. Recognizing the difference between choosing time alone and *feeling* alone is the first step towards addressing the issue, and actively cultivating genuine relationships is crucial for well-being.",97,ai_neutral,AI,Social Isolation
"The rise of remote work and digital communication, while offering flexibility and convenience, can inadvertently contribute to social isolation. Constant screen time replaces face-to-face interactions, diminishing opportunities for spontaneous connection and nonverbal cues vital for building rapport. While online communities can offer support, they often lack the depth and nuance of in-person relationships. It’s important to be mindful of this trade-off and proactively schedule activities that foster real-world social engagement – joining a club, volunteering, or simply making time for regular coffee dates with friends. Intentionality is key to counteracting the isolating effects of a digitally-driven lifestyle.",97,ai_neutral,AI,Social Isolation
"Social isolation disproportionately affects vulnerable populations, including the elderly, individuals with disabilities, and those experiencing chronic illness. Limited mobility, financial constraints, or health concerns can create significant barriers to social participation. Furthermore, stigma surrounding mental health or physical limitations can lead to self-imposed isolation. Addressing this requires a multi-faceted approach, including accessible transportation options, affordable social programs, and initiatives that promote inclusivity and reduce discrimination. Community outreach and support networks are essential for reaching those who are most at risk of becoming disconnected.",83,ai_neutral,AI,Social Isolation
"The impact of social isolation extends beyond individual well-being, affecting societal cohesion and productivity. Isolated individuals are less likely to participate in civic life, volunteer, or contribute to their communities. This can erode social capital and weaken the fabric of society. Furthermore, increased rates of mental health issues associated with isolation place a strain on healthcare systems and economic resources. Investing in social infrastructure – parks, community centers, libraries – and promoting social connectedness are therefore not just matters of individual welfare, but also of public health and economic prosperity.",90,ai_neutral,AI,Social Isolation
"Combating social isolation requires a shift in cultural norms that prioritize connection and community. We often celebrate independence and self-reliance, but neglecting the fundamental human need for belonging can have detrimental consequences. Encouraging empathy, active listening, and genuine curiosity about others can foster more meaningful interactions. Simple acts of kindness, like checking in on a neighbor or offering a helping hand, can make a significant difference. Ultimately, building a more connected society requires a collective effort to prioritize relationships and create spaces where everyone feels valued and included.",88,ai_neutral,AI,Social Isolation
"Social isolation isn’t simply about being alone; it’s a subjective experience of lacking meaningful connections with others. While solitude can be chosen and restorative, isolation feels imposed and unwanted. Modern life, despite its hyper-connectivity, ironically fosters isolation through factors like remote work, decreased community engagement, and the curated nature of online interactions. This disconnect impacts mental and physical health, increasing risks for depression, anxiety, cardiovascular disease, and even cognitive decline. Recognizing the difference between choosing time alone and *feeling* alone is the first step towards addressing the issue, and actively cultivating genuine relationships is crucial for well-being.",97,ai_neutral,AI,Social Isolation
"The rise of digital communication presents a paradox regarding social isolation. While platforms like social media promise connection, they often deliver superficial interactions that don’t fulfill our deep-seated need for belonging. Constant comparison to others’ curated online personas can exacerbate feelings of inadequacy and loneliness. Furthermore, relying heavily on digital interaction can diminish our skills for face-to-face communication and empathy, making it harder to form and maintain real-world relationships. It’s not about abandoning technology, but about being mindful of its limitations and prioritizing authentic, in-person connections.",86,ai_neutral,AI,Social Isolation
"Social isolation disproportionately affects vulnerable populations. Older adults, particularly those experiencing loss or mobility issues, are at heightened risk. Individuals with chronic illnesses, disabilities, or mental health conditions often face barriers to social participation. Marginalized communities, facing discrimination and systemic inequalities, may also experience increased isolation. Addressing this requires a multi-faceted approach, including accessible community programs, affordable healthcare, and initiatives that promote inclusivity and combat stigma. Recognizing these disparities is vital for developing effective interventions.",75,ai_neutral,AI,Social Isolation
"The neurological impact of social isolation is significant. Studies show that prolonged isolation can alter brain structure and function, affecting areas responsible for emotional regulation, decision-making, and social cognition. Specifically, it can lead to increased activity in the amygdala – the brain’s fear center – and decreased activity in the prefrontal cortex, which is involved in higher-level thinking. These changes can contribute to increased anxiety, impulsivity, and difficulty interpreting social cues. This highlights the importance of social interaction as a fundamental need for brain health.",85,ai_neutral,AI,Social Isolation
"Combating social isolation requires both individual effort and community-level initiatives. On a personal level, actively seeking out opportunities for connection – joining clubs, volunteering, or simply reaching out to friends and family – is essential. However, systemic changes are also needed. Investing in public spaces that foster social interaction, supporting community organizations, and promoting policies that address social determinants of health can create a more connected and inclusive society. Recognizing social connection as a public health priority is crucial for building resilient and thriving communities.",85,ai_neutral,AI,Social Isolation
"Social isolation isn’t simply about being alone; it’s a subjective experience of lacking meaningful connections with others. While solitude can be chosen and restorative, isolation feels imposed and unwanted. Modern life, despite its hyper-connectivity, ironically fosters isolation through factors like remote work, decreased community engagement, and the curated nature of online interactions. This disconnect impacts mental and physical health, increasing risks for depression, anxiety, cardiovascular disease, and even cognitive decline. Recognizing the difference between choosing time alone and *feeling* alone is the first step towards addressing the issue, and actively cultivating genuine relationships is crucial for well-being.",97,ai_neutral,AI,Social Isolation
"The rise of digital communication presents a paradox regarding social isolation. While platforms like social media promise connection, they often deliver superficial interactions that don’t satisfy our innate need for deep, reciprocal relationships. Constant comparison to others’ curated online personas can exacerbate feelings of inadequacy and loneliness. Furthermore, relying heavily on digital interaction can diminish crucial social skills – the ability to read nonverbal cues, engage in empathetic listening, and navigate complex social dynamics. A balanced approach, prioritizing face-to-face interactions alongside digital tools, is essential to avoid the isolating effects of excessive screen time.",94,ai_neutral,AI,Social Isolation
"Certain populations are disproportionately vulnerable to social isolation. Older adults, particularly those experiencing loss of mobility, chronic illness, or the death of loved ones, often face significant challenges in maintaining social connections. Individuals with disabilities, mental health conditions, or those living in geographically isolated areas also experience higher rates of isolation. Addressing this requires targeted interventions – accessible transportation, community programs designed for specific needs, and proactive outreach efforts – to ensure everyone has opportunities for meaningful social participation. Ignoring these vulnerabilities perpetuates systemic inequalities and harms public health.",89,ai_neutral,AI,Social Isolation
"The impact of social isolation extends beyond individual well-being, affecting communities and society as a whole. Isolated individuals are less likely to participate in civic life, volunteer, or contribute to the social fabric. This can lead to decreased social cohesion, increased polarization, and a decline in collective problem-solving abilities. Investing in initiatives that foster community building – local events, shared spaces, and opportunities for intergenerational connection – is therefore not just a matter of individual care, but a crucial investment in a stronger, more resilient society.",86,ai_neutral,AI,Social Isolation
"Combating social isolation requires a multi-faceted approach, starting with self-awareness. Recognizing personal patterns of withdrawal and actively seeking opportunities for connection, even small ones, can make a difference. This might involve joining a club, volunteering, reconnecting with old friends, or simply initiating conversations with neighbors. Simultaneously, broader societal changes are needed – policies that support work-life balance, affordable housing, and accessible public spaces – to create environments that encourage social interaction and reduce the barriers to connection for all.",79,ai_neutral,AI,Social Isolation
"Social isolation isn’t simply about being alone; it’s a subjective experience of lacking meaningful connections with others. While solitude can be chosen and restorative, isolation feels imposed and unwanted. Modern life, despite its hyper-connectivity, ironically fosters isolation through factors like remote work, decreased community engagement, and the curated nature of online interactions. This disconnect impacts mental and physical health, increasing risks for depression, anxiety, cardiovascular disease, and even cognitive decline. Recognizing the difference between choosing time alone and *feeling* alone is the first step towards addressing the issue, and actively cultivating genuine relationships is crucial for well-being.",97,ai_neutral,AI,Social Isolation
"The rise of digital communication presents a paradox regarding social isolation. While platforms like social media promise connection, they often deliver superficial interactions that don’t fulfill our deep-seated need for belonging. Constant comparison to others’ curated online personas can exacerbate feelings of inadequacy and loneliness. Furthermore, relying heavily on digital interaction can diminish our skills for face-to-face communication and empathy, making it harder to form and maintain real-world relationships. It’s not about abandoning technology, but about being mindful of its limitations and prioritizing authentic, in-person connections.",86,ai_neutral,AI,Social Isolation
"Social isolation disproportionately affects vulnerable populations. Older adults, particularly those experiencing loss or mobility issues, are at increased risk. Similarly, individuals with chronic illnesses, disabilities, or mental health conditions often face barriers to social participation. Marginalized communities, facing discrimination and systemic barriers, can also experience higher rates of isolation. Addressing this requires a multi-faceted approach, including accessible community programs, affordable healthcare, and policies that promote inclusivity and reduce social stigma. Recognizing these disparities is vital for creating equitable solutions.",79,ai_neutral,AI,Social Isolation
"The impact of social isolation extends beyond individual well-being, affecting communities and society as a whole. Isolated individuals are less likely to participate in civic life, volunteer, or contribute to the social fabric. This can lead to decreased social cohesion, increased polarization, and a weakening of community bonds. Investing in social infrastructure – libraries, community centers, parks – and supporting initiatives that foster social connection are essential for building resilient and thriving communities. A connected society is a stronger society.",80,ai_neutral,AI,Social Isolation
"Combating social isolation requires both individual effort and systemic change. On a personal level, actively reaching out to friends and family, joining groups with shared interests, and volunteering can help build connections. However, individual actions are not enough. Employers can promote work-life balance and foster a sense of community among employees. Urban planning can prioritize pedestrian-friendly spaces and community gathering areas. Public health initiatives can raise awareness about the risks of isolation and provide resources for those struggling. A collective commitment to fostering connection is essential for addressing this growing public health concern.",93,ai_neutral,AI,Social Isolation
"Social isolation isn’t simply about being alone; it’s a subjective experience of lacking meaningful connections with others. While solitude can be chosen and restorative, isolation feels imposed and unwanted. Modern life, despite its hyper-connectivity, paradoxically fosters isolation through factors like remote work, decreased community engagement, and the curated nature of online interactions. This isn’t just a feeling – prolonged social isolation demonstrably impacts physical health, weakening the immune system and increasing risk for cardiovascular disease. It’s crucial to recognize the difference between choosing time alone and *feeling* alone, and to actively cultivate relationships that provide genuine support and belonging.",99,ai_neutral,AI,Social Isolation
"The rise of digital communication has created a complex relationship with social isolation. While platforms like social media promise connection, they often deliver a superficial substitute for genuine interaction. Constant comparison to others’ curated online personas can exacerbate feelings of inadequacy and loneliness. Furthermore, relying heavily on digital interaction can atrophy the skills needed for face-to-face communication, making real-world connections more challenging. It’s not that technology is inherently bad, but rather that mindful usage – balancing online engagement with offline relationships – is essential to prevent it from contributing to isolation.",91,ai_neutral,AI,Social Isolation
"Social isolation disproportionately affects vulnerable populations. Older adults, particularly those experiencing loss or mobility issues, are at increased risk. Individuals with chronic illnesses, disabilities, or mental health conditions also face significant barriers to social participation. Systemic factors like poverty and discrimination can further exacerbate these challenges, creating cycles of isolation. Addressing this requires a multi-faceted approach, including accessible community programs, affordable healthcare, and policies that promote social inclusion for all. Recognizing these disparities is the first step towards building a more connected and equitable society.",85,ai_neutral,AI,Social Isolation
"The impact of social isolation extends beyond individual well-being, affecting communities as a whole. Isolated individuals are less likely to participate in civic life, volunteer, or contribute to local economies. This erosion of social capital weakens community bonds and reduces collective resilience. Furthermore, isolation can contribute to increased polarization and distrust, as people become less exposed to diverse perspectives. Investing in initiatives that foster social connection – community centers, public spaces, and intergenerational programs – is therefore an investment in the health and vitality of society.",86,ai_neutral,AI,Social Isolation
"Combating social isolation requires both individual effort and systemic change. On a personal level, actively reaching out to friends and family, joining groups with shared interests, and volunteering can all help build connections. However, individual action isn’t enough. We need to challenge societal norms that prioritize individualism over community, and advocate for policies that support social infrastructure. This includes funding for mental health services, accessible transportation, and affordable housing – all factors that contribute to social inclusion and reduce the risk of isolation.",83,ai_neutral,AI,Social Isolation
"Social isolation isn’t simply about being alone; it’s a subjective experience of lacking meaningful connections with others. While solitude can be chosen and restorative, isolation feels imposed and unwanted. Modern life, despite its hyper-connectivity, paradoxically fosters isolation through decreased community engagement, increased reliance on digital interaction, and geographical mobility. This disconnect impacts mental and physical health, weakening the immune system and increasing risks for depression, anxiety, and even cardiovascular disease. Recognizing the difference between choosing time alone and *feeling* alone is the first step towards addressing the issue, and actively cultivating genuine relationships is crucial for well-being.",97,ai_neutral,AI,Social Isolation
"The rise of remote work and digital communication, while offering flexibility and convenience, can inadvertently contribute to social isolation. Constant screen time replaces face-to-face interactions, diminishing opportunities for spontaneous connection and nonverbal cues vital for building rapport. While online communities can offer support, they often lack the depth and nuance of in-person relationships. It’s important to be mindful of this trade-off and proactively schedule activities that foster real-world social engagement – joining a club, volunteering, or simply making time for regular coffee dates with friends. Intentionality is key to counteracting the isolating effects of a digitally-driven lifestyle.",97,ai_neutral,AI,Social Isolation
"Social isolation disproportionately affects vulnerable populations, including the elderly, individuals with disabilities, and those experiencing chronic illness. Limited mobility, financial constraints, or stigma associated with health conditions can create significant barriers to social participation. Addressing this requires systemic solutions, such as accessible transportation, affordable community programs, and initiatives that promote inclusivity. Equally important is challenging societal biases and fostering a culture of empathy and support for those who may be at risk of becoming isolated. Simply checking in on neighbors or offering assistance can make a substantial difference.",88,ai_neutral,AI,Social Isolation
"The impact of social isolation extends beyond individual well-being, affecting broader societal structures. Isolated individuals are less likely to participate in civic life, contributing to decreased social cohesion and trust. This can manifest in political polarization, reduced volunteerism, and a general decline in community spirit. Strengthening social networks and fostering a sense of belonging are therefore not just personal benefits, but essential components of a healthy and functioning society. Investing in community spaces and programs that encourage interaction can help rebuild these vital connections.",84,ai_neutral,AI,Social Isolation
"Combating social isolation requires a multi-faceted approach, focusing on both individual strategies and systemic changes. On a personal level, cultivating self-compassion and actively seeking out opportunities for connection are vital. This might involve joining groups based on shared interests, volunteering, or simply initiating conversations with people in your daily life. Simultaneously, advocating for policies that promote social inclusion, affordable healthcare, and accessible community resources is crucial. Recognizing social isolation as a public health issue, rather than a personal failing, is the first step towards creating a more connected and supportive world.",91,ai_neutral,AI,Social Isolation
"Social isolation isn’t simply about being alone; it’s a subjective experience of lacking meaningful connections with others. While solitude can be chosen and restorative, isolation feels imposed and unwanted. Modern life, despite its hyper-connectivity, ironically fosters isolation through factors like remote work, decreased community engagement, and the curated nature of online interactions. This disconnect impacts mental and physical health, increasing risks for depression, anxiety, cardiovascular disease, and even cognitive decline. Recognizing the difference between choosing time alone and *feeling* alone is the first step towards addressing the issue, and actively cultivating genuine relationships is crucial for well-being.",97,ai_neutral,AI,Social Isolation
"The rise of digital communication presents a paradox regarding social isolation. While platforms like social media promise connection, they often deliver superficial interactions that don’t fulfill our deep-seated need for belonging. Constant comparison to others’ curated online personas can exacerbate feelings of inadequacy and loneliness. Furthermore, relying heavily on digital interaction can diminish our skills for face-to-face communication and empathy, making it harder to form and maintain real-world relationships. It’s not that technology is inherently bad, but mindful usage – prioritizing quality over quantity of connections – is essential to avoid contributing to isolation.",94,ai_neutral,AI,Social Isolation
"Social isolation disproportionately affects vulnerable populations. Older adults, particularly those experiencing loss of mobility or the death of loved ones, are at heightened risk. Similarly, individuals with chronic illnesses, disabilities, or mental health conditions often face barriers to social participation. Marginalized communities, facing discrimination and systemic barriers, can also experience increased isolation. Addressing this requires a multi-faceted approach, including accessible community programs, affordable healthcare, and policies that promote inclusivity and reduce social stigma. Recognizing these disparities is vital for creating equitable solutions.",82,ai_neutral,AI,Social Isolation
"The neurological impact of prolonged social isolation is significant. Studies show that isolation can alter brain structure and function, impacting areas responsible for emotional regulation, decision-making, and social cognition. Specifically, it can lead to increased activity in the amygdala – the brain’s fear center – and decreased activity in the prefrontal cortex, which is involved in higher-level thinking. These changes can contribute to increased anxiety, impulsivity, and difficulty interpreting social cues. This highlights the importance of early intervention and preventative measures to mitigate these neurological effects.",86,ai_neutral,AI,Social Isolation
"Combating social isolation requires both individual effort and community-level initiatives. On a personal level, actively seeking out opportunities for connection – joining clubs, volunteering, or simply reaching out to friends and family – is crucial. However, systemic changes are also needed. Investing in public spaces that foster social interaction, supporting community organizations, and promoting social prescribing (connecting people with non-medical activities to improve health and well-being) can all contribute to a more connected society. Ultimately, recognizing social connection as a fundamental human need, and prioritizing it accordingly, is essential for building healthier and more resilient communities.",96,ai_neutral,AI,Social Isolation
"Social isolation isn’t simply about being alone; it’s a subjective experience of lacking meaningful connections with others. While solitude can be chosen and restorative, isolation feels imposed and unwanted. Modern life, despite its hyper-connectivity, paradoxically fosters isolation through decreased community engagement, increased reliance on digital interaction, and geographical mobility. This disconnect impacts mental and physical health, weakening the immune system and increasing risks for depression, anxiety, and even cardiovascular disease. Recognizing the difference between choosing time alone and *feeling* alone is the first step towards addressing the issue, and actively cultivating genuine relationships is crucial for well-being.",97,ai_neutral,AI,Social Isolation
"The rise of remote work and digital communication, while offering flexibility and convenience, can inadvertently contribute to social isolation. Constant screen time replaces face-to-face interactions, diminishing opportunities for spontaneous connection and nonverbal cues vital for building rapport. While online communities can offer support, they often lack the depth and complexity of real-world relationships. It’s important to be mindful of this trade-off and proactively schedule in-person activities, even small ones, to counteract the isolating effects of a digitally-mediated life. Intentionality is key – simply being *around* people isn’t enough; meaningful engagement is what matters.",93,ai_neutral,AI,Social Isolation
"Social isolation disproportionately affects vulnerable populations, including the elderly, individuals with disabilities, and those experiencing chronic illness. Limited mobility, financial constraints, or stigma associated with health conditions can create significant barriers to social participation. Furthermore, loss of loved ones, retirement, or changes in living situations can disrupt established social networks, leaving individuals feeling adrift. Targeted interventions, such as community outreach programs, accessible transportation options, and peer support groups, are essential to address these specific needs and promote social inclusion for those most at risk.",84,ai_neutral,AI,Social Isolation
"The impact of social isolation extends beyond individual well-being, affecting broader societal structures. Isolated individuals are less likely to participate in civic life, volunteer, or contribute to their communities. This erosion of social capital weakens collective resilience and can exacerbate existing inequalities. Addressing social isolation requires a multi-faceted approach that includes strengthening community infrastructure, promoting social connectedness initiatives, and fostering a culture of empathy and inclusivity. Investing in social infrastructure isn’t just a matter of individual welfare; it’s an investment in a healthier, more vibrant society.",86,ai_neutral,AI,Social Isolation
"Combating social isolation isn’t solely the responsibility of individuals or government programs. Businesses and organizations also have a role to play in fostering social connection. Creating opportunities for employees to interact outside of work tasks, supporting employee-led social groups, and promoting a workplace culture that values collaboration and inclusivity can all help to mitigate isolation. Similarly, public spaces designed to encourage interaction – parks, community centers, libraries – are vital resources. Recognizing that social connection is a fundamental human need, and actively working to facilitate it, benefits everyone.",88,ai_neutral,AI,Social Isolation
"Childhood trauma isn’t a single event, but rather a deeply disruptive experience that overwhelms a child’s developing capacity to cope. This can encompass a wide range of adversities – abuse (physical, emotional, sexual), neglect, witnessing domestic violence, experiencing the loss of a parent, or living through natural disasters. Crucially, it’s not the event itself that defines the trauma, but the child’s *experience* of it; their sense of fear, helplessness, and disorientation. These experiences fundamentally alter brain development, particularly in areas responsible for emotional regulation and stress response, leading to long-term challenges in forming secure attachments and managing emotions. Recognizing the diverse forms trauma can take is the first step towards understanding its pervasive impact.",114,ai_neutral,AI,Childhood Trauma
"The impact of childhood trauma often manifests as difficulties with emotional regulation. Children who experience trauma may struggle to identify and manage their feelings, leading to intense mood swings, irritability, or emotional numbness. This isn’t a sign of weakness, but a neurological consequence of prolonged stress. The brain, constantly anticipating threat, can become hyper-reactive to perceived dangers, triggering fight, flight, or freeze responses even in safe situations. This can present as anxiety, panic attacks, or aggressive outbursts. Learning healthy coping mechanisms – mindfulness, deep breathing, therapy – can help rewire these responses, but it requires patience, self-compassion, and often, professional support.",101,ai_neutral,AI,Childhood Trauma
"Attachment styles are profoundly shaped by early childhood experiences, and trauma can severely disrupt the development of secure attachment. Children rely on consistent, responsive caregiving to learn they are worthy of love and safe in the world. Trauma, particularly involving caregivers, can lead to insecure attachment patterns – anxious-preoccupied, dismissive-avoidant, or fearful-avoidant. These patterns influence how individuals form relationships throughout their lives, often leading to difficulties with trust, intimacy, and boundaries. Understanding one’s attachment style can be incredibly insightful in navigating interpersonal dynamics and fostering healthier connections.",87,ai_neutral,AI,Childhood Trauma
"Dissociation is a common, though often misunderstood, response to overwhelming trauma. It’s a mental process where a person feels detached from their body, emotions, or reality. This can range from mild daydreaming to more severe experiences like feeling like you’re watching your life unfold from outside your body, or having gaps in memory. Dissociation serves as a protective mechanism, allowing the child to mentally escape the unbearable pain of the traumatic event. While it can be adaptive in the moment, chronic dissociation can interfere with daily functioning and contribute to difficulties with identity and a sense of self.",98,ai_neutral,AI,Childhood Trauma
"Healing from childhood trauma is a complex and ongoing process, not a destination. It requires acknowledging the impact of the past, developing self-compassion, and building resilience. Therapy, particularly trauma-informed approaches like EMDR or Somatic Experiencing, can be incredibly beneficial in processing traumatic memories and developing coping skills. However, healing isn’t solely reliant on professional intervention. Cultivating supportive relationships, practicing self-care, and engaging in activities that promote well-being are all vital components. It’s about learning to live *with* the trauma, rather than being defined by it, and reclaiming agency over one’s life.",91,ai_neutral,AI,Childhood Trauma
"Childhood trauma isn’t a single event, but rather a deeply disruptive experience that overwhelms a child’s developing coping mechanisms. It can encompass a wide range of adverse occurrences – abuse (physical, emotional, sexual), neglect, witnessing domestic violence, experiencing the loss of a parent, or enduring a natural disaster. Crucially, the *impact* of the event is more significant than the event itself; what’s traumatic for one child may not be for another, depending on their age, support system, and inherent resilience. This early adversity fundamentally alters brain development, particularly in areas responsible for emotional regulation, impulse control, and attachment, setting the stage for potential long-term challenges. Recognizing trauma isn’t about identifying dramatic incidents, but understanding the lasting effects of overwhelming stress on a young, vulnerable system.",125,ai_neutral,AI,Childhood Trauma
"The body keeps the score, a phrase popularized by Bessel van der Kolk, speaks to the physiological impact of childhood trauma. Trauma isn’t simply a psychological wound; it’s encoded in the nervous system. Chronic stress during development leads to a hyperactive stress response – the “fight, flight, or freeze” mechanism – becoming easily triggered even in the absence of actual danger. This manifests as physical symptoms like chronic pain, digestive issues, fatigue, and a heightened startle response. Furthermore, trauma can disrupt the hypothalamic-pituitary-adrenal (HPA) axis, the body’s central stress system, leading to difficulties regulating cortisol levels. Understanding this somatic component is vital for effective healing, as addressing the physical manifestations can unlock emotional processing.",114,ai_neutral,AI,Childhood Trauma
"Attachment theory provides a powerful framework for understanding the consequences of early trauma. Secure attachment, formed through consistent and responsive caregiving, allows children to develop a sense of safety and trust. Trauma, particularly involving caregivers, severely disrupts this process. Children who experience abuse or neglect may develop insecure attachment styles – anxious-preoccupied, dismissive-avoidant, or fearful-avoidant – impacting their ability to form healthy relationships throughout life. These patterns often involve difficulties with intimacy, boundaries, and emotional regulation within partnerships. Repairing attachment wounds requires creating new, safe relationships built on trust and consistent support.",92,ai_neutral,AI,Childhood Trauma
"Dissociation is a common coping mechanism employed by children facing overwhelming trauma. When faced with experiences too intense to process, the mind can create distance – a sense of detachment from the body, emotions, or reality itself. This can range from mild daydreaming to more severe experiences like depersonalization (feeling detached from oneself) or derealization (feeling like the world isn’t real). While initially protective, chronic dissociation can hinder emotional processing and memory consolidation, leading to fragmented experiences and difficulties with identity formation. Recognizing dissociative patterns is crucial for trauma-informed care, as directly confronting traumatic memories without addressing dissociation can be re-traumatizing.",101,ai_neutral,AI,Childhood Trauma
"Resilience isn’t the absence of trauma, but the ability to adapt well in the face of adversity. While childhood trauma significantly increases the risk of mental health challenges, it doesn’t guarantee them. Protective factors – such as a supportive relationship with at least one adult, strong community connections, and access to resources – can mitigate the negative impacts. Cultivating resilience involves developing self-awareness, emotional regulation skills, and a sense of agency. Trauma-informed care emphasizes empowering survivors to reclaim their narratives and build a future not defined by their past, focusing on strengths and fostering a sense of hope and possibility.",100,ai_neutral,AI,Childhood Trauma
"Childhood trauma isn’t a single event, but rather a deeply disruptive experience that overwhelms a child’s developing capacity to cope. This can encompass a wide range of adversities – abuse (physical, emotional, sexual), neglect, witnessing domestic violence, experiencing the loss of a parent, or living through natural disasters. Crucially, it’s not the event itself that defines the trauma, but the child’s *experience* of it; their sense of fear, helplessness, and disorientation. These experiences fundamentally alter brain development, particularly in areas responsible for emotional regulation and stress response, leading to long-term challenges in forming secure attachments and managing emotions. Recognizing the diverse forms trauma can take is the first step towards understanding its pervasive impact.",114,ai_neutral,AI,Childhood Trauma
"The impact of childhood trauma often manifests as difficulties with emotional regulation. Because the brain hasn’t fully developed coping mechanisms during the traumatic experience, individuals may struggle with intense mood swings, irritability, and difficulty identifying or expressing their feelings. This isn’t a character flaw, but a neurological consequence. The amygdala, the brain’s emotional center, can become hyperactive, leading to exaggerated fear responses, while the prefrontal cortex, responsible for rational thought and impulse control, may be underdeveloped. This imbalance can result in impulsive behaviors, difficulty managing anger, and a tendency to react strongly to perceived threats, even when no actual danger exists.",101,ai_neutral,AI,Childhood Trauma
"Dissociation is a common, though often misunderstood, response to childhood trauma. It’s a mental process where a person feels detached from their body, emotions, or surroundings – a way the mind protects itself from overwhelming pain. This can range from mild “daydreaming” or feeling numb, to more severe experiences like losing track of time or having gaps in memory. While dissociation can be adaptive in the moment of trauma, chronic dissociation can interfere with daily functioning, making it difficult to form a cohesive sense of self and maintain relationships. It’s often a signal that the nervous system is still stuck in survival mode, needing support to process and integrate the traumatic experience.",112,ai_neutral,AI,Childhood Trauma
"The link between childhood trauma and mental health conditions is well-established. Individuals with a history of trauma are at significantly higher risk for developing depression, anxiety disorders, post-traumatic stress disorder (PTSD), and borderline personality disorder. However, it’s important to remember that trauma doesn’t *destine* someone to these outcomes. Resilience factors – supportive relationships, access to resources, and personal coping skills – can mitigate the impact. Furthermore, many individuals develop complex trauma (C-PTSD), characterized by difficulties with self-organization, emotional regulation, and interpersonal relationships, stemming from prolonged or repeated trauma.",88,ai_neutral,AI,Childhood Trauma
"Healing from childhood trauma is a process, not an event, and often requires professional support. Therapies like Trauma-Focused Cognitive Behavioral Therapy (TF-CBT), Eye Movement Desensitization and Reprocessing (EMDR), and Somatic Experiencing are specifically designed to address the neurological and emotional effects of trauma. These approaches focus on processing traumatic memories in a safe and controlled environment, developing coping skills, and rebuilding a sense of safety and control. Self-care practices – mindfulness, exercise, creative expression – are also crucial components of the healing journey, fostering self-compassion and resilience. Importantly, seeking help is a sign of strength, not weakness.",97,ai_neutral,AI,Childhood Trauma
"Childhood trauma isn’t a single event, but rather a deeply disruptive experience that overwhelms a child’s developing coping mechanisms. It can encompass a wide range of adverse occurrences – abuse (physical, emotional, sexual), neglect, witnessing domestic violence, experiencing the loss of a parent, or enduring a natural disaster. Crucially, the impact isn’t solely about *what* happened, but *how* the child perceived it. A situation that one child might navigate with resilience could be profoundly damaging to another, depending on their age, support system, and inherent temperament. The developing brain is particularly vulnerable, and trauma can alter neurological pathways, impacting emotional regulation, attachment styles, and cognitive function long into adulthood.",109,ai_neutral,AI,Childhood Trauma
"The effects of childhood trauma often manifest as difficulties with emotional regulation. Individuals may struggle with intense mood swings, chronic anxiety, or persistent feelings of sadness and hopelessness. This isn’t a sign of weakness, but a consequence of a nervous system constantly operating in a state of heightened alert. The ‘fight, flight, or freeze’ response, designed for immediate survival, becomes chronically activated, leading to reactivity and difficulty calming down. This can present as irritability, anger outbursts, or conversely, emotional numbing and detachment. Learning to identify and manage these emotional responses is a key component of healing, often requiring therapeutic intervention.",100,ai_neutral,AI,Childhood Trauma
"Attachment styles are profoundly shaped by early childhood experiences, and trauma can significantly disrupt the formation of secure attachment. Children who experience inconsistent or abusive caregiving may develop insecure attachment patterns – anxious-preoccupied, dismissive-avoidant, or fearful-avoidant. These patterns influence how individuals form relationships throughout their lives, often leading to difficulties with trust, intimacy, and boundaries. They may either crave closeness but fear rejection, or maintain emotional distance to protect themselves from potential hurt. Understanding one’s attachment style can provide valuable insight into relational dynamics and inform healthier patterns of connection.",90,ai_neutral,AI,Childhood Trauma
"Dissociation is a common coping mechanism employed by children facing overwhelming trauma. It involves a disconnection from thoughts, feelings, memories, or even one’s own body. This can range from mild ‘daydreaming’ or feeling ‘spaced out’ to more severe experiences like depersonalization (feeling detached from oneself) or derealization (feeling like the world isn’t real). While initially protective, allowing the child to mentally escape the trauma, chronic dissociation can hinder processing and integration of the experience. It can also contribute to difficulties with memory, identity, and a sense of continuity.",88,ai_neutral,AI,Childhood Trauma
"Healing from childhood trauma is a complex and often lifelong process, but it *is* possible. It typically involves creating a safe and supportive environment, developing self-awareness, and learning coping skills to manage difficult emotions and triggers. Therapy, particularly trauma-informed approaches like EMDR (Eye Movement Desensitization and Reprocessing) or Somatic Experiencing, can be incredibly beneficial. Importantly, healing isn’t about ‘getting over’ the trauma, but rather integrating the experience into one’s life narrative in a way that reduces its power and allows for growth and resilience. Self-compassion and patience are essential throughout the journey.",92,ai_neutral,AI,Childhood Trauma
"Childhood trauma isn’t a single event, but rather a deeply disruptive experience that overwhelms a child’s developing coping mechanisms. It can encompass a wide range of adverse occurrences – abuse (physical, emotional, sexual), neglect, witnessing domestic violence, experiencing the loss of a parent, or enduring a natural disaster. Crucially, the *impact* of the event is more significant than the event itself; what feels traumatic to one child may not to another, depending on their age, support system, and pre-existing vulnerabilities. This early adversity doesn’t just create immediate distress; it fundamentally alters brain development, impacting emotional regulation, attachment styles, and the ability to form healthy relationships later in life. Recognizing trauma’s pervasive influence is the first step toward healing.",118,ai_neutral,AI,Childhood Trauma
"The body keeps the score, a phrase popularized by Bessel van der Kolk, speaks to the physiological impact of childhood trauma. Traumatic experiences aren’t simply stored as memories; they become encoded in the nervous system, leading to chronic physical symptoms like unexplained pain, digestive issues, and heightened startle responses. This is because during trauma, the brain’s threat response – the fight, flight, or freeze – is activated, and often remains stuck in a state of hyperarousal or dysregulation. This constant state of alert drains energy, compromises the immune system, and contributes to a range of mental health challenges. Understanding this connection between mind and body is vital for trauma-informed care, which prioritizes safety and somatic awareness.",116,ai_neutral,AI,Childhood Trauma
"Dissociation is a common coping mechanism developed in response to overwhelming childhood trauma. It’s a mental process where a person feels detached from their body, emotions, or surroundings – essentially, a way to mentally escape an unbearable situation. While it can be adaptive in the moment, chronic dissociation can become problematic, leading to difficulties with memory, identity, and a sense of reality. Different forms of dissociation exist, ranging from mild daydreaming to more severe experiences like depersonalization or derealization. Recognizing dissociative patterns is crucial for therapists, as directly confronting trauma while someone is highly dissociated can be re-traumatizing.",98,ai_neutral,AI,Childhood Trauma
"Attachment theory provides a powerful framework for understanding the long-term consequences of childhood trauma. Secure attachment, formed through consistent and responsive caregiving, allows children to develop a sense of trust and safety. However, trauma – particularly trauma inflicted by caregivers – disrupts this process, leading to insecure attachment styles: anxious, avoidant, or disorganized. These attachment patterns then influence how individuals navigate relationships throughout their lives, often resulting in difficulties with intimacy, boundaries, and emotional regulation. Healing from trauma often involves exploring and repairing these early attachment wounds, ideally within a safe and supportive therapeutic relationship.",95,ai_neutral,AI,Childhood Trauma
"Resilience isn’t about *not* being affected by trauma, but about the capacity to adapt well in the face of adversity. While childhood trauma undeniably increases the risk of mental and physical health problems, it doesn’t determine a person’s destiny. Factors that foster resilience include having supportive relationships, developing a strong sense of self-efficacy, cultivating coping skills, and finding meaning in life. Neuroplasticity – the brain’s ability to reorganize itself – offers hope for healing, even years after the traumatic event. Trauma-informed care emphasizes building on existing strengths and empowering individuals to reclaim agency over their lives, fostering a path toward post-traumatic growth.",102,ai_neutral,AI,Childhood Trauma
"Childhood trauma isn’t a single event, but rather a deeply disruptive experience that overwhelms a child’s developing coping mechanisms. It can encompass a wide range of adverse occurrences – abuse (physical, emotional, sexual), neglect, witnessing domestic violence, experiencing the loss of a parent, or enduring a natural disaster. Crucially, the impact isn’t solely about *what* happened, but *how* the child perceived it. A situation that one child might navigate with resilience could be profoundly damaging to another, depending on their age, support system, and inherent temperament. The developing brain is particularly vulnerable, and trauma can alter neurological pathways, impacting emotional regulation, attachment styles, and cognitive function long into adulthood.",109,ai_neutral,AI,Childhood Trauma
"The effects of childhood trauma often manifest as difficulties in forming healthy relationships. Individuals who experienced early trauma may struggle with trust, fearing vulnerability and anticipating rejection. This can lead to patterns of insecure attachment – either anxiously seeking reassurance or avoiding intimacy altogether. Boundaries can become blurred or rigidly enforced, stemming from a history where personal boundaries were violated or nonexistent. Furthermore, trauma can disrupt the development of empathy, not through a lack of caring, but through a self-protective mechanism that prioritizes emotional survival. Recognizing these patterns is a vital step towards healing and building more secure connections.",99,ai_neutral,AI,Childhood Trauma
"Dissociation is a common, though often misunderstood, response to childhood trauma. It’s a mental process where a person feels detached from their body, emotions, or surroundings – a way the mind attempts to cope with overwhelming experiences by creating distance. This can range from mild daydreaming or “zoning out” to more severe experiences like feeling unreal or having gaps in memory. While dissociation can be adaptive in the moment of trauma, chronic dissociation can interfere with daily functioning, impacting memory, identity, and the ability to process emotions. It’s not a sign of weakness, but a testament to the brain’s attempt to protect itself.",103,ai_neutral,AI,Childhood Trauma
"The body keeps the score, a phrase popularized by Bessel van der Kolk, highlights the physiological impact of childhood trauma. Trauma isn’t just stored as memories in the brain; it’s also embedded in the nervous system and can manifest as chronic physical symptoms. These can include unexplained pain, digestive issues, fatigue, autoimmune disorders, and heightened sensitivity to stress. This happens because trauma disrupts the body’s natural stress response, leaving it in a state of hyperarousal or chronic vigilance. Somatic therapies, which focus on releasing tension and restoring regulation in the body, can be particularly effective in addressing these physical manifestations.",100,ai_neutral,AI,Childhood Trauma
"Healing from childhood trauma is a process, not a destination. It requires patience, self-compassion, and often, professional support. Therapy, particularly trauma-informed therapy like EMDR (Eye Movement Desensitization and Reprocessing) or Somatic Experiencing, can provide tools to process traumatic memories and regulate emotional responses. Building a strong support network of trusted friends, family, or support groups is also crucial. Importantly, healing isn’t about erasing the past, but about integrating it into a coherent narrative and reclaiming agency over one’s life. It’s about learning to live *with* the trauma, rather than being defined *by* it.",93,ai_neutral,AI,Childhood Trauma
"Childhood trauma isn’t a single event, but rather a deeply disruptive experience that overwhelms a child’s developing capacity to cope. This can encompass a wide range of adversities – abuse (physical, emotional, sexual), neglect, witnessing domestic violence, experiencing the loss of a parent, or living through natural disasters. Crucially, it’s not the event itself that defines the trauma, but the child’s *experience* of it; their sense of fear, helplessness, and disorientation. These experiences fundamentally alter brain development, particularly in areas responsible for emotional regulation and stress response, leading to long-term challenges in forming secure attachments and managing emotions. Recognizing the diverse forms trauma can take is the first step towards understanding its pervasive impact.",114,ai_neutral,AI,Childhood Trauma
"The impact of childhood trauma often manifests as difficulties with emotional regulation. Children who experience trauma frequently struggle to identify, understand, and manage their feelings. This isn’t a sign of weakness, but a neurological consequence of prolonged stress. The amygdala, the brain’s emotional center, can become hyperactive, leading to intense emotional reactions – anxiety, anger, sadness – that feel disproportionate to the situation. Simultaneously, the prefrontal cortex, responsible for rational thought and impulse control, may be underdeveloped or struggle to effectively regulate the amygdala. This imbalance can result in impulsive behaviors, difficulty calming down, and a tendency to react rather than respond thoughtfully.",103,ai_neutral,AI,Childhood Trauma
"Attachment styles are profoundly shaped by early childhood experiences, and trauma can severely disrupt the development of secure attachment. A secure attachment, formed with a consistently responsive caregiver, provides a child with a sense of safety and trust. Trauma, particularly involving caregivers, can lead to insecure attachment styles – anxious-preoccupied, dismissive-avoidant, or fearful-avoidant. These styles influence how individuals approach relationships throughout their lives, often resulting in difficulties with intimacy, trust, and boundaries. Individuals with trauma histories may fear abandonment, struggle with emotional closeness, or repeat unhealthy relationship patterns, unconsciously seeking to recreate or resolve past experiences.",96,ai_neutral,AI,Childhood Trauma
"Dissociation is a common coping mechanism developed in response to overwhelming trauma. It involves a disconnection from thoughts, feelings, memories, or even one’s own sense of identity. This can range from mild “daydreaming” or feeling “spaced out” to more severe experiences like depersonalization (feeling detached from oneself) or derealization (feeling like the world isn’t real). While initially serving a protective function – allowing the child to mentally escape the trauma – chronic dissociation can interfere with memory formation, emotional processing, and a coherent sense of self. It’s often a subtle but significant indicator of underlying trauma and requires sensitive, specialized therapeutic intervention.",102,ai_neutral,AI,Childhood Trauma
"Healing from childhood trauma is a complex and often lifelong process, but it *is* possible. Effective treatment typically involves trauma-informed therapy, which acknowledges the pervasive impact of trauma and prioritizes safety and empowerment. Approaches like Eye Movement Desensitization and Reprocessing (EMDR), Trauma-Focused Cognitive Behavioral Therapy (TF-CBT), and Somatic Experiencing aim to process traumatic memories, regulate emotional responses, and rebuild a sense of self. Crucially, healing isn’t about “getting over” the trauma, but about integrating the experience into one’s life narrative in a way that reduces its power and allows for growth and resilience. Support systems, self-compassion, and ongoing self-care are also vital components of the healing journey.",107,ai_neutral,AI,Childhood Trauma
"Childhood trauma isn’t a single event, but rather a deeply disruptive experience that overwhelms a child’s developing coping mechanisms. It can encompass a wide range of adverse occurrences – abuse (physical, emotional, sexual), neglect, witnessing domestic violence, experiencing the loss of a parent, or enduring a natural disaster. Crucially, the impact isn’t solely about *what* happened, but *how* the child perceived it. A seemingly minor event to an adult can be profoundly traumatizing for a young person lacking the cognitive and emotional resources to process it. This early adversity fundamentally alters brain development, impacting emotional regulation, attachment styles, and the ability to form healthy relationships later in life. Recognizing trauma’s pervasive influence is the first step towards healing.",118,ai_neutral,AI,Childhood Trauma
"The effects of childhood trauma often manifest as difficulties with emotional regulation. Children who experience trauma frequently struggle to identify, understand, and manage their feelings. This can lead to intense mood swings, outbursts of anger, or, conversely, a numbing emotional detachment. The brain’s stress response system becomes hyperactive, meaning individuals are easily triggered into fight, flight, or freeze responses, even in situations that aren’t genuinely threatening. This isn’t a character flaw, but a neurological adaptation developed to survive a dangerous environment. Learning techniques like mindfulness, deep breathing, and somatic experiencing can help rewire these pathways and restore a sense of emotional equilibrium.",102,ai_neutral,AI,Childhood Trauma
"Attachment theory provides a valuable framework for understanding the long-term consequences of childhood trauma. Secure attachment, formed through consistent and responsive caregiving, allows children to develop a sense of trust and safety. Trauma, particularly when inflicted by caregivers, disrupts this process. Individuals may develop insecure attachment styles – anxious-preoccupied, dismissive-avoidant, or fearful-avoidant – characterized by difficulties with intimacy, boundaries, and trust in relationships. These patterns often repeat themselves in adulthood, impacting romantic partnerships, friendships, and even professional interactions. Therapy focused on attachment can help individuals explore these patterns and cultivate healthier relational dynamics.",93,ai_neutral,AI,Childhood Trauma
"Dissociation is a common coping mechanism employed by children facing overwhelming trauma. It involves a disconnection from thoughts, feelings, memories, or even one’s own body. This can range from mild daydreaming to more severe experiences like feeling detached from reality or having gaps in memory. While initially protective, allowing the child to mentally escape the trauma, chronic dissociation can become problematic. It can interfere with daily functioning, create a sense of unreality, and hinder the processing of traumatic memories. Recognizing dissociative tendencies is crucial for seeking appropriate therapeutic intervention, often involving grounding techniques and trauma-focused therapies.",96,ai_neutral,AI,Childhood Trauma
"Healing from childhood trauma is a complex and often lengthy process, but it *is* possible. It’s important to understand that recovery isn’t about forgetting what happened, but about integrating the experience into one’s life narrative in a way that diminishes its power. Trauma-informed care, which acknowledges the pervasive impact of trauma and prioritizes safety and empowerment, is essential. Effective therapies include Eye Movement Desensitization and Reprocessing (EMDR), Trauma-Focused Cognitive Behavioral Therapy (TF-CBT), and somatic experiencing. Self-compassion, building supportive relationships, and engaging in activities that promote well-being are also vital components of the healing journey.",94,ai_neutral,AI,Childhood Trauma
"Childhood trauma isn’t a single event, but rather a deeply disruptive experience that overwhelms a child’s developing coping mechanisms. It can encompass a wide range of adverse occurrences – abuse (physical, emotional, sexual), neglect, witnessing domestic violence, experiencing the loss of a parent, or enduring a natural disaster. The impact isn’t solely about the event itself, but how the child *perceives* it; a situation that one child might navigate with resilience could be profoundly damaging to another. Crucially, trauma alters brain development, particularly areas responsible for emotional regulation and threat assessment, leading to long-term challenges in forming healthy attachments and managing stress. Recognizing these experiences as trauma, rather than simply “bad memories,” is the first step towards healing.",118,ai_neutral,AI,Childhood Trauma
"The effects of childhood trauma often manifest in adulthood as complex emotional and behavioral patterns. Individuals may struggle with anxiety, depression, and post-traumatic stress disorder (PTSD), exhibiting symptoms like flashbacks, nightmares, and hypervigilance. However, trauma’s impact isn’t always outwardly dramatic. It can also present as chronic physical pain, digestive issues, or a pervasive sense of emptiness. Difficulty with trust, setting boundaries, and maintaining stable relationships are common consequences, stemming from early experiences of betrayal or abandonment. These aren’t character flaws, but rather neurological and psychological responses to overwhelming adversity, shaped by a brain wired for survival in a dangerous environment.",100,ai_neutral,AI,Childhood Trauma
"Attachment theory provides a valuable framework for understanding the lasting impact of early trauma. Secure attachment, formed through consistent and responsive caregiving, allows children to develop a sense of safety and trust. Trauma frequently disrupts this process, leading to insecure attachment styles – anxious, avoidant, or disorganized. Anxiously attached individuals may crave closeness but fear rejection, while avoidantly attached individuals may suppress emotional needs and maintain distance. Disorganized attachment, often resulting from severe or unpredictable trauma, is characterized by contradictory behaviors and a profound lack of a coherent strategy for navigating relationships. These patterns significantly influence how individuals connect with others throughout their lives.",104,ai_neutral,AI,Childhood Trauma
"Resilience isn’t the absence of trauma, but the ability to adapt well in the face of adversity. While trauma undeniably increases vulnerability to mental health challenges, it doesn’t predetermine a negative outcome. Protective factors – supportive relationships, a sense of purpose, access to resources, and personal strengths – can significantly mitigate the impact of trauma. Cultivating self-compassion, practicing mindfulness, and engaging in activities that promote emotional regulation are all strategies that can foster resilience. Importantly, healing from trauma isn’t about erasing the past, but about integrating it into a coherent narrative and reclaiming agency over one’s life.",97,ai_neutral,AI,Childhood Trauma
"Seeking professional help is often essential in navigating the complexities of childhood trauma. Therapies like Trauma-Focused Cognitive Behavioral Therapy (TF-CBT), Eye Movement Desensitization and Reprocessing (EMDR), and Somatic Experiencing are specifically designed to address the neurological and emotional effects of trauma. These approaches help individuals process traumatic memories, develop coping skills, and rebuild a sense of safety and control. It’s crucial to find a therapist who is trauma-informed and with whom the individual feels safe and understood. Healing is a process, not a destination, and requires patience, self-awareness, and a commitment to growth.",93,ai_neutral,AI,Childhood Trauma
"Childhood trauma isn’t a single event, but rather a deeply disruptive experience that overwhelms a child’s developing coping mechanisms. It can encompass a wide range of adverse occurrences – abuse (physical, emotional, sexual), neglect, witnessing domestic violence, experiencing the loss of a parent, or enduring a natural disaster. Crucially, the impact isn’t solely about *what* happened, but *how* the child perceived it. A seemingly minor event to an adult can be profoundly traumatizing for a young person lacking the cognitive and emotional resources to process it. This early adversity fundamentally alters brain development, impacting emotional regulation, attachment styles, and the ability to form healthy relationships later in life. Recognizing trauma’s pervasive influence is the first step towards healing.",118,ai_neutral,AI,Childhood Trauma
"The effects of childhood trauma often manifest as difficulties with emotional regulation. Children who experience trauma frequently struggle to identify, understand, and manage their feelings. This can lead to intense mood swings, outbursts of anger, or, conversely, a numbing emotional detachment. The brain’s stress response system becomes hyperactive, meaning individuals are easily triggered into fight, flight, or freeze responses, even in situations that aren’t genuinely threatening. This isn’t a character flaw, but a neurological adaptation developed to survive a dangerous environment. Learning techniques like mindfulness, deep breathing, and somatic experiencing can help rewire these pathways and restore a sense of emotional equilibrium.",102,ai_neutral,AI,Childhood Trauma
"Attachment theory provides a valuable framework for understanding the long-term consequences of childhood trauma. Secure attachment, formed through consistent and responsive caregiving, allows children to develop a sense of trust and safety. Trauma, particularly involving caregivers, disrupts this process. Individuals may develop insecure attachment styles – anxious-preoccupied, dismissive-avoidant, or fearful-avoidant – characterized by difficulties with intimacy, boundaries, and trust in relationships. These patterns often repeat themselves in adulthood, impacting romantic partnerships, friendships, and even professional interactions. Therapy focused on attachment can help individuals explore these patterns and cultivate healthier relational dynamics.",91,ai_neutral,AI,Childhood Trauma
"Dissociation is a common coping mechanism employed by children facing overwhelming trauma. It involves a disconnection from thoughts, feelings, memories, or even one’s own body. This can range from mild daydreaming to more severe experiences like feeling detached from reality or having gaps in memory. While initially protective, allowing the child to mentally escape the trauma, chronic dissociation can be incredibly debilitating. It can interfere with daily functioning, create a sense of unreality, and contribute to difficulties with identity formation. Recognizing and addressing dissociation requires specialized therapeutic approaches, often involving grounding techniques and trauma-focused therapies.",95,ai_neutral,AI,Childhood Trauma
"Healing from childhood trauma is a complex and often lifelong process, but it *is* possible. It’s important to understand that recovery isn’t about erasing the past, but about integrating the traumatic experiences into a coherent narrative. Trauma-informed care emphasizes safety, trustworthiness, choice, collaboration, and empowerment. Effective therapies include Eye Movement Desensitization and Reprocessing (EMDR), Trauma-Focused Cognitive Behavioral Therapy (TF-CBT), and somatic experiencing. Self-care practices – such as exercise, mindfulness, and creative expression – also play a vital role in building resilience and fostering a sense of well-being. Seeking professional support is crucial, but so is cultivating self-compassion and recognizing one’s own strength and capacity for healing.",106,ai_neutral,AI,Childhood Trauma
"Class disparity isn’t simply about income; it’s a deeply ingrained system impacting access to opportunity. Consider the seemingly neutral concept of neighborhood. Funding for public schools is often tied to local property taxes, creating vastly different educational experiences based on zip code. This impacts future earning potential, perpetuating a cycle where children born into lower-income areas are less likely to achieve upward mobility. Beyond education, access to quality healthcare, nutritious food, and even safe environments for recreation are all unevenly distributed, creating cumulative disadvantages. These aren’t individual failings, but systemic barriers built into the fabric of modern society, limiting potential before it even has a chance to flourish.",108,ai_neutral,AI,Class Disparity
"The psychological toll of class disparity is often overlooked. Constant exposure to economic hardship can lead to chronic stress, impacting mental and physical health. Feelings of powerlessness, shame, and hopelessness are common, hindering individuals’ ability to advocate for themselves or invest in their future. This isn’t to suggest a deficit in resilience, but rather to acknowledge the corrosive effect of sustained disadvantage. Furthermore, societal narratives often blame individuals for their circumstances, reinforcing negative self-perception and creating barriers to seeking help. Addressing class disparity requires acknowledging and mitigating these psychological impacts alongside economic interventions.",93,ai_neutral,AI,Class Disparity
"Technological advancements, while often touted as equalizers, can actually exacerbate class disparity. The “digital divide” isn’t just about access to computers and internet; it’s about digital literacy and the ability to leverage technology for economic advancement. Remote work opportunities, online education, and access to crucial information increasingly require digital skills, leaving those without them further behind. Moreover, automation threatens jobs traditionally held by lower-skilled workers, potentially widening the gap between those who can adapt and those who cannot. Intentional investment in digital inclusion programs is crucial to prevent technology from becoming another tool of inequality.",95,ai_neutral,AI,Class Disparity
"The concept of “social capital” – the networks of relationships and connections that provide access to resources and opportunities – is heavily influenced by class. Individuals from privileged backgrounds often inherit access to influential networks, opening doors to internships, mentorships, and job opportunities that are unavailable to others. This isn’t necessarily about intentional exclusion, but rather the natural consequence of homophily – the tendency to associate with people similar to ourselves. Breaking down these barriers requires actively fostering diverse networks and creating pathways for individuals from all backgrounds to connect with influential figures.",93,ai_neutral,AI,Class Disparity
"Class disparity impacts civic engagement and political representation. Individuals facing economic hardship often have less time and fewer resources to participate in the political process, leading to underrepresentation of their interests. This can result in policies that further entrench existing inequalities. Furthermore, a sense of political alienation can develop, fostering distrust in institutions and hindering collective action. Strengthening democratic participation requires addressing the systemic barriers that prevent marginalized communities from having their voices heard and ensuring that political systems are responsive to the needs of all citizens, not just the wealthy and well-connected.",93,ai_neutral,AI,Class Disparity
"Class disparity isn’t simply about income; it’s a deeply ingrained system impacting access to opportunity. Consider the seemingly neutral concept of neighborhood. Funding for public schools is often tied to local property taxes, creating vastly different educational experiences based on zip code. This impacts future earning potential, perpetuating a cycle where children born into lower-income areas are less likely to achieve upward mobility. Beyond education, access to quality healthcare, nutritious food, and even safe environments for recreation are all unevenly distributed, creating cumulative disadvantages. These aren’t individual failings, but systemic barriers built into the fabric of modern society, limiting potential before it even has a chance to flourish.",108,ai_neutral,AI,Class Disparity
"The psychological toll of class disparity is often overlooked. Constant exposure to economic hardship can lead to chronic stress, impacting mental and physical health. Feelings of powerlessness, shame, and hopelessness are common, hindering individuals’ ability to advocate for themselves or invest in their future. This isn’t to suggest a deficit in resilience, but rather to acknowledge the corrosive effect of sustained disadvantage. Furthermore, societal narratives often blame individuals for their circumstances, reinforcing negative self-perception and hindering social mobility. Breaking down these stigmas and acknowledging the systemic nature of the problem is crucial for fostering genuine opportunity.",96,ai_neutral,AI,Class Disparity
"Technological advancements, while often touted as equalizers, can actually exacerbate class disparity. The “digital divide” – unequal access to technology and digital literacy – creates a significant disadvantage in education, employment, and civic participation. Remote work opportunities, for example, often require reliable internet access and a dedicated workspace, luxuries unavailable to many. Similarly, online learning platforms can widen achievement gaps if students lack the necessary resources or support at home. Addressing this requires not just providing access to technology, but also ensuring equitable digital literacy training and affordable connectivity.",89,ai_neutral,AI,Class Disparity
"The concentration of wealth at the top contributes significantly to class disparity. While economic growth is often measured by overall gains, these gains are disproportionately captured by a small percentage of the population. This leads to a widening gap between the rich and the poor, and a shrinking middle class. Policies like progressive taxation, increased minimum wages, and strengthened labor protections are often proposed as solutions, aiming to redistribute wealth and create a more equitable economic system. However, these proposals frequently face political opposition, highlighting the complex power dynamics at play.",91,ai_neutral,AI,Class Disparity
"Intergenerational wealth transfer plays a massive, often invisible, role in perpetuating class disparity. Those born into families with existing wealth have a significant head start, benefiting from inheritances, financial support for education, and access to networks that open doors. This advantage isn’t necessarily earned, yet it dramatically shapes life outcomes. Conversely, individuals from families with limited resources often face significant debt and lack the financial cushion to pursue opportunities like homeownership or entrepreneurship. Addressing this requires considering policies like wealth taxes or expanded access to affordable education and housing, leveling the playing field for future generations.",96,ai_neutral,AI,Class Disparity
"Class disparity isn’t simply about income; it’s a deeply ingrained system impacting access to opportunity. Consider the seemingly neutral concept of neighborhood. Funding for public schools is often tied to local property taxes, creating vastly different educational experiences based on zip code. This impacts future earning potential, perpetuating a cycle where children born into lower-income areas are less likely to achieve upward mobility. Beyond education, access to quality healthcare, nutritious food, and even safe environments for recreation are all unevenly distributed, creating cumulative disadvantages. These aren’t individual failings, but systemic barriers built into the fabric of modern society, limiting potential before it even has a chance to flourish.",108,ai_neutral,AI,Class Disparity
"The psychological impact of class disparity is often overlooked. Constant exposure to economic hardship can lead to chronic stress, impacting mental and physical health. Feelings of powerlessness and lack of control are common, fostering a sense of resignation and hindering proactive engagement in civic life. Furthermore, societal messaging often blames individuals for their circumstances, internalizing shame and reinforcing negative self-perception. This isn’t to say personal responsibility is irrelevant, but rather to highlight how systemic inequalities create an uneven playing field where effort doesn’t always translate into reward. The emotional toll of navigating a system stacked against you is substantial and often invisible.",102,ai_neutral,AI,Class Disparity
"Technological advancements, while promising progress, can actually exacerbate class disparity. The “digital divide” isn’t just about access to computers and internet; it’s about digital literacy and the skills needed to thrive in a technology-driven economy. Remote work opportunities, often touted as a benefit, require reliable internet and a dedicated workspace – luxuries not available to everyone. Automation threatens jobs traditionally held by lower-skilled workers, potentially widening the gap between those who can adapt and those who are left behind. Without intentional policies to address these issues, technology risks becoming another tool for reinforcing existing inequalities.",95,ai_neutral,AI,Class Disparity
"The concept of “social capital” – the networks of relationships and connections that provide advantages – is heavily influenced by class. Individuals from privileged backgrounds often inherit access to influential networks, opening doors to internships, mentorships, and job opportunities that are unavailable to others. These connections aren’t necessarily based on merit, but on who you know. This creates a self-perpetuating cycle where privilege begets privilege, and those without existing networks struggle to break in. Addressing class disparity requires actively dismantling these barriers and creating more equitable access to opportunities for all.",91,ai_neutral,AI,Class Disparity
"Measuring class disparity goes beyond simply looking at income inequality. Factors like wealth accumulation – the total value of assets minus debts – paint a more accurate picture. Wealth provides a safety net, allows for investment in education and entrepreneurship, and can be passed down through generations. The racial wealth gap, a direct consequence of historical and ongoing systemic discrimination, further complicates the issue. Policies aimed at addressing class disparity must therefore focus on building wealth in marginalized communities, not just increasing income, to create lasting and meaningful change.",89,ai_neutral,AI,Class Disparity
"Class disparity isn’t simply about income; it’s a deeply ingrained system impacting access to opportunity. Consider the seemingly neutral concept of neighborhood. Funding for public schools is often tied to local property taxes, creating vastly different educational experiences based on zip code. This impacts future earning potential, perpetuating a cycle where children born into lower-income areas are less likely to achieve upward mobility. Beyond education, access to quality healthcare, nutritious food, and even safe environments for recreation are all unevenly distributed, creating cumulative disadvantages. These aren’t individual failings, but systemic barriers built into the fabric of modern society, limiting potential before it even has a chance to flourish.",108,ai_neutral,AI,Class Disparity
"The psychological toll of class disparity is often overlooked. Constant exposure to economic hardship can lead to chronic stress, impacting mental and physical health. Feelings of powerlessness, hopelessness, and shame are common, contributing to higher rates of depression and anxiety in lower socioeconomic groups. Furthermore, the pervasive narrative of meritocracy – the idea that success is solely based on hard work – can be particularly damaging. When individuals consistently face obstacles despite their efforts, it erodes self-worth and fosters a sense of injustice. This isn’t just about material deprivation; it’s about the erosion of human dignity and the internalizing of systemic failures as personal shortcomings.",105,ai_neutral,AI,Class Disparity
"Technological advancements, while often touted as equalizers, can actually exacerbate class disparity. The “digital divide” isn’t just about access to computers and internet; it’s about digital literacy and the skills needed to navigate an increasingly online world. Remote work opportunities, online education, and access to vital information all require a certain level of technological proficiency. Those without these skills, often concentrated in lower-income communities, are further marginalized. Moreover, automation threatens jobs traditionally held by lower-skilled workers, potentially widening the gap between those who can adapt and those who are left behind.",91,ai_neutral,AI,Class Disparity
"The concept of “social capital” – the networks of relationships and connections that provide advantages – plays a significant role in maintaining class disparity. Individuals from privileged backgrounds often inherit access to influential networks, opening doors to opportunities unavailable to others. These networks aren’t necessarily based on merit, but on who you know. This can manifest in everything from securing internships and job offers to gaining access to funding and mentorship. Breaking down these barriers requires intentional efforts to create more equitable access to networks and opportunities, challenging the ingrained advantages of the well-connected.",94,ai_neutral,AI,Class Disparity
"Addressing class disparity requires a multi-faceted approach that goes beyond simply increasing minimum wage or providing social safety nets. While those are important, systemic change demands a critical examination of policies related to housing, education funding, and the justice system. Progressive taxation, investment in affordable housing, and universal pre-kindergarten are examples of policies that can begin to level the playing field. Crucially, dismantling discriminatory practices and challenging implicit biases are essential to creating a society where everyone has a genuine opportunity to thrive, regardless of their socioeconomic background. It’s about building a system based on equity, not just equality.",99,ai_neutral,AI,Class Disparity
"Class disparity isn’t simply about income; it’s a deeply ingrained system impacting access to opportunity. Consider the seemingly neutral concept of neighborhood. Funding for public schools is often tied to local property taxes, creating vastly different educational experiences based on zip code. This impacts future earning potential, perpetuating a cycle where children born into lower-income areas are less likely to achieve upward mobility. Beyond education, access to quality healthcare, nutritious food, and even safe environments for recreation are all unevenly distributed. These aren’t individual failings, but systemic barriers built into the fabric of our society, limiting the life chances of millions before they even begin.",105,ai_neutral,AI,Class Disparity
"The narrative surrounding class disparity often focuses on individual responsibility – the idea that anyone can “pull themselves up by their bootstraps.” While personal effort is important, this framing ignores the significant advantages afforded to those born into privilege. Inherited wealth, social networks, and cultural capital – the unspoken knowledge and skills valued in professional settings – provide a substantial head start. These advantages aren’t earned; they’re given. Dismissing the impact of these factors as simply “luck” minimizes the very real obstacles faced by those lacking them. A truly equitable society acknowledges and actively works to level the playing field, recognizing that opportunity shouldn’t be determined by birthright.",108,ai_neutral,AI,Class Disparity
"Technological advancements, while often touted as equalizers, can actually exacerbate class disparity. The “digital divide” isn’t just about access to computers and internet; it’s about digital literacy and the skills needed to navigate an increasingly online world. Remote work opportunities, online education, and access to vital information all require a certain level of technological proficiency. Those without these skills, often concentrated in lower-income communities, are further marginalized. Furthermore, automation threatens jobs traditionally held by lower-skilled workers, potentially widening the gap between the highly skilled and those left behind.",88,ai_neutral,AI,Class Disparity
"The psychological impact of class disparity is often overlooked. Constant exposure to economic hardship and limited opportunity can lead to chronic stress, anxiety, and depression. This isn’t simply a matter of individual mental health; it’s a public health issue. The stress of financial insecurity can negatively impact cognitive function, making it harder to make sound decisions and plan for the future. Furthermore, feelings of powerlessness and hopelessness can erode social trust and civic engagement, creating a vicious cycle of disempowerment. Addressing class disparity requires acknowledging and mitigating these psychological burdens.",90,ai_neutral,AI,Class Disparity
"Addressing class disparity requires a multi-faceted approach beyond simply raising the minimum wage. Progressive taxation, affordable housing initiatives, and universal healthcare are crucial components, but so too is investment in early childhood education and robust social safety nets. Critically, dismantling systemic biases within institutions – from the criminal justice system to the financial sector – is essential. This isn’t about charity; it’s about creating a society where everyone has a fair chance to thrive, contributing to a more stable, innovative, and just future for all. Ignoring the problem isn’t just morally wrong, it’s economically unsustainable.",95,ai_neutral,AI,Class Disparity
"Class disparity isn’t simply about income; it’s a deeply ingrained system impacting access to opportunity. Consider the seemingly neutral concept of neighborhood. Funding for public schools is often tied to local property taxes, creating vastly different educational experiences based on zip code. This impacts future earning potential, perpetuating a cycle where children born into lower-income areas are less likely to achieve upward mobility. Beyond education, access to quality healthcare, nutritious food, and even safe environments for recreation are all unevenly distributed, creating cumulative disadvantages. These aren’t individual failings, but systemic barriers built into the fabric of modern society, limiting potential before it even has a chance to flourish.",108,ai_neutral,AI,Class Disparity
"The psychological toll of class disparity is often overlooked. Constant exposure to economic hardship can lead to chronic stress, impacting mental and physical health. Feelings of powerlessness, shame, and hopelessness are common, hindering individuals’ ability to advocate for themselves or invest in their future. This isn’t to suggest a deficit in resilience, but rather to acknowledge the corrosive effect of sustained disadvantage. Furthermore, societal narratives often blame individuals for their circumstances, reinforcing negative self-perception and creating barriers to seeking help. Addressing class disparity requires acknowledging and mitigating these psychological impacts alongside economic interventions.",93,ai_neutral,AI,Class Disparity
"Technological advancements, while often touted as equalizers, can actually exacerbate class disparity. The “digital divide” isn’t just about access to devices; it’s about affordable, reliable internet access and the skills to utilize technology effectively. Remote work opportunities, online education, and access to vital information increasingly require digital literacy, leaving those without these resources further behind. Moreover, automation threatens jobs traditionally held by lower-skilled workers, potentially widening the gap between those who can adapt and those who cannot. Intentional policies are needed to ensure technology serves as a bridge, not a barrier, to opportunity.",93,ai_neutral,AI,Class Disparity
"The concept of “social capital” – the networks of relationships and connections that provide advantages – is heavily influenced by class. Individuals from privileged backgrounds often inherit access to influential networks, opening doors to internships, mentorships, and job opportunities unavailable to others. These connections aren’t necessarily based on merit, but on who you know. This creates an uneven playing field where social mobility is hindered by a lack of access to these crucial resources. Building more inclusive networks and creating pathways for individuals from all backgrounds to connect with opportunities is essential for fostering a more equitable society.",98,ai_neutral,AI,Class Disparity
"Class disparity impacts civic engagement and political representation. Individuals facing economic hardship often have less time and fewer resources to participate in the political process, leading to underrepresentation of their interests. This can result in policies that further entrench existing inequalities. Furthermore, a sense of alienation and distrust in institutions can discourage participation, creating a vicious cycle. Strengthening democratic processes, increasing voter access, and ensuring that diverse voices are heard are crucial steps towards addressing the systemic issues driving class disparity and building a more just and representative society.",89,ai_neutral,AI,Class Disparity
"Class disparity isn’t simply about income; it’s a deeply ingrained system impacting access to opportunity. Consider the seemingly neutral concept of neighborhood. Funding for public schools is often tied to local property taxes, creating vastly different educational experiences based on zip code. This impacts future earning potential, perpetuating a cycle where children born into lower-income areas are less likely to achieve upward mobility. Beyond education, access to quality healthcare, nutritious food, and even safe environments for recreation are all unevenly distributed, creating cumulative disadvantages. These aren’t individual failings, but systemic barriers built into the fabric of modern society, limiting potential before it even has a chance to flourish.",108,ai_neutral,AI,Class Disparity
"The psychological toll of class disparity is often overlooked. Constant exposure to economic hardship creates chronic stress, impacting mental and physical health. Individuals facing financial insecurity may experience higher rates of anxiety, depression, and related health problems. Furthermore, the feeling of being ‘less than’ – a consequence of societal messaging and lived experience – can erode self-worth and limit aspirations. This isn’t about a lack of resilience; it’s about the damaging effects of prolonged adversity. The energy spent simply *surviving* leaves little room for personal growth, innovation, or civic engagement, hindering both individual well-being and collective progress.",97,ai_neutral,AI,Class Disparity
"Technological advancements, while often touted as equalizers, can actually exacerbate class disparity. The “digital divide” isn’t just about access to computers and internet; it’s about digital literacy and the skills needed to navigate an increasingly online world. Remote work opportunities, online education, and access to vital services all require a certain level of technological proficiency. Those without these skills, often concentrated in lower-income communities, are further marginalized. Moreover, automation threatens jobs traditionally held by those with less formal education, potentially widening the gap between the highly skilled and those left behind.",91,ai_neutral,AI,Class Disparity
"The narrative surrounding class disparity frequently focuses on individual responsibility, blaming those experiencing poverty for their circumstances. This ignores the powerful influence of inherited wealth and systemic advantages. Generational wealth provides a safety net, access to networks, and opportunities unavailable to those starting with nothing. Tax policies often favor the wealthy, allowing them to accumulate more capital while social safety nets are eroded. To truly address the issue, we need to shift the focus from individual failings to the structural inequalities that perpetuate the cycle of poverty and limit social mobility for millions.",93,ai_neutral,AI,Class Disparity
"Addressing class disparity requires multifaceted solutions, moving beyond simple charity to systemic change. Progressive taxation, increased investment in public education and affordable healthcare, and policies that promote fair wages are crucial first steps. However, equally important is dismantling discriminatory practices in housing, employment, and the criminal justice system. Creating pathways to affordable housing, expanding access to job training programs, and ensuring equal opportunities for all, regardless of background, are essential. Ultimately, a more equitable society benefits everyone, fostering greater economic stability, social cohesion, and overall well-being.",86,ai_neutral,AI,Class Disparity
"Class disparity isn’t simply about income; it’s a deeply ingrained system impacting access to opportunity. Consider the seemingly neutral concept of neighborhood. Funding for public schools is often tied to local property taxes, creating vastly different educational experiences based on zip code. This impacts future earning potential, perpetuating a cycle where children born into lower-income areas are less likely to achieve upward mobility. Beyond education, access to quality healthcare, nutritious food, and even safe environments for recreation are all unevenly distributed. These aren’t individual failings, but systemic barriers built into the fabric of our society, limiting the life chances of millions before they even begin.",105,ai_neutral,AI,Class Disparity
"The narrative surrounding class disparity often focuses on individual responsibility – the idea that anyone can “pull themselves up by their bootstraps.” While personal effort is important, this framing ignores the significant advantages afforded to those born into privilege. Inherited wealth, social networks, and cultural capital – the unspoken knowledge and skills valued in professional settings – provide a substantial head start. These advantages aren’t earned; they’re given. To suggest that someone lacking these benefits simply needs to “work harder” is to disregard the uneven playing field and the structural obstacles preventing genuine equality of opportunity. It’s a convenient justification for maintaining the status quo.",105,ai_neutral,AI,Class Disparity
"Technological advancements, while often touted as equalizers, can actually exacerbate class disparity. The “digital divide” isn’t just about access to computers and internet; it’s about digital literacy and the skills needed to navigate an increasingly online world. Remote work opportunities, online education, and access to vital information all require a certain level of technological proficiency. Those without these skills, often concentrated in lower-income communities, are further marginalized. Furthermore, automation threatens jobs traditionally held by working-class individuals, potentially widening the gap between the highly skilled and those displaced by technology.",89,ai_neutral,AI,Class Disparity
"The psychological impact of class disparity is often overlooked. Constant exposure to economic insecurity and limited opportunities can lead to chronic stress, anxiety, and depression. This isn’t simply a matter of financial hardship; it’s a fundamental assault on dignity and self-worth. The feeling of being “left behind” or undervalued can erode social trust and contribute to feelings of hopelessness. These psychological burdens can, in turn, impact health outcomes, educational attainment, and overall well-being, creating a vicious cycle of disadvantage. Addressing class disparity requires acknowledging and mitigating these often-invisible wounds.",89,ai_neutral,AI,Class Disparity
"Addressing class disparity requires a multi-faceted approach that goes beyond simply increasing minimum wage or providing social safety nets. Progressive taxation, investment in affordable housing, and universal access to quality education and healthcare are crucial steps. However, equally important is dismantling systemic biases within institutions – from the criminal justice system to the financial sector – that perpetuate inequality. We need policies that actively promote economic inclusion and create pathways to opportunity for all, not just those already privileged. This demands a fundamental shift in perspective, recognizing that a more equitable society benefits everyone.",94,ai_neutral,AI,Class Disparity
"Class disparity isn’t simply about income; it’s a deeply ingrained system impacting access to opportunity. Consider the seemingly neutral concept of neighborhood. Funding for public schools is often tied to local property taxes, creating vastly different educational experiences based on zip code. This impacts future earning potential, perpetuating a cycle where children born into lower-income areas are less likely to achieve upward mobility. Beyond education, access to quality healthcare, nutritious food, and even safe environments for recreation are all unevenly distributed, creating cumulative disadvantages. These aren’t individual failings, but systemic barriers built into the fabric of our society, limiting potential before it even has a chance to flourish.",108,ai_neutral,AI,Class Disparity
"The psychological toll of class disparity is often overlooked. Constant exposure to economic hardship creates chronic stress, impacting mental and physical health. Individuals facing financial insecurity may experience higher rates of anxiety, depression, and related health problems. Furthermore, the feeling of being ‘less than’ – a consequence of societal messaging and lived experience – can erode self-worth and limit aspirations. This isn’t about a lack of resilience; it’s about the debilitating effect of constantly navigating a system stacked against you. The energy spent simply *surviving* leaves little room for thriving, innovation, or contributing fully to society.",96,ai_neutral,AI,Class Disparity
"Technological advancements, while often touted as equalizers, can actually exacerbate class disparity. The “digital divide” isn’t just about access to computers and internet; it’s about digital literacy and the skills needed to navigate an increasingly online world. Remote work opportunities, online education, and access to vital information all require a certain level of technological proficiency. Those without these skills, often concentrated in lower-income communities, are further marginalized. Moreover, automation threatens jobs traditionally held by those with less formal education, potentially widening the gap between the highly skilled and those left behind.",91,ai_neutral,AI,Class Disparity
"The narrative surrounding class disparity often focuses on individual responsibility, blaming those experiencing poverty for their circumstances. This ignores the powerful influence of inherited wealth and systemic advantages. Generational wealth provides a safety net, access to networks, and opportunities unavailable to those starting from scratch. Tax policies often favor the wealthy, allowing them to accumulate more capital while social safety nets are eroded. To truly address the issue, we need to shift the focus from individual blame to systemic change, acknowledging the role of policy and historical inequalities in perpetuating the cycle of poverty.",94,ai_neutral,AI,Class Disparity
"Addressing class disparity requires a multi-faceted approach beyond simply increasing minimum wage. Investment in affordable housing, universal healthcare, and high-quality public education are crucial starting points. However, equally important is dismantling discriminatory practices in areas like lending, hiring, and the criminal justice system. Policies that promote wealth redistribution, such as progressive taxation and estate taxes, can help level the playing field. Ultimately, creating a more equitable society demands a fundamental shift in values, prioritizing collective well-being over individual accumulation and recognizing that everyone deserves a fair chance to succeed.",89,ai_neutral,AI,Class Disparity
"Class disparity isn’t simply about income; it’s a deeply ingrained system impacting access to opportunity. Consider the seemingly neutral concept of neighborhood. Funding for public schools is often tied to local property taxes, creating vastly different educational experiences based on zip code. This impacts future earning potential, perpetuating a cycle where children born into lower-income areas are less likely to achieve upward mobility. Beyond education, access to quality healthcare, nutritious food, and even safe environments for recreation are all unevenly distributed, creating cumulative disadvantages. These aren’t individual failings, but systemic barriers built into the fabric of modern society, limiting potential before it even has a chance to flourish.",108,ai_neutral,AI,Class Disparity
"The psychological toll of class disparity is often overlooked. Constant exposure to economic hardship creates chronic stress, impacting mental and physical health. Individuals facing financial insecurity may experience higher rates of anxiety, depression, and related health problems. Furthermore, the feeling of being ‘less than’ – a consequence of societal messaging and lived experience – can erode self-worth and limit aspirations. This isn’t about a lack of resilience; it’s about the debilitating effect of constantly navigating a system stacked against you. The energy spent simply *surviving* leaves little room for thriving, innovation, or contributing fully to society.",96,ai_neutral,AI,Class Disparity
"Technological advancements, while often touted as equalizers, can actually exacerbate class disparity. The “digital divide” isn’t just about access to computers and internet; it’s about digital literacy and the skills needed to navigate an increasingly online world. Remote work opportunities, online education, and access to vital services all require a certain level of technological proficiency. Those without these skills, often concentrated in lower-income communities, are further marginalized. Moreover, automation threatens jobs traditionally held by those with less formal education, potentially widening the gap between the highly skilled and those left behind.",91,ai_neutral,AI,Class Disparity
"The narrative surrounding class disparity often focuses on individual responsibility, blaming those experiencing poverty for their circumstances. This ignores the powerful influence of inherited wealth and systemic advantages. Generational wealth provides a safety net, access to networks, and opportunities unavailable to those starting from scratch. Tax policies often favor the wealthy, allowing them to accumulate more capital while social safety nets are eroded. To truly address the issue, we need to shift the focus from individual blame to systemic change, acknowledging the role of policy and historical inequalities in perpetuating the cycle of poverty.",94,ai_neutral,AI,Class Disparity
"Addressing class disparity requires a multi-faceted approach. Increased investment in public education, particularly in underserved communities, is crucial. Affordable healthcare, housing, and childcare are not luxuries, but essential components of a just society. Policies that promote fair wages, strengthen unions, and address wealth inequality – such as progressive taxation – are also vital. However, policy changes alone aren’t enough. A fundamental shift in societal attitudes, moving away from blaming individuals and towards recognizing systemic barriers, is equally important to foster empathy and support for meaningful change.",86,ai_neutral,AI,Class Disparity
"Mortality awareness isn’t simply about acknowledging death; it’s a profound recognition of life’s inherent finitude. This awareness isn’t necessarily morbid, but rather a catalyst for valuing experiences and relationships. Psychologically, confronting our mortality can shift priorities, often leading to a decrease in materialistic pursuits and an increase in seeking meaningful connections and personal growth. It encourages us to ask difficult questions about purpose and legacy – not in a frantic, last-minute scramble, but as ongoing considerations woven into daily living. Ultimately, embracing mortality isn’t about fearing the end, but about fully inhabiting the present moment with intention and gratitude.",99,ai_neutral,AI,Mortality Awareness
"The benefits of increased mortality awareness extend beyond personal philosophy and can demonstrably impact behavior. Studies show individuals prompted to contemplate their mortality are more likely to engage in prosocial behaviors, such as volunteering or donating to charity. This isn’t driven by guilt, but by a desire to contribute to something larger than oneself, a way to leave a positive mark on the world. Furthermore, it can foster greater tolerance and empathy towards others, recognizing our shared human condition and the universality of the life cycle. This shift in perspective can lead to stronger communities and a more compassionate society.",100,ai_neutral,AI,Mortality Awareness
"However, navigating mortality awareness isn’t always straightforward. For some, it can trigger anxiety or existential dread, particularly if coping mechanisms are underdeveloped. It’s crucial to approach this awareness with self-compassion and to acknowledge the discomfort it may bring. Seeking support from friends, family, or a therapist can be invaluable in processing these complex emotions. Mindfulness practices, such as meditation, can also help ground individuals in the present moment and reduce the intensity of anxious thoughts. The goal isn’t to eliminate the fear of death, but to learn to coexist with it in a healthy way.",95,ai_neutral,AI,Mortality Awareness
"Cultural influences significantly shape how we perceive and process mortality. Societies that openly discuss death and dying, or incorporate rituals surrounding loss, often exhibit a more normalized relationship with it. Conversely, cultures that avoid the topic can create a sense of taboo and fear. Modern Western societies often fall into the latter category, contributing to a disconnect from the natural life cycle. Reclaiming traditions that honor ancestors, or simply engaging in open conversations about death, can help dismantle these barriers and foster a more accepting attitude towards the inevitable.",89,ai_neutral,AI,Mortality Awareness
"Integrating mortality awareness into daily life doesn’t require grand gestures. Small practices, like regularly expressing gratitude, prioritizing experiences over possessions, or simply taking time to appreciate the beauty of the natural world, can cultivate a deeper sense of presence and meaning. It’s about consciously choosing to live a life aligned with one’s values, knowing that time is finite. This isn’t about living without fear, but about living *despite* fear, embracing vulnerability and pursuing passions with a renewed sense of urgency and joy.",82,ai_neutral,AI,Mortality Awareness
"Mortality awareness isn’t simply about acknowledging death; it’s a profound recognition of life’s inherent finitude. This awareness isn’t necessarily morbid, but rather a catalyst for valuing experiences and relationships. Psychologically, confronting our mortality can shift priorities, often leading to a decrease in materialistic pursuits and an increase in seeking meaningful connections and personal growth. It encourages us to ask difficult questions about purpose and legacy – not in a frantic, last-minute scramble, but as ongoing considerations woven into daily living. Ultimately, embracing mortality isn’t about fearing the end, but about fully inhabiting the present moment with intention and gratitude.",99,ai_neutral,AI,Mortality Awareness
"The benefits of increased mortality awareness extend beyond personal philosophy and can demonstrably impact behavior. Studies show individuals prompted to contemplate their mortality are more likely to engage in prosocial behaviors, such as volunteering or donating to charity. This isn’t driven by guilt, but by a desire to contribute to something larger than oneself, a way to leave a positive mark on the world. Furthermore, it can foster greater tolerance and empathy towards others, recognizing our shared human condition and the universality of the life cycle. This shift in perspective can lead to stronger communities and a more compassionate worldview.",100,ai_neutral,AI,Mortality Awareness
"However, navigating mortality awareness isn’t always straightforward. For some, it can trigger anxiety or existential dread, particularly if coping mechanisms are underdeveloped. It’s crucial to approach this awareness with self-compassion and to allow space for difficult emotions. Seeking support from friends, family, or a therapist can be invaluable in processing these feelings. Mindfulness practices, such as meditation, can also help ground individuals in the present moment and reduce the intensity of anxious thoughts. The goal isn’t to eliminate discomfort, but to learn to sit with it constructively.",87,ai_neutral,AI,Mortality Awareness
"Cultural influences significantly shape how we perceive and deal with mortality. In many Western societies, death is often medicalized and hidden away, creating a sense of distance and taboo. This contrasts with cultures that have more open and ritualistic approaches to death and grieving, allowing for communal processing and acceptance. Recognizing these cultural differences is important, as they impact individual experiences and attitudes. Challenging societal norms around death can foster more honest conversations and a greater willingness to confront our own finitude.",82,ai_neutral,AI,Mortality Awareness
"Integrating mortality awareness into daily life doesn’t require grand gestures. Small practices, like regularly expressing gratitude, prioritizing meaningful experiences over material possessions, and cultivating strong relationships, can all serve as reminders of what truly matters. It’s about consciously choosing to live a life aligned with one’s values, knowing that time is limited. This isn’t about living without joy or ambition, but about infusing those pursuits with a deeper sense of purpose and appreciation for the preciousness of each moment.",79,ai_neutral,AI,Mortality Awareness
"Mortality awareness isn’t simply about acknowledging death; it’s a profound recognition of life’s inherent finitude. This awareness isn’t necessarily morbid, but rather a catalyst for valuing experiences and relationships. Psychologically, confronting our mortality can shift priorities, often leading to a decrease in materialistic pursuits and an increase in seeking meaningful connections and personal growth. It encourages us to ask difficult questions about purpose and legacy – not in a frantic, last-minute scramble, but as ongoing considerations woven into daily living. Ultimately, embracing mortality isn’t about fearing the end, but about fully inhabiting the present moment with intention and gratitude.",99,ai_neutral,AI,Mortality Awareness
"The benefits of increased mortality awareness extend beyond personal philosophy and can demonstrably impact behavior. Studies show individuals prompted to contemplate their mortality are more likely to engage in prosocial behaviors, such as volunteering or donating to charity. This isn’t driven by guilt, but by a desire to contribute to something larger than oneself, a way to leave a positive mark on the world. Furthermore, it can foster greater tolerance and empathy towards others, recognizing our shared human condition and the universality of the life cycle. This shift in perspective can lead to stronger communities and a more compassionate society.",100,ai_neutral,AI,Mortality Awareness
"However, navigating mortality awareness isn’t always straightforward. For some, it can trigger anxiety or existential dread, particularly if coping mechanisms are underdeveloped. It’s crucial to approach this awareness with self-compassion and to acknowledge the discomfort it may bring. Seeking support from friends, family, or a therapist can be invaluable in processing these complex emotions. Mindfulness practices, such as meditation, can also help ground individuals in the present moment and reduce the intensity of anxious thoughts. The goal isn’t to eliminate the fear of death, but to learn to coexist with it in a healthy way.",95,ai_neutral,AI,Mortality Awareness
"Cultural influences significantly shape how we perceive and process mortality. Societies that openly discuss death and dying, or incorporate rituals surrounding loss, often exhibit a more normalized relationship with it. Conversely, cultures that avoid the topic can create a sense of taboo and fear. Modern Western societies often fall into the latter category, contributing to a disconnect from the natural life cycle. Reclaiming traditions that honor ancestors, or simply engaging in open conversations about death, can help dismantle these barriers and foster a more accepting and integrated perspective.",88,ai_neutral,AI,Mortality Awareness
"Integrating mortality awareness into daily life doesn’t require grand gestures. Small practices, like regularly expressing gratitude, prioritizing experiences over possessions, or simply taking time to appreciate the beauty of the natural world, can serve as constant reminders of life’s preciousness. It’s about cultivating a mindset of intentionality, where choices are aligned with values and a sense of purpose. Ultimately, acknowledging our mortality isn’t a one-time event, but an ongoing process of reflection and recalibration, leading to a richer, more meaningful existence.",81,ai_neutral,AI,Mortality Awareness
"Mortality awareness isn’t simply about acknowledging death; it’s a profound recognition of life’s inherent finitude. This awareness isn’t necessarily morbid, but rather a catalyst for valuing experiences and relationships. Psychologically, confronting our mortality can shift priorities, often leading to a decrease in materialistic pursuits and an increase in seeking meaningful connections and personal growth. It encourages us to ask difficult questions about purpose and legacy – not in a frantic, last-minute scramble, but as ongoing considerations woven into daily living. Ultimately, embracing mortality isn’t about fearing the end, but about fully inhabiting the present moment with intention and gratitude.",99,ai_neutral,AI,Mortality Awareness
"The benefits of increased mortality awareness extend beyond personal philosophy and can demonstrably impact behavior. Studies show individuals prompted to contemplate their mortality are more likely to engage in prosocial behaviors, such as volunteering or donating to charity. This isn’t driven by guilt, but by a desire to contribute to something larger than oneself, a way to leave a positive mark on the world. Furthermore, it can foster greater tolerance and empathy towards others, recognizing our shared human condition and the universality of the life cycle. This shift in perspective can lead to stronger communities and a more compassionate worldview.",100,ai_neutral,AI,Mortality Awareness
"However, navigating mortality awareness isn’t always straightforward. For some, it can trigger anxiety or existential dread, particularly if coping mechanisms are underdeveloped. It’s crucial to approach this awareness with self-compassion and to allow space for difficult emotions. Seeking support from friends, family, or a therapist can be incredibly beneficial in processing these feelings. Mindfulness practices, such as meditation, can also help ground individuals in the present moment and reduce the intensity of anxious thoughts. The goal isn’t to eliminate discomfort, but to learn to sit with it constructively.",88,ai_neutral,AI,Mortality Awareness
"Cultural influences significantly shape how we perceive and deal with mortality. In many Western societies, death is often medicalized and hidden away, creating a sense of distance and taboo. This contrasts with cultures that have more open and ritualistic approaches to death and grieving, allowing for communal processing and acceptance. Recognizing these cultural differences is important, as they impact individual experiences and attitudes. Challenging societal norms around death can foster more honest conversations and a greater willingness to confront our own mortality in a healthy way.",86,ai_neutral,AI,Mortality Awareness
"Integrating mortality awareness into daily life doesn’t require grand gestures. Small practices, like regularly expressing gratitude, prioritizing meaningful experiences over material possessions, and consciously nurturing relationships, can all contribute to a more fulfilling and purposeful existence. It’s about making choices aligned with our values, knowing that time is finite. This isn’t about living without fear, but about living *despite* fear, embracing the beauty and fragility of life with open eyes and a grateful heart. It’s a continuous process of reflection and recalibration, a gentle reminder to live fully, authentically, and with intention.",92,ai_neutral,AI,Mortality Awareness
"Mortality awareness isn’t simply about acknowledging death; it’s a profound recognition of life’s inherent finitude. This awareness isn’t necessarily morbid, but rather a catalyst for valuing experiences and relationships. Psychologically, confronting our mortality can shift priorities, often leading to a decrease in materialistic pursuits and an increase in seeking meaningful connections and personal growth. It encourages us to ask difficult questions about purpose and legacy – not in a frantic, last-minute scramble, but as ongoing considerations woven into daily living. Ultimately, embracing mortality isn’t about fearing the end, but about fully inhabiting the present moment with intention and gratitude.",99,ai_neutral,AI,Mortality Awareness
"The benefits of increased mortality awareness extend beyond personal philosophy and can demonstrably impact behavior. Studies show individuals prompted to contemplate their mortality are more likely to engage in prosocial behaviors, such as volunteering or donating to charity. This isn’t driven by guilt, but by a desire to contribute to something larger than oneself, a way of creating a lasting positive impact. Furthermore, awareness of our limited time can foster greater self-compassion and reduce the tendency to hold onto grudges or engage in unproductive conflict. It’s a powerful motivator for living in alignment with core values and prioritizing what truly matters.",101,ai_neutral,AI,Mortality Awareness
"However, navigating mortality awareness isn’t always straightforward. For some, it can trigger anxiety or existential dread, particularly if coping mechanisms are underdeveloped. It’s crucial to approach this awareness with self-care and, if needed, professional support. Dismissing or suppressing thoughts about death isn’t a healthy long-term strategy; instead, learning to sit with discomfort and explore these feelings constructively is key. Mindfulness practices, journaling, and open conversations with trusted individuals can all be valuable tools in processing these complex emotions.",78,ai_neutral,AI,Mortality Awareness
"Cultural influences significantly shape how we perceive and deal with mortality. In many Western societies, death is often medicalized and hidden away, creating a sense of distance and taboo. This contrasts with cultures that have more open and ritualized approaches to death and grieving, allowing for communal processing and acceptance. Recognizing these cultural biases is important, as they can impact our own personal relationship with mortality. Actively seeking out diverse perspectives and challenging societal norms can foster a more nuanced and healthy understanding of life’s natural cycle.",87,ai_neutral,AI,Mortality Awareness
"Integrating mortality awareness into daily life isn’t about constant somber reflection. It’s about cultivating a subtle but persistent undercurrent of appreciation for the fragility and preciousness of existence. This can manifest in small ways – savoring a meal, truly listening to a loved one, or simply pausing to observe the beauty of the natural world. It’s a shift in perspective that transforms ordinary moments into opportunities for gratitude and connection. By acknowledging our finitude, we paradoxically unlock a greater capacity for joy and meaning in the present.",87,ai_neutral,AI,Mortality Awareness
"Mortality awareness isn’t simply about acknowledging death; it’s a profound recognition of life’s inherent finitude. This awareness isn’t necessarily morbid, but rather a catalyst for valuing experiences and relationships. Psychologically, confronting our mortality can shift priorities, often leading to a decrease in materialistic pursuits and an increase in seeking meaningful connections and personal growth. It encourages us to ask difficult questions about purpose and legacy – not in a frantic, last-minute scramble, but as ongoing considerations woven into daily living. Ultimately, embracing mortality isn’t about fearing the end, but about fully inhabiting the present moment with intention and gratitude.",99,ai_neutral,AI,Mortality Awareness
"The benefits of increased mortality awareness extend beyond personal philosophy and can demonstrably impact behavior. Studies show individuals prompted to contemplate their mortality are more likely to engage in prosocial behaviors, such as volunteering or donating to charity. This isn’t driven by guilt, but by a desire to contribute to something larger than oneself, a way to leave a positive mark on the world. Furthermore, it can foster greater tolerance and empathy towards others, recognizing our shared human condition and the universality of the life cycle. This shift in perspective can lead to stronger communities and a more compassionate society.",100,ai_neutral,AI,Mortality Awareness
"However, navigating mortality awareness isn’t always straightforward. For some, it can trigger anxiety or existential dread, particularly if coping mechanisms are underdeveloped. It’s crucial to approach this awareness with self-compassion and to acknowledge the discomfort it may bring. Seeking support from friends, family, or a therapist can be invaluable in processing these complex emotions. Mindfulness practices, such as meditation, can also help ground individuals in the present moment and reduce the intensity of anxious thoughts. The goal isn’t to eliminate the fear of death, but to learn to coexist with it in a healthy way.",95,ai_neutral,AI,Mortality Awareness
"Cultural influences significantly shape how we perceive and process mortality. Societies that openly discuss death and dying, or incorporate rituals surrounding loss, often exhibit a more normalized relationship with it. Conversely, cultures that avoid the topic can create a sense of taboo and fear. Modern Western societies often fall into the latter category, contributing to a disconnect from the natural life cycle. Reclaiming traditions that honor ancestors or acknowledging the impermanence of all things can help bridge this gap and foster a more balanced perspective on mortality.",87,ai_neutral,AI,Mortality Awareness
"Integrating mortality awareness into daily life doesn’t require grand gestures. Small practices, like regularly expressing gratitude, prioritizing experiences over possessions, or simply taking time to appreciate the beauty of the natural world, can cultivate a deeper sense of presence and meaning. It’s about consciously choosing to live in alignment with our values, knowing that our time is limited. This isn’t about living without ambition, but about ensuring that our ambitions are rooted in purpose and contribute to a life well-lived, rather than simply chasing external validation or material gain.",89,ai_neutral,AI,Mortality Awareness
"Mortality awareness isn’t simply about acknowledging death; it’s a profound recognition of life’s inherent finitude. This awareness isn’t necessarily morbid, but rather a catalyst for valuing experiences and relationships. Psychologically, confronting our mortality can shift priorities, often leading to a decrease in materialistic pursuits and an increase in seeking meaningful connections and personal growth. It encourages us to ask difficult questions about purpose and legacy – not in a frantic, last-minute scramble, but as ongoing considerations woven into daily living. Ultimately, embracing mortality isn’t about fearing the end, but about fully inhabiting the present moment with intention and gratitude.",99,ai_neutral,AI,Mortality Awareness
"The benefits of increased mortality awareness extend beyond personal philosophy and can demonstrably impact behavior. Studies show individuals prompted to contemplate their mortality are more likely to engage in prosocial behaviors, such as volunteering or donating to charity. This isn’t driven by guilt, but by a desire to contribute to something larger than oneself, a way to leave a positive mark on the world. Furthermore, it can foster greater tolerance and empathy towards others, recognizing our shared human condition and the universality of the life cycle. This shift in perspective can lead to stronger communities and a more compassionate society.",100,ai_neutral,AI,Mortality Awareness
"However, navigating mortality awareness isn’t always straightforward. For some, it can trigger anxiety or existential dread, particularly if coping mechanisms are underdeveloped. It’s crucial to approach this awareness with self-compassion and to acknowledge the discomfort it may bring. Seeking support from friends, family, or a therapist can be invaluable in processing these complex emotions. Mindfulness practices, such as meditation, can also help ground individuals in the present moment and reduce the intensity of anxious thoughts. The goal isn’t to eliminate the fear of death, but to learn to coexist with it in a healthy and constructive way.",97,ai_neutral,AI,Mortality Awareness
"Cultural influences significantly shape how we perceive and process mortality. Societies that openly discuss death and dying, or incorporate rituals surrounding loss, often exhibit a more normalized relationship with it. Conversely, cultures that tend to avoid the topic can create a sense of taboo and fear. Modern Western societies often fall into the latter category, contributing to a disconnect from the natural life cycle. Reclaiming and re-integrating conversations about death – through art, literature, or community events – can help dismantle these barriers and foster a more holistic understanding of life and loss.",93,ai_neutral,AI,Mortality Awareness
"Ultimately, cultivating mortality awareness is a lifelong process, not a destination. It’s a continuous recalibration of values and priorities, informed by our experiences and evolving understanding of ourselves and the world. It’s not about dwelling on the negative, but about recognizing the preciousness and fragility of life, and using that recognition to live more authentically and purposefully. This isn’t a passive acceptance of fate, but an active engagement with the limited time we have, striving to create a life that feels meaningful and fulfilling, both for ourselves and for those around us.",92,ai_neutral,AI,Mortality Awareness
"Mortality awareness isn’t simply about acknowledging death; it’s a profound recognition of life’s inherent finitude. This awareness isn’t necessarily morbid, but rather a catalyst for valuing experiences and relationships. Psychologically, confronting our mortality can shift priorities, often leading to a decrease in materialistic pursuits and an increase in seeking meaningful connections and personal growth. It encourages us to ask difficult questions about purpose and legacy – not in a frantic, last-minute scramble, but as ongoing considerations woven into daily living. Ultimately, embracing mortality isn’t about fearing the end, but about fully inhabiting the present moment with intention and gratitude.",99,ai_neutral,AI,Mortality Awareness
"The benefits of increased mortality awareness extend beyond personal philosophy and can demonstrably impact behavior. Studies show individuals prompted to contemplate their mortality are more likely to engage in prosocial behaviors, such as volunteering or donating to charity. This isn’t driven by guilt, but by a desire to contribute to something larger than oneself, a way of creating a lasting positive impact. Furthermore, it can foster greater tolerance and empathy towards others, recognizing our shared human condition and the universality of the life cycle. This shift in perspective can lead to stronger communities and a more compassionate worldview.",98,ai_neutral,AI,Mortality Awareness
"However, navigating mortality awareness isn’t always straightforward. For some, it can trigger anxiety or existential dread, particularly if coping mechanisms are underdeveloped. It’s crucial to approach this awareness with self-compassion and to acknowledge the discomfort it may bring. Seeking support from friends, family, or a therapist can be invaluable in processing these complex emotions. Mindfulness practices, such as meditation, can also help ground individuals in the present moment and reduce the intensity of anxious thoughts. The goal isn’t to eliminate the fear of death, but to learn to coexist with it in a healthy and constructive way.",97,ai_neutral,AI,Mortality Awareness
"Cultural influences significantly shape how we perceive and process mortality. Societies that openly discuss death and dying, or incorporate rituals surrounding loss, often exhibit a more normalized relationship with it. Conversely, cultures that tend to avoid the topic can create a sense of taboo and fear. Modern Western societies often fall into the latter category, contributing to a disconnect from the natural life cycle. Reclaiming traditions that honor death, or actively seeking out conversations about end-of-life planning, can help dismantle these cultural barriers and foster a more realistic and accepting perspective.",91,ai_neutral,AI,Mortality Awareness
"Integrating mortality awareness into daily life doesn’t require grand gestures. Small practices, like regularly expressing gratitude, prioritizing experiences over possessions, or simply taking time to appreciate the beauty of the natural world, can serve as constant reminders of life’s preciousness. It’s about cultivating a mindset of intentionality, where choices are aligned with values and a sense of purpose. Ultimately, acknowledging our mortality isn’t a one-time event, but an ongoing process of reflection and recalibration, allowing us to live more fully and authentically in the face of life’s inevitable conclusion.",89,ai_neutral,AI,Mortality Awareness
"Mortality awareness isn’t simply about acknowledging death; it’s a profound recognition of life’s inherent finitude. This awareness isn’t necessarily morbid, but rather a catalyst for valuing experiences and relationships. Psychologically, confronting our mortality can shift priorities, often leading to a decrease in materialistic pursuits and an increase in seeking meaningful connections and personal growth. It encourages us to ask difficult questions about purpose and legacy – not in a frantic, last-minute scramble, but as ongoing considerations woven into daily living. Ultimately, embracing mortality isn’t about fearing the end, but about fully inhabiting the present moment with intention and gratitude.",99,ai_neutral,AI,Mortality Awareness
"The benefits of increased mortality awareness extend beyond personal philosophy and can demonstrably impact behavior. Studies show individuals prompted to contemplate their mortality are more likely to engage in prosocial behaviors, such as volunteering or donating to charity. This isn’t driven by guilt, but by a desire to contribute to something larger than oneself, a way to leave a positive mark on the world. Furthermore, it can foster greater tolerance and empathy towards others, recognizing our shared human condition and the universality of the life cycle. This shift in perspective can lead to stronger communities and a more compassionate worldview.",100,ai_neutral,AI,Mortality Awareness
"However, navigating mortality awareness isn’t always straightforward. For some, it can trigger anxiety or existential dread, particularly if coping mechanisms are underdeveloped. It’s crucial to approach this awareness with self-compassion and to acknowledge the discomfort it may bring. Seeking support from friends, family, or a therapist can be invaluable in processing these complex emotions. Mindfulness practices, such as meditation, can also help ground individuals in the present moment and reduce the intensity of anxious thoughts. The goal isn’t to eliminate the fear of death, but to learn to coexist with it in a healthy and constructive way.",97,ai_neutral,AI,Mortality Awareness
"Cultural influences significantly shape how we perceive and process mortality. Societies that openly discuss death and dying, or incorporate rituals surrounding loss, often exhibit a more normalized relationship with it. Conversely, cultures that tend to avoid the topic can create a sense of taboo and fear. Modern Western societies often fall into the latter category, contributing to a disconnect from the natural life cycle. Reclaiming and re-integrating conversations about death – through art, literature, or community events – can help dismantle these barriers and foster a more holistic understanding of life and loss.",93,ai_neutral,AI,Mortality Awareness
"Ultimately, cultivating mortality awareness is a lifelong process, not a destination. It’s a continuous recalibration of values and priorities, informed by lived experience and evolving perspectives. It’s about recognizing that time is finite, and therefore precious, and choosing to live in alignment with what truly matters. This doesn’t require grand gestures or dramatic life changes; it can be as simple as expressing gratitude, savoring a moment, or prioritizing meaningful connections. By embracing the reality of our mortality, we can unlock a deeper appreciation for the beauty and fragility of life itself.",91,ai_neutral,AI,Mortality Awareness
"Mortality awareness isn’t simply about acknowledging death; it’s a profound recognition of life’s inherent finitude. This awareness isn’t necessarily morbid, but rather a catalyst for valuing experiences and relationships. Psychologically, confronting our mortality can shift priorities, often leading to a decrease in materialistic pursuits and an increase in seeking meaningful connections and personal growth. It encourages us to ask difficult questions about purpose and legacy, prompting a re-evaluation of how we spend our limited time. Ignoring this fundamental truth can result in a life lived on autopilot, driven by societal expectations rather than genuine desires. Embracing it, however, allows for a more intentional and fulfilling existence.",106,ai_neutral,AI,Mortality Awareness
"The benefits of increased mortality awareness extend beyond personal philosophy and can demonstrably impact behavior. Studies show individuals prompted to contemplate their mortality are more likely to engage in pro-social behaviors, such as volunteering or donating to charity. This isn’t necessarily altruism in the purest sense, but a subconscious drive to leave a positive mark on the world, a way to achieve symbolic immortality. Furthermore, awareness of death can reduce prejudice and intergroup conflict, fostering empathy and understanding. When faced with our own impermanence, the perceived importance of arbitrary social divisions often diminishes, replaced by a shared human experience.",99,ai_neutral,AI,Mortality Awareness
"However, confronting mortality isn’t without its challenges. For some, it can trigger anxiety, fear, or even depression. This is particularly true for individuals already struggling with mental health issues. Healthy coping mechanisms are crucial, and avoiding complete immersion in existential dread is important. Practices like mindfulness, meditation, and therapy can provide tools for processing these difficult emotions. It’s also vital to distinguish between acknowledging mortality and obsessing over it. The goal isn’t to dwell on death, but to use its awareness to enrich life, not diminish it.",87,ai_neutral,AI,Mortality Awareness
"Cultural attitudes significantly shape how we approach mortality. In many Western societies, death is often sanitized and hidden away, discussed in hushed tones or avoided altogether. This avoidance can create a sense of fear and unpreparedness. Conversely, cultures that openly acknowledge and ritualize death, such as those with Día de los Muertos traditions, often exhibit a more accepting and integrated relationship with it. Examining these diverse perspectives can offer valuable insights into alternative ways of grieving, remembering, and ultimately, living with the knowledge of our eventual demise.",87,ai_neutral,AI,Mortality Awareness
"Ultimately, cultivating mortality awareness is a continuous process, not a one-time event. It requires ongoing self-reflection and a willingness to confront uncomfortable truths. It’s about finding a balance between acknowledging the fragility of life and appreciating its beauty. It’s not about becoming preoccupied with death, but about becoming more fully alive. By integrating this awareness into our daily lives, we can make more conscious choices, prioritize what truly matters, and live with greater intention and gratitude, recognizing each moment as a precious and irreplaceable gift.",85,ai_neutral,AI,Mortality Awareness
"Identity formation isn’t a single event, but a continuous process unfolding throughout life, though it’s particularly intense during adolescence and young adulthood. It’s about actively constructing a sense of self, figuring out who you are in relation to the world and your place within it. This involves exploring different roles, values, and beliefs – experimenting with how you present yourself and observing the reactions you receive. Crucially, it’s not simply *finding* a pre-existing identity, but *creating* one through choices and experiences. Social interactions, cultural influences, and personal reflections all contribute, and the process is often marked by questioning, uncertainty, and even periods of feeling lost as old understandings are challenged and new ones emerge.",114,ai_neutral,AI,Identity Formation
"The influence of social media on identity formation is a relatively new, yet profoundly impactful, phenomenon. Platforms offer curated spaces for self-presentation, allowing individuals to construct and project desired identities. While this can be empowering – enabling connection with like-minded communities and exploration of different facets of self – it also presents challenges. The pressure to maintain a specific online persona, the constant comparison to others, and the potential for cyberbullying can distort self-perception and hinder authentic identity development. The performative nature of social media can lead to a disconnect between online and offline selves, creating anxiety and a sense of inauthenticity.",102,ai_neutral,AI,Identity Formation
"Family dynamics play a foundational role in early identity formation. The values, beliefs, and expectations instilled by parents and siblings significantly shape a child’s initial understanding of themselves and the world. However, this influence isn’t deterministic. Adolescents often navigate a tension between internalizing family values and forging their own independent identities. Healthy identity development requires a balance between connection and differentiation – maintaining a sense of belonging while simultaneously establishing autonomy. Conflict within the family, or overly controlling parenting styles, can impede this process, leading to identity confusion or rebellion.",90,ai_neutral,AI,Identity Formation
"Cultural background is deeply interwoven with identity formation, providing a framework of shared values, traditions, and narratives. Individuals often negotiate their cultural identity, particularly in multicultural societies, deciding which aspects to embrace, adapt, or reject. This negotiation can be complex, especially for those navigating multiple cultural influences or experiencing discrimination. A strong sense of cultural identity can provide a sense of belonging and pride, while also fostering resilience in the face of adversity. However, rigid adherence to cultural norms can sometimes stifle individual expression and limit personal growth.",88,ai_neutral,AI,Identity Formation
"Experiences of trauma or significant life changes can profoundly disrupt identity formation. These events can challenge core beliefs about oneself and the world, leading to a sense of fragmentation or loss. Reconstructing a cohesive identity after trauma often requires a process of meaning-making – integrating the experience into one’s life narrative in a way that allows for healing and growth. This may involve seeking support from therapists or support groups, engaging in creative expression, or finding new sources of purpose and meaning. While challenging, navigating these experiences can ultimately lead to a more resilient and authentic sense of self.",99,ai_neutral,AI,Identity Formation
"Identity formation isn’t a single event, but a continuous process unfolding throughout life, though it’s particularly intense during adolescence and young adulthood. It’s about actively constructing a sense of self, figuring out who you are in relation to the world and your place within it. This involves exploring different roles, values, and beliefs – experimenting with how you present yourself and observing the reactions you receive. Crucially, it’s not simply *finding* a pre-existing identity, but *creating* one through choices and experiences. Social interactions, cultural influences, and personal reflections all contribute, and the process is often marked by questioning, uncertainty, and even periods of feeling lost as old understandings are challenged and new ones emerge.",114,ai_neutral,AI,Identity Formation
"The influence of social media on identity formation is a complex and often debated topic. Platforms offer spaces for self-expression and connection, allowing individuals to curate online personas and explore different facets of their identity. However, this curation can also lead to a pressure to present an idealized version of oneself, potentially hindering authentic self-discovery. Constant comparison with others, the pursuit of validation through likes and followers, and exposure to narrow representations of success can all impact self-esteem and contribute to feelings of inadequacy. While social media isn’t inherently negative, navigating it requires critical awareness and a conscious effort to prioritize genuine self-reflection over external approval.",106,ai_neutral,AI,Identity Formation
"Family dynamics play a foundational role in early identity formation. The values, beliefs, and expectations instilled by parents and siblings significantly shape a child’s initial understanding of themselves and the world. Attachment styles developed within the family context influence how individuals form relationships and perceive their own worth. However, identity formation isn’t simply about internalizing family norms. A healthy process involves differentiating oneself from family expectations, establishing personal boundaries, and forging an independent sense of self. Conflict and negotiation within the family can be crucial catalysts for this differentiation, prompting individuals to clarify their own values and beliefs.",98,ai_neutral,AI,Identity Formation
"Cultural background is deeply interwoven with identity formation, providing a framework of shared values, traditions, and narratives. Culture influences everything from language and customs to beliefs about gender, success, and morality. Individuals may embrace, reject, or modify aspects of their cultural heritage as they construct their own identity. For those navigating multiple cultural contexts – for example, second-generation immigrants – the process can be particularly nuanced, involving a negotiation between different cultural expectations and a search for belonging. Cultural identity isn’t static; it evolves over time and is often reinterpreted through personal experience.",93,ai_neutral,AI,Identity Formation
"Trauma and adversity can significantly impact identity formation, often leading to a fragmented or disrupted sense of self. Experiencing events that challenge one’s core beliefs about safety, trust, and worth can create profound uncertainty and self-doubt. Individuals may struggle with feelings of shame, guilt, or worthlessness, and may develop coping mechanisms that hinder authentic self-expression. However, trauma doesn’t necessarily preclude healthy identity formation. Through therapy, support networks, and self-compassion, individuals can process traumatic experiences, rebuild a sense of self-agency, and construct a resilient identity that integrates their past into a meaningful narrative.",92,ai_neutral,AI,Identity Formation
"Identity formation isn’t a single event, but a continuous process unfolding throughout life, though it’s particularly intense during adolescence and young adulthood. It’s about actively constructing a sense of self, figuring out who you are in relation to the world and your place within it. This involves exploring different roles, values, and beliefs – experimenting with how you present yourself and observing the reactions you receive. Crucially, it’s not simply *finding* a pre-existing identity, but *creating* one through choices and experiences. Social interactions, cultural influences, and personal reflections all contribute, and the process is often marked by questioning, uncertainty, and even periods of feeling lost as old understandings are challenged and new ones emerge.",114,ai_neutral,AI,Identity Formation
"The influence of social media on identity formation is a complex and often debated topic. Platforms offer spaces for self-expression and connection, allowing individuals to curate online personas and explore different facets of their identity. However, this curation can also lead to a pressure to present an idealized version of oneself, potentially hindering authentic self-discovery. Constant comparison with others, the pursuit of validation through likes and followers, and exposure to curated content can all impact self-esteem and contribute to feelings of inadequacy. While social media isn’t inherently negative, navigating it requires critical awareness and a conscious effort to prioritize genuine self-reflection over external approval.",104,ai_neutral,AI,Identity Formation
"Family dynamics play a foundational role in early identity formation. The values, beliefs, and expectations instilled by parents and siblings significantly shape a child’s initial understanding of themselves and the world. Attachment styles developed within the family context influence how individuals form relationships and perceive their own worth. However, identity formation isn’t simply about internalizing family norms. Adolescents and young adults often actively differentiate themselves from their families, challenging established beliefs and forging their own paths. This process of individuation, while sometimes fraught with conflict, is essential for developing a unique and autonomous sense of self.",96,ai_neutral,AI,Identity Formation
"Cultural background is deeply interwoven with identity formation, providing a framework of shared values, traditions, and narratives. Individuals often negotiate their cultural identity, embracing aspects that resonate with them while questioning or rejecting others. For those navigating multiple cultural influences – perhaps as immigrants or members of mixed-heritage families – this negotiation can be particularly complex, involving a constant balancing act between different expectations and belonging. Cultural identity isn’t static; it evolves over time as individuals encounter new experiences and perspectives, and it can be a source of both pride and conflict.",92,ai_neutral,AI,Identity Formation
"Trauma and adversity can significantly disrupt identity formation, often leading to a fragmented or unstable sense of self. Experiencing events that challenge core beliefs about safety, trust, and worth can create profound internal conflict and make it difficult to develop a cohesive identity. Individuals may struggle with feelings of shame, guilt, or worthlessness, and may adopt coping mechanisms that hinder authentic self-expression. However, even in the face of trauma, identity formation remains possible. Through therapy, supportive relationships, and self-compassion, individuals can begin to process their experiences, rebuild a sense of self-worth, and create a new narrative that integrates their past into a meaningful whole.",104,ai_neutral,AI,Identity Formation
"Identity formation isn’t a single event, but a continuous process unfolding throughout life, though it’s particularly intense during adolescence and young adulthood. It’s about actively constructing a sense of self, figuring out who you are in relation to the world and your place within it. This involves exploring different roles, values, and beliefs – experimenting with how you present yourself and observing the reactions you receive. Crucially, it’s not simply *finding* a pre-existing identity, but *creating* one through choices and experiences. Social interactions, cultural influences, and personal reflections all contribute, and the process is often marked by questioning, uncertainty, and even periods of feeling lost as old understandings are challenged and new ones emerge.",114,ai_neutral,AI,Identity Formation
"The influence of social media on identity formation is a complex and often debated topic. Platforms offer spaces for self-expression and connection, allowing individuals to curate online personas and explore different facets of their identity. However, this curation can also lead to a pressure to present an idealized version of oneself, potentially hindering authentic self-discovery. Constant comparison with others, the pursuit of validation through likes and followers, and exposure to narrow representations of success can all impact self-esteem and contribute to feelings of inadequacy. While social media isn’t inherently negative, navigating it requires critical awareness and a conscious effort to prioritize genuine self-reflection over external approval.",106,ai_neutral,AI,Identity Formation
"Family dynamics play a foundational role in early identity formation. The values, beliefs, and expectations instilled by parents and siblings significantly shape a child’s initial understanding of themselves and the world. A supportive and accepting family environment fosters a sense of security and allows for exploration, while overly controlling or critical families can stifle individuality and lead to internal conflict. However, it’s important to remember that family influence isn’t deterministic. Individuals actively negotiate these influences, accepting, rejecting, or modifying them as they develop their own unique perspectives. The process of differentiating from family – establishing a sense of self separate from parental expectations – is a crucial step in achieving a mature identity.",113,ai_neutral,AI,Identity Formation
"Cultural background is deeply interwoven with identity formation, providing a framework of shared values, traditions, and narratives. This framework offers a sense of belonging and continuity, connecting individuals to a larger history and community. However, navigating cultural identity can be particularly challenging for individuals from marginalized or immigrant backgrounds, who may experience conflicting expectations between their heritage culture and the dominant culture. The process of acculturation – adapting to a new culture – often involves negotiating these tensions and forging a hybrid identity that integrates elements of both. This can be a source of strength and resilience, but also requires navigating potential feelings of displacement or alienation.",107,ai_neutral,AI,Identity Formation
"Trauma and significant life events can profoundly impact identity formation, often forcing a re-evaluation of core beliefs and assumptions about the self and the world. Experiencing adversity can shatter previously held notions of safety, control, and meaning, leading to a period of intense questioning and reconstruction. While traumatic experiences can be deeply damaging, they can also be catalysts for growth and transformation. The process of integrating trauma into one’s life narrative – making sense of the experience and finding a way to move forward – is essential for rebuilding a coherent sense of self. This often requires seeking support, developing coping mechanisms, and cultivating self-compassion.",105,ai_neutral,AI,Identity Formation
"Identity formation isn’t a single event, but a continuous process unfolding throughout life, though it’s particularly intense during adolescence and young adulthood. It’s about actively constructing a sense of self, figuring out who you are in relation to the world and your place within it. This involves exploring different roles, values, and beliefs – experimenting with how you present yourself and observing the reactions you receive. Crucially, it’s not simply *finding* a pre-existing identity, but *creating* one through choices and experiences. Social interactions, cultural influences, and personal reflections all contribute, and the process is often marked by questioning, uncertainty, and even periods of feeling lost as old understandings are challenged and new ones emerge.",114,ai_neutral,AI,Identity Formation
"The influence of social media on identity formation is a complex and often debated topic. Platforms offer spaces for self-expression and connection, allowing individuals to curate online personas and explore different facets of their identity. However, this curation can also lead to a pressure to present an idealized version of oneself, potentially hindering authentic self-discovery. Constant comparison with others, the pursuit of validation through likes and followers, and exposure to narrow representations of success can all impact self-esteem and contribute to feelings of inadequacy. While social media isn’t inherently negative, navigating it requires critical awareness and a conscious effort to prioritize genuine self-reflection over external approval.",106,ai_neutral,AI,Identity Formation
"Family dynamics play a foundational role in early identity formation. The values, beliefs, and expectations instilled by parents and siblings significantly shape a child’s initial understanding of themselves and the world. Attachment styles developed within the family context influence how individuals form relationships and perceive their own worth. However, identity formation isn’t simply about internalizing family norms. Adolescents and young adults often actively differentiate themselves from their families, challenging established beliefs and forging their own paths. This process of individuation, while sometimes fraught with conflict, is essential for developing a unique and autonomous sense of self.",96,ai_neutral,AI,Identity Formation
"Cultural background is deeply interwoven with identity formation, providing a framework of shared values, traditions, and narratives. Individuals often negotiate their cultural identity, embracing aspects that resonate with them while questioning or rejecting others. For those navigating multiple cultural influences – perhaps as immigrants or members of mixed-heritage families – this negotiation can be particularly complex, involving a constant balancing act between different expectations and belonging. Cultural identity isn’t static; it evolves over time as individuals encounter new experiences and perspectives, and it can be a source of both pride and conflict.",92,ai_neutral,AI,Identity Formation
"Trauma and adversity can significantly disrupt identity formation, forcing individuals to confront fundamental questions about themselves and their place in the world. Experiencing events that shatter core beliefs about safety, trust, or self-worth can lead to a fragmented sense of self and difficulty establishing a coherent identity. The process of healing from trauma often involves reconstructing a narrative of the self, integrating the painful experience into a broader life story. This can be a long and challenging journey, but it also presents an opportunity for growth, resilience, and the development of a deeper, more authentic sense of self.",98,ai_neutral,AI,Identity Formation
"Identity formation isn’t a single event, but a continuous process unfolding throughout life, though it’s particularly intense during adolescence and young adulthood. It’s about actively constructing a sense of self, figuring out who you are beyond the roles assigned to you – student, child, sibling. This involves exploring different values, beliefs, and relationships, often through experimentation. Crucially, it’s not simply *finding* a pre-existing identity, but *creating* one through choices and commitments. External factors like culture, family expectations, and societal pressures certainly influence this process, but ultimately, a strong sense of identity comes from internal integration – a coherent narrative you build about yourself, acknowledging both strengths and vulnerabilities.",108,ai_neutral,AI,Identity Formation
"Social media presents a unique landscape for identity formation, offering both opportunities and challenges. Platforms allow for curated self-presentation, enabling individuals to explore different facets of their personality and connect with like-minded communities. This can be incredibly validating, particularly for those who feel marginalized or different. However, the pressure to maintain a specific online persona, coupled with constant comparison to others, can hinder authentic self-discovery. The pursuit of “likes” and validation can lead to a fragmented sense of self, prioritizing external approval over internal values. Navigating this digital world requires critical self-awareness and a conscious effort to balance online expression with genuine self-reflection.",103,ai_neutral,AI,Identity Formation
"The role of trauma in identity formation is often profound and complex. Traumatic experiences can disrupt the development of a cohesive self, leading to feelings of fragmentation, shame, and distrust. Individuals may internalize negative beliefs about themselves and the world, impacting their sense of worth and agency. Reconstructing an identity after trauma isn’t about erasing the past, but about integrating it into a larger narrative of resilience and growth. This often requires therapeutic intervention, focused on processing emotions, challenging distorted beliefs, and rebuilding a sense of safety and self-compassion. The process can be long and arduous, but ultimately empowering.",99,ai_neutral,AI,Identity Formation
"Cultural identity plays a significant role, particularly for individuals navigating multiple cultural contexts. It’s not simply about ethnicity or nationality, but encompasses shared values, traditions, language, and beliefs. For those growing up in immigrant families or multicultural environments, identity formation can involve negotiating between different cultural expectations and creating a hybrid identity that feels authentic. This process can be enriching, fostering adaptability and a broader worldview, but also challenging, potentially leading to feelings of alienation or conflict. Embracing cultural heritage while simultaneously forging an individual path is a key aspect of this dynamic.",93,ai_neutral,AI,Identity Formation
"Neurodiversity impacts identity formation in ways that are increasingly recognized. Individuals with conditions like autism, ADHD, or dyslexia often experience the world differently, leading to unique strengths and challenges. Traditional societal norms and expectations may not align with their neurocognitive profiles, potentially leading to feelings of being “different” or misunderstood. A crucial part of identity formation for neurodivergent individuals involves self-acceptance and embracing neurodiversity as a core aspect of their identity, rather than a deficit. Finding communities and support systems that celebrate neurodiversity can be incredibly validating and empowering, fostering a strong and authentic sense of self.",97,ai_neutral,AI,Identity Formation
"Identity formation isn’t a single event, but a continuous process unfolding throughout life, though it’s particularly intense during adolescence and young adulthood. It’s about actively constructing a sense of self, figuring out who you are in relation to the world and your place within it. This involves exploring different roles, values, and beliefs – experimenting with how you present yourself and observing the reactions you receive. Crucially, it’s not simply *finding* a pre-existing identity, but *creating* one through choices and experiences. Social interactions, cultural influences, and personal reflections all contribute, and the process is often marked by questioning, uncertainty, and even periods of feeling lost as old understandings are challenged and new ones emerge.",114,ai_neutral,AI,Identity Formation
"The influence of social media on identity formation is a complex and often debated topic. Platforms offer spaces for self-expression and connection, allowing individuals to curate online personas and explore different facets of their identity. However, this curation can also lead to a pressure to present an idealized version of oneself, potentially hindering authentic self-discovery. Constant comparison with others, the pursuit of validation through likes and followers, and exposure to narrow representations of success can all impact self-esteem and contribute to feelings of inadequacy. While social media isn’t inherently negative, navigating it requires critical awareness and a conscious effort to prioritize genuine self-reflection over external approval.",106,ai_neutral,AI,Identity Formation
"Family dynamics play a foundational role in early identity formation. The values, beliefs, and expectations instilled by parents and siblings significantly shape a child’s initial understanding of themselves and the world. A supportive and accepting family environment fosters a sense of security and allows for exploration, while overly controlling or critical families can stifle individuality and lead to internal conflict. However, it’s important to remember that family influence isn’t deterministic. Individuals actively negotiate these influences, accepting, rejecting, or modifying them as they develop their own unique perspectives. The process of differentiating from family – establishing a sense of self separate from parental expectations – is a crucial step in achieving a mature identity.",113,ai_neutral,AI,Identity Formation
"Cultural background is deeply interwoven with identity formation, providing a framework of shared values, traditions, and narratives. This framework offers a sense of belonging and continuity, connecting individuals to a larger history and community. However, navigating cultural identity can be particularly challenging for individuals from marginalized or immigrant backgrounds, who may experience conflicting expectations between their heritage culture and the dominant culture. The process of negotiating these cultural influences – embracing, adapting, or rejecting aspects of one’s heritage – is a key component of developing a cohesive and authentic identity. It often involves grappling with issues of assimilation, acculturation, and the preservation of cultural traditions.",105,ai_neutral,AI,Identity Formation
"Trauma and adversity can significantly disrupt identity formation, often leading to a fragmented or unstable sense of self. Experiencing events that challenge one’s core beliefs about safety, trust, and worth can create profound internal conflict and make it difficult to develop a coherent narrative of who one is. Individuals may struggle with feelings of shame, guilt, or worthlessness, and may adopt maladaptive coping mechanisms that further complicate the process. However, trauma doesn’t necessarily preclude identity formation; rather, it often necessitates a more deliberate and conscious effort to rebuild a sense of self, often with the support of therapy or other healing modalities. Resilience and post-traumatic growth demonstrate the capacity to forge a stronger, more authentic identity *through* adversity.",118,ai_neutral,AI,Identity Formation
"Identity formation isn’t a single event, but a continuous process unfolding throughout life, though it’s particularly intense during adolescence and young adulthood. It’s about actively constructing a sense of self, figuring out who you are beyond the roles assigned to you – student, child, sibling. This involves exploring different values, beliefs, and relationships, often through experimentation. Crucially, it’s not simply *finding* a pre-existing identity, but *creating* one through choices and commitments. External factors like culture, family expectations, and societal pressures certainly play a role, but ultimately, a strong sense of identity comes from internal integration – a coherent narrative you build about yourself, acknowledging both strengths and vulnerabilities.",108,ai_neutral,AI,Identity Formation
"Social media presents a unique landscape for identity formation, offering both opportunities and challenges. Platforms allow for curated self-presentation, enabling individuals to explore different facets of their personality and connect with like-minded communities. This can be incredibly validating, particularly for those who feel marginalized or different. However, the pressure to maintain a specific online persona, coupled with constant social comparison, can hinder authentic self-discovery. The pursuit of likes and validation can lead to a fragmented sense of self, where identity becomes performative rather than genuinely felt. Navigating this digital world requires critical self-awareness and a conscious effort to prioritize genuine connection over superficial approval.",104,ai_neutral,AI,Identity Formation
"The concept of ‘narrative identity’ suggests we understand ourselves by constructing stories about our lives. These aren’t just recollections of events, but interpretations that give meaning and coherence to our experiences. We select certain details, emphasize particular themes, and frame events in ways that reinforce our self-concept. This narrative isn’t fixed; it’s constantly being revised and re-written as we encounter new experiences and gain new perspectives. Trauma, for example, can significantly disrupt a narrative identity, requiring a process of re-storying to integrate the experience and rebuild a sense of self.",90,ai_neutral,AI,Identity Formation
"Cultural background profoundly influences identity formation, providing a framework of values, traditions, and beliefs. However, the relationship isn’t always straightforward. Individuals may embrace, reject, or modify aspects of their cultural heritage as they navigate their own personal journey. For those from immigrant backgrounds or mixed-race identities, the process can be particularly complex, involving negotiation between multiple cultural influences. This can lead to a sense of ‘in-betweenness’ or a hybrid identity, which, while challenging, can also be a source of strength and creativity. It’s about finding a way to integrate different aspects of one’s background into a cohesive sense of self.",100,ai_neutral,AI,Identity Formation
"Failure and setbacks are integral to identity formation, not obstacles to avoid. Experiencing challenges forces us to confront our limitations, re-evaluate our goals, and develop resilience. It’s through navigating adversity that we learn what truly matters to us and discover our capacity for growth. Avoiding risk or striving for perfection can actually *stunt* identity development, as it prevents the necessary experiences that shape self-understanding. Embracing vulnerability and learning from mistakes allows for a more authentic and nuanced sense of self, built on a foundation of lived experience rather than idealized expectations.",91,ai_neutral,AI,Identity Formation
"Identity formation isn’t a single event, but a continuous process unfolding throughout life, though it’s particularly intense during adolescence and young adulthood. It’s about actively constructing a sense of self, figuring out who you are in relation to the world and your place within it. This involves exploring different roles, values, and beliefs – experimenting with how you present yourself and observing the reactions you receive. Crucially, it’s not simply *finding* a pre-existing identity, but *creating* one through choices and experiences. Social interactions, cultural influences, and personal reflections all contribute, and the process is often marked by questioning, uncertainty, and even periods of crisis as old beliefs are challenged and new ones are adopted.",114,ai_neutral,AI,Identity Formation
"The influence of social media on identity formation is a relatively new, yet profoundly impactful, phenomenon. Platforms offer curated spaces for self-presentation, allowing individuals to construct and project desired identities. While this can be empowering – enabling connection with like-minded communities and exploration of different facets of self – it also presents challenges. The pressure to maintain a specific online persona, the constant comparison to others, and the potential for cyberbullying can distort self-perception and hinder authentic identity development. The performative nature of social media can lead to a disconnect between online and offline selves, creating anxiety and a sense of inauthenticity.",102,ai_neutral,AI,Identity Formation
"Family dynamics play a foundational role in early identity formation. The values, beliefs, and expectations instilled by parents and siblings significantly shape a child’s initial understanding of themselves and the world. A supportive and accepting family environment fosters a secure base from which to explore individuality, while overly controlling or critical families can stifle self-expression and lead to identity confusion. However, it’s important to note that family influence isn’t deterministic. Individuals actively negotiate and sometimes reject familial expectations as they develop their own unique sense of self, particularly during adolescence as they seek greater autonomy.",95,ai_neutral,AI,Identity Formation
"Cultural background is deeply interwoven with identity formation, providing a framework of shared values, traditions, and narratives. This isn’t limited to ethnicity or nationality; it encompasses the various subcultures and communities to which an individual belongs. Cultural identity can offer a sense of belonging and pride, but it can also be a source of conflict, particularly for individuals navigating multiple cultural influences. The process of acculturation – adapting to a new culture – often involves negotiating between maintaining one’s original cultural identity and adopting aspects of the dominant culture, leading to complex and nuanced self-definitions.",95,ai_neutral,AI,Identity Formation
"Trauma and adversity can significantly alter the trajectory of identity formation. Experiencing challenging or painful events can force individuals to re-evaluate their beliefs about themselves and the world, leading to a disruption of their existing sense of self. While trauma can be incredibly damaging, it can also be a catalyst for growth and resilience. The process of integrating traumatic experiences into one’s life narrative – finding meaning and rebuilding a sense of self – is a crucial aspect of post-traumatic identity formation. This often requires support, therapy, and a willingness to confront difficult emotions and experiences.",96,ai_neutral,AI,Identity Formation
"Identity formation isn’t a single event, but a continuous process unfolding throughout life, though it’s particularly intense during adolescence and young adulthood. It’s about actively constructing a sense of self, figuring out who you are in relation to the world and your place within it. This involves exploring different roles, values, and beliefs – experimenting with how you present yourself and observing the reactions you receive. Crucially, it’s not simply *finding* a pre-existing identity, but *creating* one through choices and experiences. Social interactions, cultural influences, and personal reflections all contribute, and the process is often marked by questioning, uncertainty, and even periods of crisis as old beliefs are challenged and new ones are adopted.",114,ai_neutral,AI,Identity Formation
"The influence of social media on identity formation is a relatively new, yet profoundly impactful, phenomenon. Platforms offer curated spaces for self-presentation, allowing individuals to construct and project desired identities. While this can be empowering – enabling connection with like-minded communities and exploration of different facets of self – it also presents challenges. The pressure to maintain a specific online persona, the constant comparison to others, and the potential for cyberbullying can distort self-perception and hinder authentic identity development. The performative nature of social media can lead to a disconnect between online and offline selves, creating anxiety and a sense of inauthenticity.",102,ai_neutral,AI,Identity Formation
"Family dynamics play a foundational role in early identity formation. The values, beliefs, and expectations instilled by parents and siblings significantly shape a child’s initial understanding of themselves and the world. A supportive and accepting family environment fosters a secure base from which to explore individuality, while overly controlling or critical families can stifle self-expression and lead to identity confusion. However, it’s important to note that family influence isn’t deterministic. Individuals actively negotiate and sometimes reject familial expectations as they develop their own unique sense of self, particularly during adolescence as they seek greater autonomy.",95,ai_neutral,AI,Identity Formation
"Cultural background is deeply interwoven with identity formation, providing a framework of shared values, traditions, and narratives. This isn’t limited to ethnicity or nationality; it encompasses regional, religious, and even subcultural influences. Individuals often navigate a complex interplay between identifying *with* their culture and differentiating *from* it, particularly in multicultural societies. This process can involve embracing cultural heritage, adapting to new cultural norms, or actively challenging existing cultural expectations. The experience of navigating multiple cultural identities can be enriching, but also challenging, potentially leading to feelings of marginalization or a search for belonging.",93,ai_neutral,AI,Identity Formation
"Trauma and adversity can significantly disrupt identity formation, often leading to a fragmented or unstable sense of self. Experiencing events that challenge core beliefs about safety, trust, and worth can create profound internal conflict. Individuals may struggle with feelings of shame, guilt, or worthlessness, impacting their ability to form healthy relationships and pursue meaningful goals. However, trauma doesn’t necessarily preclude identity development; it can, in fact, catalyze a process of rebuilding and redefining oneself. This often involves seeking support, processing difficult emotions, and actively constructing a new narrative that integrates the traumatic experience into a coherent sense of self.",99,ai_neutral,AI,Identity Formation
