text,word_count,class,author,topic
"Is it truly possible to believe in meritocracy when the starting lines are so drastically unequal? Social class, in contemporary society, isn’t simply about income; it’s a complex web of inherited advantages and disadvantages woven into the fabric of opportunity. Access to quality education, healthcare, and even social networks are profoundly shaped by the circumstances of one’s birth. This creates a self-perpetuating cycle where privilege begets privilege, and disadvantage reinforces disadvantage. While upward mobility *is* possible, statistical realities demonstrate it’s becoming increasingly rare, particularly for those born into the lowest quintiles. The narrative of individual effort often overshadows the systemic barriers that prevent genuine equality, leading to a skewed perception of fairness and a justification of existing power structures. Ultimately, acknowledging the enduring impact of social class is crucial for building a more just and equitable society.",137,ai_neutral,AI,Social Class
"The subtle language of class operates less through overt displays of wealth and more through ingrained cultural capital. Consider the seemingly innocuous choices regarding leisure activities, dietary preferences, or even conversational styles. These aren’t merely personal preferences; they’re often markers of belonging to a particular social stratum, unconsciously signaling status and shared values. Individuals navigate these unspoken rules from a young age, learning to code-switch and adapt their behavior to different social contexts. This constant negotiation can be exhausting and alienating, particularly for those who don’t possess the “right” cultural cues. The power of this invisible system lies in its ability to maintain boundaries without requiring explicit enforcement, perpetuating social hierarchies through subtle, yet pervasive, forms of social control.",119,ai_neutral,AI,Social Class
"“Class is not a feeling, but a fact,” as Pierre Bourdieu observed, and that fact manifests powerfully in health outcomes. Beyond access to healthcare, social class profoundly impacts an individual’s exposure to environmental hazards, nutritional resources, and chronic stress. Lower-income communities are disproportionately located near polluting industries, lack access to fresh produce, and experience higher rates of job insecurity – all factors that contribute to poorer health. This isn’t simply a matter of individual lifestyle choices; it’s a direct consequence of systemic inequalities. The resulting health disparities aren’t merely unfortunate; they represent a significant economic burden on society as a whole, and a moral failing in our commitment to equal opportunity and well-being.",113,ai_neutral,AI,Social Class
"Imagine a city divided not by walls, but by algorithms. Increasingly, social class is being reinforced – and even predicted – by data. Credit scores, zip code data, and online browsing history are used to determine access to loans, housing, and even job opportunities. These algorithms, often presented as objective and neutral, can perpetuate existing biases and create new forms of discrimination. Someone growing up in a disadvantaged neighborhood may be denied a loan, not because of their individual creditworthiness, but because of the statistical profile of their location. This algorithmic sorting effectively locks individuals into pre-determined social categories, limiting their potential and reinforcing the cycle of inequality. The promise of a data-driven future risks becoming a tool for entrenching existing social hierarchies.",123,ai_neutral,AI,Social Class
"Often, discussions of social class center on economic disparities, but the emotional toll is frequently overlooked. The constant awareness of one’s social position – whether it’s a feeling of inadequacy, resentment, or simply a sense of being “othered” – can have a profound impact on mental health. Individuals from lower socioeconomic backgrounds may experience higher rates of anxiety, depression, and feelings of powerlessness. This isn’t simply a consequence of financial hardship; it’s a result of the social stigma and systemic barriers that accompany class inequality. Recognizing and addressing the psychological impact of social class is essential for fostering a more compassionate and equitable society, one that values the well-being of all its members, not just those at the top.",119,ai_neutral,AI,Social Class
"Is it truly possible to escape the circumstances of one’s birth? Social class, often framed as an economic reality, operates as a deeply ingrained cultural script, dictating not just access to resources, but also shaping aspirations, behaviors, and even perceptions of self-worth. The subtle cues – the way one speaks, dresses, navigates social situations – become markers of belonging, or exclusion. This isn’t simply about income disparity; it’s about inherited social capital, the networks and understandings passed down through generations that provide advantages unavailable to others. While meritocracy is often touted as the ideal, the playing field remains demonstrably uneven, with systemic barriers consistently hindering upward mobility for those born into disadvantaged positions. The persistence of these inequalities suggests a more complex, and less optimistic, narrative than simple individual effort allows.",131,ai_neutral,AI,Social Class
"The concept of social class frequently feels abstract, a statistic in a report, until it manifests in the everyday choices available – or unavailable – to individuals. Consider the seemingly simple decision of pursuing higher education. For some, it’s a given, a natural progression. For others, it’s a calculation weighed against immediate financial needs, family obligations, and the daunting prospect of accumulating significant debt. This isn’t a matter of lacking ambition, but of navigating a system where opportunity is profoundly stratified. The cumulative effect of these micro-decisions, repeated across countless lives, reinforces existing class structures, creating a self-perpetuating cycle that’s difficult to break. It’s a quiet, insidious form of inequality, often masked by narratives of personal responsibility.",117,ai_neutral,AI,Social Class
"“Class is not about having money; it’s about having options,” as author and activist Barbara Ehrenreich observed. This highlights a crucial distinction: wealth is a component of class, but not its entirety. Social class encompasses power dynamics, access to information, and the ability to influence outcomes. Someone with substantial income might still experience limitations imposed by their social background – a lack of cultural fluency in certain circles, for example, or a sense of not truly belonging. Conversely, individuals with modest incomes can leverage strong social networks and cultural capital to navigate systems effectively. This nuanced understanding moves beyond a purely economic definition, recognizing the multifaceted nature of social stratification and the ways it impacts agency and opportunity.",118,ai_neutral,AI,Social Class
"Often, discussions about social class center on the disparities *between* groups, overlooking the internal complexities *within* each class. The working class isn’t monolithic; it encompasses a diverse range of experiences, ethnicities, and skill sets. Similarly, the upper class isn’t simply a homogenous group of the wealthy. There are established families with generations of inherited wealth, and newly affluent individuals who may lack the same social connections or cultural understanding. These internal divisions create further layers of inequality and complicate efforts to address systemic issues. Recognizing this internal heterogeneity is crucial for developing effective policies and fostering genuine social mobility, moving beyond simplistic categorizations.",103,ai_neutral,AI,Social Class
"Imagine a city divided not by walls, but by invisible lines of expectation. This is, in essence, how social class operates. It’s a set of unspoken rules governing where people live, what jobs they pursue, and even who they marry. These expectations aren’t necessarily conscious, but they exert a powerful influence on individual choices and life trajectories. The pressure to conform to these norms can be immense, leading individuals to internalize limitations and accept predetermined roles. Challenging these ingrained assumptions requires a conscious effort to disrupt the cycle of reproduction, fostering a society where potential isn’t dictated by birthright, but by individual talent and ambition.",105,ai_neutral,AI,Social Class
"Isn't it strange how often we talk about equality of opportunity, yet rarely acknowledge the deeply ingrained advantages – or disadvantages – conferred by social class at birth? The reality is that socioeconomic standing isn’t merely about income; it’s a complex web of inherited capital, encompassing financial resources, educational access, social networks, and even cultural knowledge. These factors compound over generations, creating significant barriers to upward mobility for those born into lower classes, and simultaneously reinforcing the positions of those already privileged. This isn’t to suggest individual effort is irrelevant, but rather to highlight the systemic forces that dramatically shape life trajectories, often before individuals have any agency in the matter. The illusion of a meritocracy obscures the persistent impact of class on everything from health outcomes to career prospects.",130,ai_neutral,AI,Social Class
"The chipped Formica of the diner booth felt colder than usual, mirroring the chill in Maria’s voice as she described her daughter’s college application process. She worked two jobs, tirelessly advocating for scholarships and financial aid, yet the unspoken weight of their working-class background hung heavy in the air. It wasn’t a lack of intelligence or ambition holding her daughter back, Maria explained, but a subtle, pervasive disadvantage. The extracurriculars, the internships, the networking opportunities – all readily available to students from more affluent families – felt perpetually out of reach. This isn’t about resentment, but a quiet, aching awareness of a playing field that’s fundamentally uneven, where the starting lines are determined by circumstances beyond control.",117,ai_neutral,AI,Social Class
"“Class is not simply about economic resources,” Pierre Bourdieu argued, “but about forms of capital – cultural, social, and symbolic – that reproduce inequality.” This observation cuts to the core of how social class operates in contemporary society. It’s not just *what* you have, but *how* you have it, and how that possession shapes your interactions and opportunities. Someone from a privileged background might effortlessly navigate elite social circles, understanding unspoken rules and possessing the ‘right’ cultural references, while someone from a different class background might feel perpetually out of place, facing subtle forms of exclusion. This ‘cultural capital’ isn’t inherently superior, but it’s often treated as such, granting access and influence that are denied to others.",117,ai_neutral,AI,Social Class
"Consider the seemingly innocuous choice of weekend activities. For some families, Saturday mornings might involve museum visits, music lessons, or travel sports – experiences that cultivate skills, broaden horizons, and build valuable connections. For others, the weekend is consumed by simply making ends meet: multiple jobs, childcare responsibilities, and the constant stress of financial insecurity. These divergent realities aren’t merely lifestyle choices; they represent fundamentally different investments in human capital. The cumulative effect of these differences, repeated week after week, year after year, creates a widening gap in opportunities, subtly but powerfully reinforcing existing class structures. It’s a quiet accumulation of advantage and disadvantage.",104,ai_neutral,AI,Social Class
"Reflecting on my own upbringing, I realize how shielded I was from the daily realities faced by many. Growing up, the concept of “making do” never truly registered; resources were readily available, and future possibilities felt limitless. It wasn’t until encountering individuals from vastly different socioeconomic backgrounds that I began to understand the profound impact of class on lived experience. This realization isn’t about guilt, but about responsibility – a responsibility to acknowledge the systemic inequalities that persist, and to actively work towards creating a more just and equitable society. It requires a willingness to confront our own biases and privileges, and to listen to the voices of those who have been historically marginalized.",114,ai_neutral,AI,Social Class
"Is it truly possible to believe in a meritocracy when the starting lines are so drastically uneven? Social class, at its core, isn’t simply about income; it’s a complex web of inherited advantages and disadvantages woven through generations. Access to quality education, healthcare, and even social networks are profoundly shaped by the circumstances of one’s birth. This creates a self-perpetuating cycle where privilege begets privilege, and disadvantage reinforces disadvantage. While individual effort undeniably plays a role, to ignore the systemic barriers faced by those from lower socioeconomic backgrounds is to perpetuate a harmful myth of equal opportunity. The consequences extend beyond economic disparity, impacting health outcomes, civic engagement, and overall life expectancy, demonstrating a deeply ingrained societal stratification.",118,ai_neutral,AI,Social Class
"The persistent narrative that upward mobility is readily available often obscures a more troubling reality: social class increasingly functions as a form of contemporary caste. Unlike a fluid system where individuals can easily move between tiers, modern societies exhibit a growing rigidity in class structure. This isn’t necessarily due to formal legal barriers, but rather to subtle, yet powerful, mechanisms like residential segregation, unequal school funding, and biased hiring practices. Consequently, a person’s socioeconomic background is becoming a stronger predictor of their future prospects than ever before, limiting opportunities and reinforcing existing inequalities. This solidification of class boundaries poses a significant threat to social cohesion and democratic ideals.",108,ai_neutral,AI,Social Class
"Consider the seemingly innocuous choice of grocery store. Where someone shops – a budget supermarket or an organic specialty store – isn’t merely a matter of preference, but a visible marker of social class, reflecting disposable income and access. This seemingly small detail illustrates how class permeates even the most mundane aspects of daily life. Beyond consumption, it influences language patterns, cultural capital, and even perceptions of taste. These subtle cues, often unconsciously processed, contribute to social sorting and reinforce feelings of belonging or exclusion. The cumulative effect of these micro-interactions shapes individual identities and reinforces the boundaries of social stratification.",101,ai_neutral,AI,Social Class
"“Class is not about having a fancy car or a big house,” the sociologist Pierre Bourdieu argued, “it’s about having a particular set of habits, tastes, and ways of thinking.” This concept of ‘cultural capital’ is crucial to understanding the enduring power of social class. It’s not simply *what* you know, but *how* you know it, and how that knowledge is perceived by others. Individuals from privileged backgrounds often possess cultural capital – refined tastes, sophisticated communication skills, familiarity with elite institutions – that grants them an advantage in navigating social and professional spheres. This advantage isn’t necessarily based on inherent intelligence or ability, but on the acquisition of culturally valued traits.",112,ai_neutral,AI,Social Class
"Often, discussions about social class focus on economic disparities, but the psychological impact is equally profound. Experiencing economic insecurity, limited opportunities, and social stigma can lead to chronic stress, diminished self-worth, and a sense of powerlessness. This isn’t simply a matter of individual resilience; systemic inequalities create environments that actively undermine mental and emotional wellbeing. Furthermore, the constant awareness of one’s social position can shape aspirations, limit risk-taking, and perpetuate cycles of disadvantage. Addressing social class requires not only economic policies, but also a commitment to fostering psychological safety and promoting social inclusion.",93,ai_neutral,AI,Social Class
"Is it truly possible to escape the circumstances of one’s birth? Social class, often framed as an economic reality, operates as a deeply ingrained system of cultural capital, shaping not just access to resources, but also perceptions, behaviors, and opportunities. This isn’t simply about income brackets; it’s about inherited networks, the unspoken rules of engagement in different spheres, and the subtle biases that permeate institutions. Individuals from privileged backgrounds often possess an intuitive understanding of how systems work – how to navigate bureaucracy, how to present themselves, how to leverage connections – advantages unavailable to those lacking similar upbringing. Consequently, upward mobility, while theoretically possible, frequently requires not just hard work, but also a costly and often exhausting process of decoding and adopting dominant cultural norms.",126,ai_neutral,AI,Social Class
"The persistent myth of meritocracy conveniently obscures the structural advantages conferred by social class. While individual effort undeniably plays a role in life outcomes, to suggest it’s the *sole* determinant ignores the vastly uneven playing field. Consider the impact of neighborhood schools, funded largely by local property taxes: children in affluent areas receive demonstrably better education, setting them on a trajectory of opportunity unavailable to their peers in under-resourced communities. This isn’t a failure of individual motivation, but a systemic issue where zip code often dictates destiny. Addressing inequality, therefore, requires moving beyond individualistic narratives and focusing on policies that actively redistribute resources and dismantle barriers to opportunity.",108,ai_neutral,AI,Social Class
"Observably, the anxieties surrounding social class aren’t merely economic; they’re deeply psychological. The constant comparison to others, fueled by social media and consumer culture, creates a pervasive sense of inadequacy, particularly for those positioned lower on the socioeconomic ladder. This isn’t simply about wanting material possessions; it’s about a desire for belonging, for recognition, for a sense of worth. The pressure to “keep up” can lead to unsustainable debt, chronic stress, and a diminished sense of self. Furthermore, the stigma associated with lower social class can internalize as self-doubt, hindering ambition and perpetuating cycles of disadvantage.",96,ai_neutral,AI,Social Class
"“Class is not a fixed state of being, but a constantly shifting performance,” argues sociologist Pierre Bourdieu, and this observation highlights a crucial, often overlooked aspect of social stratification. Individuals actively *do* class, through their consumption patterns, their linguistic choices, and their social interactions. This performance isn’t necessarily conscious mimicry; it’s often an internalized set of habits and dispositions. However, the awareness of this performative aspect can be empowering, allowing individuals to critically examine the social scripts they’re enacting and potentially challenge the norms that reinforce inequality. It suggests that class isn’t simply imposed from above, but also actively constructed and reproduced through everyday practices.",105,ai_neutral,AI,Social Class
"From a practical standpoint, ignoring the realities of social class is detrimental to effective policy-making. Programs designed to address poverty or improve educational outcomes often fail because they operate under the assumption of a level playing field. A single, universal approach overlooks the complex interplay of factors – access to healthcare, childcare, transportation, stable housing – that disproportionately affect individuals from lower socioeconomic backgrounds. Truly effective interventions require a nuanced understanding of the specific challenges faced by different communities, tailored solutions that address systemic barriers, and a commitment to long-term investment in social infrastructure.",94,ai_neutral,AI,Social Class
"Is it truly possible to believe in meritocracy when the starting lines are so drastically unequal? Social class, in contemporary society, isn’t simply about income; it’s a complex web of inherited advantages and disadvantages woven into the fabric of opportunity. Access to quality education, healthcare, and even social networks are profoundly shaped by the circumstances of one’s birth. This creates a self-perpetuating cycle where privilege begets privilege, and disadvantage reinforces disadvantage. While upward mobility *is* possible, statistical realities demonstrate it’s becoming increasingly difficult, particularly for those born into the lowest quintiles. The narrative of individual effort often overshadows the systemic barriers that prevent genuine equality, leading to a skewed perception of fairness and a justification of existing power structures. Ultimately, acknowledging the enduring impact of social class is crucial for building a more just and equitable society.",137,ai_neutral,AI,Social Class
"The subtle language of class operates less through overt displays of wealth and more through ingrained cultural capital. Consider the seemingly innocuous choices regarding leisure activities, dietary preferences, or even conversational styles. These aren’t merely personal preferences; they’re often signals of belonging to a particular social group, learned through upbringing and reinforced by social interaction. Individuals navigate these unspoken rules, consciously or unconsciously, striving to ‘fit in’ or differentiate themselves. This constant negotiation can create feelings of alienation or inadequacy for those who lack the ‘correct’ cultural cues. Consequently, social class manifests not just in economic disparities, but in a pervasive sense of ‘otherness’ and the subtle, yet powerful, impact on self-perception and social acceptance.",115,ai_neutral,AI,Social Class
"“Class is not a fixed state, but a constantly shifting performance,” argues sociologist Pierre Bourdieu, and this observation rings particularly true in the age of social media. The curated self-presentation online often obscures the realities of economic hardship or privilege, creating a distorted landscape of aspiration and comparison. Influencer culture, for example, frequently promotes a lifestyle unattainable for the vast majority, reinforcing feelings of inadequacy and fueling consumerism. Simultaneously, social media can also provide a platform for marginalized voices to challenge dominant narratives and expose inequalities. However, the algorithmic biases inherent in these platforms can also exacerbate existing divisions, creating echo chambers that reinforce pre-existing beliefs about social class and its implications.",112,ai_neutral,AI,Social Class
"Imagine a city divided not by walls, but by access to green spaces. This seemingly benign difference highlights a crucial aspect of social class: environmental inequality. Lower-income neighborhoods are disproportionately exposed to pollution, lack access to parks and recreational facilities, and are more vulnerable to the effects of climate change. This isn’t accidental; it’s a direct result of historical and ongoing patterns of discriminatory zoning and investment. The consequences extend beyond aesthetics, impacting public health, educational outcomes, and overall quality of life. Addressing social class, therefore, requires a commitment to environmental justice, ensuring that all communities have equal access to a healthy and sustainable environment, regardless of their socioeconomic status.",110,ai_neutral,AI,Social Class
"Frequently, discussions about social class center on income, but a crucial element often overlooked is the precariousness of work. The rise of the gig economy and the decline of traditional employment benefits have created a growing class of ‘working poor’ – individuals employed in multiple jobs, yet still struggling to make ends meet. This instability extends beyond financial insecurity, impacting mental and physical health, family life, and long-term planning. The lack of a safety net, coupled with the stigma associated with low-wage work, creates a cycle of vulnerability and limits opportunities for social mobility. Recognizing the inherent dignity of all work and advocating for policies that protect workers’ rights are essential steps towards dismantling the structures that perpetuate class inequality.",120,ai_neutral,AI,Social Class
"Is it truly possible to escape the circumstances of one’s birth? Social class, often framed as an economic reality, operates as a deeply ingrained cultural script, dictating not just access to resources, but also shaping aspirations, behaviors, and even perceptions of self-worth. The subtle cues – the way one speaks, dresses, navigates social situations – become markers of belonging, or exclusion. This isn’t simply about income disparity; it’s about inherited social capital, the networks and understandings passed down through generations that provide advantages unavailable to others. While meritocracy is often touted as the ideal, the playing field remains demonstrably uneven, with systemic barriers consistently hindering upward mobility for those born into disadvantaged positions. The persistence of these inequalities suggests a more complex, and less optimistic, narrative than simple individual effort allows.",131,ai_neutral,AI,Social Class
"The concept of social class frequently feels abstract, a statistic in a report, until it manifests in the everyday choices available – or unavailable – to individuals. Consider the seemingly simple decision of pursuing higher education. For some, it’s a given, a natural progression. For others, it’s a calculation weighed against immediate financial needs, family obligations, and the daunting prospect of accumulating significant debt. This isn’t a matter of lacking ambition, but of navigating a system where opportunity is profoundly stratified. The cumulative effect of these micro-decisions, repeated across countless lives, reinforces existing class structures, creating a self-perpetuating cycle that’s difficult to break. It’s a quiet, insidious form of inequality, often masked by narratives of personal responsibility.",117,ai_neutral,AI,Social Class
"“Class is not about having a fancy car or a big house,” the sociologist Pierre Bourdieu argued, “it’s about having a particular set of tastes and dispositions.” This observation cuts to the heart of how social class operates beyond mere material wealth. It’s about the cultivation of ‘cultural capital’ – knowledge, habits, and preferences that signal belonging to a particular group. These aren’t innate qualities, but learned behaviors, often unconsciously absorbed through upbringing. Someone from a privileged background might instinctively feel comfortable in certain social settings, understand unspoken rules, and possess the confidence to navigate elite spaces, not because of superior intelligence, but because of ingrained cultural fluency. This subtle advantage can be profoundly impactful, shaping career trajectories and social networks.",121,ai_neutral,AI,Social Class
"Observing the increasing polarization of modern society, it’s clear that social class is becoming less a ladder to climb and more a series of increasingly fortified silos. The decline of social mobility, coupled with the concentration of wealth at the very top, has created a situation where entire communities are effectively locked out of opportunity. This isn’t just an economic issue; it’s a breeding ground for resentment, distrust, and social unrest. When individuals feel that the system is rigged against them, and that their efforts are unlikely to yield meaningful results, the social fabric begins to fray. Addressing this requires more than just economic policies; it demands a fundamental re-evaluation of our values and a commitment to creating a more equitable society.",122,ai_neutral,AI,Social Class
"Imagine a city divided not by walls, but by access. Access to quality education, healthcare, safe neighborhoods, and even healthy food. This is the reality of social class in many contemporary urban environments. While overt discrimination may be less prevalent, systemic inequalities continue to shape life outcomes. The zip code one is born into often dictates the quality of schools attended, the prevalence of environmental hazards, and the availability of employment opportunities. This geographical stratification reinforces existing class divisions, creating pockets of concentrated disadvantage that are difficult to overcome. It’s a spatial manifestation of social inequality, a visible reminder of the uneven playing field upon which so many lives are lived.",111,ai_neutral,AI,Social Class
"Isn't it strange how often we talk about equality of opportunity, yet rarely acknowledge the deeply ingrained advantages – or disadvantages – conferred by social class at birth? The reality is that socioeconomic standing isn’t merely about income; it’s a complex web of inherited capital, encompassing financial resources, educational access, social networks, and even cultural knowledge. These factors compound over generations, creating significant barriers to upward mobility for those born into lower classes, and simultaneously reinforcing the positions of those already privileged. This isn’t to suggest individual effort is irrelevant, but rather to highlight the systemic forces that dramatically shape life trajectories, often before individuals have any agency in the matter. The illusion of a meritocracy obscures the persistent impact of class on everything from health outcomes to career prospects.",130,ai_neutral,AI,Social Class
"The chipped Formica of the diner booth felt colder than usual, mirroring the chill in Maria’s voice as she described her daughter’s college application process. She worked two jobs, tirelessly advocating for scholarships and financial aid, yet the unspoken weight of their working-class background hung heavy in the air. It wasn’t a lack of intelligence or ambition that threatened her daughter’s dreams, but a subtle, pervasive bias – a sense among admissions committees that certain zip codes simply didn’t “fit.” This illustrates a crucial point: social class operates not just through overt economic barriers, but through a complex system of cultural capital and perceived worth. The ability to navigate elite institutions, to speak the “right” way, to possess the “right” experiences, often proves more valuable than academic achievement alone.",129,ai_neutral,AI,Social Class
"Consider the concept of ‘taste’ – often presented as a purely individual preference. However, Pierre Bourdieu argued convincingly that taste is fundamentally a class marker. What we deem ‘sophisticated’ or ‘refined’ is often determined by exposure and upbringing, cultivated within specific social contexts. A preference for classical music, for example, isn’t inherently superior to enjoying pop, but it *signals* a certain level of cultural capital, historically associated with higher social classes. This isn’t about judging individual choices, but recognizing how seemingly neutral preferences are deeply intertwined with social stratification. The power to define ‘good’ taste, and to reward it with social status, reinforces existing inequalities and perpetuates class distinctions.",109,ai_neutral,AI,Social Class
"“We are all equal,” the politician declared, a sentiment that rings hollow to anyone who has experienced the realities of class division. The truth is, social class profoundly impacts our access to basic necessities, extending far beyond financial wealth. It influences the quality of our schools, the safety of our neighborhoods, and even the air we breathe. Communities burdened by poverty often face disproportionate exposure to environmental hazards, limited access to healthcare, and underfunded public services. This creates a cycle of disadvantage, where systemic inequalities actively undermine the health and well-being of those already struggling. Ignoring these disparities isn’t simply a matter of social injustice; it’s a public health crisis.",110,ai_neutral,AI,Social Class
"Reflecting on my own upbringing, I realize how subtly class shaped my expectations and opportunities. While never lacking for essentials, a certain anxiety about financial security was always present, a quiet hum beneath the surface of daily life. This contrasted sharply with the seemingly effortless confidence of classmates whose families possessed generational wealth. It wasn’t about envy, but about recognizing a fundamental difference in the psychological freedom to take risks, to pursue passions without the constant pressure of economic survival. This invisible weight, this internalized sense of limitation, is a common experience for those navigating the complexities of social class, and it’s a powerful reminder of the enduring impact of socioeconomic background.",112,ai_neutral,AI,Social Class
"Is it truly possible to believe in meritocracy when the starting lines are so drastically unequal? Social class, at its core, isn’t simply about income; it’s a complex web of inherited advantages and disadvantages woven through generations. Access to quality education, healthcare, and even social networks are profoundly shaped by the circumstances of one’s birth. This creates a self-perpetuating cycle where privilege begets privilege, and disadvantage reinforces disadvantage. While individual effort undoubtedly plays a role, to ignore the systemic barriers faced by those from lower socioeconomic backgrounds is to perpetuate a harmful myth of equal opportunity. The consequences extend beyond economic disparity, impacting health outcomes, civic engagement, and overall life expectancy, demonstrating a deeply ingrained societal stratification.",117,ai_neutral,AI,Social Class
"The persistent narrative that social mobility is readily available often obscures a more troubling reality: class consciousness is alive and well, albeit often subtly expressed. Rather than overt displays of hierarchy, contemporary class distinctions manifest in cultural capital – the knowledge, habits, and tastes valued by the dominant class. This can range from preferred leisure activities and consumption patterns to the way individuals communicate and navigate social situations. Those lacking this cultural capital may experience subtle forms of exclusion, hindering their advancement even when possessing comparable skills and qualifications. This isn’t necessarily intentional malice, but a consequence of systems that implicitly reward conformity to established norms, effectively maintaining existing power structures.",111,ai_neutral,AI,Social Class
"Consider the seemingly innocuous choice of neighborhood. Where a person grows up isn’t random; it’s largely determined by their family’s economic standing. This geographical sorting has cascading effects on opportunity. Schools in wealthier areas are typically better funded, offering superior resources and attracting more experienced teachers. Exposure to diverse networks and role models is also significantly greater. Consequently, children from disadvantaged neighborhoods often face an uphill battle, not due to a lack of potential, but due to a lack of access. This spatial dimension of social class highlights how deeply embedded inequality is within the very fabric of our communities, shaping life trajectories from a young age.",107,ai_neutral,AI,Social Class
"“Class is not about having a fancy car or a big house,” the sociologist Pierre Bourdieu argued, “it’s about what you *do* with what you have.” This perspective shifts the focus from material possessions to the strategies individuals employ to navigate their social environment. Those with greater resources can afford to invest in activities that enhance their social standing – private tutoring, elite extracurriculars, even simply the ability to volunteer without sacrificing income. Conversely, individuals from lower classes may be forced to prioritize immediate needs over long-term investments, limiting their opportunities for upward mobility. It’s a matter of agency constrained by circumstance, and the subtle ways in which resources shape choices.",111,ai_neutral,AI,Social Class
"Observing the current political landscape, it’s impossible to ignore the role social class plays in shaping political attitudes and behaviors. Economic anxieties and feelings of being left behind have fueled populist movements across the globe. While these movements often present themselves as anti-establishment, they frequently exploit existing class resentments, sometimes diverting attention from systemic issues and towards scapegoating. Furthermore, political representation itself is often skewed, with individuals from higher socioeconomic backgrounds disproportionately represented in positions of power. This creates a feedback loop where the concerns of the working class are often marginalized or ignored, further exacerbating feelings of alienation and disenfranchisement.",101,ai_neutral,AI,Social Class
"Is it truly possible to believe in meritocracy when the starting lines are so drastically unequal? Social class, in the 21st century, isn’t simply about income; it’s a complex web of inherited advantages – access to quality education, healthcare, social networks, and even cultural capital. These aren’t easily quantifiable, yet they profoundly shape life trajectories. A child born into privilege isn’t necessarily *more* talented, but they’re afforded opportunities to cultivate and demonstrate their potential in ways unavailable to others. This creates a self-perpetuating cycle, where advantage begets advantage, and disadvantage reinforces itself. The illusion of social mobility often masks the deeply entrenched structural barriers that prevent genuine upward movement for those born into lower socioeconomic strata, fostering resentment and hindering societal progress.",122,ai_neutral,AI,Social Class
"The persistent stratification of society into social classes isn’t a bug in the system, but a feature – a consequence of how resources are distributed and power is maintained. From a purely economic perspective, class structures create demand. A significant portion of consumer spending is driven by the aspirations of those attempting to climb the social ladder, fueling industries that cater to status and perceived success. This dynamic, however, also generates significant inequality, concentrating wealth at the top while leaving many struggling to meet basic needs. The pursuit of upward mobility, therefore, becomes a powerful economic engine, simultaneously driving growth and exacerbating the very disparities it seeks to overcome.",109,ai_neutral,AI,Social Class
"“Class is not about having the right clothes; it’s about knowing the right people,” a cynical observation that, while reductive, highlights a crucial element often overlooked in discussions of socioeconomic status. Social capital – the networks of relationships and connections – is arguably as important as financial capital. Knowing someone who can offer an internship, a job opportunity, or simply a valuable piece of advice can be transformative. These networks are often built along class lines, creating exclusive circles that reinforce existing inequalities. Breaking into these circles requires navigating unspoken rules and cultural norms, a challenge that can be particularly daunting for those from different backgrounds.",106,ai_neutral,AI,Social Class
"Consider the subtle ways social class manifests in everyday life – not in grand displays of wealth, but in the choices we make, the anxieties we carry, and the expectations placed upon us. The pressure to afford organic food, participate in extracurricular activities, or live in a “good” school district are all manifestations of class-based anxieties. These aren’t necessarily about genuine need, but about maintaining a certain social standing and ensuring future opportunities for children. This constant striving can be exhausting, creating a sense of precarity even for those who appear to be financially secure, and a pervasive feeling of inadequacy for those who cannot keep pace.",107,ai_neutral,AI,Social Class
"Philosophically, the concept of social class challenges the notion of individual autonomy. While we often celebrate self-reliance and the power of individual choice, the reality is that our opportunities are profoundly shaped by the circumstances of our birth. To what extent can we truly claim to be “self-made” when our starting point is so heavily influenced by factors beyond our control? Recognizing the impact of social class isn’t about diminishing individual effort, but about acknowledging the systemic forces that create unequal playing fields. It’s a necessary step towards building a more just and equitable society, one that values opportunity for all, not just for a privileged few.",107,ai_neutral,AI,Social Class
"Is the pursuit of a life partner still governed by societal expectations, or have modern dating apps truly democratized marriage prospects? Increasingly, the factors influencing who we choose – and who chooses us – are complex and often contradictory. While financial stability remains a practical consideration for many, emotional intelligence, shared values, and long-term compatibility are frequently prioritized, particularly amongst younger generations. The rise of blended families and later marriages also shifts the landscape, meaning “good prospects” aren’t necessarily defined by age or conventional milestones. Furthermore, geographic limitations are lessening, with remote work and increased travel broadening potential partner pools. Ultimately, assessing marriage prospects now involves a nuanced evaluation of individual needs alongside evolving social norms, a far cry from purely pragmatic arrangements.",123,ai_neutral,AI,Marriage Prospects
"The data surrounding marriage prospects reveals a stark reality: educational attainment and socioeconomic status are powerfully predictive of marital outcomes. Individuals with bachelor’s degrees, and especially those with postgraduate qualifications, consistently demonstrate higher marriage rates and lower divorce rates. This isn’t necessarily about wealth, but rather the shared intellectual curiosity, future orientation, and resourcefulness often associated with higher education. Simultaneously, the decline of traditional industries and the rise of the gig economy create instability, impacting the perceived viability of potential partners. Consequently, a “good prospect” is often someone demonstrating career resilience, adaptability, and a commitment to continuous learning – qualities that signal long-term security in an unpredictable job market.",109,ai_neutral,AI,Marriage Prospects
"Consider the quiet desperation of someone actively seeking a partner in a smaller town, where options are limited and everyone knows everyone’s history. Marriage prospects in such environments are often defined by pre-existing social networks and family connections, creating a sense of inevitability – or, conversely, profound loneliness for those who don’t fit the established mold. The pressure to conform to local expectations can be immense, and the pool of potential partners may lack diversity in interests or values. This contrasts sharply with the perceived abundance of choice in urban centers, yet even there, the paradox of choice can lead to analysis paralysis and a constant feeling that a “better” option might be just a swipe away.",117,ai_neutral,AI,Marriage Prospects
"“We don’t marry people; we marry the idea of a future with them,” observes relationship therapist Esther Perel, and this sentiment underscores a crucial aspect of evaluating marriage prospects. It’s not simply about assessing a person’s current qualities, but about envisioning a shared trajectory – a life built together, navigating challenges, and supporting each other’s growth. This requires honest self-reflection: what are your non-negotiables? What compromises are you willing to make? And, crucially, can you genuinely see yourself thriving alongside this person, not just in the honeymoon phase, but through the inevitable complexities of long-term commitment? The most promising prospects aren’t necessarily the most exciting, but those who inspire a sense of calm confidence in the future.",117,ai_neutral,AI,Marriage Prospects
"From an evolutionary perspective, marriage prospects historically revolved around reproductive fitness and resource provision. While these instincts haven’t entirely disappeared, their expression has become significantly more subtle. Today, indicators of “good genes” might manifest as health consciousness, vitality, and a generally positive outlook. Resource provision, meanwhile, extends beyond financial wealth to encompass emotional support, intellectual stimulation, and a willingness to contribute to shared responsibilities. The modern assessment of a potential partner, therefore, involves a subconscious evaluation of these qualities – a search for someone who not only enhances our own well-being but also possesses the capacity to be a reliable and supportive co-parent, even if parenthood isn’t immediately on the horizon.",111,ai_neutral,AI,Marriage Prospects
"Is the pursuit of a life partner still governed by a calculated assessment of assets and potential, or has genuine connection truly superseded pragmatic considerations? Increasingly, marriage prospects aren’t solely evaluated on financial stability or social standing, though those factors undeniably remain relevant for some. Modern dating apps and social media present a dizzying array of choices, fostering a ‘shopping’ mentality where individuals curate profiles highlighting their best qualities. However, this abundance can paradoxically lead to analysis paralysis and a fear of settling. The emphasis now often leans towards shared values, emotional intelligence, and long-term compatibility – qualities harder to quantify but arguably more crucial for a lasting union. The ideal partner is less about *what* they have and more about *who* they are, though navigating that distinction remains a complex challenge.",132,ai_neutral,AI,Marriage Prospects
"The concept of “marriage prospects” feels inherently transactional, doesn’t it? Yet, even within relationships built on affection, a subtle cost-benefit analysis often occurs, consciously or not. This isn’t necessarily cynical; it’s a natural human tendency to assess future security and well-being. For many, particularly those from marginalized communities, practical considerations like healthcare access, shared cultural understanding, and family support are paramount. These aren’t superficial desires, but essential components of a stable and equitable partnership. Dismissing these concerns as materialistic overlooks the systemic barriers that necessitate such pragmatic evaluations. A ‘good’ marriage prospect, therefore, isn’t simply someone desirable, but someone who actively contributes to a more secure and fulfilling future, especially when facing societal disadvantages.",114,ai_neutral,AI,Marriage Prospects
"Consider the shifting landscape of expectations surrounding marriage itself. Where once marriage was often viewed as an economic necessity, particularly for women, it’s now frequently positioned as a capstone of personal fulfillment. This altered perspective dramatically impacts how individuals evaluate potential partners. The bar, in some ways, has been raised. People aren’t simply seeking someone to provide for them; they’re seeking a co-creator of a meaningful life, a source of intellectual stimulation, and an emotional confidant. Consequently, marriage prospects are judged not just on their ability to fulfill traditional roles, but on their capacity for personal growth, empathy, and shared adventure. This emphasis on individual happiness, while positive, can also create unrealistic expectations.",113,ai_neutral,AI,Marriage Prospects
"“To marry is to embark on a ship,” a contemporary relationship therapist recently observed, “and you need to be sure your crewmate can navigate the storms.” This analogy highlights the crucial element of resilience when assessing marriage prospects. Beyond initial attraction and shared interests, the ability to weather challenges – financial hardship, career setbacks, personal loss – is paramount. Individuals are increasingly looking for partners who demonstrate emotional maturity, effective communication skills, and a willingness to compromise. A history of healthy coping mechanisms and a demonstrated capacity for self-reflection are strong indicators of a partner’s ability to navigate the inevitable difficulties of long-term commitment. It’s not about finding someone *without* flaws, but someone equipped to address them constructively.",118,ai_neutral,AI,Marriage Prospects
"Often overlooked in discussions of marriage prospects is the influence of familial and social networks. While individual agency is vital, the approval – or disapproval – of close family and friends can significantly impact a relationship’s trajectory. This isn’t simply about pleasing others; it’s about recognizing the importance of social support systems. A partner who actively integrates into, and is accepted by, your existing network offers a layer of stability and shared values. Conversely, persistent friction with loved ones can create ongoing stress and undermine the foundation of the marriage. Therefore, evaluating marriage prospects requires considering not just the individual, but their potential fit within the broader context of your life and community.",113,ai_neutral,AI,Marriage Prospects
"Is the pursuit of a life partner still governed by a complex, often unspoken, economic calculus? Increasingly, the answer appears to be yes, though the metrics have shifted. While outright dowries and arranged unions are less common in many parts of the world, factors like educational attainment, career stability, and even debt levels heavily influence perceived “marriageability.” This isn’t necessarily a cynical assessment; individuals understandably seek partners who can contribute to a shared future, offering not just emotional support but also financial security. The rise of student loan debt, for example, has demonstrably altered dating preferences, with some studies showing a reluctance to date individuals carrying significant financial burdens. This pragmatic approach, while logical, can inadvertently create barriers for those who haven’t had the same opportunities, perpetuating existing inequalities.",129,ai_neutral,AI,Marriage Prospects
"The modern landscape of marriage prospects is profoundly shaped by the paradox of choice. Dating apps and online platforms present a seemingly endless stream of potential partners, yet this abundance often leads to analysis paralysis and a diminished sense of commitment. Individuals, confronted with so many options, may perpetually seek a “better” match, delaying or avoiding long-term relationships. This isn’t simply about superficiality; the constant exposure to curated profiles fosters unrealistic expectations and a tendency to focus on perceived flaws. The ease with which connections can be made and discarded also devalues the effort required to build genuine intimacy, contributing to a culture of disposable relationships where long-term prospects are overshadowed by the allure of the next potential swipe.",119,ai_neutral,AI,Marriage Prospects
"Consider the quiet pressure, often internalized, to align one’s romantic life with societal expectations. Despite progress towards greater acceptance of diverse relationship structures, a subtle but persistent narrative still equates singlehood with incompleteness. This pressure isn’t always overt; it manifests in well-meaning inquiries from family and friends, the constant portrayal of coupled bliss in media, and the implicit assumption that a fulfilling life *requires* a partner. Consequently, individuals may pursue marriage not solely out of desire, but out of a sense of obligation or a fear of being perceived as “left behind.” This external pressure can distort genuine feelings and lead to mismatched unions, ultimately diminishing the prospect of lasting happiness.",111,ai_neutral,AI,Marriage Prospects
"“Compatibility” is a deceptively simple term when evaluating marriage prospects. Beyond shared hobbies and values, true compatibility hinges on emotional intelligence, communication skills, and a willingness to navigate conflict constructively. These qualities, however, are often difficult to assess during the initial stages of courtship, when individuals tend to present idealized versions of themselves. A shared sense of humor or a mutual love of hiking might be readily apparent, but deeper compatibility requires vulnerability, honest self-reflection, and the ability to empathize with another’s perspective. Ignoring these crucial elements in favor of superficial attractions significantly reduces the likelihood of a successful, long-term partnership.",101,ai_neutral,AI,Marriage Prospects
"Reflecting on the evolving concept of marriage prospects reveals a shift from seeking a provider to seeking a co-creator. Historically, marriage often represented a practical arrangement – securing economic stability or social status. While these factors remain relevant, contemporary relationships increasingly prioritize personal growth, shared aspirations, and emotional fulfillment. Individuals now often seek partners who challenge them, support their ambitions, and contribute to a shared vision of a meaningful life. This emphasis on mutual development and intellectual connection suggests a move towards a more egalitarian and collaborative model of marriage, where the prospect of a fulfilling partnership is defined not by what one *receives* but by what one *builds* together.",110,ai_neutral,AI,Marriage Prospects
"Is the pursuit of a life partner still governed by practical considerations in the 21st century? While romantic love remains a powerful motivator, marriage prospects are frequently, and often subconsciously, evaluated through a lens of stability and future security. This isn’t necessarily cynical; rather, it reflects a rational assessment of long-term compatibility. Factors like financial compatibility, shared values regarding family and lifestyle, and career ambitions play significant roles. Increasingly, emotional intelligence and communication skills are prioritized, recognizing that a successful partnership requires more than just affection. The emphasis has shifted from ‘suitable’ based on social standing to ‘suitable’ based on mutual growth and shared life goals, though societal pressures and family expectations continue to exert influence, particularly across cultural divides.",120,ai_neutral,AI,Marriage Prospects
"The modern dating landscape, saturated with options and facilitated by technology, ironically complicates marriage prospects. Paradox of choice suggests that an abundance of potential partners can lead to analysis paralysis and decreased satisfaction. Individuals, presented with a seemingly endless stream of profiles, may perpetually seek an ‘ideal’ match, delaying commitment and fostering a sense of disposability. This contrasts sharply with previous generations where options were more limited, encouraging deeper investment in existing connections. Furthermore, the curated nature of online profiles often presents an idealized version of reality, leading to disappointment when expectations don’t align with the person encountered offline. Building genuine connection requires navigating this digital distortion and prioritizing authenticity.",110,ai_neutral,AI,Marriage Prospects
"Consider the evolving definition of ‘family’ – it’s no longer the universally accepted nuclear model. This shift profoundly impacts marriage prospects, as individuals increasingly prioritize finding a partner who aligns with their chosen family structure, whether that’s traditional, blended, or intentionally child-free. The desire for shared parenting philosophies, acceptance of step-children, or a mutual understanding of differing approaches to family involvement are now crucial considerations. Consequently, pre-marital counseling often focuses on navigating these complex dynamics, establishing clear expectations, and building a unified front. The emphasis is less on conforming to societal norms and more on creating a supportive and fulfilling family unit, however that may be defined.",107,ai_neutral,AI,Marriage Prospects
"“Marry someone you enjoy arguing with,” a surprisingly pragmatic piece of advice, highlights a crucial, often overlooked aspect of marriage prospects. Conflict is inevitable in any long-term relationship; the key isn’t avoiding it, but rather possessing the skills to navigate disagreements constructively. A partner who challenges your perspectives, encourages intellectual debate, and respects your boundaries, even during heated moments, is far more valuable than someone who always agrees. This suggests that compatibility isn’t about shared interests alone, but about a shared capacity for growth through disagreement. The ability to compromise, actively listen, and find mutually acceptable solutions are essential indicators of long-term relational success.",104,ai_neutral,AI,Marriage Prospects
"From an economic perspective, marriage prospects are increasingly intertwined with individual financial independence. While the traditional model of financial reliance on a spouse is fading, financial compatibility remains vital. This isn’t simply about income levels, but about shared financial values, spending habits, and long-term financial goals. Individuals entering marriage with significant debt, differing attitudes towards saving, or a lack of financial transparency are statistically more likely to experience conflict. The rise of dual-income households and women’s increasing economic empowerment have shifted the power dynamic, making financial equality and mutual respect for financial decisions crucial components of a healthy partnership.",99,ai_neutral,AI,Marriage Prospects
"Is the pursuit of a life partner still governed by a complex, often unspoken, economic calculus? Increasingly, the answer appears to be yes, though the metrics have shifted. While dowries and inherited wealth once dominated considerations, modern marriage prospects are heavily influenced by educational attainment, career stability, and projected earning potential. This isn’t necessarily a cynical calculation; individuals understandably seek partners who can contribute to a shared future, offering not just emotional support but also financial security. The rise of student debt, the increasing cost of living, and the delayed timelines for achieving financial independence all contribute to this pragmatic assessment. Consequently, compatibility extends beyond shared interests to encompass compatible financial trajectories, creating a subtle but powerful pressure to ‘marry well’ in a contemporary sense.",125,ai_neutral,AI,Marriage Prospects
"The concept of a “marriage market” – a space where individuals are assessed and valued based on perceived desirability – isn’t new, but its digital manifestation through dating apps has fundamentally altered the landscape of marriage prospects. Algorithms now curate potential partners based on stated preferences, but also subtly reinforce societal biases regarding age, appearance, and socioeconomic status. This curated selection process can inadvertently narrow options, leading individuals to prioritize superficial qualities over deeper compatibility. Furthermore, the sheer volume of choice presented by these platforms can foster a sense of perpetual dissatisfaction, the belief that a ‘better’ option is always just a swipe away. The result is a paradox: increased access to potential partners coupled with a potentially diminished capacity for genuine connection.",123,ai_neutral,AI,Marriage Prospects
"From a philosophical perspective, the very notion of “good” marriage prospects hinges on differing views of love and commitment. If love is understood as a purely emotional experience, then prospects are evaluated based on feelings of attraction and connection. However, if marriage is viewed as a social contract, a practical arrangement for raising a family and building a life, then factors like shared values, responsibility, and long-term compatibility become paramount. This divergence in perspective highlights the inherent tension between romantic ideals and pragmatic realities. The ‘best’ prospect, therefore, isn’t a universal concept but rather a subjective assessment shaped by individual beliefs about the purpose and function of marriage itself.",109,ai_neutral,AI,Marriage Prospects
"Consider the impact of shifting demographics on marriage prospects. Declining birth rates in many developed nations, coupled with increasing life expectancy, are creating a demographic imbalance – a surplus of men in some regions and a shortage in others. This imbalance directly affects the availability of potential partners and can exacerbate existing social inequalities. Furthermore, increasing rates of divorce and cohabitation are altering traditional pathways to marriage, leading to a more fluid and less predictable landscape of relationship formation. Consequently, individuals may face a smaller pool of eligible partners, or encounter greater societal acceptance of alternative relationship models, challenging the conventional definition of ‘marriage prospects’ altogether.",106,ai_neutral,AI,Marriage Prospects
"“To marry is to embark on a grand experiment,” as the saying goes, and perhaps the most crucial element in assessing marriage prospects isn’t a checklist of desirable traits, but rather a willingness to navigate the inevitable uncertainties together. While practical considerations are important, an overemphasis on external factors can overshadow the essential qualities of resilience, empathy, and mutual respect. A strong partnership isn’t built on perfect compatibility, but on the ability to communicate effectively, compromise willingly, and support each other through challenges. Ultimately, the most promising prospect isn’t necessarily the one who *seems* ideal on paper, but the one with whom you can envision building a shared life, flaws and all.",112,ai_neutral,AI,Marriage Prospects
"Is the pursuit of a life partner still governed by societal expectations, or have modern dating apps truly democratized marriage prospects? Increasingly, the factors influencing who we choose – and who chooses us – are complex and often contradictory. While financial stability remains a practical consideration for many, emotional intelligence, shared values, and long-term compatibility are frequently prioritized, particularly amongst younger generations. The rise of blended families and later marriages also shifts the landscape, meaning “good prospects” aren’t necessarily defined by age or conventional milestones. Furthermore, geographic limitations are lessening; online platforms connect individuals across vast distances, broadening the potential pool of partners. Ultimately, successful marriage prospects now hinge less on fulfilling a checklist and more on finding someone who actively contributes to mutual growth and happiness.",127,ai_neutral,AI,Marriage Prospects
"The economic realities of the 21st century significantly impact marriage prospects, often in ways that are overlooked in romantic narratives. Student loan debt, housing costs, and job market instability create a precarious foundation for building a life together. Consequently, individuals may delay marriage, prioritize career advancement, or seek partners with comparable financial standing. This isn’t necessarily about materialism; it’s about pragmatic risk assessment. The ability to comfortably afford a home, healthcare, and potentially raise children are legitimate concerns that influence relationship timelines and partner selection. Moreover, the gender pay gap continues to play a role, subtly shaping expectations and power dynamics within potential unions. Therefore, assessing marriage prospects requires acknowledging the substantial economic pressures facing contemporary couples.",117,ai_neutral,AI,Marriage Prospects
"Consider the subtle, yet powerful, influence of social media on how we evaluate potential partners. Profiles become curated representations, highlighting idealized versions of ourselves and our lives. This creates a marketplace of carefully constructed images, where initial impressions are paramount. While platforms can facilitate connections, they also foster a culture of comparison and superficial judgment. Marriage prospects are, in a sense, “auditioned” through likes, comments, and carefully chosen photos. The pressure to present a desirable image can lead to dishonesty or a focus on external validation rather than genuine connection. This digital courtship ritual fundamentally alters the dynamics of attraction and compatibility, potentially prioritizing aesthetics over substance.",107,ai_neutral,AI,Marriage Prospects
"“Marry your best friend,” the adage suggests, but what does that actually *mean* in a world where friendships are increasingly diverse and fluid? The traditional model of finding a spouse within a close-knit community or social circle is fading. Now, many individuals form deep, platonic bonds with people of all genders and orientations. This challenges the conventional notion that a romantic partner must also fulfill the role of confidante and emotional support. Increasingly, people seek partners who *complement* their existing support systems, rather than being solely responsible for them. This shift suggests that strong, independent friendships are becoming a prerequisite for healthy marriage prospects, rather than a byproduct of them.",110,ai_neutral,AI,Marriage Prospects
"Observing generational trends reveals a fascinating divergence in marriage prospects. Baby Boomers and Generation X often prioritized marriage as a societal expectation and a pathway to stability. Millennials, however, witnessed higher divorce rates and economic uncertainty, leading to a more cautious approach. Generation Z, having grown up with readily available information and a greater emphasis on self-discovery, appears even more pragmatic. They prioritize personal fulfillment and career goals, viewing marriage as a conscious choice rather than an inevitable life stage. This evolving perspective suggests that future marriage prospects will be defined by a greater emphasis on individual autonomy, shared ambitions, and a willingness to redefine traditional relationship structures.",108,ai_neutral,AI,Marriage Prospects
"Is the pursuit of a life partner still governed by a calculated assessment of assets and potential, or has genuine connection truly superseded pragmatic considerations? Increasingly, marriage prospects aren’t solely about financial security or social standing, though those factors undeniably linger. Modern dating apps and social media present a bewildering array of choices, fostering a ‘shopping’ mentality where individuals curate profiles highlighting their best qualities. However, this abundance can paradoxically lead to analysis paralysis and a fear of settling. The emphasis now often falls on shared values, emotional intelligence, and long-term compatibility – qualities harder to quantify but arguably more crucial for a lasting union. The pressure to find ‘the one’ remains, but the definition of ‘one’ is evolving, becoming less about fulfilling societal expectations and more about individual happiness.",130,ai_neutral,AI,Marriage Prospects
"The concept of “marriage prospects” feels almost transactional when viewed through the lens of economic realities. While romance is often idealized, the practicalities of building a life together – housing, childcare, financial stability – are inescapable. For many, particularly women, a partner’s earning potential remains a significant, though often unspoken, consideration. This isn’t necessarily about gold-digging; it’s about acknowledging the persistent wage gap and the disproportionate burden of domestic labor that often falls on women. A partner with financial security can offer a degree of freedom and opportunity, allowing both individuals to pursue their goals without constant economic stress. Ignoring this aspect of compatibility is naive, even if it’s uncomfortable to discuss openly.",113,ai_neutral,AI,Marriage Prospects
"“You don’t just marry a person; you marry their family,” the old adage rings with a particular resonance when considering marriage prospects. Beyond the individual connection, assessing the dynamics of a potential partner’s family is vital. Are they supportive and welcoming, or critical and intrusive? Family values, communication styles, and even geographical proximity can significantly impact a marriage. A strained relationship with in-laws can create ongoing tension and resentment, eroding the foundation of the partnership. This isn’t about controlling who your partner associates with, but about realistically evaluating the potential for harmonious integration and understanding the broader network into which you’d be entering.",103,ai_neutral,AI,Marriage Prospects
"Consider, for a moment, the shifting landscape of commitment itself. The very idea of “marriage prospects” implies a linear path towards lifelong monogamy, a notion increasingly challenged by evolving societal norms. Alternatives like cohabitation, civil partnerships, and even conscious uncoupling are gaining acceptance, offering different frameworks for long-term relationships. Consequently, evaluating marriage prospects isn’t simply about finding someone to marry, but about finding someone with whom you can build a fulfilling and sustainable future, *regardless* of whether that future includes a traditional wedding ring. The focus is shifting from the institution of marriage to the quality of the relationship itself.",100,ai_neutral,AI,Marriage Prospects
"Often overlooked in discussions of marriage prospects is the crucial element of self-awareness. Before seeking a partner, individuals should honestly assess their own needs, values, and emotional maturity. What are your non-negotiables? What are you willing to compromise on? What baggage are you bringing to the table? A clear understanding of oneself is essential for identifying a compatible partner and building a healthy relationship. Without this introspection, the search for a life partner can become a projection of unmet needs and unrealistic expectations, leading to disappointment and repeated patterns of unhealthy relationships. True compatibility begins with knowing yourself.",98,ai_neutral,AI,Marriage Prospects
"Is the pursuit of a life partner still governed by a complex, often unspoken, economic calculus? Increasingly, the answer appears to be yes, though the metrics have shifted. While lineage and land ownership once dictated suitability, modern marriage prospects are heavily influenced by educational attainment, career stability, and projected earning potential. This isn’t necessarily a cynical assessment; individuals understandably seek partners who can contribute to a shared future, offering not just emotional support but also financial security. The rise of student debt, the increasing cost of living, and the delayed timelines for achieving traditional milestones like homeownership all contribute to this pragmatic approach. Consequently, compatibility extends beyond shared interests to encompass compatible financial trajectories, creating a landscape where ‘good prospects’ are often defined by economic viability.",126,ai_neutral,AI,Marriage Prospects
"The sheer volume of choice presented by modern dating apps ironically narrows the field of genuinely considered marriage prospects. Presented with a seemingly endless scroll of potential partners, individuals often fall prey to superficial judgments based on curated profiles. This ‘paradox of choice’ can lead to a constant search for something ‘better,’ hindering the development of deeper connections. Furthermore, the emphasis on self-presentation encourages a focus on projecting an idealised version of oneself, obscuring authentic qualities. Consequently, assessing long-term compatibility becomes significantly more challenging, as initial attraction is often based on carefully constructed facades rather than genuine shared values and life goals. The quest for a partner risks becoming a consumerist exercise, prioritizing options over investment.",116,ai_neutral,AI,Marriage Prospects
"Consider the subtle, yet pervasive, influence of social media on perceptions of desirable marriage prospects. Platforms like Instagram and TikTok cultivate aspirational lifestyles, shaping expectations about partners and relationships. Individuals are often evaluated not just on their personal qualities, but on their perceived ‘brand’ – their social presence, their network, and their ability to project success. This creates a pressure to present a visually appealing and socially validated partnership, potentially overshadowing the importance of emotional intimacy and intellectual connection. The curated perfection of online life can lead to unrealistic expectations, making genuine, imperfect individuals seem less appealing in comparison.",99,ai_neutral,AI,Marriage Prospects
"“Marry someone your mother would like,” the old adage suggests, and while seemingly outdated, it touches upon a crucial element often overlooked in contemporary discussions of marriage prospects: familial integration. Beyond individual compatibility, the ability to navigate and thrive within a partner’s family system is a significant predictor of long-term relationship success. This isn’t about blindly obeying parental wishes, but rather about assessing the potential for harmonious co-existence and mutual respect. A partner’s relationship with their family offers valuable insights into their communication style, conflict resolution skills, and overall emotional maturity. Ignoring this dimension can lead to unforeseen challenges and strain on the marital bond, even with a seemingly perfect individual match.",112,ai_neutral,AI,Marriage Prospects
"Reflecting on the concept of marriage prospects reveals a fundamental tension between individual desire and societal expectations. While we champion the idea of choosing a partner based on love and connection, external pressures – from family and friends to economic realities and social norms – inevitably shape our perceptions of ‘suitability.’ This isn’t necessarily negative; a degree of social alignment can contribute to stability and support. However, it’s crucial to be mindful of these influences, actively questioning whether our choices are driven by genuine affection or by a desire to conform to external standards. Ultimately, the most promising marriage prospect isn’t defined by a checklist of attributes, but by a shared vision for a fulfilling and authentically lived life together.",120,ai_neutral,AI,Marriage Prospects
"Is the pursuit of a life partner still governed by practical considerations in the 21st century? While romantic love remains a powerful motivator, marriage prospects are increasingly shaped by socioeconomic factors and individual ambition. The rising cost of living, student debt, and career demands often necessitate a degree of financial compatibility that wasn’t historically as central. Beyond mere income, shared values regarding financial management – saving versus spending, risk tolerance, and long-term goals – are becoming crucial filters. Furthermore, the increasing prevalence of dual-career households means potential partners are evaluated not just on their earning potential, but also on their willingness to support a partner’s professional growth and navigate the complexities of work-life balance. This isn’t to say love is dead, but rather that its expression is often intertwined with pragmatic realities.",132,ai_neutral,AI,Marriage Prospects
"The concept of a “good match” in terms of marriage prospects has undergone a radical shift, moving away from rigid societal expectations towards a more individualized assessment of emotional intelligence and communication skills. Where once lineage and social standing held sway, today’s singles prioritize compatibility in core values, conflict resolution styles, and shared interests. This emphasis stems from a growing understanding of the long-term impact of emotional connection on relationship satisfaction. Individuals are actively seeking partners who demonstrate empathy, active listening, and a willingness to engage in open and honest dialogue. The ability to navigate disagreements constructively, and to offer and receive emotional support, are now considered essential qualities, often outweighing superficial attractions or shared backgrounds.",116,ai_neutral,AI,Marriage Prospects
"“Marry your equal,” the old adage suggests, but defining ‘equal’ is far more nuanced than simply matching educational attainment or career level. Increasingly, marriage prospects are evaluated based on a perceived alignment of personal growth trajectories. Individuals aren’t necessarily seeking someone *already* at the same stage, but rather someone with a similar drive for self-improvement, intellectual curiosity, and a commitment to lifelong learning. This shared ambition fosters a dynamic where both partners continually challenge and support each other, preventing stagnation and promoting mutual evolution. A partner who actively seeks personal development, whether through formal education, creative pursuits, or simply a willingness to embrace new experiences, is often seen as a more desirable long-term companion.",114,ai_neutral,AI,Marriage Prospects
"Observing current dating trends reveals a fascinating paradox: while access to potential partners has never been greater, the perceived pool of viable marriage prospects often feels surprisingly limited. This isn’t necessarily due to a scarcity of eligible individuals, but rather a heightened awareness of dealbreakers and a reluctance to compromise on core values. The proliferation of dating apps, while offering convenience, can also foster a “shopping” mentality, encouraging superficial judgments and a constant search for something “better.” This can lead to a cycle of fleeting connections and a difficulty in committing to a partner who doesn’t perfectly align with an idealized vision. The pressure to find “the one” can ironically hinder the development of meaningful relationships.",116,ai_neutral,AI,Marriage Prospects
"From a purely statistical standpoint, marriage prospects are heavily influenced by demographic shifts and evolving social norms. Declining birth rates in many developed nations, coupled with increasing rates of divorce, are altering the composition of the marriage market. This creates a situation where certain demographics – particularly highly educated women – may face a smaller pool of potential partners who meet their criteria. Simultaneously, changing attitudes towards marriage itself, including the rise of cohabitation and the acceptance of singlehood, are reducing the societal pressure to marry. Consequently, individuals are becoming more selective and willing to remain unmarried if they don’t find a partner who genuinely enhances their life, rather than simply fulfilling a societal expectation.",115,ai_neutral,AI,Marriage Prospects
"Is the pursuit of a life partner still governed by economic realities, even in an age of supposed romantic freedom? Increasingly, marriage prospects aren’t solely about affection or shared values, but a complex calculation of financial stability and future security. While overt “marrying up” may be less discussed, the subtle influence of socioeconomic status remains potent. Individuals often subconsciously gravitate towards partners whose career paths and earning potential align with their own aspirations, or offer a perceived advantage. This isn’t necessarily cynical; it’s a pragmatic response to the escalating costs of living and the desire for a comfortable future. The pressure to maintain a certain lifestyle, coupled with student loan debt and housing insecurity, subtly reshapes the landscape of romantic choice, making financial compatibility a surprisingly significant factor.",128,ai_neutral,AI,Marriage Prospects
"The sheer volume of choice presented by modern dating apps ironically diminishes genuine marriage prospects. Paradox of choice suggests that an abundance of options can lead to analysis paralysis and decreased satisfaction. Faced with endless profiles, individuals become more focused on perceived imperfections and less willing to invest in building a connection. This constant scanning for “better” alternatives fosters a disposable mindset towards relationships, hindering the development of the deep emotional bonds necessary for long-term commitment. The curated nature of online profiles further exacerbates the problem, presenting idealized versions of individuals that rarely align with reality, ultimately creating unrealistic expectations and a cycle of disappointment.",105,ai_neutral,AI,Marriage Prospects
"From a purely evolutionary perspective, marriage prospects hinge on demonstrating reproductive fitness – though this manifests very differently today. Historically, this meant physical strength and resourcefulness. Now, it translates into indicators of good health, emotional stability, and the capacity to provide and nurture. These aren’t necessarily conscious calculations, but deeply ingrained biological preferences. Successful individuals, those who demonstrate ambition, intelligence, and social competence, are often perceived as more desirable partners because they signal an increased likelihood of successfully raising offspring. This isn’t to say love isn’t real, but rather that underlying biological drives continue to shape our attraction and mate selection processes, even in the 21st century.",107,ai_neutral,AI,Marriage Prospects
"“To marry is to embark on a ship,” as George Bernard Shaw observed, and the current marital landscape feels less like a grand voyage and more like navigating a minefield of differing expectations. A significant impediment to solidifying marriage prospects lies in the widening gap between individual aspirations and societal norms. Many delay or forgo marriage altogether, prioritizing career advancement, personal fulfillment, and financial independence. This shift challenges traditional gender roles and expectations surrounding commitment, creating uncertainty and potential conflict within relationships. The negotiation of these evolving values – who handles finances, childcare, household responsibilities – becomes a crucial determinant of a relationship’s long-term viability.",105,ai_neutral,AI,Marriage Prospects
"Consider the impact of delayed gratification on marriage prospects. Generations past often married young, driven by social pressure and economic necessity. Today, extended periods of education and career building are the norm, pushing marriage further down the timeline. While this allows for greater personal development, it also creates a different set of challenges. Individuals entering marriage later in life may be more set in their ways, less adaptable to compromise, and more focused on maintaining established lifestyles. This can make the process of building a shared life more difficult, requiring a higher degree of emotional maturity and a willingness to renegotiate deeply held beliefs and habits.",106,ai_neutral,AI,Marriage Prospects
"Is it truly possible to prepare a child for a world brimming with uncertainty? Parental duty, at its core, isn’t about shielding offspring from hardship, but equipping them with the resilience to navigate it. This means fostering not just academic skills, but emotional intelligence – the capacity to understand and manage feelings, both their own and those of others. It demands modeling healthy coping mechanisms, demonstrating vulnerability alongside strength, and allowing for age-appropriate risk-taking. The modern landscape necessitates adaptability; therefore, parents must prioritize critical thinking and problem-solving skills over rote memorization. Ultimately, the most profound act of parental duty isn’t providing a perfect life, but cultivating a capable, compassionate individual ready to contribute meaningfully to an imperfect world.",118,ai_neutral,AI,Parental Duty
"The legal definition of parental responsibility – financial support, healthcare decisions, educational oversight – barely scratches the surface of what’s truly required. Consider the subtle, often invisible work of identity formation. A parent’s duty extends to creating a safe space for a child to explore their interests, even those that diverge from familial expectations. This necessitates active listening, genuine curiosity, and a willingness to relinquish control over the narrative of who the child *should* be. It’s about recognizing that a child is not an extension of the parent, but a unique individual deserving of autonomy and the freedom to define their own values and aspirations. Failing to acknowledge this intrinsic individuality represents a significant abdication of parental duty.",118,ai_neutral,AI,Parental Duty
"“Children have never been very good at listening to their elders, but they have never failed to imitate them,” James Baldwin observed, and within that lies a powerful truth about parental duty. More than lectures or rules, children learn by observing the behaviors, attitudes, and values modeled by their parents. This places an immense responsibility on caregivers to embody the qualities they wish to instill. If a parent advocates for kindness but consistently displays impatience, the message is profoundly diluted. Parental duty, therefore, isn’t simply about *telling* children how to live, but *showing* them, through consistent action and self-reflection. It’s a constant performance of the ideals one hopes to see reflected in the next generation.",115,ai_neutral,AI,Parental Duty
"Often framed as a unidirectional obligation – parent to child – parental duty is, in reality, a dynamic, reciprocal process. While adults initiate care, children offer invaluable lessons in empathy, patience, and the sheer joy of discovery. Recognizing this mutual exchange is crucial. A parent rigidly adhering to a pre-conceived notion of ‘good parenting’ risks missing opportunities for growth and connection. True parental duty involves a willingness to learn *from* the child, to adapt one’s approach based on their evolving needs, and to acknowledge the inherent wisdom within their perspective. It’s a partnership, albeit an unequal one, built on mutual respect and understanding.",103,ai_neutral,AI,Parental Duty
"Looking beyond immediate needs, parental duty extends into the realm of societal responsibility. Raising a child isn’t merely about ensuring their individual success; it’s about cultivating a future citizen equipped to address complex global challenges. This demands instilling a sense of social justice, environmental awareness, and civic engagement. Parents have a duty to expose their children to diverse perspectives, encourage critical analysis of information, and foster a commitment to ethical behavior. It’s about nurturing not just a well-adjusted individual, but a conscientious member of a global community, prepared to contribute to a more equitable and sustainable future.",97,ai_neutral,AI,Parental Duty
"Is it truly possible to fully prepare a child for a world brimming with uncertainty? Parental duty, at its core, isn’t about shielding offspring from hardship, but equipping them with the resilience to navigate it. This means fostering not just academic intelligence, but emotional literacy – the ability to understand and manage their own feelings, and empathize with others. It demands a willingness to allow for failure, framing missteps not as defeats, but as invaluable learning opportunities. The modern landscape necessitates adaptability; rigid adherence to pre-defined paths is less valuable than cultivating a growth mindset. Ultimately, the most profound act of parental duty lies in empowering children to become self-sufficient, compassionate individuals capable of shaping their own destinies, even when those destinies diverge from parental expectations.",126,ai_neutral,AI,Parental Duty
"The concept of parental duty often feels weighted with expectation, a societal pressure to ‘get it right.’ However, reducing it to a checklist of achievements – good grades, successful careers – fundamentally misses the point. Instead, consider duty as a continuous process of attunement. It’s about consistently observing a child’s unique needs, recognizing their evolving personality, and responding with thoughtful, individualized support. This isn’t about helicopter parenting or over-indulgence, but about providing a secure base from which they can explore, experiment, and ultimately, define themselves. Acknowledging personal limitations as a parent – admitting when you’re wrong, seeking guidance when needed – models humility and authenticity, qualities arguably more vital than any academic accomplishment.",113,ai_neutral,AI,Parental Duty
"“Children have never been very good at listening to their elders, but they have never failed to imitate them,” James Baldwin observed, and within that lies a powerful truth about parental duty. More than lectures or rules, children absorb the values and behaviors modeled by their parents. If a parent prioritizes kindness, integrity, and lifelong learning, those qualities are far more likely to take root than any imposed moral code. This places a significant responsibility on parents to actively cultivate the traits they wish to see in their children, acknowledging that their actions speak louder than words. It’s a subtle, often unconscious form of teaching, demanding self-awareness and a commitment to personal growth.",113,ai_neutral,AI,Parental Duty
"Frequently, discussions around parental duty center on what parents *give* to their children – resources, opportunities, guidance. But a crucial, often overlooked aspect is what parents *withhold*. The ability to delay gratification, to tolerate discomfort, to navigate frustration independently – these are essential life skills that are developed through experiencing appropriate challenges. Over-protection, while stemming from love, can inadvertently hinder a child’s development of self-reliance and problem-solving abilities. Parental duty, therefore, includes the courage to allow children to struggle, to make mistakes, and to learn from the consequences, fostering a sense of agency and inner strength.",96,ai_neutral,AI,Parental Duty
"Imagine parental duty not as a fixed obligation, but as a dynamic contract, renegotiated throughout a child’s life. What a toddler needs – constant supervision and basic care – differs drastically from what a teenager requires – space for autonomy and respectful dialogue. This evolving nature demands flexibility and a willingness to adapt parenting strategies as a child matures. It necessitates active listening, genuine curiosity about their inner world, and a commitment to understanding their perspectives, even when they clash with your own. Failing to acknowledge this shifting landscape can lead to resentment, disconnection, and ultimately, a breakdown in the parent-child relationship, undermining the very foundation of parental duty.",109,ai_neutral,AI,Parental Duty
"Is it truly possible to prepare a child for a world brimming with uncertainty? Parental duty, at its core, isn’t about shielding offspring from hardship, but equipping them with the resilience to navigate it. This necessitates fostering independence, not through abrupt abandonment, but through carefully calibrated challenges. A child allowed to stumble, to experience the sting of minor failures, learns self-reliance and problem-solving skills far more effectively than one perpetually cushioned from discomfort. The modern understanding of this responsibility extends beyond basic needs; it demands cultivating emotional intelligence, critical thinking, and a strong moral compass – tools essential for thriving in a complex society. Ultimately, the most profound act of parental duty is preparing a child not for *our* world, but for the one *they* will inherit.",127,ai_neutral,AI,Parental Duty
"The quiet moments often reveal the most significant aspects of parental duty. It isn’t the grand gestures – the expensive gifts or elaborate vacations – that define it, but the consistent, often unnoticed, investments of time and attention. Listening without judgment, offering a safe space for vulnerability, and simply *being present* during both triumphs and setbacks are the cornerstones of a nurturing environment. This isn’t about helicopter parenting or micromanaging; it’s about establishing a secure base from which a child can explore, learn, and grow. A parent’s unwavering support, demonstrated through consistent emotional availability, builds a foundation of trust and self-worth that will serve the child throughout their life.",109,ai_neutral,AI,Parental Duty
"“Children have never been very good at listening to their elders, but they have never failed to imitate them,” James Baldwin observed, and within that lies a powerful truth about parental duty. More than any lecture or instruction, children learn by observing the behaviors, values, and attitudes of their parents. If a parent consistently demonstrates kindness, empathy, and integrity, those qualities are far more likely to be absorbed than any explicitly taught lesson. This places a significant burden on parents to model the behavior they wish to see in their children, demanding self-awareness and a commitment to personal growth. Parental duty, therefore, isn’t just about shaping a child; it’s about continually refining oneself.",113,ai_neutral,AI,Parental Duty
"Consider the long arc of a life: parental duty isn’t a finite task completed upon a child’s eighteenth birthday, but a continuing commitment that evolves alongside their development. While the nature of support shifts from providing physical care to offering guidance and encouragement, the underlying responsibility remains. This ongoing involvement acknowledges that adulthood doesn’t equate to complete independence, and that children, regardless of age, often benefit from the wisdom and perspective of their parents. It’s a recognition that the parent-child relationship is a lifelong bond, characterized by mutual respect, understanding, and a willingness to offer support when needed – a quiet, enduring presence throughout the journey.",106,ai_neutral,AI,Parental Duty
"Frequently, discussions of parental duty center on rights – the rights of parents to raise their children according to their beliefs. However, a more nuanced perspective emphasizes responsibility, specifically the responsibility to foster a child’s autonomy. This means respecting their individuality, encouraging their passions, and allowing them to make their own choices, even if those choices differ from the parent’s expectations. It requires a delicate balance between guidance and freedom, recognizing that the ultimate goal isn’t to create a miniature version of oneself, but to empower a unique individual to reach their full potential. True parental duty lies in facilitating self-discovery, not imposing pre-determined paths.",105,ai_neutral,AI,Parental Duty
"Is it truly possible to prepare a child for a world brimming with uncertainty? Parental duty, at its core, isn’t about shielding offspring from hardship, but equipping them with the resilience to navigate it. This necessitates fostering independence, not through abrupt abandonment, but through carefully calibrated challenges. A child allowed to stumble, to experience the sting of failure within a supportive framework, learns self-reliance and problem-solving skills far more effectively than one perpetually cushioned from discomfort. The modern understanding of responsible parenting shifts away from control and towards empowerment, recognizing that the ultimate goal isn’t to dictate a child’s path, but to provide them with the tools to forge their own, even if that path diverges from parental expectations. It’s a delicate balance, demanding foresight and a willingness to relinquish some measure of authority.",134,ai_neutral,AI,Parental Duty
"The often-unspoken aspect of parental duty extends beyond the tangible – food, shelter, education – and delves into the realm of emotional literacy. Children aren’t born with an innate understanding of their feelings, or the feelings of others; these are learned through observation and, crucially, through empathetic responses from their caregivers. A parent’s ability to validate a child’s emotions, even those that seem irrational or inconvenient, is paramount. Dismissing sadness, anger, or fear as “silly” or “overdramatic” doesn’t extinguish those feelings, but rather teaches the child to suppress them, potentially leading to long-term emotional difficulties. Cultivating a safe space for vulnerability, where a child feels comfortable expressing their inner world without judgment, is a fundamental, and often overlooked, component of responsible parenting.",122,ai_neutral,AI,Parental Duty
"“It takes a village to raise a child,” the proverb suggests, and while the sentiment remains potent, the primary responsibility still rests with parents. However, acknowledging this duty doesn’t necessitate isolation. Effective parenting involves recognizing personal limitations and actively seeking support – whether from family, friends, or professional resources. To believe one must navigate the complexities of child-rearing alone is not strength, but a potentially damaging form of pride. Furthermore, a parent’s own well-being is inextricably linked to their ability to provide consistent, nurturing care. Prioritizing self-care isn’t selfish; it’s a necessary investment in the child’s future, ensuring the parent has the emotional and mental capacity to meet their needs.",110,ai_neutral,AI,Parental Duty
"Consider the long-term consequences: parental duty isn’t simply about the present moment, but about shaping the adults our children will become. This requires instilling a strong moral compass, not through rigid rules and punishments, but through modeling ethical behavior. Children are remarkably astute observers, and they learn far more from what we *do* than from what we *say*. Demonstrating honesty, integrity, and compassion in our own lives provides a powerful, albeit subtle, lesson in character development. It’s about fostering a sense of social responsibility, encouraging empathy, and cultivating a commitment to making a positive contribution to the world – values that extend far beyond the confines of the family home.",110,ai_neutral,AI,Parental Duty
"Frequently, discussions around parental duty center on what *should* be done, overlooking the inherent messiness of reality. Perfection is an unattainable, and ultimately unhelpful, goal. Acknowledging that mistakes will be made – and openly apologizing for them – is a crucial lesson in humility and accountability. Children benefit from witnessing their parents navigate challenges, learn from failures, and demonstrate resilience in the face of adversity. This normalizes imperfection and fosters a growth mindset, teaching them that setbacks are not endpoints, but opportunities for learning and improvement. The most valuable gift a parent can offer isn’t a flawless upbringing, but a genuine, authentic relationship built on mutual respect and understanding.",109,ai_neutral,AI,Parental Duty
"Is it truly possible to fully prepare a child for a world brimming with uncertainty? Parental duty, at its core, isn’t about shielding offspring from hardship, but equipping them with the resilience to navigate it. This extends beyond providing basic needs; it necessitates fostering critical thinking, emotional intelligence, and a strong moral compass. Modern parenting often fixates on achievement – grades, extracurriculars, future careers – yet overlooks the crucial development of inner strength. A truly responsible parent understands that failure is inevitable, and their role isn’t to prevent it, but to help their child learn from it, building a foundation of self-reliance and adaptability. The long-term goal isn’t a ‘successful’ child by societal standards, but a well-adjusted, compassionate human being.",120,ai_neutral,AI,Parental Duty
"The concept of parental duty has evolved dramatically alongside societal shifts, moving from a primarily economic imperative – ensuring the continuation of the family line and workforce – to a far more nuanced psychological one. Historically, obedience and conformity were paramount; children were expected to follow predetermined paths. Today, however, a significant aspect of responsible parenting involves supporting a child’s individual identity and aspirations, even if those diverge from parental expectations. This requires a delicate balance: providing guidance and boundaries while simultaneously fostering autonomy and self-discovery. It’s a recognition that children aren’t simply extensions of their parents, but unique individuals deserving of the space to become themselves.",107,ai_neutral,AI,Parental Duty
"“Children have never been very good at listening to their elders, but they have never failed to imitate them,” James Baldwin observed, and within that lies a profound truth about parental duty. More than any lecture or instruction, children learn by observing their parents’ actions, their values, and their responses to the world. A parent who advocates for kindness but consistently displays cynicism will inadvertently teach their child hypocrisy. Therefore, responsible parenting demands self-reflection and a commitment to modeling the behaviors one wishes to instill. It’s a constant, often unconscious, performance, where integrity and authenticity are the most valuable lessons. The weight of influence is immense, and parents must acknowledge the power of their example.",115,ai_neutral,AI,Parental Duty
"From a purely practical standpoint, parental duty encompasses a complex web of logistical and financial responsibilities. Beyond the immediate needs of food, shelter, and healthcare, it involves long-term planning – education savings, future care considerations, and ensuring a stable environment. However, reducing parental duty solely to these tangible elements overlooks the equally important, though less quantifiable, investment of time and emotional energy. Consistent presence, active listening, and genuine engagement are crucial for a child’s healthy development. It’s a demanding commitment, often requiring significant personal sacrifice, but one that fundamentally shapes a child’s sense of security and belonging.",97,ai_neutral,AI,Parental Duty
"Consider the ethical implications: does parental duty extend beyond a child’s majority? While legal obligations typically cease at eighteen, the moral responsibility to offer support and guidance often persists. This isn’t about enabling dependence, but recognizing that young adulthood is a period of significant transition and vulnerability. A responsible parent understands that launching a child into the world doesn’t absolve them of all responsibility, but rather shifts its focus. Offering a safety net, providing mentorship, and remaining a source of unconditional support – these are all expressions of continued parental duty, acknowledging the enduring bond and the ongoing need for connection.",101,ai_neutral,AI,Parental Duty
"Is it truly possible to prepare a child for a world brimming with uncertainty? Parental duty, at its core, isn’t about shielding offspring from hardship, but equipping them with the resilience to navigate it. This means fostering not just academic skills, but emotional intelligence – the capacity to understand and manage feelings, both their own and those of others. It demands a willingness to allow for failure, framing missteps as learning opportunities rather than catastrophes. Modern parenting increasingly recognizes the importance of modeling healthy coping mechanisms, demonstrating vulnerability, and prioritizing open communication. Ultimately, the most significant contribution a parent can make isn’t a legacy of success, but a foundation of self-awareness and adaptability, allowing their child to thrive amidst inevitable change.",121,ai_neutral,AI,Parental Duty
"The legal definition of parental duty – providing food, shelter, and education – feels woefully inadequate when considering the complexities of raising a human being. Beyond basic needs, a fundamental aspect of responsible parenthood lies in cultivating a child’s sense of agency. This isn’t about permissive parenting, but about offering age-appropriate choices and respecting their developing autonomy. Allowing children to participate in decisions, even small ones, fosters a sense of ownership and responsibility. It’s about recognizing that their perspectives are valid, even when they differ from our own, and creating a space where they feel empowered to express themselves. This cultivation of independence, paradoxically, strengthens the parent-child bond, built on mutual respect rather than control.",115,ai_neutral,AI,Parental Duty
"“Children have never been very good at listening to their elders, but they have never failed to imitate them,” James Baldwin observed, and this simple truth encapsulates a powerful dimension of parental duty. More than any lecture or instruction, children learn by observing the behaviors of their parents. This extends beyond grand gestures to the everyday nuances of how we interact with others, manage stress, and approach challenges. A parent struggling with anger management, for example, inadvertently teaches their child that aggression is an acceptable response. Therefore, self-reflection and personal growth are not merely beneficial for parents; they are integral to fulfilling their responsibility to shape the next generation.",109,ai_neutral,AI,Parental Duty
"Consider the long arc of human history. For millennia, parental duty was largely defined by survival – ensuring the continuation of the family line. While biological imperatives remain, the nature of that duty has dramatically shifted in contemporary society. Now, it encompasses a broader ethical responsibility: raising children to be conscientious citizens, capable of critical thinking and empathy. This requires actively engaging with issues of social justice, environmental sustainability, and global interconnectedness. It means fostering a sense of responsibility that extends beyond the immediate family to encompass the wider community and the planet. The challenge isn’t simply to raise *our* children, but to contribute to the creation of a more just and equitable future for *all* children.",117,ai_neutral,AI,Parental Duty
"Often, discussions of parental duty center on what parents *should* do, overlooking the equally crucial element of what they should *avoid*. Perhaps the most damaging thing a parent can inflict is unresolved trauma onto their child. This manifests not necessarily through overt abuse, but through subtle patterns of emotional unavailability, projection, or the imposition of unrealistic expectations. Breaking these cycles requires a commitment to self-awareness, potentially through therapy or other forms of personal work. Recognizing our own wounds and actively working to heal them is not selfish; it’s a fundamental act of responsible parenting, preventing the perpetuation of harm and creating a safer, more nurturing environment for our children to flourish.",111,ai_neutral,AI,Parental Duty
"Is it truly possible to fully prepare a child for a world brimming with uncertainty? Parental duty, at its core, isn’t about shielding offspring from hardship, but equipping them with the resilience to navigate it. This means fostering not just academic intelligence, but emotional literacy – the ability to understand and manage their own feelings, and empathize with others. It demands a willingness to allow for failure, framing missteps as learning opportunities rather than catastrophes. The modern landscape necessitates adaptability; rigid adherence to pre-defined paths is less valuable than cultivating a growth mindset. Ultimately, the most profound act of parental responsibility lies in empowering children to become independent, thoughtful, and compassionate individuals, capable of shaping their own destinies, even when those destinies diverge from parental expectations.",126,ai_neutral,AI,Parental Duty
"The concept of parental duty often feels weighted with expectation, a societal pressure to ‘get it right.’ However, reducing it to a checklist of achievements – good grades, successful careers, social acceptance – fundamentally misses the point. Instead, consider it a continuous process of attunement. A child’s needs evolve, and responsible parenting requires constant recalibration, a willingness to listen without judgment, and to respond with empathy. This isn’t about helicopter parenting or controlling outcomes; it’s about providing a secure base from which a child can explore, experiment, and ultimately, define themselves. The quiet moments of connection – shared meals, bedtime stories, simply *being* present – often hold more weight than grand gestures or expensive gifts.",115,ai_neutral,AI,Parental Duty
"“Children have never been very good at listening to their elders, but they have never failed to imitate them,” James Baldwin observed, and within that lies a crucial truth about parental duty. Words hold limited power compared to the subtle, constant messaging conveyed through actions. A parent who advocates for honesty but engages in deception, or who preaches kindness but displays intolerance, undermines their own teachings. Responsibility isn’t simply about *telling* a child what to do; it’s about *being* the person you want them to become. This demands self-awareness, a willingness to confront personal flaws, and a commitment to modeling the values you wish to instill. It’s a humbling, often challenging, but ultimately rewarding undertaking.",115,ai_neutral,AI,Parental Duty
"Frequently, discussions around parental duty center on the rights of the child, but a balanced perspective acknowledges the inherent sacrifices parents make. While children deserve love, support, and opportunity, responsible parenthood necessitates a degree of selflessness – the postponement of personal ambitions, the financial strain, the emotional toll. This isn’t to suggest martyrdom, but rather to recognize that raising a human being is a profoundly demanding act. Acknowledging this sacrifice isn’t about seeking gratitude, but about fostering a reciprocal understanding within the family dynamic. It’s about creating a space where both parent and child can acknowledge the complexities of their relationship and navigate challenges with mutual respect.",107,ai_neutral,AI,Parental Duty
"Imagine parental duty not as a fixed obligation, but as a dynamic contract, renegotiated throughout a child’s development. Initially, it’s overwhelmingly protective, focused on basic needs and safety. As the child matures, the terms shift, demanding increasing autonomy and the gradual release of control. A failure to adapt – to cling to outdated forms of authority or to stifle emerging independence – can be deeply damaging. Responsible parenting, therefore, requires a willingness to relinquish power, to trust in the child’s growing capabilities, and to accept that their journey will inevitably diverge from the parent’s own. This evolution, though sometimes painful, is essential for fostering a healthy, independent, and thriving individual.",110,ai_neutral,AI,Parental Duty
"Is it truly possible to prepare a child for a world brimming with uncertainty? Parental duty, at its core, isn’t about shielding offspring from hardship, but equipping them with the resilience to navigate it. This necessitates fostering independence, not through abrupt abandonment, but through carefully calibrated challenges. A child allowed to stumble, to experience the sting of minor failures, learns self-reliance in a way a perpetually protected one never can. The modern understanding of this responsibility extends beyond basic needs; it demands cultivating emotional intelligence, critical thinking, and a strong moral compass. Ultimately, the most profound act of parental duty isn’t providing a perfect life, but preparing a child to *build* a meaningful one, even amidst imperfection.",117,ai_neutral,AI,Parental Duty
"The quiet moments often reveal the most significant aspects of parental duty. It isn’t the grand gestures – the expensive gifts or elaborate vacations – that define it, but the consistent, often unnoticed, investments of time and attention. Listening without judgment, offering a safe space for vulnerability, and simply *being present* during both triumphs and setbacks are the cornerstones of a nurturing environment. This isn’t about sacrificing personal ambitions, but about recalibrating priorities, recognizing that a child’s emotional wellbeing is a foundational investment in their future. A parent’s unwavering support, demonstrated through small, daily acts of kindness, builds a bedrock of security crucial for healthy development.",106,ai_neutral,AI,Parental Duty
"“Children have never been very good at listening to their elders, but they have never failed to imitate them,” James Baldwin observed, and within that lies a powerful truth about parental duty. More than any lecture or instruction, children learn by observing the behaviors, values, and attitudes modeled by their parents. This places an immense responsibility on caregivers to embody the qualities they wish to instill. Hypocrisy is swiftly detected, and undermines any attempt at moral guidance. Therefore, parental duty isn’t simply about *telling* a child how to live, but *showing* them, through consistent action, what a good life looks like – a life characterized by integrity, empathy, and respect.",110,ai_neutral,AI,Parental Duty
"Consider the long arc of a life: parental duty isn’t a finite project with a clear endpoint, but a continuous process of adaptation and support. What a toddler needs differs drastically from what a teenager requires, and the demands evolve again in adulthood. This ongoing commitment necessitates a willingness to relinquish control, to accept that children will inevitably forge their own paths, even if those paths diverge from parental expectations. The challenge lies in providing guidance without imposing limitations, offering support without enabling dependence. True parental duty acknowledges the inherent individuality of each child and respects their journey toward self-discovery.",100,ai_neutral,AI,Parental Duty
"Frequently framed as obligation, parental duty is, at its most fundamental level, an act of profound hope. It’s a belief in the potential of a new generation, a willingness to invest in a future one may not fully witness. This hope isn’t naive optimism, but a determined effort to cultivate qualities – kindness, curiosity, resilience – that will contribute to a better world. It requires acknowledging the inherent vulnerabilities of childhood while simultaneously fostering the strength to overcome adversity. The weight of this responsibility can be daunting, yet it’s precisely this weight that imbues parenthood with its deepest meaning and enduring significance.",102,ai_neutral,AI,Parental Duty
"Is it truly possible to prepare a child for a world brimming with uncertainty? Parental duty, at its core, isn’t about shielding offspring from hardship, but equipping them with the resilience to navigate it. This necessitates fostering independence, not through abrupt abandonment, but through carefully calibrated challenges. A child allowed to stumble, to experience the sting of failure within a supportive framework, learns self-reliance and problem-solving skills far more effectively than one perpetually cushioned from discomfort. The modern understanding of responsible parenting shifts away from control and towards empowerment, recognizing that the ultimate goal isn’t to dictate a child’s path, but to provide them with the tools to forge their own, even if that path diverges from parental expectations. It’s a delicate balance, demanding foresight and a willingness to relinquish some measure of authority.",134,ai_neutral,AI,Parental Duty
"The often-unspoken aspect of parental duty extends beyond the tangible – food, shelter, education – and delves into the realm of emotional modeling. Children are remarkably astute observers, internalizing not just *what* their parents say, but *how* they behave. A parent struggling with their own anxieties, for instance, inadvertently transmits those anxieties to their child, potentially hindering the development of emotional regulation. Therefore, self-awareness and personal growth become integral components of responsible parenting. It’s not enough to simply *tell* a child to be kind, honest, or resilient; parents must actively *demonstrate* these qualities in their own lives, creating a consistent and authentic example. This requires vulnerability and a commitment to continuous self-improvement.",112,ai_neutral,AI,Parental Duty
"“It takes a village to raise a child,” a proverb frequently cited, highlights a crucial dimension of parental duty often overlooked in individualistic societies. While the primary responsibility undoubtedly rests with parents, acknowledging the influence of the broader community – educators, mentors, peers – is essential. Effective parenting isn’t about isolation; it’s about actively cultivating a supportive network that reinforces positive values and provides diverse perspectives. This means engaging with schools, fostering healthy relationships with other families, and encouraging participation in community activities. Recognizing that a child’s development is a collaborative effort alleviates pressure on parents and enriches the child’s overall experience. It’s a shift from sole provider to orchestrator of a nurturing environment.",114,ai_neutral,AI,Parental Duty
"Consider the long-term implications: parental duty isn’t confined to the years of dependency. It’s an investment in the future, not just of the child, but of society as a whole. Raising responsible, empathetic, and engaged citizens requires instilling a sense of civic duty and a commitment to ethical behavior. This goes beyond academic achievement and focuses on cultivating qualities like compassion, critical thinking, and a respect for diversity. Parents who prioritize these values contribute to a more just and equitable world. The ripple effect of conscientious parenting extends far beyond the family unit, shaping the character of communities and influencing the trajectory of future generations.",105,ai_neutral,AI,Parental Duty
"Frequently, discussions around parental duty center on preventing harm, but a more proactive approach emphasizes fostering potential. It’s not simply about mitigating risks; it’s about identifying and nurturing a child’s unique talents and passions. This requires attentive observation, genuine curiosity, and a willingness to support pursuits that may not align with conventional notions of success. A child with a burgeoning interest in art, music, or coding deserves encouragement and resources, even if those pursuits don’t lead to a traditionally “stable” career path. True parental duty involves empowering a child to pursue a life filled with purpose and meaning, defined by their own intrinsic motivations, rather than imposed expectations.",108,ai_neutral,AI,Parental Duty
"Is it truly possible to fully prepare a child for a world brimming with uncertainty? Parental duty, at its core, isn’t about shielding offspring from hardship, but equipping them with the resilience to navigate it. This necessitates fostering not just academic intelligence, but emotional literacy – the ability to understand and manage their own feelings, and empathize with others. Modern parenting often fixates on achievement, on building a resume of accomplishments. However, a truly fulfilled life isn’t measured in accolades, but in the strength of character developed through facing challenges, learning from failures, and cultivating meaningful connections. The most profound gift a parent can offer isn’t a life free of struggle, but the tools to thrive *within* it.",118,ai_neutral,AI,Parental Duty
"The concept of parental duty has evolved dramatically alongside societal shifts, moving from a primarily economic imperative – ensuring the survival and continuation of the family line – to a far more nuanced psychological one. Historically, children were often viewed as miniature adults, expected to contribute to the household from a young age. Today, we recognize the extended period of development required for a child to reach maturity, demanding a prolonged investment of time, resources, and emotional energy. This shift isn’t simply about being ‘nicer’ to children; it reflects a deeper understanding of the brain’s plasticity and the long-term impact of early experiences on adult well-being. Consequently, parental responsibility now encompasses nurturing cognitive, emotional, and social growth.",117,ai_neutral,AI,Parental Duty
"“Children have never been very good at listening to their elders, but they have never failed to imitate them,” James Baldwin observed, and within that lies a powerful truth about parental duty. It’s not enough to *tell* a child how to behave; they are constantly absorbing lessons from our actions, our attitudes, and our interactions with the world. This places an immense burden on parents to model the values they wish to instill – honesty, kindness, respect, and a commitment to lifelong learning. Hypocrisy, even unintentional, undermines any verbal instruction. Authentic living, demonstrating integrity in both large and small ways, is arguably the most effective form of parental guidance.",109,ai_neutral,AI,Parental Duty
"From a purely practical standpoint, parental duty extends beyond the immediate needs of a child to encompass a responsibility towards the broader community. Raising a well-adjusted, empathetic individual isn’t solely beneficial to the family unit; it contributes to a more compassionate and functional society. This means actively teaching children about civic engagement, social justice, and environmental stewardship. It requires fostering a sense of responsibility not just for their own well-being, but for the well-being of others. Neglecting this wider dimension of parental duty risks perpetuating cycles of inequality and indifference.",90,ai_neutral,AI,Parental Duty
"Consider the ethical implications: if a parent knowingly fails to provide adequate emotional support, leading to demonstrable psychological harm in their child, where does the line between negligence and a breach of fundamental rights lie? While legal definitions vary, the philosophical argument for a robust parental duty rests on the inherent vulnerability of children. They are entirely dependent on caregivers for their survival and development, and this dependence creates a moral obligation to act in their best interests. This isn’t about controlling a child’s life, but about providing a secure and nurturing environment where they can flourish, free from abuse, neglect, and emotional deprivation.",104,ai_neutral,AI,Parental Duty
"Isn't it curious how deeply ingrained expectations about “masculinity” and “femininity” often limit individual potential? Traditional gender roles, frequently presented as natural or inevitable, are demonstrably social constructs, shaped by cultural norms and reinforced through generations. These roles dictate not only behaviors – emotional expression, career choices, domestic responsibilities – but also internal experiences, influencing self-perception and aspirations. The pressure to conform can be particularly damaging, leading to mental health challenges, suppressed creativity, and unequal opportunities. Challenging these rigid frameworks isn’t about erasing difference, but about liberating individuals to define themselves authentically, free from pre-determined scripts. A truly equitable society acknowledges and celebrates the full spectrum of human expression, regardless of assigned gender.",113,ai_neutral,AI,Gender Roles
"The economic implications of rigidly defined gender roles are substantial and often overlooked. When society steers women towards lower-paying caregiving roles and discourages men from pursuing fields like nursing or early childhood education, it creates a systemic devaluation of traditionally “feminine” labor. This isn’t simply a matter of individual choice; it’s a consequence of societal pressures and biases that limit career pathways and contribute to the gender pay gap. Furthermore, the expectation that women shoulder the majority of unpaid domestic work hinders their career advancement and economic independence. Re-evaluating these ingrained patterns is crucial not only for fairness but also for maximizing economic productivity and fostering a more robust and diverse workforce.",112,ai_neutral,AI,Gender Roles
"“Boys don’t cry,” “girls should be sweet and nurturing”—these seemingly innocuous phrases, repeated countless times during childhood, are potent examples of how gender roles are subtly instilled. This early socialization profoundly impacts emotional development, teaching boys to suppress vulnerability and girls to prioritize the needs of others. The consequences extend far beyond childhood, influencing relationship dynamics, communication styles, and overall emotional well-being. Breaking this cycle requires conscious effort: modeling healthy emotional expression for children of all genders, challenging stereotypical portrayals in media, and fostering environments where vulnerability is seen as strength, not weakness.",93,ai_neutral,AI,Gender Roles
"Consider the evolving landscape of parenthood. For decades, the dominant narrative positioned mothers as primary caregivers and fathers as breadwinners. While this division persists in many families, a growing number of fathers are actively embracing more involved parenting roles, and mothers are pursuing ambitious careers. This shift isn’t merely a matter of convenience; it reflects a fundamental re-evaluation of what it means to be a parent. Shared parental leave, flexible work arrangements, and a societal acceptance of diverse family structures are essential to support this evolution and dismantle the outdated notion that caregiving is inherently “women’s work.” The benefits are clear: stronger family bonds, improved child development, and greater gender equality.",111,ai_neutral,AI,Gender Roles
"Observing contemporary art and literature reveals a powerful trend: a deliberate dismantling of traditional gender representations. Artists and writers are increasingly exploring fluidity, non-binary identities, and the complexities of gender performance, challenging the binary framework that has long dominated Western thought. This creative exploration isn’t simply about aesthetic innovation; it’s a vital form of social commentary, prompting viewers and readers to question their own assumptions and preconceptions. By showcasing diverse experiences and perspectives, these works contribute to a broader cultural conversation about gender, paving the way for greater understanding, acceptance, and ultimately, liberation.",93,ai_neutral,AI,Gender Roles
"Isn't it curious how often we assume competence based on gender? Traditional gender roles, while seemingly fading, continue to subtly dictate expectations in professional spheres. Women are frequently assessed on perceived warmth and collaborative skills, while men are often granted authority simply by occupying a leadership position. This isn’t about intentional malice, but ingrained societal biases that impact hiring, promotion, and even daily interactions. The consequence is a stifling of potential; individuals may self-select out of opportunities believing they don’t “fit” the prescribed mold, or face an uphill battle against unconscious prejudice. Dismantling these assumptions requires conscious effort – actively seeking diverse perspectives, challenging stereotypes, and valuing individuals for their skills, not their gender presentation.",115,ai_neutral,AI,Gender Roles
"The very notion of rigidly defined gender roles feels increasingly anachronistic in a world embracing fluidity. Consider the pressure placed on young boys to suppress emotional vulnerability, taught to “man up” instead of processing feelings. This emotional constriction doesn’t foster strength; it breeds isolation and can manifest in harmful behaviors. Simultaneously, girls are often socialized to prioritize nurturing and selflessness, potentially hindering their ambition or leading to burnout from disproportionate emotional labor. These aren’t inherent differences, but learned behaviors reinforced through media, family dynamics, and cultural norms. A healthier approach acknowledges the full spectrum of human emotion and allows individuals to express themselves authentically, regardless of gender.",107,ai_neutral,AI,Gender Roles
"“Gender is a social construct,” a statement often met with resistance, yet powerfully true when examining cross-cultural variations. What’s considered “masculine” or “feminine” shifts dramatically across different societies. In some cultures, men routinely engage in traditionally “feminine” tasks like childcare and textile work without societal stigma, while women hold positions of political and economic power. This demonstrates that these roles aren’t biologically determined, but rather products of specific historical and cultural contexts. Recognizing this allows us to question the universality of our own assumptions and appreciate the diversity of human expression. It also highlights the potential for positive change – actively reshaping societal norms to be more inclusive and equitable.",110,ai_neutral,AI,Gender Roles
"Beyond individual expression, the persistence of gender roles impacts systemic inequalities. The disproportionate burden of unpaid care work – childcare, eldercare, household chores – still falls overwhelmingly on women, limiting their opportunities for career advancement and economic independence. This isn’t simply a “lifestyle choice,” but a structural issue rooted in societal expectations. Until we address the undervaluing of care work and create policies that support equitable sharing of responsibilities, such as affordable childcare and paid parental leave, we perpetuate a system that disadvantages women. True gender equality requires a fundamental restructuring of societal priorities.",94,ai_neutral,AI,Gender Roles
"Observing children at play offers a fascinating glimpse into the early stages of gender role internalization. Before societal pressures fully take hold, children freely explore a range of interests and behaviors, unconcerned with prescribed norms. However, even at a young age, they begin to absorb messages from their environment – toys marketed by gender, parental expectations, and peer influence. This early conditioning shapes their self-perception and limits their potential. Creating a truly equitable future necessitates fostering environments where children are encouraged to pursue their passions without regard to gender, allowing them to develop into well-rounded individuals free from limiting stereotypes.",100,ai_neutral,AI,Gender Roles
"Isn't it curious how often we assume competence based on gender? The persistent assignment of tasks and expectations rooted in perceived gender differences subtly, yet powerfully, shapes individual trajectories. This isn’t about overt discrimination, necessarily, but the ingrained societal scripts that steer boys towards STEM fields and girls towards caregiving roles, for example. These expectations limit potential, not through explicit prohibition, but through a lack of encouragement in alternative paths. The consequence is a self-fulfilling prophecy: fewer women in engineering aren’t necessarily less capable, but rather, less frequently *guided* towards that field, and potentially facing systemic biases when they do pursue it. Breaking down these assumptions requires conscious effort to recognize and challenge our own internalized biases, and actively promote diverse representation in all areas of life.",127,ai_neutral,AI,Gender Roles
"The concept of “masculinity” itself is undergoing a vital re-evaluation. For generations, a narrow definition – stoicism, dominance, and suppression of emotion – has been presented as the ideal for men. However, this restrictive model isn’t inherent to being male; it’s a social construct that actively harms both men and women. Men are often discouraged from seeking help, expressing vulnerability, or engaging in traditionally “feminine” pursuits, leading to higher rates of suicide and mental health issues. Simultaneously, it perpetuates a power imbalance that contributes to harmful behaviors like aggression and sexism. A healthier understanding of masculinity embraces emotional intelligence, empathy, and a rejection of harmful stereotypes, allowing men to live more authentic and fulfilling lives.",115,ai_neutral,AI,Gender Roles
"Consider the sheer volume of marketing aimed at different genders. From toys to clothing to cleaning products, the messaging consistently reinforces distinct roles and preferences. While seemingly innocuous, this constant bombardment subtly shapes perceptions of what is “appropriate” for each gender. A young girl surrounded by advertisements for dolls and domestic play sets may internalize the idea that nurturing is her primary domain, while a boy inundated with images of action figures and competitive sports may feel pressure to embody strength and aggression. This isn’t simply about consumerism; it’s about the insidious way societal expectations are reinforced through everyday cultural artifacts, limiting self-expression and reinforcing outdated norms.",107,ai_neutral,AI,Gender Roles
"“Gender is a social construct,” a statement often met with resistance, yet profoundly true. It’s not to deny biological sex, but to acknowledge that the *meaning* we attach to those biological differences is culturally determined and varies across time and place. What constitutes “feminine” or “masculine” behavior isn’t fixed; it’s fluid and historically contingent. Examining different cultures reveals vastly different expectations regarding gender roles, demonstrating that these aren’t natural laws but learned behaviors. Recognizing this allows us to critically assess our own societal norms and challenge the limitations they impose, paving the way for a more inclusive and equitable society where individuals are free to express themselves authentically.",108,ai_neutral,AI,Gender Roles
"Reflecting on my own upbringing, I realize how subtly gendered expectations were woven into the fabric of daily life. Simple things – being praised for being “ladylike” or discouraged from rough-and-tumble play – shaped my understanding of what was expected of me. It wasn’t malicious, but rather a product of the prevailing cultural norms. The challenge now is to actively unlearn those ingrained biases and create space for a more nuanced understanding of gender. This requires not just challenging overt discrimination, but also questioning the subtle, often unconscious assumptions that continue to limit opportunities and reinforce harmful stereotypes for everyone.",100,ai_neutral,AI,Gender Roles
"Isn't it curious how often we assume competence based on gender? Traditional gender roles, while seemingly fading, continue to subtly dictate expectations in professional spheres. Women are frequently assessed on perceived warmth and collaborative skills, while men are judged more readily on assertiveness and analytical prowess – biases that impact hiring, promotion, and even everyday workplace interactions. This isn’t about inherent differences, but a learned framework that limits potential. The consequence is a stifling of diverse leadership styles and a perpetuation of inequality, where individuals are penalized for not conforming to prescribed behavioral norms. Breaking down these ingrained assumptions requires conscious effort, inclusive policies, and a willingness to challenge our own unconscious biases, fostering environments where skill, not gender, defines success.",121,ai_neutral,AI,Gender Roles
"The very notion of rigidly defined gender roles is, at its core, a constraint on human expression. Consider the emotional landscape: boys are often discouraged from displaying vulnerability, taught to “tough it out,” while girls may be subtly penalized for expressing ambition or anger. This enforced emotional segregation isn’t natural; it’s a social construct that limits the full spectrum of human experience for *everyone*. The pressure to conform to these expectations can lead to internalized struggles, mental health challenges, and ultimately, a diminished sense of self. Allowing individuals the freedom to express themselves authentically, regardless of societal expectations, is not simply about equality, but about unlocking human potential and fostering genuine well-being.",112,ai_neutral,AI,Gender Roles
"“Boys will be boys” – a phrase often used to excuse harmful behavior, perfectly encapsulates the insidious power of normalized gender roles. This seemingly harmless idiom implies that aggression, recklessness, and a disregard for boundaries are inherent to masculinity, effectively absolving individuals of responsibility for their actions. Conversely, girls are often socialized to prioritize safety and compliance, potentially hindering their ability to assert themselves or take risks. This double standard isn’t just unfair; it actively perpetuates cycles of violence and inequality. Challenging these ingrained justifications requires a critical examination of the messages we send to young people and a commitment to holding everyone accountable for their behavior, irrespective of gender.",110,ai_neutral,AI,Gender Roles
"Looking beyond individual expression, the economic impact of inflexible gender roles is substantial. When society limits women’s access to education, leadership positions, or even certain career paths, it’s not just a matter of fairness – it’s a massive loss of economic potential. Similarly, when men are discouraged from pursuing careers in traditionally “feminine” fields like nursing or early childhood education, it creates skill shortages and limits diversity of thought. A truly thriving economy requires a workforce that draws on the talents and skills of *all* its members, unburdened by arbitrary gender constraints. Investing in gender equality isn’t just ethically sound; it’s economically pragmatic.",103,ai_neutral,AI,Gender Roles
"Imagine a world where children are encouraged to explore their interests without the filter of gendered expectations. A little boy who loves to dance isn’t steered towards football, and a little girl fascinated by engineering isn’t subtly encouraged to consider something “more suitable.” This isn’t about eliminating differences, but about removing the pre-determined pathways that limit choices. Early childhood is a crucial period for shaping self-perception and aspirations. By providing a neutral environment where children can freely explore their passions, we empower them to develop their full potential, unconstrained by societal norms. This foundational shift is essential for dismantling harmful gender roles and creating a more equitable future.",108,ai_neutral,AI,Gender Roles
"Isn't it curious how deeply ingrained expectations about “masculinity” and “femininity” often limit individual potential? Traditional gender roles, frequently presented as natural or inevitable, are demonstrably social constructs, shaped by cultural narratives and power dynamics. These roles dictate not just behaviors – emotional expression, career choices, domestic responsibilities – but also internal experiences, influencing self-perception and aspirations. The pressure to conform can be particularly damaging, leading to suppressed identities, mental health challenges, and unequal opportunities. Challenging these norms isn’t about erasing difference, but about liberating individuals to define themselves authentically, free from the constraints of pre-determined scripts. A truly equitable society acknowledges and celebrates the full spectrum of human expression, regardless of assigned gender.",114,ai_neutral,AI,Gender Roles
"The economic impact of rigidly defined gender roles is often overlooked, yet profoundly significant. When society steers women towards lower-paying caregiving roles and discourages men from pursuing fields like nursing or early childhood education, it creates systemic wage gaps and limits overall economic growth. This isn’t simply a matter of fairness; it’s a matter of efficiency. Untapped talent and skills are lost when individuals are discouraged from entering certain professions based on gender. Furthermore, the expectation that women shoulder the majority of unpaid domestic labor hinders their career advancement and financial independence. Reimagining gender roles as flexible and adaptable, rather than fixed and limiting, unlocks economic potential for everyone.",109,ai_neutral,AI,Gender Roles
"“We should all be free to live authentically,” Simone de Beauvoir wrote, a sentiment that lies at the heart of dismantling harmful gender roles. But authenticity isn’t simply about individual expression; it’s also about recognizing the interconnectedness of identity. Gender intersects with race, class, sexuality, and ability, creating unique experiences of oppression and privilege. A nuanced understanding of intersectionality is crucial when addressing gender inequality. For example, the expectations placed upon a Black woman will differ significantly from those placed upon a white woman, and addressing gender roles requires acknowledging these disparities. True liberation demands a commitment to dismantling all forms of systemic oppression, not just those related to gender.",110,ai_neutral,AI,Gender Roles
"Consider the subtle ways gender roles manifest in everyday interactions. From the toys marketed to children to the language used to describe professional achievements, societal messaging constantly reinforces expectations. A boy praised for being “strong” and a girl praised for being “pretty” subtly shapes their self-perception and limits their understanding of their own capabilities. These seemingly innocuous messages accumulate over time, creating deeply ingrained biases. Actively challenging these microaggressions – questioning assumptions, using inclusive language, and promoting diverse representation – is a vital step towards creating a more equitable environment. It requires conscious effort and a willingness to examine our own internalized biases.",103,ai_neutral,AI,Gender Roles
"Philosophically, the very concept of binary gender – the idea that there are only two distinct and opposing genders – is increasingly questioned. Emerging understandings of gender fluidity and non-binary identities challenge the foundational assumptions upon which traditional gender roles are built. This isn’t merely a shift in terminology; it’s a fundamental re-evaluation of what it means to be human. Recognizing gender as a spectrum, rather than a rigid dichotomy, opens up possibilities for self-expression and challenges the need to categorize individuals into limiting boxes. Embracing this fluidity requires a willingness to move beyond outdated frameworks and embrace a more inclusive and expansive understanding of identity.",106,ai_neutral,AI,Gender Roles
"Isn't it curious how deeply ingrained expectations about “masculinity” and “femininity” often limit individual potential? Traditional gender roles, frequently presented as natural or inevitable, are demonstrably social constructs, shaped by cultural norms and reinforced through generations. These roles dictate not only behaviors – emotional expression, career choices, domestic responsibilities – but also internal experiences, influencing self-perception and aspirations. The pressure to conform can be particularly damaging, leading to mental health challenges, suppressed creativity, and unequal opportunities. Challenging these rigid frameworks isn’t about erasing difference, but about liberating individuals to define themselves authentically, free from pre-determined scripts. A truly equitable society acknowledges and celebrates the full spectrum of human expression, regardless of assigned gender.",113,ai_neutral,AI,Gender Roles
"The economic implications of rigidly defined gender roles are substantial and often overlooked. When society steers women towards lower-paying caregiving roles and discourages men from pursuing fields like nursing or early childhood education, it creates a systemic devaluation of traditionally “feminine” labor. This isn’t simply a matter of individual choice; it’s a structural issue that contributes to the gender pay gap and limits overall economic growth. A more flexible approach, where skills and interests dictate career paths rather than gender, would unlock a wider pool of talent and foster innovation. Furthermore, shared responsibility for childcare and household tasks allows both partners to fully participate in the workforce, boosting household income and economic stability.",113,ai_neutral,AI,Gender Roles
"“Boys don’t cry,” and countless similar pronouncements, represent a subtle but powerful form of emotional conditioning. This early socialization, which often discourages boys from expressing vulnerability and encourages girls to prioritize emotional labor, has lasting consequences. Men, taught to suppress their feelings, may struggle with emotional regulation and healthy relationships, while women may experience burnout from constantly tending to the emotional needs of others. Breaking down these harmful patterns requires a conscious effort to model emotional intelligence for children of all genders, validating their feelings and teaching them healthy coping mechanisms. It’s about fostering a culture where emotional expression is seen as a strength, not a weakness.",107,ai_neutral,AI,Gender Roles
"Consider the impact of gender roles on representation in media. For decades, narratives overwhelmingly presented men as active protagonists and women as passive supporting characters, reinforcing the idea that men are agents of change and women are objects of desire or require rescuing. While progress has been made, subtle biases persist. The lack of diverse representation – in terms of gender identity, sexual orientation, race, and body type – not only limits the stories we tell but also shapes our perceptions of what is considered “normal” or “valuable.” Intentional and inclusive storytelling is crucial for dismantling harmful stereotypes and creating a more equitable and representative cultural landscape.",107,ai_neutral,AI,Gender Roles
"Observing the evolving understanding of gender in contemporary society reveals a significant shift away from binary classifications. Increasingly, individuals identify as non-binary, genderfluid, or agender, challenging the very foundations of traditional gender roles. This isn’t a trend, but a recognition that gender is a complex and personal experience, not a fixed attribute. Respecting and affirming these identities requires a willingness to move beyond outdated assumptions and embrace a more inclusive and nuanced understanding of human diversity. Legal and social systems must adapt to accommodate these evolving identities, ensuring equal rights and protections for all, regardless of how they identify.",99,ai_neutral,AI,Gender Roles
"Isn't it curious how often we assume competence based on gender? Traditional gender roles, while seemingly fading, continue to subtly dictate expectations in professional spheres. Women are frequently assessed on perceived warmth and collaborative skills, while men are often granted authority based on assumed assertiveness – a double standard that hinders genuine evaluation of ability. This isn’t about intentional malice, but ingrained societal conditioning. The consequences are far-reaching, impacting career advancement, leadership opportunities, and even salary negotiations. Challenging these biases requires conscious effort, from actively seeking diverse perspectives in hiring to dismantling the unspoken rules that privilege one gender over another, ultimately fostering environments where skill, not stereotype, defines success.",110,ai_neutral,AI,Gender Roles
"The very notion of rigidly defined gender roles feels increasingly anachronistic in a world embracing fluidity. Consider the pressure placed on young boys to suppress emotional vulnerability, taught to “man up” instead of processing feelings. This emotional constriction doesn’t foster strength; it breeds isolation and can manifest in harmful behaviors. Simultaneously, girls are often steered towards nurturing roles, subtly discouraged from pursuing traditionally “masculine” interests like STEM fields. These limitations aren’t simply about individual choice; they’re systemic barriers that restrict potential and perpetuate inequality. A truly equitable society allows individuals to explore their passions and talents regardless of societal expectations linked to their assigned gender.",105,ai_neutral,AI,Gender Roles
"“Gender is a social construct,” a statement often met with resistance, yet powerfully true. It’s not biology that dictates a preference for pink or blue, or an aptitude for ballet or football. These are learned behaviors, reinforced through media, family dynamics, and cultural norms. The danger lies in treating these constructs as immutable truths. When we rigidly enforce gender roles, we deny individuals the freedom to authentically express themselves. This can lead to internal conflict, anxiety, and a sense of alienation. Recognizing the constructed nature of gender allows us to deconstruct harmful stereotypes and create space for a more inclusive and accepting world, one where self-expression isn’t limited by arbitrary expectations.",111,ai_neutral,AI,Gender Roles
"Observing playground dynamics reveals a startling early indoctrination into gender roles. Boys gravitate towards competitive, physically active games, while girls often engage in collaborative, imaginative play. While these aren’t inherently problematic, the subtle messaging is: boys are valued for strength and dominance, girls for cooperation and appearance. This early segregation shapes future interests and self-perception. Parents and educators play a crucial role in challenging these patterns, actively encouraging children to explore a wide range of activities and interests, regardless of gender. Providing diverse role models and fostering an environment where all forms of expression are valued is essential to breaking down these ingrained biases.",104,ai_neutral,AI,Gender Roles
"Perhaps the most insidious aspect of traditional gender roles isn’t the overt restrictions, but the subtle ways they limit both men and women. For men, the pressure to be the sole provider and stoic protector can lead to burnout, emotional repression, and difficulty forming genuine connections. For women, the expectation to prioritize caregiving and selflessness can hinder career aspirations and personal fulfillment. These roles aren’t about inherent differences, but about societal expectations that create unequal burdens. True liberation lies in dismantling these expectations, allowing individuals of all genders to define their own values, pursue their own passions, and live authentically without the weight of outdated societal norms.",107,ai_neutral,AI,Gender Roles
"Isn't it curious how often we assume competence based on gender? The persistent assignment of tasks and expectations rooted in perceived gender differences subtly, yet powerfully, shapes individual trajectories. From childhood, boys are often encouraged towards risk-taking and independence, while girls are steered towards nurturing and collaboration – not as inherent traits, but as socially constructed ideals. This isn’t about denying biological differences, but acknowledging the disproportionate weight placed upon them in defining potential. Consequently, fields like STEM often lack female representation, not due to aptitude, but due to systemic discouragement and a lack of visible role models. Breaking down these ingrained assumptions requires conscious effort, actively challenging biases in education, the workplace, and everyday interactions to foster a truly equitable landscape.",122,ai_neutral,AI,Gender Roles
"The concept of “having it all” frequently surfaces in discussions about modern gender roles, yet it often feels like a carefully curated illusion. While progress has undeniably been made, the expectation that women seamlessly balance demanding careers with primary childcare responsibilities remains a significant burden. This isn’t simply a matter of personal choice; it’s a structural issue. Affordable childcare is scarce, parental leave policies are inadequate in many nations, and societal pressure still largely frames motherhood as a woman’s defining role. Consequently, many women experience a “second shift” – a return to traditional domestic labor after a full day of paid work – leading to burnout and hindering professional advancement. True equality demands a fundamental restructuring of work and family life, including shared parental responsibility and supportive policies.",128,ai_neutral,AI,Gender Roles
"Consider the language we use daily: phrases like “man up” or “act like a lady” are deeply embedded in our lexicon, revealing a subtle but constant reinforcement of traditional gender norms. These seemingly innocuous expressions communicate a narrow definition of masculinity and femininity, prescribing emotional restraint for men and submissiveness for women. This linguistic conditioning isn’t merely descriptive; it’s performative, actively shaping behavior and limiting self-expression. Challenging these ingrained phrases, and consciously adopting more inclusive language, is a crucial step towards dismantling harmful stereotypes. It’s about recognizing that strength isn’t exclusive to one gender, and vulnerability isn’t a sign of weakness.",101,ai_neutral,AI,Gender Roles
"“Gender is a social construct,” a statement often met with resistance, yet profoundly insightful. It’s not to say gender identity isn’t deeply felt or personally significant, but rather that the *expression* of gender, and the roles assigned to it, are products of cultural norms, not biological imperatives. Historically, these norms have varied dramatically across societies and time periods, demonstrating their fluidity and adaptability. What constitutes “masculine” or “feminine” is not fixed, but constantly negotiated and redefined. Recognizing this allows for a broader understanding of gender diversity and challenges the binary framework that often limits individual expression and perpetuates inequality.",99,ai_neutral,AI,Gender Roles
"Reflecting on my own upbringing, I realize how subtly gender roles were imprinted upon me. The toys I was given, the activities I was encouraged to pursue, even the career paths presented as viable options – all were filtered through a gendered lens. It wasn’t malicious, but rather a product of the prevailing societal norms. This realization isn’t about assigning blame, but about acknowledging the pervasive nature of these influences and the importance of conscious unlearning. For future generations, it’s vital to create environments where children are free to explore their interests and develop their potential without the constraints of pre-defined gender expectations, fostering a society where individuality thrives.",109,ai_neutral,AI,Gender Roles
"Isn't it curious how often we assume competence based on gender? The persistent assignment of tasks and expectations based on perceived biological differences, rather than individual skill or preference, fundamentally limits human potential. This isn’t about denying biological realities, but acknowledging that societal interpretations of those realities create artificial barriers. From childhood, boys are often steered towards STEM fields and discouraged from expressing vulnerability, while girls are subtly guided towards caregiving roles and cautioned against assertiveness. These ingrained patterns aren’t natural laws; they’re learned behaviors, reinforced by media, education, and even well-intentioned parental guidance. Challenging these norms isn’t about forcing equality of outcome, but ensuring equality of opportunity, allowing individuals to flourish regardless of societal expectations linked to their gender.",120,ai_neutral,AI,Gender Roles
"The concept of gender roles operates as a self-fulfilling prophecy, a cyclical system where expectations shape behavior, and observed behavior then reinforces those initial expectations. Consider the workplace: women consistently report needing to demonstrate greater competence to be taken seriously, a burden rarely placed on their male counterparts. This isn’t necessarily conscious bias, but a deeply embedded assumption that aligns leadership qualities with traditionally masculine traits. Consequently, women may internalize this pressure, adopting behaviors perceived as “professional” – often mirroring masculine styles – to navigate these spaces effectively. This constant adaptation is exhausting and ultimately perpetuates the very system it attempts to overcome, solidifying the idea that certain behaviors *are* inherently gendered.",112,ai_neutral,AI,Gender Roles
"“Gender is a social construct,” a phrase often met with resistance, yet powerfully accurate when examined closely. It doesn’t negate the experience of gender identity, but highlights the arbitrary nature of the *expression* of that identity. Think about the evolution of clothing: pink was once considered a masculine color, associated with strength and vitality. Its shift to a feminine signifier demonstrates how easily these associations can be manufactured and altered. This malleability reveals that what we consider “masculine” or “feminine” isn’t fixed, but a product of cultural agreement. Deconstructing these constructs isn’t about erasing difference, but liberating individuals from the constraints of performing gender in prescribed ways, fostering authenticity and self-expression.",111,ai_neutral,AI,Gender Roles
"Observing the emotional labor disproportionately assigned to women reveals a subtle but significant aspect of restrictive gender roles. This labor – managing emotions, mediating conflicts, providing emotional support – is often undervalued and invisible, yet crucial for maintaining social harmony. While emotional intelligence is a valuable skill for *everyone*, women are frequently expected to provide it freely, often at the expense of their own emotional wellbeing. This expectation isn’t simply a matter of politeness; it reinforces a power dynamic where women’s emotional needs are secondary. Recognizing and valuing emotional labor, and distributing it more equitably, is a vital step towards dismantling these ingrained imbalances.",104,ai_neutral,AI,Gender Roles
"Ultimately, the persistence of rigid gender roles isn’t about protecting tradition, but about maintaining existing power structures. Challenging these roles threatens the status quo, forcing a re-evaluation of who holds authority and why. The resistance to gender neutrality in parenting, for example, often stems from a fear of disrupting established family dynamics and societal hierarchies. This isn’t to say that all resistance is malicious, but it underscores the fact that dismantling gender roles isn’t simply a matter of individual choice; it’s a political act with far-reaching consequences, demanding a fundamental shift in how we understand and organize society.",98,ai_neutral,AI,Gender Roles
"Isn't it curious how deeply ingrained expectations about “masculinity” and “femininity” often limit individual potential? Traditional gender roles, frequently presented as natural or inevitable, are demonstrably social constructs, shaped by cultural narratives and power dynamics. These roles dictate not just behaviors – who is assertive versus nurturing, who pursues career ambition versus domesticity – but also emotional expression, interests, and even perceived capabilities. The consequences are far-reaching, contributing to disparities in leadership positions, wage gaps, and mental health outcomes. Challenging these norms isn’t about erasing difference, but about liberating individuals to define themselves outside of pre-determined boxes, fostering a society where authenticity isn’t penalized and everyone has the opportunity to thrive based on their unique talents and aspirations.",118,ai_neutral,AI,Gender Roles
"The persistent pressure to conform to gender roles manifests subtly, yet powerfully, in everyday interactions. Consider the seemingly innocuous question, “What do you *want* to be when you grow up?” Often, responses are subtly steered based on perceived gender appropriateness. Girls might be encouraged towards caring professions, while boys are directed towards STEM fields. This early conditioning, repeated across countless micro-interactions, shapes career paths and limits exploration. Furthermore, the emotional labor disproportionately assigned to women – managing relationships, anticipating needs, diffusing conflict – isn’t simply a matter of personality, but a learned expectation that can lead to burnout and diminished opportunities for self-development. Recognizing these ingrained biases is the first step towards dismantling them.",114,ai_neutral,AI,Gender Roles
"“We should begin by loving ourselves,” Audre Lorde wrote, a sentiment particularly resonant when considering the constraints of gender. Internalized gender roles can be profoundly damaging, leading to self-doubt, body image issues, and a constant striving to meet unattainable ideals. For men, this often translates to suppressing vulnerability and equating emotional expression with weakness. For women, it can mean minimizing ambition or feeling pressured to prioritize appearance. Breaking free requires a conscious effort to deconstruct these internalized messages, to challenge the narratives that dictate how we *should* feel and behave, and to embrace a more expansive and self-compassionate understanding of identity.",101,ai_neutral,AI,Gender Roles
"From a purely practical standpoint, rigidly defined gender roles are economically inefficient. When talent is overlooked or underutilized based on gender, society loses out on innovation and productivity. Imagine the potential contributions stifled by discouraging women from pursuing engineering or men from entering nursing. A more equitable distribution of labor, both in the workplace and at home, isn’t simply a matter of fairness; it’s a matter of maximizing human capital. Businesses that actively promote gender diversity consistently demonstrate improved financial performance, highlighting the tangible benefits of challenging traditional norms and fostering inclusive environments.",93,ai_neutral,AI,Gender Roles
"Philosophically, the concept of inherent gender roles clashes with the fundamental principles of existentialism. If we accept that existence precedes essence – that we are born into the world without a pre-defined purpose and are responsible for creating our own meaning – then imposing rigid expectations based on sex feels inherently contradictory. To suggest that someone’s potential is limited by their biological sex denies their agency and their capacity for self-determination. A truly free society, therefore, must prioritize individual autonomy and allow individuals to define their own identities, unburdened by the weight of outdated and limiting social constructs.",98,ai_neutral,AI,Gender Roles
"What truly defines a family isn’t shared genetics, but the intricate web of unspoken agreements and habitual responses that develop over time. These patterns, often originating in childhood, dictate how members navigate conflict, express affection, and fulfill perceived roles. A family might outwardly appear harmonious, yet internally operate on a system of triangulation where direct communication is avoided, and issues are addressed indirectly through a third party. Or, conversely, a family could thrive on boisterous debate, mistaking passionate disagreement for genuine connection. Understanding these dynamics – the subtle power imbalances, the recurring emotional scripts – is crucial for breaking unhealthy cycles and fostering more authentic relationships, even if it means confronting uncomfortable truths about long-held beliefs.",116,ai_neutral,AI,Family Dynamics
"The modern family, increasingly defined by blended structures and chosen kinship, challenges the traditional notion of a monolithic unit. No longer solely based on blood ties, family now encompasses individuals connected by shared experience, mutual support, and deliberate commitment. This shift necessitates a re-evaluation of expectations; loyalty isn’t automatically guaranteed, but earned through consistent effort and respect. Boundaries become paramount, as navigating relationships with step-parents, half-siblings, and long-term partners requires conscious negotiation and compromise. The strength of these evolving family systems lies not in replicating a nostalgic ideal, but in adapting to the complexities of contemporary life and building inclusive, resilient bonds.",102,ai_neutral,AI,Family Dynamics
"“The heart of a family is not in the size of the home, but in the amount of love it contains,” a sentiment often repeated, yet frequently overshadowed by practical concerns. However, the logistical realities of family life – childcare, finances, elder care – exert a powerful influence on emotional wellbeing. Chronic stress stemming from these burdens can erode patience, fuel resentment, and ultimately damage relationships. It’s not simply *that* challenges exist, but *how* they are addressed. Families who proactively share responsibilities, prioritize open communication about financial pressures, and seek external support when needed are far more likely to weather storms and maintain a sense of unity. Ignoring these practicalities risks allowing them to become silent, corrosive forces.",118,ai_neutral,AI,Family Dynamics
"Consider the legacy of trauma passed down through generations. Often unspoken, these inherited wounds manifest as anxiety, depression, or dysfunctional behavioral patterns. A parent’s unresolved childhood experiences can unconsciously shape their parenting style, perpetuating cycles of emotional neglect or abuse. Recognizing this intergenerational transmission is the first step towards healing. It requires a willingness to examine family history, acknowledge past hurts, and actively work to break the chain. Therapy, mindful parenting techniques, and a commitment to self-awareness are essential tools in dismantling these deeply ingrained patterns and creating a healthier future for subsequent generations.",94,ai_neutral,AI,Family Dynamics
"Observing families is akin to studying miniature societies, complete with their own unique cultures, rituals, and hierarchies. These internal systems develop organically, often around shared values, religious beliefs, or even simply habitual routines. Mealtime conversations, holiday traditions, and the way disagreements are handled all contribute to this distinct family “culture.” While these traditions can provide a sense of belonging and stability, they can also become rigid and exclusionary, stifling individual expression. A healthy family dynamic allows for evolution, embracing change and adapting traditions to meet the needs of all members, rather than clinging to the past for the sake of familiarity.",101,ai_neutral,AI,Family Dynamics
"Is it possible for a family to truly know one another, or are we all perpetually performing curated versions of ourselves for those closest to us? The intricate dance of family dynamics often hinges on unspoken expectations and carefully constructed facades. Beneath the surface of shared meals and holiday traditions lie complex power structures, often subtly negotiated over years. Sibling rivalries, parental projections, and the weight of inherited trauma all contribute to a system where genuine vulnerability can feel risky. Healthy families acknowledge these complexities, fostering open communication and allowing for individual growth, even when it challenges established norms. However, many families remain trapped in cycles of dysfunction, repeating patterns of behavior that hinder emotional intimacy and perpetuate conflict, ultimately prioritizing a fragile peace over authentic connection.",127,ai_neutral,AI,Family Dynamics
"Family dynamics aren’t simply about blood relation; they’re about the systems of support, obligation, and influence that develop over time. Consider the chosen family – the network of friends who provide the emotional sustenance a biological family might lack. This illustrates a crucial point: family is defined by function, not solely by genetics. A functional family, regardless of its composition, provides a safe base for exploration, celebrates individual achievements, and offers unwavering support during times of hardship. Conversely, a dysfunctional family can erode self-esteem, foster codependency, and create lasting emotional scars. The impact extends beyond individual well-being, influencing career choices, romantic relationships, and even physical health.",106,ai_neutral,AI,Family Dynamics
"“The heart of a family is its capacity to embrace imperfections,” a sentiment often echoed, yet rarely fully practiced. The pressure to conform to idealized family structures – the perfect nuclear unit – can be immensely damaging. Families grappling with divorce, blended relationships, or differing values often face societal judgment and internal conflict. The reality is that families are messy, unpredictable, and frequently frustrating. Accepting this inherent messiness, and learning to navigate disagreements with empathy and respect, is paramount. It’s about recognizing that love isn’t contingent on perfection, but rather thrives *within* imperfection, fostering resilience and a deeper understanding of one another’s humanity.",103,ai_neutral,AI,Family Dynamics
"Observing a family from an outsider’s perspective often reveals patterns invisible to those within the system. These patterns, frequently rooted in intergenerational trauma, manifest as recurring arguments, passive-aggressive behavior, or emotional distance. For example, a family where emotional expression was historically suppressed might struggle with intimacy and vulnerability in subsequent generations. Breaking these cycles requires conscious effort, often involving therapy or self-reflection. It demands a willingness to acknowledge past hurts, challenge ingrained beliefs, and develop healthier communication strategies. The process isn’t easy, but the potential rewards – a more authentic and fulfilling family life – are significant.",97,ai_neutral,AI,Family Dynamics
"The concept of ‘family loyalty’ is frequently invoked, but its implications are surprisingly complex. While a sense of belonging and mutual support is vital, blind loyalty can enable harmful behaviors. Protecting a family member from the consequences of their actions, for instance, can perpetuate abuse or dysfunction. True family support isn’t about shielding one another from accountability; it’s about holding each other to high standards, encouraging personal growth, and intervening when necessary, even if it’s uncomfortable. This requires a delicate balance between unconditional love and a commitment to ethical behavior, prioritizing the long-term well-being of all involved over short-term harmony.",100,ai_neutral,AI,Family Dynamics
"What truly defines a family isn’t shared genetics, but the intricate web of unspoken agreements and habitual responses that develop over time. These patterns, often originating in childhood, dictate how members navigate conflict, express affection, and fulfill perceived roles. A family might outwardly appear harmonious, yet internally operate on a foundation of passive-aggression, where direct communication is avoided in favor of subtle jabs and resentful compliance. Conversely, a family marked by frequent arguments could still possess a deep, underlying current of loyalty and care, the conflict serving as a distorted expression of investment. Understanding these dynamics requires recognizing that each individual is both a product *of* and a contributor *to* the system, perpetually influencing and being influenced by the collective behavior.",121,ai_neutral,AI,Family Dynamics
"The scent of cinnamon and simmering tomatoes always brings Amelia back to her grandmother’s kitchen, a space that simultaneously represented warmth and rigid expectation. Family dynamics, at their core, are often about the transmission of values – not necessarily through explicit lectures, but through the subtle modeling of behavior. Amelia’s grandmother, a woman of unwavering practicality, instilled a sense of duty and self-reliance, but also a quiet suppression of emotional vulnerability. This legacy manifested in Amelia’s own reluctance to ask for help, a pattern she only began to unravel in therapy years later. The kitchen, then, wasn’t just a place for cooking; it was a crucible where identity was forged, and familial narratives were silently passed down through generations.",119,ai_neutral,AI,Family Dynamics
"“Blood is thicker than water” – a proverb often invoked to justify unwavering familial loyalty, yet increasingly challenged in a modern context. The assumption that familial bonds automatically equate to healthy relationships overlooks the potential for deeply damaging dynamics. Toxic family systems, characterized by manipulation, control, and emotional abuse, can inflict lasting trauma, often requiring individuals to establish firm boundaries, even to the point of estrangement. Prioritizing self-preservation isn’t a rejection of family, but a necessary act of self-respect. The strength of a relationship shouldn’t be measured by its longevity or biological connection, but by its capacity to foster growth, safety, and mutual respect.",104,ai_neutral,AI,Family Dynamics
"Consider the family as a mobile, constantly recalibrating to maintain equilibrium. When one member experiences a significant life change – a job loss, a marriage, a mental health crisis – the entire structure shifts. Other members may unconsciously take on new roles to compensate, sometimes to their own detriment. This can manifest as a sibling stepping into a caretaker position, a parent becoming overly involved, or a partner assuming increased financial responsibility. While initially intended to provide support, these adjustments can create imbalances and resentment if not openly acknowledged and addressed. The healthiest families are those that embrace fluidity, allowing individuals to evolve without disrupting the overall harmony.",108,ai_neutral,AI,Family Dynamics
"Reflecting on her own upbringing, Sarah realized the pervasive influence of ‘family scripts’ – the unwritten rules about how things *should* be. These scripts, often rooted in cultural norms or past traumas, dictate acceptable emotional expression, career choices, and even romantic partnerships. For Sarah’s family, success was narrowly defined as financial stability and professional achievement, leaving little room for artistic pursuits or unconventional lifestyles. Breaking free from these ingrained expectations required a conscious effort to challenge deeply held beliefs and redefine her own values. It was a process of unlearning, of recognizing that her happiness wasn’t contingent on fulfilling a predetermined familial narrative.",103,ai_neutral,AI,Family Dynamics
"What truly defines a family isn’t shared genetics, but the intricate web of unspoken agreements and habitual responses that develop over time. These patterns, often originating in childhood, dictate how members navigate conflict, express affection, and fulfill perceived roles. A family might outwardly appear harmonious, yet internally operate on a system of triangulation where direct communication is avoided, and issues are addressed indirectly through a third party. Or, conversely, a family could thrive on boisterous debate, mistaking volume for genuine connection. Understanding these dynamics – the subtle power imbalances, the recurring emotional scripts – is crucial for breaking unhealthy cycles and fostering more authentic relationships, even if it means confronting uncomfortable truths about long-held beliefs.",115,ai_neutral,AI,Family Dynamics
"The concept of ‘family’ is increasingly fluid in the 21st century, challenging traditional notions of kinship and obligation. While biological ties remain significant for many, chosen families – networks of supportive, non-related individuals – are gaining prominence, particularly within LGBTQ+ communities and among those estranged from their families of origin. This shift reflects a growing emphasis on emotional resonance and reciprocal care over inherited connections. The strength of a family, therefore, isn’t determined by its structure, but by the quality of its bonds: the consistent demonstration of empathy, respect, and unwavering support, regardless of blood relation. This redefinition acknowledges that family is less about *who* you’re related to, and more about *who* consistently shows up for you.",117,ai_neutral,AI,Family Dynamics
"“Blood is thicker than water” – a proverb often invoked to justify unwavering loyalty, yet ironically, frequently misused. In reality, the original saying was “The blood of the covenant is thicker than the water of the womb,” emphasizing the bonds forged through shared experience and commitment *over* biological ties. This distinction is vital when examining dysfunctional family systems. Remaining loyal to a toxic family dynamic out of a sense of obligation can be profoundly damaging, hindering personal growth and perpetuating harmful patterns. Healthy boundaries are not a rejection of family, but a necessary act of self-preservation, allowing individuals to prioritize their own well-being without succumbing to guilt or manipulation.",109,ai_neutral,AI,Family Dynamics
"Observing family interactions is often like watching a carefully choreographed dance, each member anticipating and responding to cues honed over years of shared history. This choreography, however, isn’t always graceful. Sibling rivalry, for example, isn’t simply about competition for parental attention; it’s a complex negotiation for identity and belonging within the family system. Each child attempts to carve out a unique niche, often by contrasting themselves with their siblings. This can manifest as academic achievement, rebellious behavior, or the adoption of specific personality traits. Understanding these underlying motivations allows for a more compassionate perspective on seemingly antagonistic relationships, recognizing them as attempts to define oneself within the familial context.",109,ai_neutral,AI,Family Dynamics
"Family dynamics are profoundly shaped by intergenerational trauma – the transmission of unresolved pain and emotional wounds across generations. These wounds, often stemming from historical events or deeply ingrained cultural patterns, can manifest as anxiety, depression, or unhealthy coping mechanisms. Individuals may unconsciously replicate behaviors they witnessed in their parents or grandparents, perpetuating cycles of abuse or neglect. Breaking these cycles requires acknowledging the past, seeking therapy, and actively cultivating healthier communication patterns. It’s a challenging process, demanding vulnerability and a willingness to confront uncomfortable truths, but ultimately essential for creating a more resilient and emotionally healthy future for subsequent generations.",101,ai_neutral,AI,Family Dynamics
"Is it possible to truly *know* your family, or are we forever limited by our subjective experiences and the roles we’re assigned within the system? Family dynamics, at their core, are a complex interplay of inherited patterns and individual agency. Often, unspoken rules dictate behavior, creating a subtle but powerful current that shapes interactions. These rules, born from past traumas or successes, can manifest as expectations around emotional expression, career choices, or even preferred leisure activities. Recognizing these patterns – the tendency to avoid conflict, the pressure to achieve, the subtle competition for parental approval – is the first step towards healthier relationships. Breaking free requires conscious effort, a willingness to challenge ingrained beliefs, and the courage to redefine one’s role, not as dictated by the family narrative, but by personal values.",132,ai_neutral,AI,Family Dynamics
"The modern family, increasingly diverse in its structure, presents a fascinating case study in adaptability. Gone are the rigid expectations of the nuclear family as the sole model; blended families, single-parent households, and chosen families are now commonplace. This shift necessitates a re-evaluation of traditional power dynamics and a greater emphasis on fluid roles. Successful navigation of these new configurations hinges on open communication, a willingness to negotiate expectations, and a commitment to creating a sense of belonging for all members. The challenge isn’t to replicate a past ideal, but to build a functional and supportive unit based on mutual respect and shared values, acknowledging that ‘family’ is defined not by blood, but by connection.",115,ai_neutral,AI,Family Dynamics
"“The heart of a family is not in its size, but in the strength of its bonds,” a sentiment often echoed, yet frequently undermined by the realities of everyday life. Consider the economic pressures facing many families today – long working hours, financial instability, and the constant struggle to balance work and personal life. These stressors inevitably impact family interactions, leading to increased tension, reduced quality time, and a diminished capacity for emotional connection. Addressing these challenges requires systemic solutions, such as affordable childcare, paid parental leave, and policies that support work-life balance. Without such support, the very foundations of family life are eroded, leaving individuals feeling isolated and overwhelmed.",110,ai_neutral,AI,Family Dynamics
"From a philosophical perspective, family dynamics can be viewed as a microcosm of societal structures, reflecting broader patterns of power, control, and resistance. The family unit often serves as the initial training ground for navigating social hierarchies and learning to negotiate boundaries. Children internalize the dynamics they observe within their families, shaping their understanding of relationships, authority, and their own self-worth. Consequently, dysfunctional family patterns can perpetuate cycles of abuse, inequality, and emotional repression across generations. Breaking these cycles requires a critical examination of societal norms and a conscious effort to cultivate empathy, respect, and equitable relationships within the family context.",101,ai_neutral,AI,Family Dynamics
"Observing family gatherings often reveals a curious phenomenon: the re-emergence of childhood roles, regardless of age or accomplishment. The ‘responsible one,’ the ‘class clown,’ the ‘peacemaker’ – these labels, once assigned in youth, can stubbornly persist, influencing behavior and limiting individual expression. This regression isn’t necessarily negative; it can provide a sense of comfort and familiarity. However, it can also hinder personal growth and prevent individuals from fully realizing their potential. Consciously acknowledging these ingrained patterns and actively challenging them – by stepping outside of assigned roles and embracing new behaviors – can be a powerful step towards greater self-awareness and more authentic family interactions.",105,ai_neutral,AI,Family Dynamics
"What truly defines a family isn’t shared genetics, but the intricate web of unspoken agreements and habitual responses that develop over time. These patterns, often originating in childhood, dictate how members navigate conflict, express affection, and fulfill perceived roles. A family might outwardly appear harmonious, yet internally operate on a system of triangulation where direct communication is avoided, and issues are addressed indirectly through a third party. Or, conversely, a family could thrive on boisterous debate, mistaking passionate disagreement for genuine connection. Understanding these dynamics – the subtle power imbalances, the recurring emotional scripts – is crucial for breaking unhealthy cycles and fostering more authentic relationships, even if it means confronting uncomfortable truths about long-held beliefs.",116,ai_neutral,AI,Family Dynamics
"The modern family, increasingly defined by choice rather than tradition, presents a unique challenge to conventional notions of kinship. Blended families, same-sex parented households, and chosen families – groups of individuals bound by affection and mutual support rather than blood – are reshaping the landscape of familial bonds. This shift necessitates a re-evaluation of what constitutes ‘family’ and a move away from rigid definitions. Loyalty isn’t automatically guaranteed by lineage; it’s earned through consistent presence, emotional availability, and a willingness to navigate the complexities of shared life. The emphasis is shifting from obligation to intentionality, demanding conscious effort to build and maintain meaningful connections.",104,ai_neutral,AI,Family Dynamics
"“The heart of a family is not in the beating of one, but in the beating of all,” as Rita Rudner eloquently put it, and this collective rhythm is often disrupted by generational trauma. Unresolved pain from past generations – experiences of war, poverty, abuse, or systemic oppression – can manifest as anxiety, depression, or dysfunctional behaviors in subsequent generations. These patterns aren’t necessarily conscious; they’re often embedded in communication styles, parenting approaches, and emotional regulation. Recognizing and addressing this inherited trauma requires vulnerability, self-awareness, and often, professional support to break the cycle and create a healthier future for all involved. It’s a process of acknowledging the past without being defined by it.",113,ai_neutral,AI,Family Dynamics
"Consider the subtle, yet powerful, influence of birth order on family dynamics. While not deterministic, the position a child occupies within the family structure often shapes their personality and relational patterns. Firstborns frequently assume responsibility and strive for achievement, while middle children may develop negotiation skills and a desire for fairness. The youngest often benefits from more relaxed parenting and can cultivate a charming, attention-seeking personality. These aren’t rigid categories, of course, but observing these tendencies can illuminate the underlying dynamics at play and explain why siblings might consistently interact in predictable ways, even into adulthood. It’s a fascinating lens through which to view the complexities of sibling relationships.",109,ai_neutral,AI,Family Dynamics
"Family dynamics aren’t static; they evolve alongside individual growth and external circumstances. A significant life event – a job loss, a relocation, the birth of a child, or a serious illness – can dramatically alter the established equilibrium. What once worked seamlessly may suddenly become strained, requiring adaptation and renegotiation of roles and expectations. Successful families aren’t those that avoid conflict, but those that possess the resilience and communication skills to navigate these transitions constructively. This often involves acknowledging individual needs, practicing empathy, and prioritizing the overall well-being of the family unit, even when it demands difficult conversations and compromises.",100,ai_neutral,AI,Family Dynamics
"Is it possible for a family to truly know one another, or are we all perpetually performing curated versions of ourselves for those closest to us? The intricate dance of family dynamics often hinges on unspoken expectations and carefully constructed facades. Beneath the surface of shared meals and holiday traditions lie complex power structures, often subtly negotiated over years. Sibling rivalries, parental projections, and the weight of inherited trauma all contribute to a system where genuine vulnerability can feel risky. Healthy families acknowledge these complexities, fostering open communication and allowing for individual growth, even when it challenges established norms. However, many families remain trapped in cycles of dysfunction, repeating patterns of behavior that hinder emotional intimacy and perpetuate conflict, ultimately prioritizing a fragile peace over authentic connection.",127,ai_neutral,AI,Family Dynamics
"Family dynamics aren’t simply about blood relation; they’re a constantly evolving ecosystem shaped by individual personalities and external pressures. Consider the impact of socioeconomic factors – financial strain can breed resentment and limit opportunities for shared experiences, while affluence can create a different set of challenges, like entitlement or a lack of genuine connection. Geographic distance, too, plays a significant role, altering the frequency and nature of interactions. Furthermore, the rise of blended families introduces a new layer of complexity, requiring adaptation and compromise from all involved. Successful navigation of these shifting landscapes demands empathy, flexibility, and a willingness to redefine what “family” means in a modern context.",108,ai_neutral,AI,Family Dynamics
"“The heart of a family is its capacity to embrace imperfections,” a sentiment often echoed, yet rarely fully practiced. The pressure to present a perfect family image – fueled by social media and societal expectations – can be incredibly damaging. It discourages honest conversations about struggles with mental health, addiction, or simply the everyday challenges of life. This curated perfectionism fosters shame and isolation, preventing family members from seeking support when they need it most. Ironically, acknowledging and accepting vulnerabilities is precisely what strengthens familial bonds, creating a safe space for growth and healing. The pursuit of flawlessness ultimately undermines the very foundation of genuine connection.",106,ai_neutral,AI,Family Dynamics
"Often overlooked in discussions of family dynamics is the concept of emotional labor – the often-unacknowledged work of managing emotions, anticipating needs, and maintaining harmony within the group. This burden frequently falls disproportionately on women, who are often expected to be the emotional caretakers of the family. This imbalance can lead to resentment, burnout, and a sense of being undervalued. Recognizing and redistributing emotional labor is crucial for creating a more equitable and sustainable family system. It requires conscious effort from all members to share responsibility for emotional well-being and to actively support one another, rather than relying on a single individual to shoulder the weight.",106,ai_neutral,AI,Family Dynamics
"Observing a family is akin to studying a complex choreography, a series of learned movements and responses passed down through generations. These patterns, while often unconscious, profoundly shape individual behavior and relational dynamics. For example, a family that historically avoids conflict might inadvertently teach its members to suppress their needs and feelings, leading to passive-aggressive communication and unresolved issues. Breaking these cycles requires self-awareness, a willingness to challenge ingrained beliefs, and potentially, professional intervention. Therapy can provide a space to unpack these inherited patterns and develop healthier ways of interacting, ultimately fostering a more fulfilling and authentic family life.",99,ai_neutral,AI,Family Dynamics
"What truly defines a family isn’t shared genetics, but the intricate web of unspoken agreements and habitual responses that develop over time. These patterns, often originating in childhood, dictate how members navigate conflict, express affection, and fulfill perceived roles. A family might outwardly appear harmonious, yet internally operate on a system of triangulation where direct communication is avoided, and issues are addressed indirectly through a third party. Or, conversely, a family could thrive on boisterous debate, mistaking passionate disagreement for genuine connection. Understanding these dynamics – the subtle power imbalances, the recurring emotional scripts – is crucial for breaking unhealthy cycles and fostering more authentic relationships, even if it means confronting uncomfortable truths about long-held beliefs.",116,ai_neutral,AI,Family Dynamics
"The scent of cinnamon and simmering tomatoes always brings my grandmother’s kitchen to mind, and with it, the quiet, persistent tension that permeated every family gathering. It wasn’t dramatic shouting matches, but a subtle withholding of approval, a carefully calibrated distribution of attention. My aunt, the eldest, always bore the brunt of this, perpetually striving for a validation she rarely received. Observing this as a child, I learned that love wasn’t always expressed through warmth, but sometimes through expectation and a quiet, almost invisible, competition. This realization, though painful, shaped my own understanding of familial love – a complex blend of obligation, history, and the enduring hope for acceptance.",109,ai_neutral,AI,Family Dynamics
"Family dynamics are, at their core, systems striving for homeostasis, a delicate balance maintained even at the expense of individual well-being. When one member experiences significant change – a career shift, a new relationship, a personal crisis – the entire system reacts, often attempting to restore the familiar equilibrium. This can manifest as enabling behaviors, projection of anxieties, or even outright sabotage. The system isn’t consciously malicious; it’s simply operating on an ingrained imperative to remain stable. Recognizing this dynamic allows for a more compassionate understanding of seemingly irrational family responses and opens the door for healthier, more adaptive change.",100,ai_neutral,AI,Family Dynamics
"“Blood is thicker than water,” the old adage goes, but increasingly, that sentiment feels outdated and even harmful. Modern families are diverse, encompassing chosen families, blended families, and single-parent households. The strength of a family isn’t determined by biological ties, but by the quality of connection, mutual respect, and consistent support. A chosen family, built on shared values and genuine affection, can often provide a more nurturing and fulfilling environment than a dysfunctional biological one. Prioritizing emotional safety and healthy boundaries, regardless of lineage, is paramount in building resilient and thriving family units.",93,ai_neutral,AI,Family Dynamics
"Consider the family photograph: a carefully curated snapshot of a moment in time, rarely reflecting the full complexity of the relationships within. Beneath the smiles and posed perfection often lie unresolved conflicts, unspoken resentments, and individual struggles. The photograph becomes a symbol of the *ideal* family, a performance of togetherness rather than an authentic representation of lived experience. This gap between perception and reality is a common feature of family life, highlighting the importance of honest communication and a willingness to acknowledge the imperfections that inevitably exist within any close-knit group.",91,ai_neutral,AI,Family Dynamics
"What truly defines a family isn’t shared genetics, but the intricate web of unspoken agreements and habitual responses that develop over time. These patterns, often originating in childhood, dictate how members navigate conflict, express affection, and fulfill perceived roles. A family might outwardly appear harmonious, yet internally operate on a system of triangulation where direct communication is avoided, and issues are addressed indirectly through a third party. Or, conversely, a family could thrive on boisterous debate, mistaking volume for genuine connection. Understanding these dynamics – the subtle power imbalances, the recurring emotional scripts – is crucial for breaking unhealthy cycles and fostering more authentic relationships, even if it means confronting uncomfortable truths about long-held beliefs.",115,ai_neutral,AI,Family Dynamics
"The concept of ‘family’ is increasingly fluid in the 21st century, challenging traditional notions of kinship and obligation. While biological ties remain significant for many, chosen families – networks of supportive, non-related individuals – are gaining prominence, particularly within LGBTQ+ communities and among those estranged from their families of origin. This shift reflects a growing emphasis on emotional resonance and mutual respect over inherited connections. The strength of a family, therefore, isn’t determined by its structure, but by the quality of its bonds: the consistent presence of empathy, trust, and a willingness to prioritize each other’s well-being, regardless of blood relation or legal definition.",104,ai_neutral,AI,Family Dynamics
"“The heart of a family is not in the beating of one, but in the beating of all,” as Rita Rudner eloquently put it, and this collective rhythm is often disrupted by unresolved intergenerational trauma. Patterns of abuse, neglect, or emotional unavailability can be passed down through generations, manifesting as anxiety, depression, or difficulty forming healthy attachments. Recognizing these inherited wounds is the first step towards healing; however, it requires a conscious effort to break the cycle, often through therapy, open communication, and a commitment to self-awareness. Ignoring the past doesn’t erase its influence; it simply allows it to continue shaping the present, potentially repeating harmful behaviors.",107,ai_neutral,AI,Family Dynamics
"Consider the subtle ways families negotiate individuality versus conformity. From childhood, individuals are often encouraged to align with family values and expectations, sometimes at the expense of their own aspirations. While a degree of cohesion is essential, excessive pressure to conform can stifle personal growth and lead to resentment. Healthy family dynamics allow for divergence, celebrating unique talents and perspectives even when they differ from the norm. This requires a delicate balance: providing a secure base of support while simultaneously encouraging autonomy and self-discovery, acknowledging that a family’s strength lies not in uniformity, but in the richness of its diverse members.",101,ai_neutral,AI,Family Dynamics
"Family relationships are, fundamentally, systems of reciprocal influence. It’s easy to focus on what we *receive* from our families – love, support, guidance – but less common to examine what we *contribute* to the dynamic. Each member’s behavior, however small, impacts the others, creating a feedback loop that can either reinforce positive patterns or perpetuate negative ones. Taking responsibility for our own role in family interactions – acknowledging our triggers, apologizing for our mistakes, and actively listening to others – is crucial for fostering healthier communication and building stronger, more equitable relationships. This requires a shift from blaming to understanding, and a willingness to see ourselves as part of a larger, interconnected system.",113,ai_neutral,AI,Family Dynamics
"Is it possible to truly separate individual identity from the interwoven tapestry of family? The modern family, in all its diverse forms, remains a primary crucible for self-discovery, often forging both strength and vulnerability. Beyond the biological ties, family represents a complex system of learned behaviors, emotional attachments, and unspoken expectations. These dynamics aren’t always harmonious; competition for attention, differing values, and unresolved past traumas can create persistent undercurrents of tension. However, even dysfunctional families provide a crucial, if sometimes painful, framework for understanding relationships and navigating the social world. The enduring power of family lies not in its perfection, but in its capacity to shape us, challenge us, and ultimately, reflect back a distorted, yet formative, image of ourselves.",120,ai_neutral,AI,Family Dynamics
"Family dynamics, viewed through a sociological lens, are demonstrably shifting. The traditional nuclear family – a breadwinning father and stay-at-home mother – is no longer the dominant model. Instead, blended families, single-parent households, and chosen families are increasingly common. This evolution isn’t simply a matter of changing demographics; it reflects broader societal shifts in gender roles, economic pressures, and individual priorities. Consequently, the expectations placed upon family members are also evolving. Where once duty and obligation were paramount, individual fulfillment and emotional well-being are gaining prominence. This transition, while potentially liberating, also introduces new complexities, requiring greater flexibility, communication, and a willingness to redefine what “family” truly means.",108,ai_neutral,AI,Family Dynamics
"“The heart of a family is not in the blood, but in the moments shared,” a sentiment often echoed, yet profoundly true. Consider the seemingly mundane rituals – shared meals, bedtime stories, holiday traditions – these aren’t merely activities, but the building blocks of emotional connection. These repeated interactions create a shared history, a collective narrative that binds family members together. The absence of these moments, whether due to distance, conflict, or simply busy schedules, can erode those bonds. Investing in quality time, actively listening, and expressing appreciation are therefore not sentimental gestures, but essential maintenance for a healthy family ecosystem. It’s in these small, consistent acts of connection that the true strength of family resides.",116,ai_neutral,AI,Family Dynamics
"From a psychological perspective, family dynamics often replay patterns established in previous generations. Unresolved emotional wounds, attachment styles, and communication habits are frequently transmitted, consciously or unconsciously, from parents to children. This intergenerational transmission can manifest in various ways – from repeating unhealthy relationship patterns to inheriting anxieties or fears. Breaking these cycles requires self-awareness, a willingness to confront difficult truths, and often, professional intervention. Therapy, for example, can provide a safe space to explore these patterns, develop healthier coping mechanisms, and ultimately, create a more positive and fulfilling family experience for future generations. Recognizing this legacy is the first step towards rewriting the narrative.",105,ai_neutral,AI,Family Dynamics
"Observe any family gathering and you’ll quickly notice the subtle choreography of power. Family dynamics aren’t egalitarian; hierarchies, often unspoken, exist based on age, gender, financial status, or perceived competence. These power imbalances can influence decision-making, communication styles, and even emotional expression. A dominant parent, for instance, might stifle the voices of other family members, while a financially dependent adult child might experience a diminished sense of agency. Understanding these power dynamics is crucial for fostering healthier relationships. Encouraging open communication, valuing diverse perspectives, and challenging ingrained assumptions can help to create a more equitable and supportive family environment, where all members feel empowered to contribute and thrive.",108,ai_neutral,AI,Family Dynamics
"Is it possible to feel utterly alone even surrounded by people? The paradox of modern social isolation isn’t a lack of connection, but a deficit of *meaningful* connection. We curate online personas, accumulating ‘friends’ and ‘followers’ who often remain strangers, leaving a hollow ache despite constant digital interaction. This performative social life can exacerbate feelings of loneliness, as individuals compare their carefully constructed online selves to the perceived authenticity of others. The resulting anxiety and self-doubt contribute to withdrawal, creating a self-perpetuating cycle. Beyond the digital realm, increasingly fragmented communities and demanding work schedules leave less time for genuine, face-to-face engagement, fostering a sense of disconnection from the support systems humans are biologically wired to need.",116,ai_neutral,AI,Social Isolation
"The rise of remote work, while offering flexibility, has inadvertently created a new landscape for social isolation, particularly for younger professionals. Beyond the obvious lack of water-cooler conversations, the erosion of organic, unplanned interactions impacts mentorship opportunities and the development of crucial soft skills. Building rapport and trust is demonstrably harder through screens, leading to weaker professional networks and a diminished sense of belonging within a company culture. This isn’t simply about missing out on office gossip; it’s about the subtle, yet vital, learning that happens through observation, collaboration, and informal knowledge sharing – elements often lost in a purely virtual environment. The long-term consequences for career advancement and overall job satisfaction are significant.",114,ai_neutral,AI,Social Isolation
"Consider the elderly, often facing isolation not by choice, but through circumstance. Retirement, the loss of a spouse, or declining health can drastically shrink a person’s social circle, leading to profound loneliness. Unlike younger generations who may actively seek new connections online, many seniors lack the digital literacy or inclination to navigate these platforms. Geographic limitations and reduced mobility further compound the problem, making it difficult to participate in community activities or maintain existing relationships. This isn’t merely a matter of sadness; prolonged social isolation in older adults is linked to increased risk of cognitive decline, cardiovascular disease, and even premature mortality.",102,ai_neutral,AI,Social Isolation
"“The worst loneliness is not to be alone, but to be among thousands and to feel unseen,” wrote Simone Weil, a sentiment that resonates deeply in our hyper-connected age. This speaks to the qualitative difference between simply being *around* people and truly being *known* by them. Social isolation isn’t solely defined by the quantity of interactions, but by the depth of those connections. Superficial engagements, driven by transactional needs or fleeting interests, fail to satisfy the fundamental human need for intimacy and belonging. Cultivating genuine relationships requires vulnerability, empathy, and a willingness to invest time and emotional energy – qualities often sacrificed in the pursuit of efficiency and convenience.",109,ai_neutral,AI,Social Isolation
"From a neurological perspective, social isolation triggers a stress response within the brain, similar to physical pain. Studies demonstrate that prolonged loneliness activates the amygdala, the brain’s fear center, and suppresses activity in the prefrontal cortex, responsible for rational thought and emotional regulation. This neurochemical shift can lead to heightened anxiety, increased sensitivity to social threats, and a diminished capacity for empathy. Essentially, the brain begins to perceive social disconnection as a danger signal, prompting defensive behaviors like withdrawal and avoidance, further reinforcing the cycle of isolation. Understanding this biological basis is crucial for developing effective interventions and destigmatizing the experience of loneliness.",103,ai_neutral,AI,Social Isolation
"Is it possible to be surrounded by people and still feel utterly alone? Social isolation isn’t simply about physical distance; it’s a subjective experience of disconnection, a perceived lack of meaningful relationships and belonging. This feeling can arise even within crowded spaces, fueled by a sense of not being understood, valued, or truly *seen*. Modern life, with its emphasis on individual achievement and digital interaction, ironically contributes to this paradox. While technology promises connection, it often delivers superficial engagements that fail to satisfy our deep-seated need for genuine intimacy. The consequences extend beyond emotional distress, impacting physical health and increasing vulnerability to mental health challenges. Recognizing this distinction – between loneliness and objective isolation – is crucial for addressing the problem effectively.",122,ai_neutral,AI,Social Isolation
"The escalating rates of social isolation represent a significant public health concern, demanding a shift in how we conceptualize community wellbeing. Unlike previous generations where strong neighborhood ties and frequent social gatherings were commonplace, contemporary society often prioritizes mobility and individual pursuits. This fragmentation weakens the social fabric, leaving individuals increasingly reliant on tenuous connections. Furthermore, systemic factors like economic inequality and limited access to resources exacerbate the issue, disproportionately affecting marginalized groups. Addressing this requires proactive interventions – not just individual therapy, but also community-building initiatives, affordable social programs, and policies that foster inclusivity and reduce societal barriers to connection.",101,ai_neutral,AI,Social Isolation
"“The worst loneliness is not to be alone, but to be among those who don’t understand you,” as Søren Kierkegaard observed, and this resonates deeply with the experience of social isolation. It’s not necessarily the *absence* of contact, but the *quality* of interaction that determines whether we feel connected or adrift. Superficial conversations, performative social media posts, and a constant striving for external validation can all contribute to a sense of emptiness. Cultivating authentic relationships requires vulnerability, active listening, and a willingness to share our true selves – qualities that can be challenging to practice in a culture that often rewards self-promotion and emotional detachment. The antidote isn’t simply more socializing, but *meaningful* socializing.",114,ai_neutral,AI,Social Isolation
"Consider the quiet erosion of shared spaces – the decline of local bookstores, community centers, and even front porch gatherings. These weren’t just places for transactions or activities; they were organic hubs for spontaneous interaction and the development of casual acquaintanceships. The rise of individualized entertainment and online shopping has diminished opportunities for these serendipitous encounters, contributing to a more atomized society. This loss isn’t merely nostalgic; it represents a tangible weakening of the social infrastructure that once supported a sense of collective belonging. Reclaiming and reinvesting in these shared spaces, and actively creating new ones, is vital for rebuilding social cohesion and combating isolation.",105,ai_neutral,AI,Social Isolation
"Often framed as an emotional state, social isolation also has a powerful neurological component. Studies demonstrate that prolonged feelings of disconnection trigger similar brain responses to physical pain, activating regions associated with threat detection and stress. This chronic activation can lead to a cascade of negative physiological effects, including weakened immune function, increased inflammation, and heightened risk of cardiovascular disease. Viewing isolation not just as a psychological issue, but as a biological stressor, underscores the urgency of addressing it. It highlights the need for holistic interventions that consider both the emotional and physical consequences of disconnection, and prioritize preventative measures to foster social wellbeing.",104,ai_neutral,AI,Social Isolation
"Is it possible to be surrounded by people and still feel utterly alone? Social isolation isn’t simply about physical distance; it’s a subjective experience of disconnection, a perceived lack of meaningful relationships and belonging. This feeling can stem from a variety of factors – relocation, job loss, the ending of a significant relationship, or even a shift in personal values that leaves one feeling alienated from their existing social circles. The consequences extend beyond emotional distress, impacting physical health through increased cortisol levels and weakened immune function. Crucially, recognizing this *perceived* lack of connection is the first step towards addressing it, as the experience is often more about internal interpretation than external circumstance. Building new connections, or deepening existing ones, requires vulnerability and intentional effort.",125,ai_neutral,AI,Social Isolation
"The modern workplace, despite its emphasis on collaboration, can ironically foster profound social isolation. Open-plan offices, intended to encourage interaction, often result in a constant low-level hum of distraction, hindering deep, meaningful conversations. Remote work, while offering flexibility, presents its own challenges, potentially reducing spontaneous interactions and creating a sense of detachment from colleagues. This isn’t merely a matter of missing water cooler chat; it’s about the erosion of informal mentorship, the loss of shared experiences, and the difficulty in building trust without regular face-to-face contact. Companies increasingly need to prioritize initiatives that actively combat this isolation, fostering genuine connection through team-building activities and supportive communication strategies.",107,ai_neutral,AI,Social Isolation
"Consider the elderly widow, living independently, her days marked by routine and silence. Her story isn’t unique. Social isolation disproportionately affects older adults, often compounded by factors like declining health, mobility limitations, and the loss of loved ones. But it’s a mistake to view this as an inevitable consequence of aging. Proactive interventions – community centers offering social activities, volunteer opportunities, and accessible transportation – can make a significant difference. More importantly, challenging societal ageism and fostering intergenerational connections can combat the feeling of invisibility that often accompanies isolation, reminding older individuals of their continued value and contribution.",98,ai_neutral,AI,Social Isolation
"“The worst loneliness is not to be alone, but to be among thousands and to feel unseen.” This quote by Friedrich Nietzsche encapsulates a particularly insidious form of social isolation: emotional loneliness within a crowd. It’s the experience of feeling fundamentally misunderstood, of lacking genuine intimacy even when surrounded by people. This type of isolation often stems from a fear of vulnerability, a reluctance to share one’s authentic self, or a history of relational trauma. Overcoming it requires cultivating self-awareness, practicing assertive communication, and actively seeking out relationships built on mutual respect and emotional honesty – connections where one feels truly seen and accepted.",104,ai_neutral,AI,Social Isolation
"Reflecting on the rise of social media, it’s a paradox that platforms designed to connect us can simultaneously contribute to feelings of isolation. The curated perfection presented online often fosters social comparison, leading individuals to feel inadequate or disconnected from their own lives. Furthermore, superficial online interactions can’t replicate the depth and complexity of real-life relationships. While social media can be a useful tool for maintaining existing connections, it shouldn’t be seen as a substitute for genuine, in-person engagement. A conscious effort to prioritize offline interactions, to cultivate meaningful relationships beyond the digital realm, is crucial for mitigating the isolating effects of constant connectivity.",104,ai_neutral,AI,Social Isolation
"Is it possible to be surrounded by people and still feel utterly alone? Social isolation isn’t simply about physical distance; it’s a subjective experience of disconnection, a perceived lack of meaningful relationships and belonging. This feeling can arise even within crowded spaces, fueled by a sense of not being understood, valued, or truly *seen*. Modern life, with its emphasis on individual achievement and digital connection, ironically contributes to this paradox. We curate online personas, often presenting idealized versions of ourselves, which can hinder genuine intimacy. The resulting superficiality leaves many craving deeper bonds, yet hesitant to risk vulnerability. Ultimately, social isolation erodes mental wellbeing, impacting everything from immune function to cognitive performance, highlighting its profound impact on overall health.",119,ai_neutral,AI,Social Isolation
"The escalating rates of social isolation represent a significant public health challenge, demanding attention beyond individual coping mechanisms. While personal resilience is important, the issue is deeply rooted in societal structures. Declining community involvement, the erosion of traditional support networks like extended families and local organizations, and increasing geographic mobility all contribute to a fragmented social landscape. Furthermore, systemic inequalities – economic hardship, discrimination, and limited access to resources – disproportionately affect vulnerable populations, exacerbating their risk of isolation. Addressing this requires proactive policies that foster social cohesion, promote inclusive community spaces, and prioritize accessible mental health services. It’s a collective responsibility, not merely an individual one.",107,ai_neutral,AI,Social Isolation
"Imagine a garden overgrown with weeds; each weed represents a missed connection, an unreturned call, a declined invitation. Over time, these small neglects accumulate, choking the life out of potential relationships and fostering a sense of loneliness. This metaphor illustrates how social isolation often creeps in gradually, not as a sudden event, but as a slow erosion of social ties. Individuals may withdraw due to fear of rejection, past negative experiences, or simply a lack of energy. This withdrawal, however, reinforces the isolation, creating a self-perpetuating cycle. Breaking this cycle requires conscious effort – small acts of reaching out, initiating contact, and actively nurturing existing relationships, even when it feels difficult.",111,ai_neutral,AI,Social Isolation
"“The worst loneliness is not to be alone, but to be among thousands and to feel unseen,” wrote Simone Weil, a sentiment that resonates deeply in our hyper-connected age. This observation points to the qualitative difference between solitude and isolation. Solitude can be restorative, a chosen state of peaceful introspection. Isolation, conversely, is characterized by a painful sense of alienation and a longing for connection. The key distinction lies in agency and desire. Someone choosing solitude *wants* to be alone; someone experiencing isolation *doesn’t*. Recognizing this nuance is crucial, as it shifts the focus from simply increasing social contact to fostering genuine, reciprocal relationships built on empathy and understanding.",109,ai_neutral,AI,Social Isolation
"From a neurological perspective, social isolation triggers a cascade of physiological responses mirroring physical pain. Studies demonstrate that loneliness activates the same brain regions associated with threat detection, leading to increased cortisol levels and a weakened immune system. This isn’t merely a psychological phenomenon; it’s a biological one. Prolonged isolation can even alter brain structure, impacting cognitive function and increasing the risk of neurodegenerative diseases. Understanding these neurobiological effects underscores the urgency of addressing social isolation as a critical factor in preventative healthcare. Interventions that promote social engagement, such as group activities and social prescribing, can literally rewire the brain, fostering resilience and improving overall wellbeing.",106,ai_neutral,AI,Social Isolation
"Is it possible to be utterly surrounded by people and still feel profoundly alone? Social isolation isn’t simply about physical distance; it’s a subjective experience of disconnection, a perceived lack of meaningful relationships and belonging. Modern life, despite its hyper-connectivity, ironically fosters this feeling through superficial interactions and the curated realities presented on social media. The constant comparison to others’ highlight reels can breed inadequacy and a sense of not measuring up, leading individuals to withdraw further. This isn’t merely a psychological state, however. Prolonged social isolation demonstrably impacts physiological health, weakening the immune system and increasing the risk of cardiovascular disease. Rebuilding genuine connection requires intentionality – actively cultivating empathy, vulnerability, and shared experiences.",115,ai_neutral,AI,Social Isolation
"The rise of remote work, while offering flexibility, presents a compelling case study in the evolving nature of social isolation. Before, the daily commute, office banter, and shared lunch breaks, however trivial they seemed, provided consistent, low-stakes social interaction. Now, many individuals transition directly from personal life to work life within the same four walls, blurring boundaries and diminishing opportunities for spontaneous connection. This isn’t to demonize remote work, but to acknowledge its potential impact on social wellbeing. Companies are increasingly recognizing the need to proactively foster virtual communities and encourage team-building activities, understanding that productivity is inextricably linked to employee connection and a sense of belonging.",107,ai_neutral,AI,Social Isolation
"“The worst loneliness is not to be alone, but to be among thousands and to feel unseen.” This quote by Simone Weil encapsulates a particularly insidious form of social isolation: feeling invisible within a crowd. This often affects marginalized communities, where systemic barriers and prejudice can lead to exclusion and a sense of not being valued or heard. It’s a feeling compounded by the constant bombardment of narratives that don’t reflect one’s own experiences. Overcoming this requires not only individual efforts to connect, but also societal shifts towards greater inclusivity, representation, and a willingness to actively listen to and amplify the voices of those who have been historically silenced.",109,ai_neutral,AI,Social Isolation
"From a neurological perspective, social interaction is fundamental to human development. Our brains are wired for connection; oxytocin, often called the “bonding hormone,” is released during positive social interactions, fostering trust and reducing stress. Conversely, prolonged isolation triggers the release of cortisol, the stress hormone, leading to heightened anxiety and a diminished capacity for empathy. This biological reality underscores the importance of social connection not as a luxury, but as a basic human need, akin to food and shelter. Interventions aimed at combating social isolation must therefore address both the psychological and physiological consequences, promoting activities that stimulate oxytocin release and mitigate the effects of chronic stress.",107,ai_neutral,AI,Social Isolation
"Consider the elderly population, often facing a confluence of factors that contribute to social isolation: retirement, loss of loved ones, declining health, and limited mobility. These challenges can lead to a gradual shrinking of social circles and a sense of detachment from the wider community. However, framing this solely as a problem of aging overlooks the agency and resilience of older adults. Successful interventions focus on empowering seniors to maintain their independence, participate in meaningful activities, and leverage technology to stay connected with family and friends. Community centers, volunteer opportunities, and intergenerational programs can all play a vital role in fostering a sense of purpose and belonging, combating the detrimental effects of isolation.",113,ai_neutral,AI,Social Isolation
"Is it possible to be utterly surrounded by people and still feel profoundly alone? Social isolation isn’t simply about physical distance; it’s a subjective experience of disconnection, a perceived lack of meaningful relationships and belonging. Modern life, despite its hyper-connectivity, ironically fosters this feeling through superficial interactions and the curated realities presented on social media. The constant comparison to others’ highlight reels can breed inadequacy and a sense of not measuring up, leading individuals to withdraw further. This isn’t merely a psychological state, however. Prolonged social isolation demonstrably impacts physiological health, weakening the immune system and increasing the risk of cardiovascular disease. It’s a public health concern demanding attention beyond individual coping mechanisms.",113,ai_neutral,AI,Social Isolation
"The rise of remote work, while offering flexibility, presents a compelling case study in the evolving nature of social isolation. Initially lauded for its convenience, the prolonged absence of organic, in-person interactions can erode the subtle bonds formed through shared physical space. Water cooler conversations, spontaneous lunch breaks, even the simple act of navigating a communal office – these contribute to a sense of community often underestimated. While intentional virtual connection can mitigate some effects, it rarely replicates the richness of face-to-face engagement. Companies are now grappling with the challenge of fostering genuine connection amongst distributed teams, recognizing that productivity isn’t solely dependent on output, but also on employee wellbeing and a sense of belonging.",115,ai_neutral,AI,Social Isolation
"“The worst loneliness is not to be alone, but to be among thousands and to feel unseen,” wrote Simone Weil, a sentiment that resonates deeply with the experiences of many urban dwellers. Cities, paradoxically, can be breeding grounds for isolation. The sheer density of population doesn’t guarantee connection; instead, it can amplify feelings of anonymity and alienation. Individuals become lost in the crowd, navigating a sea of faces without forming genuine bonds. This is particularly acute for newcomers or those lacking established social networks. The fast pace of city life often discourages deeper engagement, prioritizing efficiency over connection, leaving many feeling disconnected despite constant proximity to others.",107,ai_neutral,AI,Social Isolation
"Consider the elderly population, often facing a confluence of factors that contribute to social isolation. Retirement can sever ties to the workplace, a significant source of social interaction for many. Physical limitations may restrict mobility, making it difficult to participate in community activities. The loss of spouses and friends further diminishes social circles, leaving individuals vulnerable to loneliness and its associated health risks. Addressing this requires proactive interventions – community programs designed to foster intergenerational connections, accessible transportation options, and regular check-ins from healthcare providers – recognizing that maintaining social engagement is crucial for healthy aging.",96,ai_neutral,AI,Social Isolation
"From a neurological perspective, social isolation triggers a cascade of responses within the brain. Studies utilizing fMRI technology reveal decreased activity in regions associated with reward and social cognition when individuals experience prolonged periods of disconnection. This can lead to a heightened sensitivity to social threats, reinforcing withdrawal behaviors and creating a self-perpetuating cycle. Furthermore, chronic isolation alters the expression of genes related to immune function and stress response, contributing to the physiological consequences previously mentioned. Understanding these neurobiological mechanisms is vital for developing targeted interventions, potentially including therapies designed to re-train social circuitry and promote resilience.",97,ai_neutral,AI,Social Isolation
"Is it possible to be surrounded by people and still feel utterly alone? Social isolation isn’t simply about physical distance; it’s a subjective experience of disconnection, a perceived lack of meaningful relationships and belonging. This feeling can stem from a variety of factors – relocation, job loss, the ending of a significant relationship, or even a shift in personal values that leaves one feeling alienated from their existing social circles. The consequences extend beyond emotional distress, impacting physical health through increased cortisol levels and weakened immune function. Crucially, recognizing this *perceived* isolation is the first step towards addressing it, as outward appearances often mask the internal struggle. Building genuine connections, even small ones, can begin to dismantle the walls of loneliness.",121,ai_neutral,AI,Social Isolation
"The rise of digital connectivity, ironically, has contributed to a growing epidemic of social isolation. While platforms promise connection, they often deliver curated performances of self, fostering superficial interactions rather than deep, reciprocal relationships. Scrolling through endless feeds of others’ “highlight reels” can exacerbate feelings of inadequacy and loneliness, creating a sense that one’s own life falls short. Furthermore, the ease of online communication can diminish the motivation to engage in the more vulnerable and effortful work of face-to-face interaction. This isn’t to demonize technology, but to acknowledge its potential to *simulate* connection while simultaneously eroding the foundations of genuine community.",101,ai_neutral,AI,Social Isolation
"Consider the elderly widow, living independently but rarely visited, or the young adult struggling with anxiety who avoids social gatherings. These scenarios highlight how life stage transitions can significantly increase vulnerability to social isolation. Retirement often leads to a loss of work-based social networks, while young people navigating the complexities of identity formation may struggle to find their tribe. However, isolation isn’t solely a consequence of circumstance; it can also be a protective mechanism. Individuals who have experienced trauma or betrayal may intentionally withdraw from social contact to avoid further pain, creating a self-perpetuating cycle of loneliness.",97,ai_neutral,AI,Social Isolation
"“The worst loneliness is not to be alone, but to be among thousands and to feel unseen.” This quote encapsulates a particularly insidious form of social isolation: emotional isolation. It’s the feeling of being present in a group, yet unable to truly connect with others on a meaningful level. This can occur in workplaces characterized by superficiality, or within families where open communication is lacking. Emotional isolation often stems from a fear of vulnerability, a reluctance to share one’s authentic self for fear of judgment or rejection. Overcoming this requires cultivating self-compassion and actively practicing emotional honesty in interactions.",99,ai_neutral,AI,Social Isolation
"From a public health perspective, social isolation is increasingly recognized as a significant determinant of health, comparable to smoking or obesity. Its impact isn’t limited to mental wellbeing; prolonged isolation is linked to increased risk of cardiovascular disease, cognitive decline, and even premature mortality. Addressing this requires a multi-faceted approach, including community-based initiatives that promote social engagement, accessible mental health services, and policies that support strong social networks. It’s not simply an individual problem, but a societal one demanding collective attention and proactive intervention to foster a more connected and supportive world.",92,ai_neutral,AI,Social Isolation
"Is it possible to be surrounded by people and still feel utterly alone? Social isolation isn’t simply about physical distance; it’s a subjective experience of disconnection, a perceived lack of meaningful relationships and belonging. This feeling can arise even within crowded spaces, fueled by a sense of not being understood, valued, or truly *seen*. Modern life, with its emphasis on individual achievement and digital interaction, ironically contributes to this paradox. While technology promises connection, it often delivers superficial engagements that fail to satisfy our deep-seated need for genuine intimacy. The consequences extend beyond emotional distress, impacting physical health and cognitive function, creating a cycle where isolation breeds further withdrawal.",109,ai_neutral,AI,Social Isolation
"The quiet hum of the refrigerator often becomes the loudest sound in a life defined by social isolation. Consider the subtle erosion of daily routines – skipped meals, neglected hobbies, a gradual disinterest in self-care. These aren’t signs of laziness, but rather symptoms of a profound lack of motivation stemming from the absence of social accountability and reciprocal support. When no one anticipates your presence, asks about your day, or shares in your joys and sorrows, the impetus to maintain even basic self-regulation diminishes. This slow unraveling can be particularly insidious, as it often goes unnoticed by those outside the individual’s shrinking world, allowing the isolation to deepen unchecked.",109,ai_neutral,AI,Social Isolation
"“The worst loneliness is not to be alone, but to be among thousands and to feel unseen,” as Simone Weil observed, and this rings particularly true in the context of modern urban environments. Cities, designed for connection, can ironically amplify feelings of anonymity and detachment. The sheer volume of people, coupled with the fast pace of life, often discourages spontaneous interaction. Individuals become islands within a sea of faces, navigating their lives with minimal meaningful contact. This isn’t merely a matter of introversion; it’s a systemic issue where the infrastructure of modern life inadvertently fosters a sense of alienation, even amidst constant proximity.",103,ai_neutral,AI,Social Isolation
"From a neurological perspective, social isolation triggers a cascade of physiological responses mirroring physical pain. Studies demonstrate increased activity in brain regions associated with threat detection and emotional distress, while simultaneously suppressing areas linked to reward and social cognition. This chronic activation of the stress response system weakens the immune system, elevates cortisol levels, and increases the risk of cardiovascular disease. Essentially, the brain interprets social disconnection as a fundamental threat to survival, initiating a protective response that, paradoxically, further exacerbates the problem by reinforcing withdrawal and negative thought patterns.",90,ai_neutral,AI,Social Isolation
"Imagine a garden left untended. Initially, the plants may appear resilient, but without consistent nourishment and care, they begin to wither, their vibrant colors fading into muted shades of gray. Social isolation operates similarly on the human spirit. Our capacity for empathy, creativity, and joy flourishes through interaction and shared experiences. Deprived of these essential elements, our inner landscape becomes barren, susceptible to negativity and despair. Re-establishing connection isn’t simply about filling a social calendar; it’s about actively cultivating the relationships that provide meaning, purpose, and a sense of belonging – tending to the garden of the self.",98,ai_neutral,AI,Social Isolation
"Is it possible to be surrounded by people and still feel utterly alone? Social isolation isn’t simply about physical distance; it’s a subjective experience of disconnection, a perceived lack of meaningful relationships and belonging. This feeling can arise even within crowded spaces, fueled by a sense of not being understood, valued, or truly *seen*. Modern life, with its emphasis on individual achievement and digital interaction, ironically contributes to this paradox. While technology promises connection, it often delivers superficial engagements that fail to satisfy our deep-seated need for genuine intimacy. The consequences extend beyond emotional distress, impacting physical health and increasing vulnerability to mental health challenges. Recognizing this distinction – between loneliness and objective isolation – is crucial for addressing the problem effectively.",122,ai_neutral,AI,Social Isolation
"The escalating rates of social isolation represent a significant public health concern, demanding a shift in how we approach community wellbeing. Unlike previous generations where strong neighborhood ties and frequent social gatherings were commonplace, contemporary society often prioritizes work, individual pursuits, and geographically dispersed families. This fragmentation weakens the social fabric, leaving individuals increasingly reliant on limited networks. Furthermore, systemic factors like economic inequality and limited access to resources exacerbate the issue, disproportionately affecting vulnerable populations. Investing in community infrastructure – libraries, parks, accessible public spaces – and promoting initiatives that foster social connection are not merely acts of kindness, but essential preventative healthcare measures.",105,ai_neutral,AI,Social Isolation
"Consider the quiet erosion of shared rituals. From family dinners to local events, the routines that once organically fostered connection have diminished, replaced by individualized schedules and screen-based entertainment. This isn’t a judgment of modern convenience, but an observation about the subtle ways we’ve unintentionally diminished opportunities for spontaneous interaction. The resulting void isn’t always consciously felt, but it contributes to a gradual weakening of social bonds. Reclaiming these spaces for shared experience – consciously prioritizing time with loved ones, participating in local activities, or simply striking up conversations with neighbors – can act as a powerful antidote to the creeping sense of detachment.",104,ai_neutral,AI,Social Isolation
"“The worst loneliness is not to be alone, but to be among thousands and to feel unseen,” wrote Simone Weil, a sentiment that resonates deeply in our hyper-connected yet often isolating world. This quote highlights the qualitative aspect of social isolation: it’s not merely the *quantity* of interactions, but the *quality* that matters. Superficial engagements on social media, while offering a semblance of connection, rarely provide the emotional sustenance needed for genuine wellbeing. Cultivating meaningful relationships requires vulnerability, active listening, and a willingness to invest time and energy in nurturing those bonds. It demands moving beyond curated online personas and embracing authentic self-expression.",103,ai_neutral,AI,Social Isolation
"From a neurological perspective, social isolation triggers a cascade of physiological responses mirroring physical pain. Studies demonstrate that prolonged disconnection activates the same brain regions associated with threat detection, leading to increased cortisol levels and a weakened immune system. This isn’t simply a psychological phenomenon; it’s a deeply ingrained biological imperative. Humans are fundamentally social creatures, hardwired for connection. When that need is unmet, the body responds as if facing a genuine survival threat. Understanding this biological basis underscores the urgency of addressing social isolation, not as a lifestyle choice, but as a critical factor impacting overall health and longevity.",100,ai_neutral,AI,Social Isolation
"Is it possible to be utterly surrounded by people and still feel profoundly alone? Social isolation isn’t simply about physical distance; it’s a subjective experience of disconnection, a perceived lack of meaningful relationships and belonging. Modern life, despite its hyper-connectivity, ironically fosters this feeling through superficial interactions and the curated realities presented on social media. The constant comparison to others’ highlight reels can breed inadequacy and a sense of not measuring up, leading individuals to withdraw further. This isn’t merely a psychological state, however. Prolonged social isolation demonstrably impacts physiological health, weakening the immune system and increasing the risk of cardiovascular disease. Addressing this requires a conscious effort to cultivate genuine connections, prioritizing quality over quantity in our relationships.",119,ai_neutral,AI,Social Isolation
"The rise of remote work, while offering flexibility and convenience, presents a compelling case study in the evolving nature of social isolation. Before, the daily commute and office environment, however frustrating, provided built-in opportunities for incidental social interaction – the water cooler chat, the shared lunch break, the spontaneous collaboration. Now, many individuals spend entire workdays interacting solely through screens, lacking the nuanced nonverbal cues and organic connections that foster a sense of community. This isn’t to dismiss the benefits of remote work, but rather to acknowledge the need for deliberate strategies to counteract its potential for loneliness. Companies and individuals alike must prioritize virtual team-building activities and encourage regular, informal check-ins to maintain social bonds.",116,ai_neutral,AI,Social Isolation
"“The worst loneliness is not to be alone, but to be among thousands and to feel unseen,” wrote Simone Weil, a sentiment that resonates deeply in our increasingly populous world. This speaks to the qualitative aspect of isolation – it’s not the *absence* of people, but the *absence of recognition*. To be truly seen, to have one’s thoughts and feelings acknowledged and validated, is a fundamental human need. When this need goes unmet, individuals can experience a profound sense of alienation, even within crowded spaces. This form of isolation often affects marginalized communities, where systemic biases can lead to invisibility and a lack of representation, exacerbating feelings of disconnection and powerlessness.",111,ai_neutral,AI,Social Isolation
"From a public health perspective, social isolation functions as a significant, yet often overlooked, determinant of health. It’s not simply a consequence of illness or disability; it’s a risk factor *for* both. Individuals experiencing chronic loneliness are more likely to engage in unhealthy behaviors – poor diet, lack of exercise, substance abuse – as a means of coping with emotional distress. Furthermore, isolation can hinder access to healthcare, as individuals may be less likely to seek help or follow medical advice. Recognizing social isolation as a legitimate health concern necessitates proactive interventions, such as community outreach programs, social prescribing initiatives, and increased funding for mental health services.",107,ai_neutral,AI,Social Isolation
"Consider the elderly widow, living alone after decades of companionship, or the recent immigrant navigating a new culture without a support network. These scenarios highlight the vulnerability of certain populations to social isolation, but the underlying cause is often a disruption of established roles and routines. Retirement, relocation, bereavement – these life transitions can dismantle the social structures that once provided meaning and connection. Building resilience against isolation requires fostering adaptability and encouraging individuals to actively cultivate new interests and relationships. This might involve volunteering, joining a club, or simply reaching out to reconnect with old friends. The key is to proactively rebuild a sense of purpose and belonging in the face of change.",114,ai_neutral,AI,Social Isolation
"Is it possible to truly outrun the echoes of a difficult childhood? The neurological impact of early trauma isn’t simply a matter of remembering painful events; it fundamentally reshapes the developing brain. Chronic stress during formative years can alter the amygdala, the brain’s emotional center, leading to heightened reactivity and difficulty regulating emotions. Simultaneously, the prefrontal cortex, responsible for executive functions like planning and impulse control, may experience stunted growth. This isn’t a character flaw, but a demonstrable physiological consequence. Consequently, individuals may struggle with anxiety, depression, and relationship difficulties, often unaware of the root cause lying in experiences long past. Understanding this neurobiological basis is crucial for moving beyond blame and towards effective, trauma-informed care.",116,ai_neutral,AI,Childhood Trauma
"The silence surrounding childhood trauma often proves more damaging than the events themselves. Families, driven by shame or a desire to protect their reputations, frequently discourage open discussion, effectively isolating the child in their pain. This enforced secrecy breeds a sense of invalidation, teaching the individual that their experiences are unworthy of acknowledgement or support. The internal narrative becomes fractured, riddled with self-doubt and a pervasive feeling of being fundamentally flawed. Later in life, this can manifest as difficulty trusting others, a fear of vulnerability, and a tendency to internalize negative self-beliefs. Breaking this cycle of silence, through therapy or supportive relationships, is a vital step towards healing and reclaiming one’s voice.",112,ai_neutral,AI,Childhood Trauma
"“The body keeps the score,” as Bessel van der Kolk famously observed, and this is particularly true for those who experienced trauma in childhood. When verbal processing is insufficient – as it often is with very young children or experiences too overwhelming to articulate – the trauma becomes encoded in physical sensations and implicit memory. This can manifest as chronic pain, digestive issues, unexplained fatigue, or a heightened startle response. These aren’t simply psychosomatic symptoms; they are the body’s persistent reminders of past danger. Somatic experiencing and other body-centered therapies aim to release this trapped energy, allowing individuals to regain a sense of control and safety within their own physical form.",111,ai_neutral,AI,Childhood Trauma
"Consider the insidious nature of intergenerational trauma. Adverse childhood experiences don’t exist in a vacuum; they often replicate patterns of behavior and emotional dysregulation across generations. A parent who experienced neglect or abuse may, unintentionally, perpetuate similar dynamics with their own children, even while striving to be a good parent. This isn’t necessarily malicious, but a consequence of their own unresolved trauma influencing their parenting style. Recognizing this cycle is the first step towards breaking it. It requires a commitment to self-awareness, therapy, and a conscious effort to cultivate healthier attachment patterns, offering future generations a different legacy.",98,ai_neutral,AI,Childhood Trauma
"Often, the impact of childhood trauma isn’t dramatic or overtly visible. It doesn’t always involve physical or sexual abuse; emotional neglect, witnessing domestic violence, or experiencing parental substance abuse can be equally damaging. These subtler forms of trauma can leave individuals with a pervasive sense of emptiness, difficulty forming meaningful connections, and a chronic feeling of being “not enough.” Because the wounds aren’t easily identified, they are often dismissed or minimized, both by the individual and by others. This can lead to a lifetime of quiet suffering, characterized by low self-esteem, anxiety, and a persistent search for validation. Recognizing the validity of these less-obvious experiences is paramount to fostering genuine healing.",111,ai_neutral,AI,Childhood Trauma
"Is it possible to truly outrun the echoes of a difficult childhood? The insidious nature of early trauma isn’t always dramatic outbursts or visible scars; often, it manifests as a pervasive sense of unworthiness, a quiet hum of anxiety that dictates choices and colors perceptions. This internal landscape, shaped by experiences of neglect, abuse, or profound loss, can lead to patterns of self-sabotage, difficulty forming healthy attachments, and a relentless inner critic. The brain, still developing during these formative years, adapts to survive, creating coping mechanisms that, while effective in the moment, can become detrimental in adulthood. Recognizing these patterns – the tendency to people-please, the fear of vulnerability, the chronic feeling of being ‘off’ – is the first, crucial step towards healing and rewriting the narrative.",127,ai_neutral,AI,Childhood Trauma
"Childhood trauma doesn’t exist in a vacuum; its impact ripples outwards, affecting not only the individual but also their relationships and, potentially, future generations. Epigenetic studies are beginning to reveal how traumatic experiences can alter gene expression, meaning the effects of trauma can be passed down, not through direct memory, but through biological predispositions. This isn’t to suggest a deterministic fate, but rather a heightened vulnerability in offspring. Parents who haven’t processed their own childhood wounds may inadvertently recreate similar dynamics with their children, perpetuating a cycle of pain. Breaking this cycle requires conscious effort, therapy, and a commitment to understanding the intergenerational transmission of trauma.",106,ai_neutral,AI,Childhood Trauma
"“The body keeps the score,” Bessel van der Kolk famously wrote, and this rings particularly true when considering the physiological impact of childhood trauma. Unlike talk therapy, which focuses on cognitive processing, trauma is fundamentally stored *in* the body – in muscle tension, altered heart rate variability, and a hyperactive stress response. This can manifest as chronic pain, digestive issues, autoimmune disorders, and a general sense of being ‘on edge.’ Somatic experiencing, yoga, and other body-centered therapies aim to release these trapped energies, allowing the nervous system to regulate and move towards a state of equilibrium. Ignoring the body’s silent screams only prolongs the suffering.",105,ai_neutral,AI,Childhood Trauma
"Often, the narrative surrounding childhood trauma centers on victimhood, and while acknowledging the pain is essential, solely focusing on that role can be disempowering. A more nuanced perspective recognizes the inherent resilience of the human spirit, even in the face of unimaginable adversity. Many individuals who experience early trauma demonstrate remarkable creativity, empathy, and a profound understanding of the human condition. The struggle itself can forge strength, compassion, and a fierce determination to create a better future – not just for themselves, but for others. Reframing trauma not as a defining characteristic, but as a catalyst for growth, is a powerful act of self-reclamation.",104,ai_neutral,AI,Childhood Trauma
"Consider the subtle ways childhood trauma can distort one’s sense of reality. Gaslighting, emotional invalidation, or simply a lack of consistent caregiving can erode a child’s ability to trust their own perceptions. This can lead to chronic self-doubt, difficulty setting boundaries, and a tendency to seek external validation. The world, instead of being a safe and predictable place, feels chaotic and untrustworthy. Consequently, individuals may develop elaborate defense mechanisms – denial, dissociation, or compulsive behaviors – to cope with the underlying anxiety. Rebuilding a secure sense of self requires painstakingly reconstructing a coherent narrative, validating one’s own experiences, and learning to trust internal cues.",104,ai_neutral,AI,Childhood Trauma
"Is it possible to truly outrun the echoes of a difficult childhood? The insidious nature of early trauma isn’t always dramatic outbursts or overt distress; often, it manifests as a subtle warping of self-perception, a persistent feeling of unworthiness that clings like a shadow. These early experiences, particularly those involving neglect or emotional invalidation, can fundamentally alter the developing brain’s stress response system, leading to heightened anxiety, difficulty regulating emotions, and a predisposition towards unhealthy coping mechanisms. The challenge lies in recognizing these patterns – the self-sabotage, the people-pleasing, the chronic feelings of emptiness – as stemming not from inherent flaws, but from adaptations formed in a context of perceived danger. Healing, then, isn’t about erasing the past, but about rewriting the narrative and reclaiming agency.",126,ai_neutral,AI,Childhood Trauma
"The body remembers what the mind forgets. Childhood trauma isn’t solely a psychological event; it’s deeply imprinted on the nervous system, manifesting as physical symptoms often dismissed or misdiagnosed. Chronic pain, digestive issues, autoimmune disorders, and even heightened sensitivity to stimuli can all be linked to unresolved early adversity. This somatic memory operates outside of conscious awareness, triggering fight-or-flight responses to seemingly innocuous situations. Understanding this connection is crucial, as traditional talk therapy alone may not be sufficient. Approaches like somatic experiencing, yoga, and mindfulness practices can help individuals reconnect with their bodies, release trapped trauma, and restore a sense of safety and regulation.",104,ai_neutral,AI,Childhood Trauma
"“The wound is the place where the Light enters you,” Rumi wrote, a sentiment that resonates powerfully with the experience of overcoming childhood trauma. While acknowledging the profound pain and lasting impact of these experiences, it’s vital to recognize the potential for post-traumatic growth. Adversity, paradoxically, can foster resilience, empathy, and a deeper understanding of the human condition. Individuals who have navigated difficult childhoods often develop an extraordinary capacity for compassion, both for themselves and for others. This isn’t to romanticize suffering, but to highlight the transformative power of integrating trauma into one’s life story, finding meaning amidst the wreckage, and emerging stronger and more authentic.",106,ai_neutral,AI,Childhood Trauma
"Consider the ripple effect of intergenerational trauma. The unaddressed wounds of parents, grandparents, and even ancestors can be passed down through epigenetic changes and learned behaviors, impacting subsequent generations. A parent who experienced childhood abuse may, unintentionally, replicate those patterns in their own parenting, creating a cycle of harm. Breaking this cycle requires conscious awareness, a willingness to confront one’s own past, and a commitment to creating a different future for one’s children. This isn’t about blame, but about recognizing the systemic nature of trauma and taking responsibility for healing, not just for oneself, but for the well-being of future generations.",101,ai_neutral,AI,Childhood Trauma
"Often, the most damaging aspect of childhood trauma isn’t the event itself, but the subsequent silence and shame. When children are discouraged from expressing their feelings, or are made to believe that their experiences are invalid or their fault, it creates a profound sense of isolation and self-blame. This internalized shame can lead to secrecy, difficulty forming healthy attachments, and a pervasive fear of vulnerability. Reclaiming one’s voice – through therapy, creative expression, or simply sharing one’s story with trusted individuals – is a critical step in dismantling this shame and fostering self-compassion. It’s about recognizing that trauma is not a character flaw, but a human experience, and that healing requires connection and validation.",114,ai_neutral,AI,Childhood Trauma
"Is it possible to truly outrun the echoes of a difficult childhood? The neurological impact of early trauma isn’t simply a matter of psychological scarring; it fundamentally alters brain development, particularly in areas governing emotional regulation and stress response. Chronic adversity during formative years can lead to a hyperactive amygdala – the brain’s alarm system – and a diminished prefrontal cortex, responsible for reasoned thought and impulse control. This biological shift doesn’t define destiny, but it explains why individuals with childhood trauma histories may experience heightened anxiety, difficulty forming secure attachments, and a predisposition towards risk-taking behaviors. Understanding this neurobiological basis is crucial for moving beyond blame and towards effective, trauma-informed care.",112,ai_neutral,AI,Childhood Trauma
"The stories we tell ourselves about our pasts aren’t always accurate, yet they wield immense power, especially when those pasts involve trauma. Often, childhood adversity is internalized as personal failure, a belief that *we* were somehow flawed and deserving of the pain inflicted. This self-blame becomes a deeply ingrained narrative, shaping self-perception and hindering the ability to establish healthy boundaries. Challenging these internalized stories requires a conscious effort to reframe experiences, recognizing that trauma is about *what happened to* someone, not *what is wrong with* them. Therapeutic interventions like narrative therapy specifically aim to deconstruct harmful narratives and construct more empowering ones.",102,ai_neutral,AI,Childhood Trauma
"Consider the subtle ways childhood trauma manifests not as dramatic outbursts, but as pervasive difficulty with everyday functioning. It’s in the chronic fatigue that isn’t relieved by sleep, the unexplained physical ailments, the constant feeling of being ‘off’ or disconnected. These somatic symptoms – physical manifestations of emotional distress – are often overlooked or dismissed, leading to a cycle of medical appointments and unanswered questions. Trauma isn’t always remembered as a specific event; it’s held within the body, impacting the nervous system and creating a state of persistent hyperarousal or dissociation. Recognizing these subtle cues is vital for self-awareness and seeking appropriate support.",103,ai_neutral,AI,Childhood Trauma
"“The body keeps the score,” Bessel van der Kolk famously wrote, and this rings particularly true when examining the intergenerational transmission of trauma. Adverse childhood experiences don’t remain contained within an individual; they can be passed down through epigenetic changes, altering gene expression and influencing the emotional and behavioral patterns of subsequent generations. Parents who haven’t processed their own trauma may inadvertently recreate harmful dynamics within their families, perpetuating a cycle of pain. Breaking this cycle requires conscious awareness, intentional healing, and a commitment to creating a safer, more nurturing environment for future generations.",94,ai_neutral,AI,Childhood Trauma
"Frequently, the impact of childhood trauma is minimized or invalidated, particularly within societal structures that prioritize resilience over acknowledging vulnerability. Phrases like “you should be over it by now” or “everyone has a difficult childhood” demonstrate a profound lack of understanding. This societal dismissal not only re-traumatizes individuals but also creates barriers to seeking help. A truly supportive society recognizes that healing from trauma is a complex, non-linear process that requires empathy, validation, and access to culturally sensitive resources. Challenging these harmful narratives and advocating for trauma-informed policies are essential steps towards creating a more compassionate and equitable world.",99,ai_neutral,AI,Childhood Trauma
"Is it possible to truly outrun the echoes of a difficult childhood? The neurological impact of early trauma isn’t simply a matter of psychological scarring; research increasingly demonstrates how adverse childhood experiences (ACEs) physically alter brain development, particularly in areas governing emotional regulation and stress response. This isn’t about blame, but understanding. Chronic stress in formative years floods the developing brain with cortisol, impacting the prefrontal cortex – the seat of executive function – and strengthening the amygdala, the brain’s alarm system. Consequently, individuals may exhibit heightened reactivity, difficulty with impulse control, and a predisposition to mental and physical health challenges later in life. Recognizing this biological basis is crucial for shifting the narrative from character flaw to neurobiological consequence, paving the way for more effective, trauma-informed care.",128,ai_neutral,AI,Childhood Trauma
"The silence surrounding childhood trauma often proves more damaging than the events themselves. Societal expectations to “be strong” or “move on” frequently invalidate the lived experiences of those who suffered, fostering a culture of shame and secrecy. This enforced silence isn’t merely a personal burden; it’s a systemic issue. Without open dialogue, intergenerational patterns of abuse and neglect can perpetuate, as unaddressed trauma manifests in parenting styles and relationship dynamics. Breaking this cycle requires a collective willingness to listen without judgment, to create safe spaces for vulnerability, and to acknowledge that healing isn’t linear. It demands a fundamental shift in how we perceive and respond to the needs of survivors.",110,ai_neutral,AI,Childhood Trauma
"“The body keeps the score,” Bessel van der Kolk famously wrote, and this somatic reality is central to understanding the enduring effects of childhood trauma. Unlike talk therapy, which focuses on cognitive processing, somatic experiencing recognizes that trauma isn’t solely stored in the mind, but is deeply embedded within the physical body. This manifests as chronic pain, digestive issues, unexplained fatigue, and a pervasive sense of unease. Reconnecting with the body through practices like yoga, mindfulness, or dance/movement therapy can offer a pathway to release trapped energy and regain a sense of agency. It’s about learning to listen to the body’s signals, recognizing them as echoes of past experiences, and gently guiding it towards safety and regulation.",117,ai_neutral,AI,Childhood Trauma
"Consider the economic implications of unaddressed childhood trauma. While often framed as a mental health issue, the ripple effects extend far beyond individual well-being, impacting societal costs related to healthcare, criminal justice, and lost productivity. Individuals with high ACE scores are statistically more likely to experience unemployment, substance abuse, and involvement in the criminal justice system, placing a significant strain on public resources. Investing in preventative measures – early childhood intervention programs, accessible mental health services, and trauma-informed education – isn’t simply compassionate; it’s fiscally responsible. Addressing trauma at its roots yields long-term economic benefits for communities.",97,ai_neutral,AI,Childhood Trauma
"From a philosophical perspective, childhood trauma challenges our assumptions about innocence and the inherent goodness of the world. The shattering of trust, the violation of boundaries, and the loss of safety fundamentally alter a child’s worldview, creating a sense of existential vulnerability. This can lead to a lifelong struggle with meaning-making, a questioning of fundamental beliefs, and a difficulty forming secure attachments. The process of healing, then, isn’t just about recovering from the past; it’s about reconstructing a new narrative, reclaiming agency, and forging a path towards a more hopeful and meaningful existence, even in the face of profound loss and disillusionment.",102,ai_neutral,AI,Childhood Trauma
"Is it possible to truly outrun the echoes of a difficult childhood? The neurological impact of early trauma isn’t simply a matter of psychological scarring; research increasingly demonstrates how adverse childhood experiences (ACEs) physically alter brain development, particularly in areas governing emotional regulation and stress response. This isn’t about blame, but understanding. Chronic stress in formative years floods the system with cortisol, impacting the prefrontal cortex – the seat of executive function – and strengthening the amygdala, the brain’s alarm system. Consequently, individuals may exhibit heightened reactivity, difficulty with impulse control, and a predisposition towards anxiety or depression. The long-term consequences extend beyond mental health, increasing the risk of chronic physical illnesses like heart disease and autoimmune disorders, highlighting trauma’s pervasive, whole-body effect.",123,ai_neutral,AI,Childhood Trauma
"The stories we tell ourselves about our pasts aren’t always accurate, yet they powerfully shape our present. Childhood trauma often leads to the construction of narratives riddled with self-blame, distorted perceptions of reality, and a deep-seated belief in one’s own inadequacy. This isn’t necessarily a conscious process; rather, it’s a protective mechanism, an attempt to create a sense of order from chaos. However, these internalized narratives can become self-fulfilling prophecies, hindering healthy relationships, career advancement, and overall well-being. Therapeutic interventions, like narrative therapy, focus on deconstructing these harmful stories, challenging their validity, and co-creating alternative, empowering narratives that acknowledge the trauma without allowing it to define the individual.",108,ai_neutral,AI,Childhood Trauma
"Consider the subtle ways trauma manifests, not as dramatic outbursts, but as a pervasive sense of emptiness. Often, childhood trauma doesn’t result in overt displays of distress; instead, it can lead to emotional numbing, a detachment from feelings as a means of survival. This emotional anesthesia, while initially protective, can create a profound sense of isolation and difficulty connecting with others. Individuals may struggle with intimacy, experience chronic boredom, or engage in risky behaviors in a desperate attempt to feel *something*. Recognizing this subtle presentation of trauma is crucial, as it often goes undiagnosed and untreated, leading to a lifetime of quiet suffering and unfulfilled potential.",106,ai_neutral,AI,Childhood Trauma
"“The body keeps the score,” Bessel van der Kolk famously wrote, and this rings particularly true when examining the somatic effects of childhood trauma. Trauma isn’t just ‘in the head’; it’s stored within the body’s tissues, manifesting as chronic pain, digestive issues, fatigue, and a heightened startle response. These physical symptoms aren’t simply coincidental; they represent the nervous system remaining perpetually on high alert, anticipating threat. Somatic experiencing, a therapeutic approach, focuses on releasing this trapped trauma through mindful awareness of bodily sensations, allowing the nervous system to regulate and heal. It acknowledges that healing requires addressing not just the emotional wounds, but also the physical residue of past experiences.",110,ai_neutral,AI,Childhood Trauma
"From a societal perspective, ignoring the prevalence and impact of childhood trauma is a costly oversight. The ripple effects extend far beyond individual suffering, contributing to cycles of violence, substance abuse, and economic instability. Children who experience trauma are more likely to struggle in school, become involved in the criminal justice system, and experience chronic unemployment. Investing in preventative measures – accessible mental healthcare, supportive parenting programs, and safe, nurturing environments – isn’t simply a matter of compassion; it’s a pragmatic economic strategy. Addressing childhood trauma proactively reduces societal burdens and fosters a healthier, more resilient population for future generations.",100,ai_neutral,AI,Childhood Trauma
"Is it possible to truly outrun the echoes of a difficult childhood? The insidious nature of early trauma isn’t always dramatic outbursts or visible scars; often, it manifests as a pervasive sense of unworthiness, a quiet hum of anxiety that dictates choices and colors perceptions. This internal landscape, shaped by experiences of neglect, abuse, or profound loss, can lead to patterns of self-sabotage, difficulty forming healthy attachments, and a relentless inner critic. The brain, still developing during these formative years, adapts to survive, creating coping mechanisms that, while initially protective, can become detrimental in adulthood. Recognizing these patterns – the tendency to people-please, the fear of vulnerability, the chronic feeling of being ‘off’ – is the first, crucial step towards healing and reclaiming agency.",124,ai_neutral,AI,Childhood Trauma
"Childhood trauma doesn’t exist in a vacuum; its impact ripples outwards, affecting not only the individual but also their relationships and, potentially, future generations. Epigenetic studies are increasingly demonstrating how traumatic experiences can alter gene expression, meaning the effects of trauma can be passed down, not through direct memory, but through biological predispositions. This isn’t to suggest a deterministic fate, but rather a heightened vulnerability in offspring. Parents who haven’t processed their own childhood wounds may inadvertently recreate similar dynamics with their children, perpetuating a cycle of pain. Breaking this cycle requires conscious effort, therapy, and a commitment to understanding the intergenerational transmission of trauma.",105,ai_neutral,AI,Childhood Trauma
"“The body keeps the score,” Bessel van der Kolk famously wrote, and this rings particularly true when considering the physiological impact of childhood trauma. Unlike talk therapy, which focuses on cognitive processing, trauma is fundamentally stored *in* the body – in muscle tension, altered heart rate variability, and a hyperactive stress response. This can manifest as chronic pain, digestive issues, autoimmune disorders, and a general sense of being ‘on edge.’ Somatic experiencing, yoga, and other body-centered therapies aim to release these trapped energies, allowing individuals to regain a sense of control and regulation. Ignoring the body’s signals only exacerbates the problem, reinforcing the trauma’s hold.",105,ai_neutral,AI,Childhood Trauma
"Often, the narrative surrounding childhood trauma focuses on what *happened*, but equally important is exploring what *didn’t* happen – the emotional neglect, the lack of attunement, the absence of safe and consistent caregiving. While overt abuse is undeniably damaging, the subtle wounds of emotional deprivation can be equally profound, leaving a child feeling invisible, unimportant, and unworthy of love. This can lead to a deep-seated longing for connection, a desperate need for validation, and a tendency to seek out relationships that mirror the original unmet needs, often repeating unhealthy patterns. Recognizing this form of trauma requires shifting the focus from dramatic events to the quality of the early attachment bond.",110,ai_neutral,AI,Childhood Trauma
"Consider the resilience inherent in surviving a traumatic childhood. While the scars may remain, they don’t define a person’s potential. The very act of navigating adversity can foster remarkable strengths – heightened empathy, a profound understanding of human suffering, and an unwavering determination to create a better future. Post-traumatic growth isn’t about erasing the past, but about integrating it into a larger narrative of meaning and purpose. It’s about transforming pain into wisdom, vulnerability into courage, and ultimately, reclaiming the power to live a full and authentic life, despite – and even *because* of – the challenges faced.",98,ai_neutral,AI,Childhood Trauma
"Is it possible to truly outrun the echoes of a difficult childhood? The insidious nature of early trauma isn’t always dramatic outbursts or overt distress; often, it manifests as a subtle warping of self-perception, a persistent undercurrent of anxiety coloring everyday experiences. This can lead to deeply ingrained patterns of relating – difficulty forming secure attachments, a tendency towards people-pleasing, or conversely, a fierce independence bordering on isolation. The brain, still developing during formative years, adapts to perceived threats, sometimes creating coping mechanisms that become maladaptive in adulthood. These aren’t character flaws, but neurological responses forged in the crucible of early adversity, demanding compassion and understanding, both from oneself and others. Recognizing these patterns is the first, crucial step towards healing.",121,ai_neutral,AI,Childhood Trauma
"The body remembers what the mind forgets. Childhood trauma isn’t solely a psychological event; it’s physically imprinted on the nervous system. Chronic stress during development alters the hypothalamic-pituitary-adrenal (HPA) axis, the body’s central stress response system, leading to heightened reactivity and a lowered threshold for perceived danger. This can manifest as chronic pain, digestive issues, autoimmune disorders, and a general sense of being “on edge.” Somatic experiencing and other body-centered therapies aim to release this trapped energy, allowing individuals to reconnect with their physical selves and regulate their nervous systems. Ignoring the physical manifestations of trauma is akin to silencing a vital alarm system, hindering the path to genuine recovery.",110,ai_neutral,AI,Childhood Trauma
"“The wound is the place where the Light enters you,” Rumi wrote, a sentiment that resonates deeply with the experience of overcoming childhood trauma. While acknowledging the pain is essential, fixating solely on the past can be paralyzing. The true work lies in transforming the narrative, reframing the experience not as a defining failure, but as a catalyst for growth. This isn’t about minimizing the harm done, but about reclaiming agency and recognizing inherent resilience. It’s about identifying the strengths forged in the face of adversity – the heightened empathy, the fierce protectiveness, the unwavering determination – and harnessing them to build a meaningful future. The past doesn’t dictate the present; it informs it.",114,ai_neutral,AI,Childhood Trauma
"Consider the ripple effect of unresolved childhood trauma extending beyond the individual. Patterns of dysfunctional communication, emotional unavailability, and unhealthy boundaries are often passed down through generations, creating cycles of pain. Children who experience trauma are at higher risk of perpetuating similar patterns with their own children, not out of malice, but because those patterns are deeply ingrained and often unconscious. Breaking these cycles requires a conscious effort to understand one’s own trauma history, seek therapy, and actively cultivate healthier ways of relating. It’s a courageous act of intergenerational healing, offering future generations a chance to thrive free from the weight of the past.",104,ai_neutral,AI,Childhood Trauma
"Often, the most damaging aspect of childhood trauma isn’t the event itself, but the subsequent shame and secrecy surrounding it. Societal stigmas, fear of judgment, and a lack of safe spaces to process emotions can lead individuals to internalize the trauma, believing they are somehow flawed or responsible. This silence breeds isolation and prevents access to vital support. Creating a culture of open communication, empathy, and validation is crucial. Normalizing conversations about mental health, challenging harmful narratives, and providing accessible resources are essential steps towards dismantling the barriers that prevent healing. Breaking the silence is an act of empowerment, allowing survivors to reclaim their voices and find connection.",108,ai_neutral,AI,Childhood Trauma
"Is it possible to truly outrun the echoes of a difficult childhood? The neurological impact of early trauma isn’t simply a matter of psychological scarring; it fundamentally alters brain development, particularly in areas governing emotional regulation and stress response. Chronic adversity during formative years can lead to a hyperactive amygdala – the brain’s alarm system – and a diminished prefrontal cortex, responsible for reasoned thought and impulse control. This biological shift doesn’t define destiny, but it explains why individuals with childhood trauma histories may experience heightened anxiety, difficulty forming secure attachments, and a predisposition towards risk-taking behaviors. Understanding this neurobiological basis is crucial for moving beyond blame and towards effective, trauma-informed care.",112,ai_neutral,AI,Childhood Trauma
"The stories we tell ourselves about our pasts aren’t always accurate, yet they wield immense power, especially when those pasts involve trauma. Often, childhood adversity isn’t remembered as a linear narrative, but as fragmented sensory experiences – a smell, a sound, a fleeting image – divorced from context. These fragments become powerfully charged emotional triggers, capable of eliciting intense reactions in the present. The process of healing, therefore, isn’t about *recovering* a true memory, but about constructing a coherent narrative *around* those fragments, one that acknowledges the pain without being consumed by it. This narrative reconstruction allows for agency and a sense of self-authorship, reclaiming control over a past that once felt overwhelmingly controlling.",114,ai_neutral,AI,Childhood Trauma
"Childhood trauma frequently manifests not as dramatic outbursts, but as a subtle erosion of self-worth. The consistent invalidation of a child’s feelings, whether through direct abuse, neglect, or emotional unavailability, communicates a deeply damaging message: that their internal experience doesn’t matter. This internalized message can blossom into chronic self-doubt, perfectionism, and a relentless need for external validation. Individuals may unconsciously seek out relationships that mirror the original trauma dynamic, perpetuating a cycle of pain and reinforcing the belief that they are undeserving of healthy love and respect. Breaking this cycle requires cultivating self-compassion and learning to prioritize one’s own needs.",100,ai_neutral,AI,Childhood Trauma
"“The body keeps the score,” Bessel van der Kolk famously wrote, and this somatic reality is often overlooked in discussions of childhood trauma. Trauma isn’t solely a psychological event; it’s a physiological one, leaving an imprint on the nervous system. This can manifest as chronic pain, digestive issues, fatigue, and a heightened startle response. Traditional talk therapy, while valuable, may not fully address these deeply ingrained physical manifestations. Somatic experiencing, yoga, and other body-centered therapies offer pathways to release trapped trauma energy, restoring a sense of safety and regulation within the body itself. Recognizing the body’s role is essential for holistic healing.",102,ai_neutral,AI,Childhood Trauma
"Consider the ripple effect of unresolved childhood trauma extending beyond the individual. While the immediate impact is felt personally, the patterns of behavior and emotional regulation learned in childhood often influence subsequent generations. Parents who haven’t processed their own trauma may inadvertently transmit it to their children through their parenting styles, creating a cycle of intergenerational pain. This isn’t about blame, but about recognizing the systemic nature of trauma and the importance of breaking these patterns. Investing in accessible mental health resources and promoting trauma-informed parenting practices are crucial steps towards creating a healthier future for all.",97,ai_neutral,AI,Childhood Trauma
"Is it possible to truly outrun the echoes of a difficult childhood? The neurological impact of early trauma isn’t simply a matter of psychological scarring; research increasingly demonstrates how adverse childhood experiences (ACEs) physically alter brain development, particularly in areas governing emotional regulation and stress response. This isn’t about blame, but understanding. Chronic stress in formative years floods the system with cortisol, impacting the prefrontal cortex – the seat of executive function – and strengthening the amygdala, the brain’s alarm system. Consequently, individuals may exhibit heightened reactivity, difficulty with impulse control, and a predisposition to mental and physical health challenges later in life. Recognizing this biological basis is crucial for shifting the narrative from character flaw to adaptive response, paving the way for targeted interventions and healing.",127,ai_neutral,AI,Childhood Trauma
"The silence surrounding childhood trauma often proves more damaging than the events themselves. Societal expectations to “be strong” or “move on” frequently invalidate the lived experiences of those who suffered, fostering a deep sense of shame and isolation. This cultural reluctance to acknowledge the prevalence of abuse, neglect, and household dysfunction creates a breeding ground for intergenerational trauma, where unaddressed pain is unconsciously passed down through parenting styles and relational patterns. Breaking this cycle requires a collective willingness to confront uncomfortable truths, prioritize open communication, and dismantle the stigma that prevents individuals from seeking help and sharing their stories. It demands a shift from asking “What’s wrong with you?” to “What happened to you?”",114,ai_neutral,AI,Childhood Trauma
"Consider the concept of ‘complex PTSD,’ a diagnosis gaining traction as understanding of prolonged, repeated trauma evolves. Unlike single-incident PTSD, complex PTSD arises from sustained experiences of control, betrayal, and emotional invalidation – often within the context of childhood relationships. Symptoms extend beyond flashbacks and hypervigilance to include difficulties with self-perception, distorted beliefs about the world, and profound challenges in forming secure attachments. Individuals may struggle with chronic feelings of emptiness, self-blame, and a pervasive sense of being fundamentally flawed. Treatment necessitates a nuanced approach focused on rebuilding trust, establishing healthy boundaries, and cultivating a coherent sense of self.",99,ai_neutral,AI,Childhood Trauma
"“The body keeps the score,” Bessel van der Kolk famously wrote, and this somatic reality is central to understanding the lasting effects of childhood trauma. Trauma isn’t solely stored as memories in the cognitive brain; it’s imprinted on the nervous system, manifesting as physical symptoms like chronic pain, digestive issues, and autoimmune disorders. These aren’t simply coincidences, but the body’s desperate attempts to signal unresolved distress. Therapeutic modalities like somatic experiencing and sensorimotor psychotherapy directly address this embodied trauma, helping individuals to release trapped energy, regulate their nervous systems, and reclaim a sense of agency over their physical selves. Ignoring the body’s wisdom is to ignore a crucial pathway to healing.",111,ai_neutral,AI,Childhood Trauma
"From a philosophical perspective, childhood trauma fundamentally disrupts the development of a cohesive narrative identity. The formative years are crucial for constructing a sense of self – a story we tell ourselves about who we are, our place in the world, and our potential for the future. When those years are marked by instability, abuse, or profound loss, this narrative becomes fragmented, riddled with inconsistencies, and lacking a clear sense of continuity. The resulting existential angst can manifest as a persistent feeling of being ‘ungrounded,’ a lack of purpose, or a difficulty in forming meaningful connections. Reclaiming agency involves actively reconstructing this narrative, integrating painful experiences into a larger, more compassionate understanding of self, and forging a new path forward.",120,ai_neutral,AI,Childhood Trauma
"Is it truly possible to measure opportunity, or is it simply perceived based on the zip code of one’s birth? The chasm of class disparity in contemporary society isn’t solely about income; it’s about access – access to quality education, preventative healthcare, safe neighborhoods, and even simply nutritious food. This uneven playing field manifests in generational cycles of disadvantage, where children born into poverty face systemic barriers that limit their upward mobility. The consequences extend beyond individual hardship, impacting societal innovation and economic growth as potential contributions are stifled. While meritocracy is often touted as the ideal, the reality is a landscape heavily tilted in favor of those already possessing privilege, making genuine social mobility increasingly elusive for a significant portion of the population.",124,ai_neutral,AI,Class Disparity
"The narrative surrounding wealth often focuses on individual achievement, conveniently overlooking the structural forces that perpetuate class disparity. Consider the seemingly simple act of homeownership: a cornerstone of wealth building. Historically discriminatory housing policies, like redlining, systematically denied opportunities to communities of color, creating a wealth gap that persists today. This isn’t merely a historical issue; the legacy of these practices continues to influence property values, school funding, and access to credit. Consequently, families who were deliberately excluded from the housing market for generations find themselves at a significant disadvantage, unable to accumulate the same level of wealth as their counterparts, regardless of individual effort.",105,ai_neutral,AI,Class Disparity
"“The problem isn’t that some people are born with silver spoons,” as the saying goes, “it’s that others are born without forks.” This stark observation highlights the fundamental imbalance inherent in class disparity. Increasingly, the social safety net – programs designed to provide a basic level of support – are being eroded, leaving vulnerable populations even more exposed. Simultaneously, tax policies often favor the wealthy, exacerbating the gap between the highest and lowest earners. This isn’t simply a matter of economic policy; it’s a moral question about the kind of society we want to build – one that prioritizes shared prosperity or one that accepts widening inequality as an inevitable consequence of progress.",113,ai_neutral,AI,Class Disparity
"Observe a typical urban landscape: gleaming skyscrapers housing multinational corporations stand in stark contrast to dilapidated public housing projects just blocks away. This visual representation encapsulates the core of class disparity – a physical manifestation of unequal distribution of resources and opportunities. Beyond the obvious economic differences, this spatial segregation fosters social isolation and limits interaction between different socioeconomic groups. This lack of exposure breeds misunderstanding, reinforces stereotypes, and hinders the development of empathy, ultimately contributing to a fractured society where shared values and common ground become increasingly difficult to find.",91,ai_neutral,AI,Class Disparity
"Imagine a future where algorithms determine access to loans, job opportunities, and even healthcare. While seemingly objective, these algorithms are trained on existing data, which inherently reflects historical biases and systemic inequalities. This means that even in a technologically advanced society, class disparity can be perpetuated – and even amplified – through seemingly neutral technological systems. The promise of technology to level the playing field rings hollow if it simply replicates and reinforces existing patterns of discrimination, creating a digital divide that further entrenches disadvantage for those already marginalized.",89,ai_neutral,AI,Class Disparity
"Is it truly possible to believe in meritocracy when the starting lines are so drastically unequal? Class disparity isn’t simply about income; it’s a deeply ingrained system impacting access to quality education, healthcare, and even basic opportunities. Children born into affluent families often inherit social capital – networks, connections, and unspoken advantages – that propel them forward, regardless of innate talent. Meanwhile, those from disadvantaged backgrounds face systemic barriers, navigating underfunded schools, limited resources, and often, implicit biases. This isn’t to diminish individual effort, but to acknowledge that effort operates within a landscape profoundly shaped by circumstance. The perpetuation of this imbalance isn’t a natural outcome; it’s a consequence of policy choices and societal structures that prioritize maintaining existing power dynamics.",121,ai_neutral,AI,Class Disparity
"The quiet desperation of working multiple jobs to simply *survive* often goes unnoticed by those comfortably situated within the middle and upper classes. Class disparity manifests not just in grand economic figures, but in the daily grind of millions struggling with financial insecurity. It’s the constant calculation of needs versus wants, the postponement of healthcare, the inability to save for the future, or provide enriching experiences for children. This chronic stress impacts mental and physical health, creating a cycle of disadvantage that’s difficult to break. Furthermore, the lack of economic mobility fosters resentment and erodes social cohesion, breeding distrust and fueling political polarization. Ignoring this reality isn’t just ethically questionable; it’s economically shortsighted.",113,ai_neutral,AI,Class Disparity
"“The accident of birth,” as John Rawls termed it, shouldn’t dictate life’s trajectory, yet for many, it overwhelmingly does. This observation highlights a core ethical problem with extreme class disparity: the unfairness of inherited advantage and disadvantage. While some argue that individuals should be solely responsible for their outcomes, this ignores the foundational role of societal structures. A child’s zip code is a stronger predictor of future success than their intelligence or ambition. Addressing this requires a fundamental shift in perspective, moving away from a purely individualistic framework towards a more collective understanding of responsibility. It demands policies that actively level the playing field, ensuring everyone has a genuine opportunity to thrive.",112,ai_neutral,AI,Class Disparity
"Consider the subtle ways class disparity shapes our cultural landscape. From the media we consume to the neighborhoods we inhabit, exposure is often segregated along socioeconomic lines. This creates echo chambers, reinforcing existing biases and limiting understanding between different groups. The narratives presented in mainstream media frequently center on the experiences of the affluent, marginalizing the stories and perspectives of those struggling with poverty or economic hardship. This lack of representation perpetuates stereotypes and hinders empathy. Breaking down these cultural barriers requires intentional efforts to promote diverse voices and challenge dominant narratives, fostering a more inclusive and equitable society.",99,ai_neutral,AI,Class Disparity
"Often framed as an economic issue, class disparity is fundamentally a power imbalance. Those with wealth and influence wield disproportionate control over political processes, shaping policies that further entrench their advantages. Lobbying, campaign contributions, and access to policymakers create a system where the voices of ordinary citizens are often drowned out. This isn’t necessarily a conspiracy, but a natural consequence of concentrated power. Reclaiming democratic control requires systemic reforms, including campaign finance reform, increased transparency, and measures to amplify the voices of marginalized communities. Without addressing this power dynamic, efforts to reduce economic inequality will likely fall short.",98,ai_neutral,AI,Class Disparity
"Isn't it a peculiar paradox that in a society boasting unprecedented wealth, so many remain tethered to cycles of poverty? Class disparity isn’t simply about income; it’s a deeply ingrained system impacting access to quality education, healthcare, and even basic necessities like nutritious food. This creates a self-perpetuating loop where opportunities are concentrated at the top, while those born into disadvantage face systemic barriers to upward mobility. The consequences ripple outwards, manifesting in higher rates of chronic illness, limited social capital, and diminished political representation for marginalized communities. Ultimately, a widening gap isn’t just an economic issue, it’s a moral one, eroding the foundations of a just and equitable society and hindering collective progress.",114,ai_neutral,AI,Class Disparity
"The chipped Formica of the diner booth felt cold under her elbows, a stark contrast to the warmth radiating from the bustling kitchen – a warmth she couldn’t afford to partake in beyond a cup of weak coffee. Old Man Tiber, perpetually polishing glasses, barely glanced up as she sketched designs for clothes she’d never own, clothes worn by the women who breezed through, smelling of perfume and possibility. This wasn’t about envy, exactly. It was the suffocating weight of knowing her talent, her ambition, was shackled by circumstance. The invisible lines of class weren’t drawn in law, but in the subtle cues of belonging, the unspoken assumptions about worth, and the relentless pressure of simply *surviving*.",117,ai_neutral,AI,Class Disparity
"Fundamentally, the persistence of class disparity reveals a critical flaw in the narrative of meritocracy. While hard work and talent are undoubtedly important, they are insufficient without a level playing field. Consider the student burdened with multiple jobs to support their family, competing against peers whose primary focus is academics, or the entrepreneur lacking access to capital due to historical redlining practices. These aren’t individual failings; they are systemic disadvantages. To truly foster opportunity, we must move beyond celebrating individual success stories and address the structural inequalities that predetermine outcomes for vast segments of the population. This requires proactive policies focused on wealth redistribution, affordable housing, and equitable access to resources.",111,ai_neutral,AI,Class Disparity
"“The accident of birth,” as John Rawls termed it, dictates far too much of one’s life trajectory. This isn’t to suggest a rejection of personal responsibility, but rather an acknowledgement of the profoundly unequal starting points individuals face. Imagine two children, identical in potential, yet one born into a household with inherited wealth, elite schooling, and extensive networks, while the other navigates a landscape of underfunded schools, limited healthcare, and generational poverty. The odds are overwhelmingly stacked in favor of the first child, not because of inherent superiority, but because of circumstance. Ignoring this fundamental truth perpetuates a system that rewards privilege and punishes disadvantage.",105,ai_neutral,AI,Class Disparity
"Look at any city’s skyline – the gleaming towers of commerce juxtaposed against the crumbling facades of neglected neighborhoods. This visual representation is a potent symbol of class disparity, a physical manifestation of unequal access and opportunity. But the divide extends beyond the tangible. It’s embedded in the algorithms that determine loan approvals, the zoning laws that segregate communities, and the implicit biases that shape hiring decisions. It’s a complex web of interconnected factors, often invisible to those who benefit from the status quo. Addressing this requires a multi-faceted approach, demanding not only economic reforms but also a critical examination of our own prejudices and assumptions.",106,ai_neutral,AI,Class Disparity
"Isn't it a peculiar paradox that in a society boasting unprecedented wealth, so many remain locked in cycles of poverty? Class disparity isn’t simply about income; it’s a systemic issue woven into the fabric of opportunity. Access to quality education, healthcare, and even nutritious food are drastically different depending on zip code, creating a self-perpetuating disadvantage. Children born into low-income families often face barriers to social mobility that their wealthier peers never encounter – underfunded schools, limited extracurricular activities, and a lack of networks that can open doors. This isn’t a matter of individual failings, but a structural problem demanding comprehensive solutions, from progressive taxation to robust social safety nets, to level the playing field and allow everyone a genuine chance to thrive.",123,ai_neutral,AI,Class Disparity
"The gleaming towers of financial districts often cast long shadows, and it’s within those shadows that the stark reality of class disparity resides. Consider the concept of ‘time poverty’ – the lack of discretionary time experienced by those working multiple jobs or struggling with unreliable childcare. While affluent individuals can invest time in personal development, networking, or simply leisure, those further down the economic ladder are often consumed by the immediate demands of survival. This disparity in time allocation further exacerbates existing inequalities, hindering upward mobility and reinforcing the cycle of disadvantage. It’s a subtle but powerful mechanism that keeps privilege intact and opportunity out of reach.",107,ai_neutral,AI,Class Disparity
"“The problem isn’t that we don’t have enough,” as Martin Luther King Jr. once stated, “the problem is that we don’t distribute it fairly.” This sentiment encapsulates the core issue of class disparity: a misallocation of resources. While economic growth continues, the benefits are disproportionately concentrated at the top, leaving a shrinking share for the majority. This isn’t necessarily the result of malicious intent, but rather the consequence of policies that favor capital over labor, deregulation that allows for unchecked corporate power, and a decline in collective bargaining. Addressing this requires a fundamental shift in priorities, prioritizing equitable distribution and investing in the well-being of all citizens, not just a select few.",112,ai_neutral,AI,Class Disparity
"Imagine two parallel tracks: one paved with opportunity, the other riddled with obstacles. That’s a useful metaphor for understanding class disparity’s impact on mental and physical health. Chronic stress stemming from financial insecurity, lack of access to healthcare, and exposure to environmental hazards disproportionately affects lower-income communities, leading to higher rates of chronic disease, depression, and anxiety. This isn’t merely a correlation; it’s a direct consequence of systemic inequality. Ignoring these health disparities isn’t just unjust, it’s economically shortsighted, as it leads to decreased productivity, increased healthcare costs, and a diminished quality of life for everyone.",96,ai_neutral,AI,Class Disparity
"Beyond statistics and policy debates, class disparity manifests in everyday interactions, often subtly shaping perceptions and reinforcing biases. The language we use, the assumptions we make, and the spaces we inhabit are all influenced by socioeconomic status. A person’s accent, clothing, or even their choice of leisure activities can trigger unconscious judgments, impacting their access to opportunities and their sense of belonging. This insidious form of social stratification isn’t always intentional, but it’s pervasive and damaging. Recognizing and challenging these implicit biases is a crucial step towards fostering a more inclusive and equitable society, one where everyone is valued for their inherent worth, not their economic standing.",107,ai_neutral,AI,Class Disparity
"Is it truly possible to measure opportunity, or are we simply quantifying the advantages already bestowed by birth? Class disparity isn’t merely about income; it’s a deeply ingrained system influencing access to quality education, healthcare, and even basic necessities like nutritious food and safe housing. This creates a cyclical pattern where disadvantage is perpetuated across generations. Children born into low-income families often face systemic barriers – underfunded schools, limited extracurricular activities, and exposure to environmental hazards – that hinder their potential, regardless of innate talent or ambition. The narrative of “pulling oneself up by one’s bootstraps” ignores the fact that many are born without boots, and the playing field is demonstrably uneven from the start. Addressing this requires systemic change, not individual blame.",123,ai_neutral,AI,Class Disparity
"The widening gap between the wealthiest and the poorest isn’t a natural consequence of market forces; it’s a political choice. Decades of policies favoring deregulation, tax cuts for the affluent, and diminished social safety nets have actively contributed to the concentration of wealth at the top. While proponents argue these policies stimulate economic growth, the benefits haven’t “trickled down” as promised. Instead, wage stagnation for the majority, coupled with rising costs of living, has created a precarious existence for millions. This isn’t simply an economic issue; it’s a moral one, demanding a re-evaluation of our priorities and a commitment to equitable distribution of resources. Ignoring this imbalance risks social unrest and undermines the foundations of a just society.",118,ai_neutral,AI,Class Disparity
"Consider the subtle, yet pervasive, impact of “cultural capital.” Beyond financial resources, class dictates access to networks, knowledge, and behaviors valued by institutions of power. A child raised attending museums, concerts, and engaging in sophisticated conversation possesses an implicit advantage in navigating academic and professional environments. This isn’t about intelligence or work ethic; it’s about possessing the unspoken codes and expectations that facilitate success. This form of disparity is often invisible, yet profoundly influential, reinforcing existing inequalities. Leveling the playing field requires not only financial investment but also conscious efforts to broaden access to enriching experiences and demystify the cultural norms that privilege certain groups.",105,ai_neutral,AI,Class Disparity
"“The problem isn’t that some people are born with fewer advantages,” the economist Thomas Sowell once argued, “but that we’ve created a society where those advantages matter so much.” While the statement highlights the importance of context, it risks minimizing the very real hardships faced by those lacking fundamental resources. The degree to which advantages *matter* is directly proportional to the severity of the disparity. A small advantage in a relatively equitable system is far less impactful than a significant disadvantage in a highly stratified one. The focus shouldn’t be solely on mitigating the effects of inequality, but on dismantling the structures that create and perpetuate it, ensuring a baseline level of opportunity for all.",115,ai_neutral,AI,Class Disparity
"Observing the landscape of modern cities reveals a stark geographical manifestation of class disparity. Increasingly, communities are segregated not just by income, but by opportunity. Affluent neighborhoods boast well-funded schools, thriving businesses, and access to green spaces, while marginalized communities struggle with under-resourced public services, environmental pollution, and limited economic prospects. This spatial inequality isn’t accidental; it’s often the result of discriminatory housing policies and intentional disinvestment. Breaking down these barriers requires proactive urban planning that prioritizes equitable development, affordable housing, and access to essential services for all residents, fostering integrated and inclusive communities.",94,ai_neutral,AI,Class Disparity
"Is it truly possible to measure opportunity, or is it simply perceived based on the zip code of one’s birth? The chasm of class disparity in contemporary society isn’t solely about income; it’s about access – access to quality education, preventative healthcare, safe neighborhoods, and networks of influence. These aren’t luxuries, but foundational elements for upward mobility, systematically denied to those born into disadvantaged circumstances. The consequences ripple outwards, impacting not just individual lives, but societal progress as a whole. A nation that stifles the potential of a significant portion of its population due to socioeconomic factors isn’t maximizing its collective intelligence or innovation. Bridging this gap requires a multifaceted approach, moving beyond superficial solutions to address the root causes of systemic inequality.",123,ai_neutral,AI,Class Disparity
"The narrative often focuses on individual failings when discussing economic hardship, yet a cold, hard look at data reveals a different story. Class disparity isn’t a matter of personal responsibility alone; it’s a structural issue perpetuated by policies that favor wealth accumulation at the top. Tax loopholes benefiting the affluent, stagnant minimum wages, and the erosion of social safety nets all contribute to a widening gap. Consider the escalating cost of higher education, effectively barring many qualified students from accessing the credentials needed for professional advancement. This isn’t about a lack of ambition, but a lack of opportunity, deliberately constructed and maintained by systems designed to protect existing power structures.",110,ai_neutral,AI,Class Disparity
"Imagine two children, identical in potential, but raised in vastly different environments. One grows up surrounded by enriching experiences – museum visits, music lessons, travel – while the other navigates food insecurity and under-resourced schools. This isn’t a hypothetical; it’s the daily reality for millions. Class disparity manifests not just in material possessions, but in the accumulation of “social capital” – the unspoken rules, networks, and cultural knowledge that facilitate success. The child with access to these advantages enters adulthood with an invisible head start, while the other faces an uphill battle, often judged by standards they were never equipped to meet. This inherent unfairness undermines the very notion of meritocracy.",111,ai_neutral,AI,Class Disparity
"“The problem isn’t that Johnny can’t read; the problem is that Johnny doesn’t have books,” as Marian Wright Edelman famously stated, and this sentiment encapsulates a core truth about class disparity. It’s not a deficit within individuals, but a deficit in the resources available to them. Focusing solely on “fixing” individuals through boot camps or motivational speeches ignores the systemic barriers that consistently hold them back. True progress demands investment in communities – affordable housing, accessible childcare, robust public transportation – creating a level playing field where everyone has a genuine chance to thrive. These aren’t handouts, but strategic investments in human potential.",103,ai_neutral,AI,Class Disparity
"Looking beyond immediate financial hardship, class disparity subtly erodes social cohesion. When significant portions of the population feel excluded from economic prosperity, it breeds resentment, distrust, and political polarization. This isn’t simply an economic issue; it’s a threat to the fabric of democracy itself. The concentration of wealth allows for disproportionate political influence, further entrenching existing inequalities. Addressing this requires not only economic reforms, but a fundamental shift in societal values – a recognition that a thriving society benefits *all* its members, not just a select few. Ignoring this reality invites instability and ultimately, collective decline.",96,ai_neutral,AI,Class Disparity
"Is it truly possible to measure opportunity in purely economic terms? The chasm of class disparity isn’t simply about differing income brackets; it’s a systemic limitation on potential. While meritocracy is often touted as the engine of social mobility, the starting lines are drastically uneven. Access to quality education, healthcare, and even nutritious food – foundational elements for success – are disproportionately distributed. This creates a self-perpetuating cycle where privilege begets privilege, and disadvantage reinforces disadvantage. The narrative of “pulling oneself up by one’s bootstraps” ignores the fact that many are born without boots, or even the land to stand on. Consequently, talent and ambition are frequently stifled, not by lack of inherent ability, but by the weight of circumstance.",120,ai_neutral,AI,Class Disparity
"The stark reality of class disparity manifests not just in wealth accumulation, but in the subtle erosion of social capital. Consider the networks available to those from affluent backgrounds – connections that open doors to internships, mentorships, and ultimately, career advancement. These aren’t necessarily earned through superior skill, but inherited through social positioning. Conversely, individuals from lower socioeconomic strata often lack these crucial networks, facing barriers to entry even when possessing comparable qualifications. This isn’t about individual failings; it’s about a system that actively privileges certain groups while simultaneously marginalizing others, creating a deeply unequal playing field where social connections often outweigh demonstrable competence.",104,ai_neutral,AI,Class Disparity
"“We are all equal,” the saying goes, but a glance at the data reveals a profoundly different story. Class disparity isn’t merely a statistical anomaly; it’s a public health crisis. Studies consistently demonstrate a strong correlation between socioeconomic status and life expectancy, access to preventative care, and rates of chronic disease. The stress of financial insecurity, coupled with limited access to resources, takes a tangible toll on physical and mental wellbeing. This creates a vicious cycle where poverty exacerbates health problems, and health problems perpetuate poverty. Addressing this requires a holistic approach that recognizes healthcare as a fundamental right, not a commodity.",102,ai_neutral,AI,Class Disparity
"Imagine a city divided not by walls, but by invisible lines of opportunity. That’s the essence of class disparity. It’s a spatial segregation that dictates access to safe neighborhoods, well-funded schools, and thriving local economies. Redlining practices, though officially outlawed, have left lasting scars on communities, creating concentrated areas of poverty and limited upward mobility. This geographic inequality isn’t accidental; it’s the result of decades of policy decisions that have systematically disinvested in marginalized communities. Breaking down these spatial barriers requires intentional investment in infrastructure, education, and economic development in historically underserved areas.",93,ai_neutral,AI,Class Disparity
"Often, discussions about class disparity focus on the negative impacts on those at the bottom, but the consequences ripple upwards, affecting society as a whole. A widening gap between the rich and the poor breeds social unrest, erodes trust in institutions, and stifles economic growth. When a significant portion of the population lacks disposable income, consumer demand weakens, hindering overall economic prosperity. Furthermore, concentrated wealth can translate into concentrated political power, leading to policies that further exacerbate inequality. Therefore, addressing class disparity isn’t simply a matter of social justice; it’s a matter of long-term societal stability and sustainable economic development.",100,ai_neutral,AI,Class Disparity
"Isn't it a peculiar paradox that in a society boasting unprecedented wealth, so many remain tethered to cycles of poverty? Class disparity isn’t simply about income; it’s a deeply ingrained system impacting access to quality education, healthcare, and even basic necessities like nutritious food. This creates a self-perpetuating loop where opportunities are concentrated at the top, while those born into disadvantage face systemic barriers to upward mobility. The consequences ripple outwards, manifesting in higher rates of chronic illness, limited social capital, and diminished political representation for marginalized communities. Ultimately, a widening gap isn’t just an economic issue, it’s a moral one, eroding the foundations of a just and equitable society and hindering collective progress.",114,ai_neutral,AI,Class Disparity
"The chipped Formica of the diner booth felt cold under her elbows, a stark contrast to the warmth radiating from the bustling kitchen. Outside, sleek cars glided past, carrying occupants oblivious to the quiet desperation within. This scene, replicated countless times across the country, embodies the invisible walls of class disparity. It’s not always about grand mansions versus dilapidated housing; often, it’s the subtle differences – the ability to afford preventative healthcare, the access to enriching extracurricular activities for children, the freedom from constantly calculating every expense. These seemingly small advantages accumulate, creating a chasm that’s difficult, if not impossible, to bridge through individual effort alone.",106,ai_neutral,AI,Class Disparity
"“The playing field is not level,” a sentiment echoed frequently, yet rarely addressed with the urgency it deserves. Class disparity functions as a complex web of interconnected disadvantages, extending beyond financial limitations to encompass social and cultural capital. Individuals from lower socioeconomic backgrounds often lack the networks and unspoken rules of engagement necessary to navigate institutions like higher education or professional workplaces. This isn’t a matter of inherent ability, but rather a consequence of unequal access to information, mentorship, and opportunities for social mobility. Breaking down these barriers requires systemic interventions focused on leveling the playing field, not simply offering individual “bootstraps” solutions.",103,ai_neutral,AI,Class Disparity
"Consider the sheer psychological weight of scarcity. When daily life is consumed by the struggle to meet basic needs, cognitive bandwidth is severely limited. This phenomenon, documented in behavioral economics, demonstrates that poverty isn’t just a lack of resources; it’s a tax on mental energy. Constant stress and worry about finances impair decision-making, hindering long-term planning and investment in personal development. Consequently, class disparity isn’t merely an economic hardship, but a cognitive burden that perpetuates disadvantage, making it harder for individuals to escape the cycle of poverty, regardless of their potential.",91,ai_neutral,AI,Class Disparity
"Reflecting on the concept of meritocracy, it becomes increasingly clear how deeply flawed the narrative truly is. While hard work and talent are undoubtedly important, they are insufficient in the face of systemic inequalities. Class disparity creates a landscape where the starting line is drastically different for everyone. Some are born with a silver spoon, inheriting wealth, connections, and opportunities, while others face an uphill battle from birth. To pretend that success is solely determined by individual merit ignores the powerful influence of inherited privilege and the structural barriers that prevent many from reaching their full potential. A truly just society acknowledges these disparities and actively works to dismantle them.",110,ai_neutral,AI,Class Disparity
"Isn't it a peculiar paradox that in a society boasting unprecedented wealth, so many remain locked in cycles of poverty? Class disparity isn’t simply about income; it’s a systemic issue woven into the fabric of opportunity. Access to quality education, healthcare, and even nutritious food are drastically different depending on zip code, creating a self-perpetuating disadvantage. Children born into low-income families often face underfunded schools, limited extracurricular activities, and increased exposure to environmental hazards – factors that impact cognitive development and future prospects. This isn’t a matter of individual failings, but a structural imbalance that demands comprehensive solutions, from progressive taxation and affordable housing to robust social safety nets and equitable resource allocation. Ignoring this disparity isn’t just economically unsound; it’s morally reprehensible.",123,ai_neutral,AI,Class Disparity
"The narrative often focuses on “pulling oneself up by one’s bootstraps,” but this conveniently ignores the fact that many are born without boots. Class disparity manifests not only in material possessions but also in social capital – the networks of influence and support that open doors. Those from privileged backgrounds inherit connections, mentorship opportunities, and a cultural understanding of how systems operate, advantages unavailable to those navigating unfamiliar terrain. This invisible advantage isn’t earned; it’s bestowed. Consequently, upward mobility becomes significantly harder, and the gap between the haves and have-nots widens, fostering resentment and hindering societal progress. A truly meritocratic society would level the playing field, ensuring everyone has a fair chance to succeed, regardless of their origins.",118,ai_neutral,AI,Class Disparity
"Consider the seemingly innocuous choice of grocery store. For some, it’s a selection between organic produce and locally sourced meats; for others, it’s a calculation of which calorie-dense foods offer the most sustenance for the least cost. This everyday example illustrates how class disparity impacts even the most basic aspects of life. It’s not merely about lacking luxuries; it’s about constant trade-offs between essential needs. This chronic stress associated with financial insecurity has profound consequences for physical and mental health, further exacerbating inequalities. Addressing this requires acknowledging that access to healthy food, safe housing, and reliable transportation are fundamental rights, not privileges.",102,ai_neutral,AI,Class Disparity
"“The problem isn’t that some people are born with silver spoons,” the economist argued, “it’s that others are born with lead weights.” This stark analogy highlights the detrimental effects of inherited disadvantage. Class disparity isn’t a natural phenomenon; it’s a consequence of policy choices and historical injustices. Redlining, discriminatory lending practices, and unequal school funding have all contributed to the wealth gap we see today. Repairing this damage requires more than just incremental changes. It demands systemic reforms, including reparations for past harms, investment in historically marginalized communities, and a commitment to dismantling the structures that perpetuate inequality.",98,ai_neutral,AI,Class Disparity
"Observing the increasing concentration of wealth at the very top reveals a disturbing trend: economic gains are disproportionately benefiting a select few. Class disparity isn’t simply a matter of some people being richer; it’s about the stagnation of wages for the majority while executive compensation skyrockets. This widening gap erodes social cohesion, fuels political polarization, and undermines democratic principles. When a significant portion of the population feels economically disenfranchised, it creates fertile ground for instability and unrest. Strengthening labor unions, raising the minimum wage, and implementing fair tax policies are crucial steps towards creating a more equitable and sustainable economy for all.",102,ai_neutral,AI,Class Disparity
"Is it truly possible to measure opportunity, or are we simply quantifying the advantages already bestowed by birth? Class disparity isn’t merely about income; it’s a deeply ingrained system influencing access to quality education, healthcare, and even basic necessities like nutritious food and safe housing. This creates a self-perpetuating cycle where children born into lower socioeconomic strata face systemic barriers to upward mobility, regardless of talent or ambition. The consequences extend beyond individual hardship, impacting societal innovation and economic growth as potential contributions are stifled. A focus solely on individual “bootstrapping” ignores the uneven playing field, and perpetuates the myth that success is purely a matter of personal effort, conveniently overlooking the inherited advantages enjoyed by others. Addressing this requires systemic change, not just charitable gestures.",126,ai_neutral,AI,Class Disparity
"The gleaming towers of financial districts often cast long shadows, and it’s within those shadows that the stark reality of class disparity resides. Consider the subtle, yet pervasive, ways wealth dictates life experience: the ability to absorb financial shocks like medical bills or job loss, the freedom to pursue passions instead of solely focusing on survival, the access to networks that open doors to opportunity. These aren’t luxuries; they are foundational elements of security and well-being. While economic indicators like GDP may rise, they often mask the widening gap between the affluent and the struggling, offering a distorted picture of national prosperity. True progress demands a more equitable distribution of resources and a dismantling of structures that concentrate wealth at the top.",122,ai_neutral,AI,Class Disparity
"“The problem isn’t that some people are born with silver spoons,” the sociologist argued, “it’s that others are born with lead weights attached.” This sentiment encapsulates the core issue of class disparity: it’s not simply a difference in starting points, but an active imposition of disadvantage. This disadvantage manifests in numerous ways, from exposure to environmental hazards in lower-income neighborhoods to biased algorithms in loan applications. Furthermore, the psychological toll of chronic stress associated with poverty impacts cognitive function and decision-making, creating further obstacles. Breaking this cycle requires acknowledging the cumulative impact of these disadvantages and implementing policies designed to actively counteract them, rather than passively hoping for improvement.",109,ai_neutral,AI,Class Disparity
"Imagine two identical seedlings. One is planted in rich, fertile soil, watered regularly, and shielded from harsh weather. The other is planted in rocky, depleted ground, exposed to the elements, and frequently overlooked. To expect both to flourish equally is not only unrealistic, it’s a denial of basic biological principles. Class disparity operates on a similar principle, creating vastly different growing conditions for individuals based on their socioeconomic background. This isn’t about inherent ability; it’s about the resources and support systems available. Focusing on “meritocracy” without addressing these foundational inequalities is akin to judging the seedlings based on their height, ignoring the vastly different environments in which they’ve grown.",109,ai_neutral,AI,Class Disparity
"Beyond the quantifiable metrics of income and wealth, class disparity subtly shapes our perceptions and interactions. It influences who we trust, where we feel safe, and even the opportunities we believe are within reach. This internalized disparity can lead to self-limiting beliefs and a sense of powerlessness, further reinforcing existing inequalities. The consequences aren’t limited to those directly experiencing poverty; a deeply divided society breeds resentment, distrust, and ultimately, instability. Addressing this requires not only economic reforms, but also a conscious effort to dismantle the social and psychological barriers that perpetuate the cycle of disadvantage, fostering empathy and understanding across class lines.",102,ai_neutral,AI,Class Disparity
"Is it a paradox that acknowledging our eventual demise can actually enrich life? The consistent denial of mortality, prevalent in modern society with its focus on youth and longevity, often leads to a shallow existence, prioritizing fleeting pleasures over meaningful pursuits. Truly confronting the finite nature of our time isn’t about dwelling on sadness, but about recalibrating values. It’s recognizing that opportunities aren’t infinite, and therefore, each moment deserves intention. This awareness fosters a sense of urgency, prompting us to pursue passions, nurture relationships, and contribute to something larger than ourselves. Ultimately, accepting mortality isn’t a surrender to despair, but an invitation to live more fully, authentically, and with a profound appreciation for the present.",115,ai_neutral,AI,Mortality Awareness
"The human brain, remarkably, seems wired to largely ignore the ticking clock of our lifespan. We plan for retirement decades away, yet often postpone joy to a nebulous “someday.” This cognitive dissonance isn’t necessarily a flaw, but a protective mechanism. Constant preoccupation with death would be paralyzing. However, a healthy dose of mortality awareness, periodically revisited, can serve as a powerful motivator. Consider the surge of creativity often experienced after a significant life event – a health scare, the loss of a loved one. These moments shatter the illusion of permanence, forcing a re-evaluation of priorities. It’s not about morbid obsession, but about strategically leveraging the knowledge of our limitations to fuel a more purposeful existence.",116,ai_neutral,AI,Mortality Awareness
"“The art of living lies in our refusal to be determined by the limits of our fate,” as José Ortega y Gasset observed, and this rings particularly true when considering our mortality. It’s easy to fall into the trap of believing that because life is finite, it’s therefore meaningless. But the very fact of its limitation *creates* meaning. A painting isn’t valued less because it will eventually fade; its beauty is heightened by its impermanence. Similarly, our experiences, relationships, and contributions gain significance precisely because they won’t last forever. Embracing this perspective shifts the focus from avoiding death to maximizing life, not through reckless abandon, but through deliberate and meaningful engagement.",111,ai_neutral,AI,Mortality Awareness
"Looking across cultures reveals vastly different approaches to death and dying, and consequently, to living. While Western societies often attempt to medicalize and sanitize the process, many Eastern traditions integrate mortality into daily life through rituals, meditation, and philosophical contemplation. These cultures don’t shy away from the reality of death; they acknowledge it as a natural part of the life cycle. This acceptance doesn’t diminish the value of life, but rather frames it within a larger context, reducing fear and fostering a sense of peace. Perhaps a more holistic approach, drawing from these diverse perspectives, could help us navigate our own mortality with greater grace and wisdom.",107,ai_neutral,AI,Mortality Awareness
"Imagine a world where every decision was made as if it were your last. Not in a frantic, desperate way, but with a clear understanding of the preciousness of time and resources. This isn’t a call for reckless hedonism, but for radical honesty. Would you continue to tolerate a job that drains your energy? Would you postpone telling someone you love them? Would you prioritize material possessions over experiences? Mortality awareness, at its core, is a powerful tool for self-assessment. It forces us to confront the discrepancies between our stated values and our actual behavior, prompting us to align our lives with what truly matters before the opportunity is gone.",110,ai_neutral,AI,Mortality Awareness
"Is it a paradox that acknowledging our eventual non-existence can actually enrich life? The consistent denial of mortality, prevalent in modern society with its focus on youth and longevity treatments, often leads to a squandering of present moments. Truly confronting the finite nature of our time isn’t about dwelling on sadness, but about recalibrating priorities. It’s recognizing that experiences, relationships, and personal growth hold inherent value *because* they won’t last forever. This awareness can dismantle the anxieties surrounding trivial concerns, freeing up emotional bandwidth for genuine connection and purposeful action. Ultimately, embracing mortality isn’t morbid; it’s a catalyst for living more deliberately and appreciating the fragile beauty of existence.",109,ai_neutral,AI,Mortality Awareness
"The human tendency to project ourselves into the future – planning careers, families, retirements – is a powerful coping mechanism against the unsettling reality of impermanence. However, this constant forward momentum can inadvertently disconnect us from the present. While foresight is valuable, an overemphasis on ‘what will be’ often eclipses the significance of ‘what is.’ Mortality awareness isn’t about abandoning future goals, but about grounding them in a mindful appreciation of the now. It’s about recognizing that the future is not guaranteed, and therefore, each moment deserves our full attention and engagement, rather than being treated as merely a stepping stone to something else.",104,ai_neutral,AI,Mortality Awareness
"“The art of living lies less in eliminating the obstacles as in learning to navigate them,” as Seneca observed, and few obstacles are as fundamental as the inevitability of death. This isn’t a pessimistic viewpoint, but a pragmatic one. Accepting mortality doesn’t necessitate resignation; instead, it fosters resilience. Knowing that suffering and loss are inherent parts of the human condition allows us to approach challenges with greater equanimity. It encourages us to cultivate inner strength, to find meaning even in the face of adversity, and to appreciate the fleeting moments of joy with a deeper sense of gratitude. The awareness of our limits, paradoxically, expands our capacity for living fully.",110,ai_neutral,AI,Mortality Awareness
"Consider the cultural variations in how death is approached. In many Western societies, death is often medicalized and hidden away, treated as a failure of science rather than a natural part of life. Conversely, some cultures integrate death rituals and remembrance practices into daily life, fostering a more open and accepting relationship with mortality. This difference highlights how our perceptions of death are largely shaped by societal norms. Increased mortality awareness, therefore, requires a conscious effort to challenge these norms, to engage in honest conversations about death and dying, and to reclaim a more natural and integrated understanding of our own finitude.",102,ai_neutral,AI,Mortality Awareness
"Often, the fear of death isn’t about the cessation of existence itself, but about the fear of leaving things unfinished – unrealized dreams, unresolved conflicts, unexpressed love. This suggests that confronting mortality isn’t solely a philosophical exercise, but a practical one. It’s a call to action, urging us to examine our lives and identify what truly matters. Are we pursuing goals that align with our values? Are we nurturing the relationships that sustain us? Are we living authentically, or are we trapped by societal expectations? Mortality awareness, in this sense, is a powerful motivator for self-reflection and positive change, prompting us to live a life worthy of remembrance.",108,ai_neutral,AI,Mortality Awareness
"Is it a paradox that acknowledging our eventual non-existence can actually enrich life? The consistent, low-hum awareness of mortality isn’t about dwelling on death, but recalibrating priorities. It’s a subtle shift in perspective, moving focus from accumulating possessions or chasing fleeting validation to cultivating meaningful experiences and genuine connections. When we truly grasp the finite nature of time, the urgency to pursue passions, mend fractured relationships, and contribute positively to the world becomes powerfully compelling. This isn’t morbid; it’s profoundly liberating. It allows us to shed the weight of societal expectations and define success on our own terms, recognizing that legacy isn’t about what we *have*, but what we *do* and who we *become* within the limited span allotted to us.",121,ai_neutral,AI,Mortality Awareness
"The human tendency to compartmentalize – to build elaborate defenses against uncomfortable truths – often extends to our own mortality. We readily acknowledge death as a universal phenomenon, yet struggle to internalize its personal application. This disconnect isn’t necessarily a flaw, but a coping mechanism. However, prolonged avoidance can lead to a life lived on autopilot, a series of unexamined choices driven by habit rather than intention. Confronting mortality, even in small doses, requires a willingness to dismantle these defenses, to sit with the discomfort and acknowledge the fragility of existence. It’s a process of radical acceptance, not resignation, that can unlock a deeper appreciation for the present moment and the beauty inherent in impermanence.",115,ai_neutral,AI,Mortality Awareness
"Consider the way a sunset’s beauty is amplified by the knowledge of its brevity. Similarly, the awareness of mortality doesn’t diminish life’s joys; it intensifies them. Each shared laugh, each moment of quiet contemplation, each act of kindness gains a heightened significance when viewed through the lens of finitude. This isn’t about living with constant anxiety, but cultivating a mindful presence. It’s about savoring the ordinary, recognizing the extraordinary within the mundane, and appreciating the simple gift of being. The ephemeral nature of experience becomes a source of wonder, rather than dread, prompting us to fully inhabit each moment as it unfolds.",102,ai_neutral,AI,Mortality Awareness
"“The fear of death follows from the fear of life. A man who lives fully is prepared to die at any time,” Mark Twain observed, and the core of his statement lies in the proactive embrace of existence. Mortality awareness isn’t passively accepting an inevitable end; it’s actively choosing how to *live* until that end arrives. It’s about identifying values, setting intentions, and pursuing a life aligned with authenticity. It’s a call to courage – the courage to take risks, to embrace vulnerability, and to live without regret. By focusing on meaningful action and genuine connection, we diminish the power of fear and transform the shadow of death into a catalyst for a more vibrant and purposeful life.",118,ai_neutral,AI,Mortality Awareness
"Often, our culture frames mortality as a failure – something to be postponed, denied, or overcome through medical intervention. But perhaps reframing death as an integral part of the life cycle, rather than its antithesis, is a more constructive approach. Just as seasons change and rivers flow, life inevitably moves towards its conclusion. Accepting this natural progression doesn’t necessitate despair, but can foster a sense of peace and acceptance. It allows us to shift our focus from clinging to permanence to appreciating the beauty of impermanence, recognizing that growth and transformation are inherently linked to decay and renewal. This perspective encourages us to live more fully, not in spite of our mortality, but *because* of it.",116,ai_neutral,AI,Mortality Awareness
"Is it a paradox that acknowledging our eventual demise can actually enrich life? The consistent denial of mortality, prevalent in modern society, often leads to a frantic pursuit of distractions – possessions, status, fleeting pleasures – all attempts to mask an underlying anxiety. However, confronting the finite nature of existence doesn’t necessitate despair; instead, it can be a powerful catalyst for prioritizing genuine connection, pursuing meaningful work, and appreciating the simple beauty of the present moment. Recognizing that time is limited encourages a shift in perspective, moving us away from accumulating ‘things’ and towards cultivating experiences and relationships that truly resonate. Ultimately, a healthy awareness of death isn’t about dwelling on the negative, but about actively choosing how to live.",120,ai_neutral,AI,Mortality Awareness
"The human tendency to project ourselves into the future – planning careers, relationships, retirement – is fundamentally at odds with the reality of impermanence. We build elaborate castles in the air, assuming a continuation of self that isn’t guaranteed. This disconnect isn’t necessarily a flaw, but a coping mechanism. Yet, excessive future-orientation can lead to chronic dissatisfaction, a constant deferral of happiness to a hypothetical ‘someday.’ Cultivating mortality awareness involves gently anchoring ourselves in the now, recognizing that the only certainty is this breath, this moment. It’s about finding contentment not in what *will be*, but in what *is*, and accepting the inherent uncertainty of life’s trajectory.",107,ai_neutral,AI,Mortality Awareness
"“The art of living lies less in eliminating the obstacles as in learning to navigate them,” as Seneca observed, and few obstacles are as fundamental as the inevitability of death. Rather than viewing mortality as a problem to be solved, a threat to be avoided, it’s more productive to consider it a defining condition of the human experience. This acceptance doesn’t imply passivity; on the contrary, it can fuel a fierce determination to make the most of the time we have. It’s a recognition that limitations – including the ultimate limitation – are not constraints, but the very framework within which meaning is created. A life lived fully, knowing its boundaries, possesses a depth and resonance that a life spent in denial can never achieve.",125,ai_neutral,AI,Mortality Awareness
"Consider the ripple effect of a single life. Every interaction, every decision, every act of kindness or cruelty extends outwards, influencing others in ways we may never fully comprehend. This interconnectedness highlights a crucial aspect of mortality awareness: we don’t simply *end* when we die; our impact continues through the lives we’ve touched. This realization shifts the focus from individual self-preservation to a broader sense of responsibility. It encourages us to consider our legacy, not in terms of material wealth or accolades, but in terms of the positive contributions we make to the world and the enduring relationships we foster. Our lives are, in essence, ongoing narratives woven into the larger tapestry of human existence.",115,ai_neutral,AI,Mortality Awareness
"Often, the fear of death isn’t about the cessation of being, but the fear of *unlived* life. It’s the regret of opportunities missed, passions unexplored, and words left unspoken. This is where mortality awareness becomes profoundly practical. It’s a call to action, a gentle but insistent nudge to examine our values and align our actions accordingly. Are we pursuing goals that genuinely matter to us, or are we simply conforming to societal expectations? Are we nurturing the relationships that bring us joy and support? Confronting our mortality isn’t about morbid introspection; it’s about clarifying our priorities and living with intentionality, ensuring that when the time comes, we can look back with a sense of fulfillment, not regret.",117,ai_neutral,AI,Mortality Awareness
"Is it a paradox that confronting our eventual non-existence can actually amplify the vibrancy of life? The consistent denial of mortality, prevalent in modern society with its focus on youth and longevity treatments, often leads to a strangely muted existence – a deferral of genuine experience. Truly acknowledging that time is finite isn’t about dwelling on sadness, but about recalibrating priorities. It’s recognizing the preciousness of each moment, not as a cliché, but as a fundamental truth. This awareness fosters a willingness to take calculated risks, to pursue passions without hesitation, and to cultivate deeper, more meaningful connections with others. It’s a shift from accumulating possessions to accumulating experiences, from fearing failure to embracing growth, all fueled by the understanding that this particular chapter won’t last forever.",127,ai_neutral,AI,Mortality Awareness
"The human impulse to create – art, literature, families, legacies – can be understood as a direct response to the looming shadow of mortality. Throughout history, civilizations have erected monuments, written epics, and established traditions, not simply for aesthetic or functional reasons, but as a way to transcend individual lifespan. These acts of creation represent a symbolic defiance of oblivion, a desire to leave an imprint on the world that persists beyond our physical presence. Consider the painstaking detail of medieval cathedrals, or the enduring power of Shakespeare’s plays; these weren’t built or written for immediate gratification, but for generations yet unborn. This drive isn’t necessarily about achieving fame, but about participating in something larger than oneself, contributing to the ongoing narrative of humanity.",124,ai_neutral,AI,Mortality Awareness
"Often, the discomfort surrounding mortality stems not from the idea of ceasing to exist, but from the fear of *how* we will cease to exist – the potential for suffering, loss of control, and the disruption of our carefully constructed lives. Modern medicine, while extending lifespan, has also paradoxically increased this anxiety by medicalizing death, turning it into a ‘failure’ to be avoided at all costs. A more holistic approach involves accepting death as a natural part of the life cycle, focusing on palliative care and ensuring dignity in the final stages. This isn’t about giving up, but about shifting the focus from quantity of life to quality, prioritizing comfort, connection, and meaning over prolonged, potentially agonizing treatment.",118,ai_neutral,AI,Mortality Awareness
"“The awareness of death is what gives life its urgency,” wrote existentialist philosopher Søren Kierkegaard. This isn’t a morbid sentiment, but a call to authentic living. Without the backdrop of finitude, actions lose their weight, choices become trivial, and existence risks becoming a passive drift. Recognizing our mortality forces us to confront the question of what truly matters, stripping away superficial desires and revealing our core values. It’s a catalyst for self-reflection, prompting us to examine our beliefs, our relationships, and our purpose. This isn’t a one-time realization, but an ongoing process of recalibration, a constant reminder to live intentionally and with purpose.",103,ai_neutral,AI,Mortality Awareness
"Imagine a society where discussions about death were as commonplace as conversations about health or finances. Instead of shying away from the topic, we openly acknowledged its inevitability, integrating it into our education systems and community practices. Such a shift could fundamentally alter our relationship with time, encouraging us to prioritize experiences over possessions, connection over competition, and meaning over material success. It could also foster greater empathy and compassion, reminding us of our shared human vulnerability. This isn’t about advocating for a culture of gloom, but about creating a more realistic and ultimately more fulfilling way of life, one grounded in the understanding that every moment is a gift, precisely *because* it is finite.",115,ai_neutral,AI,Mortality Awareness
"Is it a paradox that confronting our eventual non-existence can actually amplify the vibrancy of life? The awareness of mortality isn’t simply a morbid preoccupation, but a powerful catalyst for prioritizing experiences and forging meaningful connections. When we genuinely accept that time is finite, the trivial anxieties that often consume us – the pursuit of superficial status, the relentless accumulation of possessions – begin to lose their grip. Instead, focus shifts towards cultivating genuine relationships, pursuing passions, and contributing to something larger than oneself. This isn’t about living recklessly, but about living *intentionally*, recognizing each moment as a precious, unrepeatable gift. Ultimately, acknowledging our mortality isn’t a descent into despair, but an ascent towards a more authentic and fulfilling existence.",120,ai_neutral,AI,Mortality Awareness
"The human tendency to compartmentalize death – to relegate it to hospitals, news reports, or distant futures – is a remarkably effective coping mechanism, yet also a profound distortion of reality. We build elaborate systems of denial, focusing on health, longevity, and preventative measures, as if sheer willpower can circumvent the inevitable. However, this avoidance doesn’t negate mortality; it merely postpones the confrontation with it. Ironically, this prolonged denial can lead to a life lived on autopilot, devoid of genuine purpose. A healthier approach involves integrating the understanding of impermanence into daily life, not as a source of fear, but as a gentle reminder to appreciate the present moment and to live with greater mindfulness and gratitude.",117,ai_neutral,AI,Mortality Awareness
"“The art of living lies in our refusal to be determined by the limitations of our biology,” wrote philosopher Ernest Becker, a sentiment that highlights the uniquely human struggle with mortality. Unlike other animals, we possess the cognitive capacity to not only *know* we will die, but to contemplate the meaning of that knowledge. This awareness fuels both existential anxiety and a relentless drive to create legacies – through art, family, or contributions to society – as a way to transcend our individual finitude. This isn’t necessarily about achieving immortality, but about leaving a mark on the world, a ripple effect that extends beyond our physical existence. It’s a testament to our inherent desire for significance in the face of oblivion.",121,ai_neutral,AI,Mortality Awareness
"Consider the cultural variations in how mortality is approached. In some societies, death is openly acknowledged and integrated into communal rituals, serving as a natural part of the life cycle. Grief is expressed collectively, and ancestors are venerated as continuing presences. Contrast this with many Western cultures, where death is often medicalized and sanitized, relegated to professional caregivers and shrouded in silence. This difference isn’t merely a matter of custom; it reflects fundamentally different perspectives on the nature of existence. Cultures that embrace mortality tend to foster a greater sense of community and a deeper appreciation for the interconnectedness of life, while those that avoid it may inadvertently cultivate a sense of isolation and existential dread.",116,ai_neutral,AI,Mortality Awareness
"Recent advancements in biotechnology and the pursuit of radical life extension raise complex ethical and philosophical questions about our relationship with mortality. While the desire to alleviate suffering and prolong life is understandable, the prospect of significantly extending the human lifespan challenges our fundamental understanding of what it means to be human. If death is no longer a universal certainty, what becomes of the urgency and meaning that currently shape our lives? Would an extended lifespan lead to greater fulfillment, or simply to a prolonged period of stagnation and regret? The very act of attempting to conquer death may, paradoxically, diminish our appreciation for the preciousness of life itself.",109,ai_neutral,AI,Mortality Awareness
"Is it a paradox that acknowledging our eventual demise can actually enrich life? The consistent denial of mortality, prevalent in modern society, often leads to a frantic pursuit of distractions – possessions, status, fleeting pleasures – all attempts to mask an underlying anxiety. However, confronting the finite nature of existence doesn’t necessitate despair; instead, it can be a powerful catalyst for prioritizing genuine connection, pursuing meaningful work, and appreciating the simple, often overlooked, beauty of the present moment. Recognizing that time is limited isn’t about dwelling on loss, but about recalibrating values and investing energy in what truly matters before the opportunity vanishes. It’s a call to authenticity, urging us to live deliberately, rather than passively drifting through days.",119,ai_neutral,AI,Mortality Awareness
"The human tendency to project ourselves into the future – planning, hoping, fearing – ironically distances us from the only reality we truly have: now. Mortality awareness isn’t simply about understanding we will die; it’s about understanding that *this moment* is all there is guaranteed. Neuroscientifically, this realization can shift focus away from rumination on past regrets or anxieties about future uncertainties, grounding us in sensory experience. This isn’t a call for reckless abandon, but for mindful engagement. It suggests that delaying gratification indefinitely, postponing joy “until…” is a subtle form of self-deprivation. A life lived with the understanding of its limits encourages a more immediate and appreciative relationship with the world around us, fostering a sense of presence often lost in the noise of daily life.",127,ai_neutral,AI,Mortality Awareness
"“The art of living lies less in eliminating the obstacles as in learning to navigate them,” as Seneca observed, and few obstacles are as fundamental as the inevitability of death. But framing mortality solely as an obstacle misses a crucial point: it’s also the defining condition of life, the very thing that gives our experiences weight and meaning. Without an ending, there is no story. Without loss, there is no appreciation. The awareness of our limited time isn’t morbid; it’s the foundation of value. It’s what transforms a simple sunset into a breathtaking spectacle, a shared meal into a cherished memory, a fleeting connection into a profound experience. To truly live is to embrace this paradox, to find beauty *because* of, not in spite of, its impermanence.",127,ai_neutral,AI,Mortality Awareness
"Consider the cultural variations in how death is approached. While Western societies often sanitize and distance themselves from mortality, many cultures integrate it into daily life through rituals, remembrance, and open discussion. This isn’t necessarily about being ‘better’ at dealing with death, but about acknowledging it as a natural part of the life cycle, rather than a taboo subject. This normalization can paradoxically reduce anxiety, fostering a sense of acceptance and continuity. The fear of death often stems from the fear of the unknown, the fear of ceasing to be. Cultures that actively engage with mortality, through ancestor veneration or elaborate funeral practices, offer frameworks for understanding and navigating this transition, providing comfort and meaning in the face of loss.",120,ai_neutral,AI,Mortality Awareness
"Often, the discomfort surrounding mortality isn’t about death itself, but about the perceived lack of control it represents. We strive for agency in our lives, meticulously planning and attempting to shape our destinies. The realization that this control is ultimately illusory can be deeply unsettling. However, accepting this lack of ultimate control isn’t about surrendering to fatalism; it’s about shifting focus to what *is* within our power: our choices, our actions, our relationships. It’s about recognizing that while we can’t prevent the inevitable, we can determine how we live each day, how we treat others, and what legacy we leave behind. This acceptance can be profoundly liberating, freeing us from the burden of trying to control the uncontrollable.",118,ai_neutral,AI,Mortality Awareness
"Is it a paradox that acknowledging our eventual non-existence can actually enrich life? The consistent, low-hum awareness of mortality isn’t about dwelling on death, but recalibrating priorities. It’s a subtle shift in perspective, moving focus from accumulating possessions or chasing fleeting validation to cultivating meaningful experiences and genuine connections. When we truly grasp the finite nature of our time, the urgency to pursue passions, mend fractured relationships, and contribute positively to the world becomes powerfully compelling. This isn’t morbid; it’s profoundly liberating. It allows us to shed the weight of societal expectations and define success on our own terms, recognizing that legacy isn’t about what we *have*, but what we *do* and who we *become* within the limited timeframe allotted.",120,ai_neutral,AI,Mortality Awareness
"The human tendency to compartmentalize – to build elaborate defenses against uncomfortable truths – often extends to our own mortality. We readily acknowledge death as a universal phenomenon, yet struggle to internalize its personal application. This disconnect isn’t necessarily a flaw, but a coping mechanism. However, prolonged avoidance can lead to a life lived on autopilot, a series of unexamined choices driven by habit rather than intention. Confronting mortality, even in small doses, requires a willingness to dismantle these defenses, to sit with the discomfort and acknowledge the fragility of existence. It’s a process of radical acceptance, not resignation, that can unlock a deeper appreciation for the present moment and the beauty inherent in impermanence.",115,ai_neutral,AI,Mortality Awareness
"Consider the way a sunset’s beauty is amplified by the knowledge of its brevity. Similarly, the awareness of mortality doesn’t diminish life’s joys; it intensifies them. Each shared laugh, each moment of quiet contemplation, each act of kindness gains a heightened significance when viewed through the lens of finitude. This isn’t about living with constant anxiety, but cultivating a mindful presence. It’s about savoring the ordinary, recognizing the extraordinary within the mundane, and appreciating the simple gift of being. The ephemeral nature of experience becomes a source of wonder, rather than dread, prompting us to fully inhabit each moment as it unfolds.",102,ai_neutral,AI,Mortality Awareness
"“The fear of death follows from the fear of life. A man who lives fully is prepared to die at any time,” Mark Twain observed, and the core of his statement lies in the proactive embrace of existence. Mortality awareness isn’t passively accepting an inevitable end; it’s actively choosing how to *live* until that end arrives. It’s about identifying values, setting intentions, and pursuing a life aligned with authenticity. It’s a call to courage – the courage to take risks, to embrace vulnerability, and to live without regret. By focusing on creating a life worth remembering, we simultaneously diminish the power of death’s sting and maximize the potential for meaning and fulfillment.",112,ai_neutral,AI,Mortality Awareness
"Often, our culture frames mortality as a failure – something to be postponed, denied, or overcome through medical intervention. But perhaps reframing death as an integral part of the life cycle, rather than its antithesis, is a more constructive approach. Just as seasons change and rivers flow, life inevitably progresses towards its conclusion. Accepting this natural order doesn’t necessitate passivity; it encourages a more holistic perspective. It allows us to focus on growth, learning, and contribution, understanding that our time is limited and therefore precious. This acceptance can foster a sense of peace and equanimity, allowing us to navigate life’s challenges with greater resilience and grace.",106,ai_neutral,AI,Mortality Awareness
"Is it morbid to suggest that acknowledging our eventual demise isn’t a source of dread, but a catalyst for genuine living? The pervasive cultural avoidance of death, often masked by medical advancements and a focus on longevity, ironically diminishes the vibrancy of life itself. When we pretend mortality isn’t a factor, we defer dreams, tolerate unhappiness, and prioritize trivial pursuits. Facing the finite nature of our time compels a ruthless prioritization – what truly matters, what experiences will resonate, and what legacy, however small, will remain? It’s not about dwelling on the negative, but about recognizing the preciousness of each moment, and actively constructing a life aligned with our deepest values, knowing that the clock is, irrevocably, ticking.",118,ai_neutral,AI,Mortality Awareness
"The human tendency to project ourselves into the future – planning careers, relationships, retirement – is a fascinating coping mechanism against the unsettling reality of impermanence. Yet, this constant forward momentum can ironically disconnect us from the present. Mortality awareness isn’t about abandoning future goals, but about grounding them in the ‘now.’ Consider the athlete training for a championship; their dedication isn’t solely focused on the distant victory, but on the discipline of each practice, the feeling of exertion, the incremental improvements. Similarly, a life lived with mortality in mind isn’t a frantic rush *to* something, but a mindful engagement *with* everything, recognizing that each experience holds intrinsic value.",109,ai_neutral,AI,Mortality Awareness
"“The art of living lies in our refusal to be determined by the limits of our fate,” as José Ortega y Gasset observed, and this sentiment rings particularly true when contemplating mortality. It’s easy to fall into a passive acceptance of life’s trajectory, feeling powerless against the inevitable. However, acknowledging our limited time isn’t an invitation to despair, but a call to agency. It’s the understanding that *because* life is finite, our choices carry immense weight. We are, in essence, authors of our own brief narratives, and the responsibility – and the freedom – to shape those narratives rests solely with us. This isn’t about defying death, but about defining life on our own terms.",115,ai_neutral,AI,Mortality Awareness
"Often, the fear of death isn’t about the cessation of existence, but about the fear of *unlived* life. Regret, the gnawing sense of opportunities missed and words left unspoken, is a far more potent source of anxiety than the unknown beyond. Mortality awareness, therefore, functions as a powerful antidote to regret. It prompts us to examine our current path: are we pursuing passions, nurturing relationships, and contributing to something larger than ourselves? If not, the awareness of our limited time serves as a gentle, yet insistent, nudge towards realignment. It’s a preventative measure against a future haunted by “what ifs,” encouraging proactive engagement with the life we have.",108,ai_neutral,AI,Mortality Awareness
"Imagine a garden, meticulously cultivated, knowing it will inevitably succumb to winter. Does the gardener abandon their efforts, resigning themselves to decay? Of course not. They cherish each bloom, prune with intention, and prepare the soil for future growth. Similarly, recognizing our mortality shouldn’t lead to nihilism, but to a heightened appreciation for the beauty and fragility of existence. It’s about embracing the cyclical nature of life, understanding that endings are inherent to beginnings, and finding meaning not in permanence, but in the transient moments of connection, creation, and joy. The garden’s beauty isn’t diminished by its impermanence; it’s *enhanced* by it.",102,ai_neutral,AI,Mortality Awareness
"Is it a paradox that confronting our eventual non-existence can actually enrich life? The awareness of mortality, often avoided in modern society, isn’t necessarily morbid; it’s a powerful catalyst for prioritizing experiences and values. When we genuinely accept that time is finite, the trivial anxieties that often consume us – the pursuit of superficial status, the relentless accumulation of possessions – begin to lose their grip. Instead, focus shifts towards cultivating meaningful relationships, pursuing passions, and contributing to something larger than oneself. This isn’t about living each day *as if* it were your last, but rather about living each day with the understanding that it *will* be, eventually, and therefore deserves intentionality and presence. It’s a recalibration of perspective, not a descent into despair.",124,ai_neutral,AI,Mortality Awareness
"The human tendency to construct elaborate narratives about the future – retirement plans, career trajectories, family legacies – often serves as a defense mechanism against the unsettling reality of impermanence. We build these mental structures to create a sense of control, a feeling that our lives will continue in a predictable, meaningful way. However, this very act of future-orientation can ironically distance us from the present moment, the only reality we truly have. Recognizing mortality isn’t about abandoning goals, but about detaching from the *need* for specific outcomes. It’s about appreciating the process of living, the unfolding of experience, rather than fixating on a distant, hypothetical future that may never arrive as planned.",113,ai_neutral,AI,Mortality Awareness
"“The art of living lies less in eliminating the obstacles as in learning to navigate them,” as Seneca observed, and few obstacles are as fundamental as the inevitability of death. Historically, cultures have approached mortality in vastly different ways, from elaborate funerary rituals designed to appease the gods to philosophical systems aimed at achieving transcendence. Modern Western culture, however, often treats death as a medical failure, something to be postponed indefinitely. This avoidance, while understandable, can lead to a diminished sense of life’s preciousness. Reclaiming a more holistic understanding of mortality – acknowledging it not as an enemy, but as an integral part of the human condition – allows for a deeper appreciation of the present and a more authentic engagement with existence.",123,ai_neutral,AI,Mortality Awareness
"Consider the practical implications of regularly contemplating your own mortality. Beyond the philosophical shifts, it can profoundly impact decision-making. Would you continue to tolerate a draining job? Would you postpone that difficult conversation? Would you finally pursue a long-held dream? Facing the finite nature of time forces a ruthless prioritization. It encourages us to shed commitments that no longer serve us, to invest in relationships that nourish our souls, and to actively create a life aligned with our deepest values. It’s a form of radical self-assessment, prompted not by crisis, but by a clear-eyed recognition of life’s inherent limitations.",99,ai_neutral,AI,Mortality Awareness
"Our brains, remarkably, are wired to largely ignore the concept of our own demise. This isn’t a flaw, but an evolutionary adaptation. Constant preoccupation with death would be paralyzing. Yet, this natural defense mechanism can also lead to a life lived on autopilot, a passive acceptance of circumstances rather than a deliberate creation of meaning. Cultivating mortality awareness isn’t about dwelling on the negative, but about activating a deeper level of consciousness. It’s about recognizing the fragility and beauty of existence, and using that recognition as fuel for a more intentional, compassionate, and fully lived life. It’s a subtle but profound shift in perspective, from fearing the end to embracing the journey.",112,ai_neutral,AI,Mortality Awareness
"What if the self wasn’t a discovery, but a carefully constructed narrative? Identity formation, increasingly understood through a neurological lens, isn’t simply about uncovering a pre-existing ‘true self’ but actively building one through experience and social interaction. Brain plasticity allows for constant rewiring, meaning our perceptions, beliefs, and even emotional responses are shaped by the environments we inhabit and the relationships we cultivate. This isn’t to suggest identity is arbitrary; genetic predispositions and early childhood experiences lay foundational pathways. However, the ongoing process of self-definition involves selecting, prioritizing, and integrating these elements into a coherent, albeit evolving, story. The stories we tell ourselves – and those others tell *about* us – become the building blocks of who we believe ourselves to be.",122,ai_neutral,AI,Identity Formation
"The teenage years are often portrayed as a chaotic search for identity, but perhaps a more accurate description is a period of intense experimentation with potential selves. Unlike earlier stages of development where identity is largely absorbed from parental figures, adolescence provides the space – and often the pressure – to actively try on different roles. This can manifest in shifting friend groups, evolving musical tastes, or adopting distinct styles of dress. Crucially, these aren’t superficial changes; they represent attempts to answer fundamental questions about values, beliefs, and future aspirations. Failure isn’t inherent in this process; in fact, discarding identities that don’t ‘fit’ is as vital as embracing those that resonate, ultimately leading to a more authentic and self-directed path.",120,ai_neutral,AI,Identity Formation
"“Who am I?” is a question that echoes across cultures, yet the answers are profoundly shaped by the collective. Identity formation isn’t solely an individual endeavor; it’s deeply intertwined with group affiliation and societal expectations. From national identity to religious beliefs, to the subtle cues of gender roles, we internalize norms and values that influence our self-perception. This isn’t necessarily oppressive; belonging provides a sense of security and shared meaning. However, the tension arises when individual desires clash with collective demands. Navigating this interplay – deciding which aspects of a group identity to embrace and which to challenge – is a central component of mature identity development, often requiring courage and a willingness to risk social disapproval.",117,ai_neutral,AI,Identity Formation
"Consider the impact of digital spaces on the modern self. Previously, identity was largely performed within relatively stable, geographically-defined communities. Now, individuals curate multiple online personas, presenting different facets of themselves to different audiences. This constant self-presentation, while offering opportunities for self-expression and connection, also introduces a unique set of challenges. The pressure to maintain a consistent and appealing online image can lead to performativity and a disconnect from authentic experience. Furthermore, the algorithmic curation of content reinforces existing beliefs, potentially limiting exposure to diverse perspectives and hindering the development of a nuanced self-understanding. The digital self, therefore, is both an extension and a distortion of traditional identity formation.",109,ai_neutral,AI,Identity Formation
"Often overlooked in discussions of identity is the role of trauma. While positive experiences contribute to a cohesive sense of self, adverse events can fracture that coherence, leaving individuals grappling with feelings of fragmentation and instability. The process of rebuilding identity after trauma isn’t about ‘returning’ to a pre-existing state, but about integrating the traumatic experience into a revised narrative. This requires acknowledging the pain, processing the emotions, and redefining one’s relationship to the world. It’s a complex and often lengthy process, frequently requiring therapeutic support. However, it can also be a catalyst for profound growth, leading to a stronger, more resilient, and ultimately more authentic sense of self, forged in the crucible of adversity.",115,ai_neutral,AI,Identity Formation
"What if the self wasn’t a discovery, but a carefully constructed narrative? Identity formation isn’t a passive unveiling of a pre-existing core, but an active process of storytelling, constantly revised and re-edited based on experience and social feedback. We gather fragments – inherited traits, childhood memories, cultural influences, and the opinions of others – and weave them into a coherent, if often fragile, personal myth. This narrative serves not just to define *who we are*, but to predict and navigate the social world. The stories we tell ourselves, and the stories others tell *about* us, become self-fulfilling prophecies, shaping our behaviors and limiting or expanding our possibilities. Ultimately, identity is less about truth and more about functional coherence – a believable story that allows us to operate effectively within our chosen communities.",132,ai_neutral,AI,Identity Formation
"The teenage years are frequently portrayed as a period of tumultuous self-discovery, yet this framing often overlooks the crucial role of *dis-identification*. Forming a strong sense of self isn’t solely about figuring out what we *like* or *believe*; it’s equally important to actively reject certain possibilities, to consciously distance ourselves from groups, values, or lifestyles. This process of negation – “I am *not* that,” “I don’t want to be like them” – is fundamental to carving out a unique identity. It’s a form of boundary setting, defining the edges of the self against a backdrop of societal expectations and peer pressure. Without this critical rejection, identity risks becoming a mere absorption of external influences, a pale imitation rather than an authentic expression.",122,ai_neutral,AI,Identity Formation
"“We are shaped by our attachments,” John Bowlby observed, and this holds particularly true for the development of identity. Early relationships, especially with primary caregivers, provide the foundational templates for how we understand ourselves in relation to others. These initial bonds aren’t simply about emotional security; they establish patterns of interaction, expectations about reciprocity, and internal working models of self-worth. A secure attachment fosters a sense of inherent value and allows for exploration and autonomy, contributing to a robust and flexible identity. Conversely, insecure attachments – stemming from neglect, abuse, or inconsistent care – can lead to internalized feelings of inadequacy, anxiety, and a fragile sense of self, often characterized by a desperate need for external validation.",117,ai_neutral,AI,Identity Formation
"Consider the impact of digital spaces on contemporary identity formation. Unlike previous generations, today’s youth navigate a complex landscape where the self is often curated and performed for an audience. Social media platforms encourage a constant process of self-presentation, where individuals selectively highlight aspects of their lives and construct idealized versions of themselves. This isn’t necessarily inauthentic; rather, it reflects a shift in how identity is negotiated. The self becomes less a fixed entity and more a fluid performance, adaptable to different contexts and audiences. While this can offer opportunities for experimentation and self-expression, it also raises concerns about the pressure to conform to online trends, the erosion of privacy, and the potential for identity fragmentation.",116,ai_neutral,AI,Identity Formation
"Identity isn’t a solitary project; it’s deeply intertwined with collective belonging. While individual experiences shape our personal narratives, our sense of self is also profoundly influenced by the groups we identify with – our families, communities, cultures, and even subcultures. These affiliations provide us with shared values, beliefs, and practices, offering a sense of meaning and purpose. However, this connection to collective identity can also be a source of conflict, particularly when different groups hold competing values or when individuals feel torn between multiple allegiances. Navigating these tensions – balancing the need for individual expression with the desire for social connection – is a central challenge of identity formation throughout life.",111,ai_neutral,AI,Identity Formation
"What if the self wasn’t a discovery, but a carefully constructed narrative? Identity formation isn’t a passive unveiling of a pre-existing core, but an active process of storytelling, constantly revised and re-edited based on experience and social feedback. We begin with a biological blueprint, certainly, and early attachments lay foundational patterns, yet the ‘who we are’ emerges from the stories we tell ourselves *about* those things. These narratives aren’t solely individual; they’re deeply interwoven with cultural scripts, familial expectations, and the perceived demands of our communities. The tension between authentic feeling and performative identity is central – are we truly expressing ourselves, or simply enacting roles we believe are expected? This ongoing negotiation shapes not just our self-perception, but also our interactions and ultimately, our place in the world.",129,ai_neutral,AI,Identity Formation
"The scent of old books and the chipped Formica of the diner booth – seemingly insignificant details can act as powerful anchors in the turbulent sea of identity formation. These sensory experiences, often tied to formative relationships or pivotal moments, become embedded in our neural pathways, subtly influencing our preferences, values, and even our emotional responses. It’s not simply *what* happened, but *how* it felt, and the specific environmental cues associated with those feelings, that contribute to a sense of self. This explains why a particular song can instantly transport us back to adolescence, or why a certain landscape evokes a profound sense of belonging. These aren’t merely nostalgic triggers; they are fragments of the self, reconstructed through embodied memory.",120,ai_neutral,AI,Identity Formation
"“Who am I?” is a question often posed in adolescence, but the truth is, identity formation is a lifelong project, continually challenged and reshaped by life transitions. Consider the impact of career changes, relocation, or even significant shifts in personal relationships. Each new context demands a recalibration of self-perception, forcing us to re-evaluate our values, skills, and aspirations. This isn’t necessarily a crisis of identity, but rather an opportunity for growth and adaptation. The capacity to embrace ambiguity and navigate these shifts with resilience is crucial. A rigid adherence to a fixed self-image can lead to stagnation and dissatisfaction, while a fluid and adaptable sense of self allows for continuous learning and evolution.",113,ai_neutral,AI,Identity Formation
"Imagine a kaleidoscope, constantly turning, its fragments rearranging into new and unexpected patterns. This is a useful metaphor for understanding the multifaceted nature of identity formation. We aren’t singular entities, but rather collections of roles, beliefs, and experiences, each contributing to a complex and dynamic whole. These fragments – our gender, ethnicity, profession, hobbies, relationships – aren’t always harmonious; they can sometimes conflict or create internal tension. The process of integrating these diverse elements into a cohesive, yet flexible, sense of self is a central task of psychological development. Recognizing the inherent multiplicity within ourselves allows for greater self-acceptance and a more nuanced understanding of our own motivations and behaviors.",110,ai_neutral,AI,Identity Formation
"Frequently, the search for identity is framed as an individual endeavor, yet it’s fundamentally a social process. We define ourselves *in relation to* others, through comparison, contrast, and the desire for belonging. The groups we affiliate with – whether based on shared interests, values, or backgrounds – provide a framework for self-understanding and a sense of collective identity. However, this process isn’t always positive. The pressure to conform, the fear of exclusion, and the internalization of societal biases can all distort our self-perception. True identity formation requires a critical awareness of these social forces, and the courage to define ourselves on our own terms, rather than simply adopting the identities offered to us.",113,ai_neutral,AI,Identity Formation
"What if the self wasn’t a discovery, but a carefully constructed narrative? Identity formation isn’t a passive unveiling of a pre-existing core, but an active process of storytelling, constantly revised and re-edited based on experience and social feedback. We begin with a biological blueprint, certainly, but the details – the values, beliefs, aspirations – are largely improvised. This isn’t to suggest inauthenticity; rather, it highlights the inherent fluidity of self. The stories we tell ourselves, and the stories others tell *about* us, coalesce into a working identity, one that’s perpetually under construction. Crucially, this narrative isn’t solely individual. It’s deeply interwoven with cultural scripts, familial expectations, and the desire for belonging, all contributing to the complex tapestry of who we believe ourselves to be.",124,ai_neutral,AI,Identity Formation
"The teenage years are often portrayed as a chaotic search for identity, but perhaps a more accurate description is a period of intense experimentation with boundaries. Identity formation, during adolescence, isn’t about *finding* yourself, but about testing the limits of possible selves. This involves deliberately adopting and discarding personas – the goth phase, the athlete, the academic – not because these are genuine expressions, but because they serve as crucial data points. Each attempted identity provides information: what feels comfortable, what elicits positive or negative reactions, and what aligns with emerging values. This process, though often fraught with anxiety and social awkwardness, is fundamentally healthy. It’s a necessary calibration, a refining of self-perception through trial and error, ultimately leading to a more nuanced and resilient sense of self.",128,ai_neutral,AI,Identity Formation
"“Who am I?” is a question often posed in isolation, yet the answer is invariably relational. Identity formation isn’t solely an internal journey; it’s profoundly shaped by our interactions with others. Mirror neurons fire, allowing us to internalize the emotions and behaviors of those around us, particularly significant figures like parents, peers, and mentors. We learn who we are, in part, by observing how others perceive us, and by striving to meet – or reject – their expectations. This doesn’t imply a lack of agency, but rather acknowledges the inescapable social context of self-creation. Even acts of rebellion are defined in relation to existing norms, demonstrating the inherent interconnectedness of individual identity and collective culture.",115,ai_neutral,AI,Identity Formation
"Consider the immigrant experience: a stark illustration of the challenges and possibilities inherent in identity formation. When transplanted to a new culture, individuals are forced to negotiate between their heritage and their adopted home. This isn’t simply a matter of assimilation; it’s a complex process of bricolage, where elements of both cultures are selectively incorporated and reinterpreted. A new identity emerges, often hybrid and multifaceted, reflecting a unique blend of past and present. This process can be deeply unsettling, requiring a constant re-evaluation of values, beliefs, and behaviors. However, it also fosters resilience, adaptability, and a heightened awareness of the constructed nature of identity itself.",105,ai_neutral,AI,Identity Formation
"Beyond conscious choices and social influences, unconscious processes play a significant role in identity formation. Early childhood experiences, particularly attachment patterns, lay the groundwork for our core beliefs about ourselves and the world. These deeply ingrained schemas, often operating below the level of awareness, shape our emotional responses, relationship styles, and self-perception. While not deterministic, these early imprints create a gravitational pull, influencing the direction of our self-exploration. Therapy, for example, often aims to bring these unconscious patterns to light, allowing individuals to challenge limiting beliefs and cultivate a more authentic and integrated sense of self. Recognizing this unconscious dimension adds a layer of complexity to the understanding of how we become who we are.",115,ai_neutral,AI,Identity Formation
"What if the self wasn’t a discovery, but a carefully constructed narrative? Identity formation, increasingly understood through a neuroscientific lens, isn’t simply about uncovering a pre-existing ‘true self’ but actively building one through repeated experiences and the stories we tell ourselves about those experiences. The brain, remarkably plastic, strengthens neural pathways associated with consistent self-perception. This means the roles we inhabit – student, friend, artist – aren’t just things we *do*, they become woven into the very fabric of who we believe ourselves to be. Social feedback loops further solidify this process; how others perceive us influences our internal narrative, creating a dynamic interplay between internal conviction and external validation. Ultimately, identity isn’t fixed, but a continually evolving project of self-authorship.",121,ai_neutral,AI,Identity Formation
"The relentless churn of social media presents a particularly acute challenge to authentic identity formation. Where previous generations navigated identity largely within localized communities, today’s youth are exposed to a globalized, curated stream of potential selves. This constant comparison fosters a performative aspect to identity, encouraging individuals to present idealized versions of themselves rather than explore genuine vulnerabilities. The pursuit of ‘likes’ and validation can become a substitute for internal self-assessment, leading to a fragmented sense of self dependent on external approval. While offering opportunities for connection and exploration, these platforms simultaneously demand a constant branding exercise, potentially hindering the development of a stable, internally-grounded identity.",106,ai_neutral,AI,Identity Formation
"Philosophically speaking, the question of identity formation often circles back to the enduring debate between nature and nurture. However, a more nuanced perspective acknowledges the interplay of both with a crucial third element: chance. Genetic predispositions and early childhood experiences undoubtedly shape our initial tendencies, but unforeseen events – a chance encounter, a sudden loss, a pivotal decision – can dramatically alter the trajectory of self-discovery. These moments of disruption force a re-evaluation of existing beliefs and values, prompting a renegotiation of one’s place in the world. Identity, therefore, isn’t a predetermined outcome, but a complex improvisation shaped by inherent qualities, environmental influences, and the unpredictable nature of life itself.",110,ai_neutral,AI,Identity Formation
"“Who am I?” is a question often posed during adolescence, but the truth is, identity formation isn’t confined to the teenage years. Consider the experience of immigration. Leaving behind a familiar culture, language, and social network necessitates a fundamental re-evaluation of self. Individuals must navigate the complexities of assimilation, often grappling with conflicting loyalties and the challenge of integrating old and new identities. This process isn’t simply about adopting new customs; it’s about reconstructing a sense of belonging and purpose in a radically altered context. The immigrant experience vividly demonstrates that identity is not a static entity, but a fluid and adaptable construct capable of being reshaped throughout the lifespan.",110,ai_neutral,AI,Identity Formation
"From a practical standpoint, fostering healthy identity formation requires cultivating self-awareness and critical thinking skills. Encouraging exploration of diverse interests, values, and perspectives – without pressure to conform to pre-defined categories – is paramount. This involves creating safe spaces for experimentation, where individuals can try on different roles and express themselves authentically without fear of judgment. Equally important is the development of emotional intelligence, enabling individuals to understand and navigate their own feelings and the feelings of others. Ultimately, a strong sense of identity isn’t about *finding* oneself, but about actively *creating* a self that is both meaningful and resilient.",100,ai_neutral,AI,Identity Formation
"What if the self wasn’t a discovery, but a carefully constructed narrative? Identity formation, increasingly understood through a neurological lens, isn’t simply about uncovering a pre-existing ‘true self’ but actively building one through experience and social interaction. Brain plasticity allows for constant rewiring, meaning our perceptions, beliefs, and even emotional responses are shaped by the environments we inhabit and the relationships we cultivate. This isn’t to suggest identity is flimsy or inauthentic; rather, it highlights its dynamic nature. The stories we tell ourselves – about our past, present, and future – become the scaffolding upon which a coherent sense of self is built, reinforced by feedback from others and internal consistency. Recognizing this constructive process empowers us to consciously shape the narratives that define us.",125,ai_neutral,AI,Identity Formation
"The teenage years are often portrayed as a chaotic search for identity, but perhaps a more accurate description is a period of intense experimentation with potential selves. Unlike earlier childhood, where identity is largely bestowed by parents and caregivers, adolescence marks a shift towards self-authorship. This isn’t a solitary endeavor, however. Peer groups become crucial testing grounds, offering opportunities to try on different roles, values, and behaviors. Social media further complicates this process, presenting curated versions of identity and fostering comparison. Successful identity formation during this stage doesn’t necessarily mean finding a single, definitive answer, but rather developing the capacity to navigate multiple contexts and integrate diverse aspects of the self into a cohesive, albeit evolving, whole.",117,ai_neutral,AI,Identity Formation
"“Who am I?” is a question that echoes across cultures and generations, yet the answers are rarely universal. Identity formation is profoundly influenced by cultural context, with collectivist societies often prioritizing group harmony and shared identity over individual expression. In contrast, individualistic cultures tend to emphasize personal autonomy and self-reliance. These differing values shape the very *way* individuals approach the process of self-discovery. Furthermore, factors like socioeconomic status, race, and gender intersect to create unique challenges and opportunities. Understanding these broader societal forces is crucial for appreciating the diversity of human experience and avoiding the trap of assuming a singular, monolithic path to selfhood.",104,ai_neutral,AI,Identity Formation
"Consider the refugee experience: forced displacement doesn’t just disrupt lives, it fundamentally challenges identity. The familiar markers of self – language, community, traditions – are often stripped away, leaving individuals to reconstruct their sense of belonging in a new and often hostile environment. This process isn’t simply about adapting to a new culture; it’s about negotiating a complex interplay between past and present, loss and hope. Identity formation in such circumstances becomes an act of resilience, a testament to the human capacity to find meaning and purpose even in the face of profound trauma. It highlights that identity isn’t fixed, but can be actively rebuilt and reimagined.",107,ai_neutral,AI,Identity Formation
"From a developmental perspective, identity formation isn’t a task completed in adolescence, but a lifelong process of revision and refinement. While Erik Erikson famously posited identity versus role confusion as the central crisis of youth, subsequent research suggests that identity continues to evolve throughout adulthood, particularly during periods of significant life transition – marriage, parenthood, career changes, or even major illness. These experiences force us to re-evaluate our values, priorities, and beliefs, leading to a re-negotiation of the self. This ongoing process isn’t a sign of instability, but rather a demonstration of psychological health and adaptability, allowing us to remain authentic and engaged with a changing world.",107,ai_neutral,AI,Identity Formation
"What if the self wasn’t a discovery, but a carefully constructed narrative? Identity formation, often framed as uncovering a pre-existing ‘true self,’ is increasingly understood as a dynamic process of storytelling. We assemble fragments – experiences, relationships, cultural influences, even imagined futures – and weave them into a coherent, if often provisional, account of who we are. This isn’t deception, but a fundamental human need for meaning. The stories we tell ourselves, and those others tell *about* us, shape our perceptions and behaviors, solidifying certain aspects of identity while leaving others fluid. Crucially, this narrative is constantly revised, responding to new information and shifting contexts, meaning ‘authenticity’ isn’t a fixed state, but a continuous act of re-authoring.",117,ai_neutral,AI,Identity Formation
"The teenage years are frequently depicted as a chaotic search for identity, but perhaps ‘search’ is the wrong metaphor. Instead, consider identity formation during adolescence as a period of intense experimentation with *boundaries*. It’s not simply about figuring out *who* you are, but defining *where* you end and others begin. This involves testing limits – challenging parental expectations, exploring different social groups, adopting and discarding styles and beliefs – not necessarily to find a perfect fit, but to establish a sense of psychological space. This boundary work is often messy and fraught with conflict, but it’s essential for developing a stable and autonomous sense of self, capable of navigating complex social landscapes.",112,ai_neutral,AI,Identity Formation
"“Who are you?” is a deceptively simple question, particularly when considering the impact of societal structures on identity. While individual agency plays a role, identity formation is profoundly shaped by systemic forces like race, class, gender, and ability. These categories aren’t merely descriptive; they carry pre-existing narratives, expectations, and limitations that influence how individuals perceive themselves and are perceived by others. To ignore these structural influences is to present an incomplete, and potentially harmful, understanding of the process. True self-discovery, therefore, requires not only introspection but also a critical awareness of the social context in which identity is forged.",99,ai_neutral,AI,Identity Formation
"Observe a child engaging in imaginative play, and you’re witnessing identity formation in its earliest stages. Before a solidified sense of ‘self’ exists, children experiment with roles, voices, and perspectives, temporarily inhabiting different identities. This isn’t simply escapism; it’s a crucial cognitive process. By trying on these different personas, children develop empathy, learn about social dynamics, and begin to understand the concept of ‘otherness.’ These early explorations lay the groundwork for more complex identity development later in life, demonstrating that the self isn’t born fully formed, but emerges through interaction and imaginative projection.",93,ai_neutral,AI,Identity Formation
"Contrary to popular belief, identity formation isn’t limited to youth. While adolescence is a critical period, the process continues throughout adulthood, often triggered by significant life transitions – career changes, relationship endings, geographical moves, or even profound personal losses. These disruptions force a re-evaluation of existing self-narratives, prompting individuals to question their values, beliefs, and goals. This can be unsettling, even painful, but it also presents an opportunity for growth and transformation. Late-life identity formation, in particular, often involves reconciling past experiences with present realities and constructing a meaningful narrative for the remaining years.",94,ai_neutral,AI,Identity Formation
"What if the self wasn’t a discovery, but a carefully constructed narrative? Identity formation isn’t a passive unveiling of a pre-existing core, but an active process of storytelling, constantly revised and re-edited based on experience and social feedback. We begin with a biological blueprint, certainly, and early attachments lay foundational patterns, yet the ‘who we are’ emerges from the stories we tell ourselves *about* those things. These narratives aren’t solely individual; they’re deeply interwoven with cultural scripts, familial expectations, and the perceived demands of our communities. The tension between authentic feeling and performative identity is central – are we truly expressing ourselves, or simply enacting roles we believe are expected? This ongoing negotiation shapes not just how we see ourselves, but how we are seen by others, solidifying the narrative loop.",131,ai_neutral,AI,Identity Formation
"The scent of old books and the chipped Formica of the diner booth – seemingly insignificant details can act as powerful anchors in the turbulent sea of identity formation. These sensory experiences, often tied to formative relationships or pivotal moments, become embedded in our neurological pathways, subtly influencing our preferences, values, and even our sense of self. It’s not merely *what* happened, but *how* it felt, and the specific environmental cues associated with those feelings. This explains why a particular song can instantly transport us back to adolescence, or why a certain landscape evokes a profound sense of belonging. These aren’t simply nostalgic triggers; they’re fragments of the self, reconstructed through embodied memory, demonstrating how deeply our identities are rooted in the physical world.",124,ai_neutral,AI,Identity Formation
"“Who am I?” is a question often posed in isolation, yet the answer is invariably relational. Identity formation isn’t a solitary endeavor; it’s fundamentally shaped by our interactions with others. Mirroring, validation, and even conflict all contribute to the development of self-awareness. We learn who we are, in part, by observing how others react to us, internalizing their perceptions – both positive and negative. This process is particularly crucial during adolescence, where peer groups exert a powerful influence. However, it continues throughout life, as we navigate new relationships and social contexts. The desire for belonging, for recognition, drives us to adapt and refine our self-presentation, constantly negotiating the boundaries between individuality and social acceptance.",114,ai_neutral,AI,Identity Formation
"Consider the blank canvas: a potent metaphor for the nascent self. Unlike a pre-printed image, identity isn’t delivered fully formed. Instead, it’s built up layer by layer, through conscious choices and unconscious absorptions. Early experiences provide the initial washes of color, broad strokes defining temperament and basic beliefs. As we mature, we add more detail, experimenting with different techniques – adopting new values, exploring different interests, challenging existing assumptions. Crucially, the canvas isn’t limitless. Societal structures, economic constraints, and inherited privileges all impose boundaries, influencing the available palette and the permissible forms of expression. The finished artwork, therefore, is a complex interplay of agency and constraint, a unique representation of a life lived within specific conditions.",116,ai_neutral,AI,Identity Formation
"Frequently, the search for identity feels less like building and more like excavation. We sift through layers of expectation – parental ambitions, cultural norms, societal pressures – to uncover what feels genuinely *ours*. This process often involves a degree of deconstruction, dismantling beliefs and behaviors that no longer serve us. It’s uncomfortable work, requiring vulnerability and a willingness to confront inconsistencies. The ‘true self’ isn’t necessarily hidden deep within, waiting to be discovered, but rather emerges through this active process of questioning and refinement. It’s a continuous cycle of shedding and rebuilding, a recognition that identity isn’t a fixed destination, but an ongoing journey of self-discovery and self-creation.",108,ai_neutral,AI,Identity Formation
"What if the self wasn’t a discovery, but a carefully constructed narrative? Identity formation isn’t a passive unveiling of a pre-existing core, but an active process of storytelling, constantly revised and re-edited based on experience and social feedback. We begin with a biological blueprint, certainly, and early attachments lay foundational patterns, but the ‘who we are’ emerges from the stories we tell ourselves *about* those things. These narratives aren’t solely individual; they’re deeply interwoven with cultural scripts, familial expectations, and the perceived demands of our communities. Consequently, identity becomes fluid, a performance adapted to different contexts, and perpetually under construction, less a fixed point than a trajectory. The search for authenticity, then, isn’t about finding a ‘true’ self, but about consciously authoring a coherent and meaningful story.",127,ai_neutral,AI,Identity Formation
"The teenage years are often portrayed as a chaotic storm of self-discovery, and for good reason. This period isn’t simply about hormonal shifts and angst; it’s a crucial phase of *deconstruction*. Previously accepted beliefs, values instilled by parents, and externally imposed expectations are systematically questioned, often rejected, as adolescents attempt to forge an independent sense of self. This dismantling process, while frequently painful, is essential. It creates the necessary space for experimentation – trying on different roles, exploring diverse interests, and ultimately, integrating chosen elements into a newly defined identity. Crucially, this isn’t a solitary endeavor. Peer groups become vital testing grounds, offering both validation and critique, shaping the boundaries of acceptable self-expression.",113,ai_neutral,AI,Identity Formation
"“We are shaped by our attachments,” John Bowlby famously asserted, and this holds profound implications for identity formation. The quality of early relationships – the security, consistency, and emotional responsiveness experienced with primary caregivers – establishes internal working models that profoundly influence how we perceive ourselves and others. Secure attachment fosters a sense of self-worth and trust, enabling individuals to explore the world with confidence and form healthy relationships. Conversely, insecure attachment patterns, stemming from inconsistent or neglectful caregiving, can lead to self-doubt, anxiety, and difficulty establishing intimacy. These early relational experiences aren’t deterministic, but they create powerful predispositions that shape the lens through which we interpret subsequent interactions and construct our self-narrative.",113,ai_neutral,AI,Identity Formation
"Consider the impact of social media on the modern experience of identity. Platforms designed for curated self-presentation offer unprecedented opportunities for self-expression, but simultaneously introduce a complex layer of performativity. Individuals are encouraged to construct idealized versions of themselves, seeking validation through likes and followers. This constant feedback loop can lead to a disconnect between the ‘real’ self and the ‘presented’ self, fostering anxiety and a sense of inauthenticity. While social media can facilitate connection and community, it also risks reducing identity to a series of carefully crafted images and status updates, prioritizing external approval over internal coherence. The challenge lies in navigating these platforms consciously, recognizing their potential pitfalls, and resisting the pressure to conform to unrealistic standards.",119,ai_neutral,AI,Identity Formation
"Identity isn’t solely an internal, psychological process; it’s fundamentally intertwined with power dynamics and social categorization. From a sociological perspective, identity formation is heavily influenced by factors like race, gender, class, and sexual orientation. These categories aren’t simply descriptive labels; they carry with them historical baggage, societal expectations, and systemic inequalities. Individuals navigate these pre-existing structures, negotiating their place within them while simultaneously challenging or subverting them. This process often involves grappling with issues of marginalization, discrimination, and the struggle for recognition. Consequently, identity becomes a site of both personal meaning-making and political resistance, a way of asserting agency in the face of social constraints.",105,ai_neutral,AI,Identity Formation
"What if the self wasn’t a discovery, but a carefully constructed narrative? Identity formation, increasingly understood through a neuroscientific lens, isn’t simply about uncovering a pre-existing ‘true self’ but actively building one through repeated experiences and the stories we tell ourselves about those experiences. The brain, remarkably plastic, strengthens neural pathways associated with consistent self-perception, effectively solidifying chosen identities. This process is profoundly social; we internalize feedback from others, shaping our self-concept based on perceived expectations and validations. Consequently, identity becomes a dynamic interplay between internal neurological processes and external social forces, a continuous project of self-authoring rather than a fixed destination. The implications are empowering – we possess a greater capacity for intentional self-creation than previously imagined.",118,ai_neutral,AI,Identity Formation
"The relentless churn of contemporary media presents a unique challenge to identity formation, particularly for adolescents. Unlike previous generations who navigated a more limited landscape of role models and cultural influences, today’s youth are bombarded with curated online personas, often representing unattainable ideals. This constant exposure fosters a sense of ‘identity shopping,’ where individuals experiment with different presentations of self across various platforms, seeking validation through likes and followers. However, this performative aspect can hinder the development of a cohesive, internally-grounded identity. The pressure to conform to trending aesthetics or adopt popular viewpoints can overshadow genuine self-exploration, leading to a fragmented sense of self and increased vulnerability to social comparison.",110,ai_neutral,AI,Identity Formation
"Philosophically speaking, the question of identity formation often circles back to the enduring debate between nature and nurture. While genetic predispositions undoubtedly influence temperament and certain cognitive abilities, the environment – encompassing family, culture, and personal experiences – plays a crucial role in shaping the individual. Existentialist thought emphasizes radical freedom; we are ‘condemned to be free,’ meaning we are entirely responsible for creating our own meaning and, by extension, our own identities. This isn’t to dismiss the impact of external factors, but rather to highlight the agency we possess in interpreting and responding to them. Ultimately, identity isn’t simply *given* to us; it’s a continuous process of self-definition enacted through choices and actions.",114,ai_neutral,AI,Identity Formation
"Consider the immigrant experience: a powerful illustration of identity formation under duress. Leaving behind a familiar cultural context forces individuals to renegotiate their sense of self, often navigating conflicting loyalties and expectations. The initial phase frequently involves a conscious effort to assimilate, adopting the norms and values of the new society. However, this process isn’t always seamless. Maintaining connections to one’s heritage, preserving language and traditions, becomes a vital component of identity preservation. The resulting identity is often hybrid, a complex blend of old and new, creating a unique perspective shaped by both belonging and displacement. This demonstrates that identity isn’t a monolithic entity, but a fluid construct capable of adapting to changing circumstances.",114,ai_neutral,AI,Identity Formation
"“Who am I?” is a question rarely asked aloud, yet it underpins much of our behavior. From a practical standpoint, understanding identity formation can be incredibly valuable in therapeutic settings. Individuals struggling with anxiety, depression, or trauma often grapple with a fractured or unstable sense of self. Therapeutic interventions, such as narrative therapy, focus on helping clients reconstruct their life stories, identifying core values and strengths, and challenging limiting beliefs. By actively reframing past experiences and envisioning a desired future self, individuals can begin to build a more coherent and resilient identity. This process isn’t about erasing the past, but about integrating it into a meaningful narrative that empowers agency and fosters self-acceptance.",113,ai_neutral,AI,Identity Formation
