text,word_count,class,author,topic
"It is a truth universally acknowledged, that a single man in possession of a good fortune must be the object of every young lady’s regard; yet, to dwell solely upon the lady’s ambition is to misunderstand the more subtle workings of the establishment. For it is not merely the prospect of advantageous marriage that defines the boundaries of class, but the ingrained habits of mind, the delicate nuances of speech, and the unquestioned assumptions regarding one’s place within the social order. A family newly elevated, though possessing wealth sufficient to purchase an estate, will invariably betray its origins in a thousand small particulars – a vulgar display of finery, an eagerness to associate with those of established rank, a lamentable lack of quietude and self-possession. These are deficiencies which no sum of money can readily rectify, and which serve as a constant, if unspoken, reminder of the true arbiters of society.",151,ai_mimicked,Austen,Social Class
"Mrs. Featherstonehaugh, a woman whose consequence resided entirely in the size of her husband’s income, was particularly exercised by the arrival of the Misses Ainsworth. “They claim a connection, you see,” she confided to Lady Beatrice, her voice a carefully modulated whisper, “to a family once *respectable*, though fallen upon hard times. Respectable, mind you, but decidedly… diminished.” It was not the poverty itself that offended Mrs. Featherstonehaugh, for she possessed a charitable streak, albeit one tempered by a keen awareness of social propriety. Rather, it was the *attempt* at gentility, the striving to appear what circumstances had demonstrably proven they were not. Such pretension, she declared, was infinitely more offensive than honest obscurity, and a clear indication of a character lacking in both sensibility and good judgement.",128,ai_mimicked,Austen,Social Class
"One cannot but observe, with a degree of melancholy reflection, how readily the accidents of birth dictate the course of a life. To be born into a family of modest means is not, in itself, a tragedy; indeed, industry and prudence may often secure a comfortable existence. However, the limitations imposed by such a circumstance extend far beyond the merely material. The opportunities for education, for refined society, for the cultivation of talents – these are privileges largely reserved for those born into the higher ranks. And though one might argue that merit should be the sole measure of worth, it is a lamentable truth that merit, however brilliant, is frequently overlooked in favour of lineage and connection. The consequence is a stifling of potential, a waste of human capability, and a perpetuation of inequality that casts a shadow upon the entire nation.",143,ai_mimicked,Austen,Social Class
"The late Mr. Harrington, a man of undeniably shrewd business acumen, had amassed a considerable fortune in the colonies. Upon his return to England, however, he found himself and his family perpetually on the periphery of polite society. His wealth was acknowledged, even courted, but never truly accepted. His daughters, though possessed of accomplishments and amiable dispositions, were viewed with a certain… reservation. It was not that they lacked the outward graces of gentility, but rather that they lacked the *air* of it – a subtle quality born of generations spent within the established order. Their manners, though perfectly correct, lacked a certain ease and naturalness, betraying a consciousness of their own position. One could not help but feel a degree of sympathy for these young ladies, caught between two worlds and belonging fully to neither.",136,ai_mimicked,Austen,Social Class
"Consider the village of Highwood, a microcosm of the larger societal structure. There, one observes a clear delineation not merely between the gentry and the tradesmen, but within each group itself. Amongst the farmers, for instance, the owner of Parkfield Farm holds a position of considerable influence, not solely due to the extent of his land, but to the length of his family’s tenure. His opinions are sought, his judgements respected, and his hospitality eagerly accepted. Old Man Hemmings, who purchased his farm only a decade ago, though equally prosperous, remains, despite his best efforts, an outsider. It is a curious phenomenon, this attachment to antiquity, this reverence for established lineage. One might almost suspect that the land itself remembers its former masters, and refuses to yield its full favour to the newcomer.",133,ai_mimicked,Austen,Social Class
"It is a truth universally acknowledged, that a single man in possession of a good fortune must be the object of every young lady’s affections—a sentiment, however, which conveniently overlooks the inconvenient reality of established ranks. For whilst fortune may procure comfort, and even a degree of consequence in society, it cannot, alas, purchase genuine acceptance within the higher circles. Miss Elmsworth, though possessed of a most eligible income inherited from a recently deceased uncle, found herself perpetually slighted by the family of Sir Reginald, whose lineage, though impoverished, stretched back to the Norman Conquest. Such distinctions, founded upon little more than the accident of birth, are a constant source of vexation, and demonstrate how readily sensibility is sacrificed upon the altar of propriety, leaving worthy individuals to languish in obscurity, simply for lacking the correct pedigree.",137,ai_mimicked,Austen,Social Class
"Mrs. Featherstonehaugh, a woman whose pronouncements on the subject of social order were invariably delivered with the air of one dispensing profound wisdom, declared to her assembled daughters that “the lower orders exist solely to provide a contrast, you see, a foil to our own refinements.” One might, of course, dismiss such a statement as the harmless vanity of a woman excessively pleased with her own position; yet it reveals a deeply ingrained, and rather unsettling, truth. The very structure of our society depends upon a tacit agreement to maintain these divisions, to perpetuate the belief in inherent differences. To question this establishment is not merely impolite, it is to threaten the foundations upon which all comfortable existence is built, a prospect which, naturally, few are willing to contemplate with any degree of seriousness.",134,ai_mimicked,Austen,Social Class
"The discomfort experienced by Mr. Harding upon his unexpected acquaintance with the family of tradesmen in Meryton was, perhaps, not entirely attributable to their lack of gentility. It was, rather, the unsettling realization that their prosperity rivalled, if did not exceed, his own. He had always considered himself a man of substance, secure in his position as a landed gentleman, yet their newly acquired wealth, earned through diligent industry, presented a challenge to his long-held assumptions. He found himself, to his considerable annoyance, forced to acknowledge a merit in their success which implicitly questioned the inherent superiority of inherited fortunes. A most disagreeable sensation, and one which he endeavoured to alleviate by pointedly ignoring their attempts at conversation.",118,ai_mimicked,Austen,Social Class
"“Mama,” protested Miss Penelope, adjusting the lace upon her sleeve with a delicate air, “it is quite impossible to associate with the Misses Grimshaw! Their father, though undeniably successful in the wool trade, positively *encourages* his daughters to express opinions! Such forwardness is simply…unbecoming.” The observation, delivered with a sigh of profound disapproval, highlighted a subtle, yet crucial, aspect of social stratification. It was not merely a matter of wealth or lineage, but of conduct. The truly well-bred understood the art of silent acquiescence, of maintaining a façade of polite indifference even when inwardly dissenting. To challenge convention, to voice one’s thoughts freely, was to betray a lack of refinement, a vulgarity which no amount of fortune could ever disguise.",120,ai_mimicked,Austen,Social Class
"One observes, with a degree of detached amusement, the frantic efforts of those newly elevated to the fringes of respectable society to mimic the manners of those born within its walls. The late Mr. Finch, having amassed a considerable fortune in the colonies, purchased an estate and promptly set about attempting to transform himself into a country gentleman. He filled his library with books he did not read, employed a French tutor for his daughters who spoke little French, and insisted upon a formal dinner service despite possessing only a handful of guests. The result, predictably, was a spectacle of awkwardness and pretension, a poignant illustration of the fact that social grace is not merely a matter of outward appearances, but of an ingrained sensibility cultivated over generations.",128,ai_mimicked,Austen,Social Class
"It is a truth universally acknowledged, that a single man in possession of a good fortune must be the object of every young lady’s regard; yet, to dwell solely upon the advantageous match is to overlook the more subtle, and perhaps more enduring, consequences of social gradation. For it is not merely wealth which dictates esteem, but the *appearance* of wealth, the lineage it implies, and the comfortable security it affords against the vulgarities of trade. One observes, with a degree of quiet amusement, how readily a newly-acquired fortune, however substantial, is viewed with a cautious eye, requiring several generations of judicious management and impeccable connections before it can fully purchase acceptance within the established circles. The truly discerning, of course, understand that money can buy many things, but not a past.",132,ai_mimicked,Austen,Social Class
"Miss Elmsworth, having recently accompanied her aunt to Bath, remarked upon the peculiar anxieties of Mrs. Featherstonehaugh, a lady whose consequence rested entirely upon the memory of her father’s position as a minor baron. “She speaks,” Miss Elmsworth confided to her cousin, “as if a slight diminution in the size of the company, or a perceived lack of admiration from the eligible gentlemen, were a personal affront to the entire order of things.” It was a sentiment not entirely unfounded, for the social fabric, though seemingly robust, is woven with threads of vanity and dependence. To be perceived as falling from one’s proper station is, for many, a calamity exceeding even financial ruin, a loss of dignity that no sum can restore. The delicate balance of esteem, so carefully maintained, is perpetually threatened by the shifting sands of fortune and favour.",141,ai_mimicked,Austen,Social Class
"One cannot but reflect, upon observing the intricate dances of society, that the distinctions of rank are often less about inherent superiority and more about the preservation of convenience. Were all individuals truly equal in fortune and breeding, the very structure of polite society would collapse into a chaotic and unmanageable mass. It is, therefore, not a matter of justice, but of expediency, that these hierarchies are maintained. The lower orders, relieved of the burden of ambition, are permitted to pursue their humble occupations, while those of superior standing are left to the more refined pursuits of leisure and governance. A cynical observation, perhaps, yet one which accounts for the remarkable tenacity with which these distinctions are defended, even in the face of demonstrable absurdity.",125,ai_mimicked,Austen,Social Class
"The drawing-room at Hartfield was, as usual, a microcosm of the prevailing social anxieties. Mr. Knightley, ever the astute observer, noted the subtle shifts in conversation whenever the subject of the new tenants at Donwell Abbey arose. Though possessed of considerable wealth, the family’s origins were, to put it delicately, obscure. Lady Bertram, with a barely perceptible tightening of her lips, steered the discourse towards the merits of established families, whilst Miss Churchill, with a more artful display of indifference, inquired after the quality of the Abbey’s stables. It was a silent, yet eloquent, demonstration of the power of pedigree, and the enduring reluctance to welcome those whose claims to gentility were not beyond reproach. Propriety, it seemed, demanded a certain degree of caution.",124,ai_mimicked,Austen,Social Class
"To imagine a society devoid of such classifications is, admittedly, a tempting exercise. Yet, such a vision quickly dissolves into a rather unsettling prospect. For what would become of sensibility, of refinement, of all those qualities which distinguish us from the more brutish elements of humanity, if not for the constant striving to attain a higher station? It is the very *desire* for improvement, fuelled by the awareness of one’s place within the social order, that drives individuals to cultivate their minds, to perfect their manners, and to contribute, however modestly, to the advancement of civilization. To dismantle the established order, therefore, would be not to liberate, but to impoverish, the human spirit.",113,ai_mimicked,Austen,Social Class
"It is a truth universally acknowledged, that a single man in possession of a good fortune must be the object of every young lady’s affections—a sentiment, however, which conveniently overlooks the inconvenient reality of established ranks and the delicate, yet unbreakable, chains of societal expectation. For whilst a fortunate gentleman may *inspire* admiration across several degrees of connection, his hand is seldom offered to one whose lineage does not sufficiently reflect his own standing. Miss Elmsworth, though possessed of a pleasing countenance and a passable accomplishment in the pianoforte, found herself consistently overlooked by the eligible bachelors of the county, not for any deficiency in her person, but simply because her father, a retired apothecary, lacked the requisite consequence to warrant consideration from families of long-held estates. Such disappointments, though rarely spoken of with candour, formed the silent grief of many a hopeful heart.",144,ai_mimicked,Austen,Social Class
"Mrs. Featherstonehaugh, a woman whose pronouncements on the subject of propriety were delivered with the unwavering certainty of one accustomed to command, declared to her assembled daughters that the true measure of a family lay not merely in its wealth, but in the *duration* of its wealth. “New money,” she sniffed, whilst delicately stirring her tea, “is so very…vulgar. It lacks the patina of generations, the quiet dignity of an establishment built upon centuries of good sense and judicious marriages.” Her eldest, a young lady of considerable, though unacknowledged, vanity, readily agreed, imagining herself already elevated by association with a family whose ancestors had graced the court of Charles II. It was a sentiment, of course, entirely devoid of sensibility, yet perfectly representative of the prevailing anxieties surrounding social mobility and the perceived threat to the established order.",138,ai_mimicked,Austen,Social Class
"One could scarcely traverse the village of Highwood without observing the subtle, yet pervasive, distinctions drawn between those who *worked* for a living and those who lived *upon* their means. Old Man Hemmings, the cobbler, though a man of undeniable integrity and skill, habitually lowered his gaze when encountering the local squire, a gesture born not of deference, precisely, but of an ingrained understanding of his own position. His son, a lad of promising intellect, was denied entry to the grammar school, not for lack of aptitude, but because the headmaster deemed it “unsuitable” to mix children of such disparate backgrounds. The consequence, as any discerning observer might predict, was a perpetuation of the very inequalities the squire himself professed to lament.",122,ai_mimicked,Austen,Social Class
"“Do you not find it excessively tiresome, my dear?” Lady Beatrice inquired of Miss Ainsworth, her tone laced with a delicate irony. “The constant necessity of assessing one’s acquaintances, of determining their precise degree of eligibility? It is a mental exercise, I assure you, quite exhausting.” Miss Ainsworth, a young lady possessed of a remarkably astute mind, merely offered a polite smile. She understood perfectly the game being played, the intricate dance of social maneuvering that governed every interaction. To be deemed ‘suitable’ required not merely fortune and lineage, but a careful calibration of manners, accomplishments, and, above all, a demonstrable adherence to the prevailing codes of conduct. A single misstep, a poorly chosen word, could irrevocably damage one’s prospects.",120,ai_mimicked,Austen,Social Class
"The arrival of Mr. Thornton, a gentleman newly enriched by trade, caused a considerable stir within the neighbourhood. He possessed a fortune ample enough to purchase the manor house, yet lacked the ancestral connections to justify his presence within the established circles. Many a mother, whilst outwardly expressing disapproval of his “commercial” origins, secretly hoped to secure his hand for a daughter. It was a dilemma, fraught with moral ambiguity, for to accept his advances would be to acknowledge the shifting sands of social power, to concede that wealth, however acquired, might ultimately outweigh the claims of birth. The ensuing conversations, conducted in hushed tones behind closed doors, revealed a society grappling with its own contradictions, clinging to tradition whilst simultaneously succumbing to the allure of modernity.",127,ai_mimicked,Austen,Social Class
"It is a truth universally acknowledged, that a single man in possession of a good fortune, must be the object of every young lady’s consideration; yet, it is a far less frequently observed consequence that the very *source* of such fortune dictates the degree of acceptance afforded him. For whilst amiable qualities and a pleasing address may open doors to polite society, it is the solid foundation of landed estate, rather than mercantile success, which truly secures a gentleman’s position. Those newly enriched by trade, however substantial their wealth, often find themselves regarded with a cautious civility, a lingering doubt as to the refinement of their manners and the stability of their connections. One cannot but perceive the subtle, yet pervasive, influence of ancestry upon the judgements of even the most ostensibly impartial. A lineage stretching back through generations, replete with honourable service and established consequence, remains, alas, a currency beyond price.",152,ai_mimicked,Austen,Social Class
"Miss Elmsworth, having just returned from a particularly tedious visit to her aunt in the country, remarked to her brother, “One cannot help but observe, Charles, the peculiar anxieties surrounding the *appearance* of gentility. It is not, I suspect, a genuine regard for virtue or intelligence, but rather a desperate clinging to distinctions, lest the boundaries between ranks should dissolve entirely.” Charles, ever the pragmatist, merely raised an eyebrow. “You mean, sister, that Lady Penworthy’s disapproval of Mr. Harding stems not from his lack of wit, but from his father’s having made his money in cotton?” Precisely. The dread of social levelling, of a world where merit might actually supersede birth, seems to haunt the higher orders. It is a fear, one might venture, born of a profound insecurity regarding their own claims to superiority.",135,ai_mimicked,Austen,Social Class
"The present age, with its increasing opportunities for advancement, presents a most curious spectacle regarding the established order. Whilst some lament the erosion of traditional hierarchies, and cling to the notion of a divinely ordained social structure, others perceive a welcome loosening of constraints. Yet, even amongst those who profess liberal sentiments, a subtle prejudice persists. A clergyman’s daughter, though possessed of every accomplishment, rarely finds herself considered on equal terms with the heiress of a baronet. It is a delicate matter, this question of social standing, and one fraught with hypocrisy. For whilst professions of equality are readily offered, the practical realities of courtship and connection demonstrate a continued adherence to the old distinctions. The consequence, one fears, is a society riddled with unspoken resentments and carefully concealed ambitions.",130,ai_mimicked,Austen,Social Class
"To consider the ramifications of social disparity is, in truth, to contemplate the very foundations of human happiness. For what is a life devoid of suitable companionship, of opportunities for advancement commensurate with one’s abilities? The unfortunate Miss Fairchild, possessing a sensibility far exceeding her station, is condemned to a perpetual state of quiet desperation, her talents wasted upon a family incapable of appreciating them. Her brother, though lacking her refinement, enjoys a comfortable existence simply by virtue of his inheritance. Is this justice? Is this the natural order of things? One is tempted to believe that a more equitable distribution of fortune and opportunity would not only alleviate suffering, but also unlock a wealth of potential currently stifled by the rigid constraints of the establishment.",126,ai_mimicked,Austen,Social Class
"It is frequently asserted that a gentleman’s character is the sole measure of his worth, a sentiment pleasing to the ear, yet rarely observed in practice. Observe, for instance, the eagerness with which Mrs. Bennet seeks a husband for her daughters, not for their happiness, but for their security. A man of amiable disposition and modest means holds little allure compared to a wealthy, though perhaps less agreeable, suitor. This, it must be acknowledged, is not merely the fault of mothers, but a reflection of a society where a woman’s future is inextricably linked to her marital prospects. The consequence is a system wherein fortune, rather than affection, often dictates the course of lives, and where the pursuit of propriety frequently overshadows the dictates of the heart. A lamentable state of affairs, indeed, and one which demands, if not a complete overturning of the social order, at least a more honest acknowledgement of its inherent inequalities.",156,ai_mimicked,Austen,Social Class
"It is a truth universally acknowledged, that a single man in possession of a good fortune must be the object of every young lady’s regard; yet, to dwell solely upon the advantageous match overlooks a far more insidious consequence of the established order – the stifling of genuine affection. For what is a heart, however amiable, when constrained by the dictates of prudence to seek a connection founded upon nothing more substantial than an equal income? Miss Eleanor, though possessed of a sensibility far exceeding her station, found herself repeatedly encouraged towards Sir Reginald, a gentleman of impeccable lineage but lamentable dullness, simply because his estate could secure her family’s future. Such considerations, while undeniably practical, render the pursuit of happiness a most precarious and often unrewarding endeavour, leaving one to question whether true contentment can ever blossom within the rigid confines of societal expectation.",145,ai_mimicked,Austen,Social Class
"The assembly rooms at Meryton, though ostensibly dedicated to amusement, served as a most revealing barometer of social stratification. One observed, with a degree of detached amusement, the subtle yet unmistakable signals by which eligibility was assessed. Not merely by the cut of a gentleman’s coat, nor the brilliance of a lady’s jewels, but by the very manner in which they deigned to acknowledge – or, more frequently, *not* acknowledge – those deemed beneath their consideration. Mrs. Phillips, for all her volubility, could scarcely conceal her disappointment when Mr. Bingley’s attentions strayed towards Miss Bennet, a connection considered, by the more discerning members of the company, to be a rather unfortunate mingling of fortunes. It was a performance, of course, a delicate dance of propriety and ambition, wherein the slightest misstep could condemn one to the outer circles of polite society.",141,ai_mimicked,Austen,Social Class
"“Mama, you exaggerate!” protested Miss Catherine, though a blush betrayed her own anxieties. “Mr. Harding’s father was merely a solicitor, not a… a tradesman!” Her mother, however, remained unmoved. “A solicitor, my dear, is but one remove from a shopkeeper, and a connection with either would irrevocably damage your prospects.” The conversation, overheard whilst ostensibly engaged in needlework, perfectly encapsulated the prevailing anxieties of the middling classes. To ascend, even by a single degree, required a meticulous guarding of one’s lineage and associations. The fear of contamination – of being perceived as insufficiently genteel – was a constant companion, shaping every social interaction and influencing every matrimonial consideration. It was a world where birth, rather than merit, dictated destiny, and where the slightest deviation from established norms could result in social ostracism.",132,ai_mimicked,Austen,Social Class
"One cannot but reflect upon the peculiar injustice inherent in a system which bestows privilege upon those who have done nothing to earn it. The eldest son, inheriting the entirety of his father’s estate, enjoys a life of ease and consequence, while his younger siblings are left to navigate a world of limited opportunities. Mr. Thornton, though possessed of considerable talent and industry, found himself perpetually overshadowed by his elder brother, Sir Edward, whose sole qualification for prosperity lay in the accident of his birth. Such disparities, while perhaps unavoidable, breed resentment and stifle ambition, creating a society where true potential is often sacrificed upon the altar of primogeniture. It is a lamentable truth, and one which casts a long shadow upon the supposed fairness of the established order.",129,ai_mimicked,Austen,Social Class
"The decline of the landed gentry, though scarcely acknowledged in polite conversation, is a matter of increasing concern. Fortunes dwindle, estates are mortgaged, and families once renowned for their wealth and influence find themselves struggling to maintain their former status. Old Mr. Gresham, a man who once held considerable sway in the county, now spends his days lamenting the extravagance of his late wife and the profligacy of his sons. He clings to the vestiges of his former grandeur, hosting increasingly infrequent and sparsely attended dinners, a poignant reminder of a bygone era. The rise of commerce, while undoubtedly beneficial to the nation as a whole, threatens to dismantle the very foundations of the traditional social hierarchy, leaving many to wonder what will take its place.",126,ai_mimicked,Austen,Social Class
"It is a truth universally acknowledged, that a single man in possession of a good fortune must be the object of every young lady’s affections—a sentiment, however, which conveniently overlooks the inconvenient reality of established ranks. For whilst fortune may procure comfort, and even a degree of consequence in society, it cannot, alas, purchase genuine acceptance within the higher circles. Miss Elmsworth, though possessed of a most eligible income inherited from a distant uncle, found herself perpetually slighted by the family of Sir Reginald, whose lineage, though impoverished, stretched back to the Norman Conquest. Such distinctions, founded upon little more than the accident of birth, are a source of endless vexation, and demonstrate a peculiar blindness in those who place greater value upon a name than upon amiable qualities or a sensible disposition. One might almost suspect a fear that merit, freely available, would undermine the very foundations of their privilege.",151,ai_mimicked,Austen,Social Class
"Mrs. Featherstonehaugh, a woman whose understanding of the world was entirely governed by the size of one’s estate, declared with unwavering conviction that a gentleman of only two thousand a year was scarcely worthy of notice. “It is not merely the *want* of income,” she confided to Lady Beatrice, her voice a hushed pronouncement, “but the *appearance* of it. One cannot invite such a person to a ball without the risk of their feeling, and consequently *showing*, their inferiority. The consequence, you see, would be a general discomfort.” It was a sentiment echoed, though less bluntly, throughout the county. The subtle gradations of wealth dictated every social interaction, every invitation extended, and every marriage contemplated. One could not help but wonder if such meticulous calculations left any room for genuine affection, or if all connections were merely shrewd assessments of financial advantage.",142,ai_mimicked,Austen,Social Class
"The discomfort experienced by Mr. Harding upon his unexpected elevation to a baronetcy was, perhaps, more acute than any he had previously known. He had always considered himself a perfectly respectable, though undeniably modest, country gentleman. Now, thrust into a position of prominence, he found himself besieged by attentions he neither desired nor understood. His former acquaintances, once perfectly cordial, now regarded him with a mixture of deference and envy, their conversation laced with a subtle, yet unmistakable, strain of obsequiousness. He observed, with growing dismay, that his new status had altered not his own character, but the perceptions of those around him, transforming him into a figure of consequence solely by virtue of a title he had not sought. It was a curious, and rather unsettling, demonstration of the power of social artifice.",134,ai_mimicked,Austen,Social Class
"“Do you not find it excessively tiresome, my dear?” Miss Penrose inquired of her companion, gesturing with a delicate fan towards the assembled company at the Assembly Rooms. “The constant necessity of gauging one’s civility according to the precise degree of a person’s fortune. It is as if we are all accountants, meticulously tallying up assets and liabilities before extending the slightest courtesy.” Her companion, a young lady recently arrived from London, confessed to finding the system rather amusing. “In Town,” she observed, “one is judged by one’s connections, by the brilliance of one’s parties, by the cut of one’s gown. Here, it seems, everything is reduced to a simple matter of pounds and shillings. A rather vulgar calculation, don’t you think?” The exchange, overheard by a nearby dowager, elicited a disapproving sniff and a pointed remark about the decline of sensibility.",142,ai_mimicked,Austen,Social Class
"One cannot deny that the established order, however flawed, provides a certain degree of stability. To dismantle the distinctions of rank and fortune entirely would, undoubtedly, unleash a chaos from which society might not recover. Yet, to cling to them with such rigid adherence as to stifle genuine merit and compassionate understanding seems equally perilous. The young curate, Mr. Ashworth, possessed of a mind far superior to that of many a titled gentleman, was consistently overlooked in favour of those whose lineage alone secured their advancement. Such instances, repeated throughout the kingdom, suggest a profound and regrettable waste of talent. It is a delicate balance, to be sure, between preserving the necessary structures of society and allowing for the flourishing of individual worth, a balance which, alas, is rarely achieved with true justice or propriety.",135,ai_mimicked,Austen,Social Class
"It is a truth universally acknowledged, that a single man in possession of a good fortune must be the object of every young lady’s affections—a sentiment, however, which conveniently overlooks the inconvenient reality of established ranks and the delicate, yet unbreakable, chains of societal expectation. For whilst a fortunate gentleman may *inspire* admiration across several degrees of connection, his hand is seldom offered to one whose lineage does not sufficiently reflect his own standing. Miss Elmsworth, though possessed of a pleasing countenance and a passable accomplishment in the pianoforte, found herself consistently overlooked by the eligible bachelors of the county, not for any deficiency in her person, but simply because her father, a retired apothecary, lacked the requisite consequence to warrant consideration. Such disappointments, though rarely spoken of with candour, formed the silent grief of many a respectable family, a constant reminder of the barriers erected by a system valuing pedigree above all else.",154,ai_mimicked,Austen,Social Class
"Mrs. Featherstonehaugh, a woman whose pronouncements on the subject of propriety were invariably delivered with the air of one dispensing divine wisdom, declared to her assembled daughters that the true measure of a family lay not in its wealth, but in its *connections*. “It is not merely possessing an income, my dears,” she intoned, stirring her tea with a deliberate hand, “but *knowing* those who possess influence. A modest fortune, judiciously allied, can achieve far more than a vast estate held by those utterly devoid of social grace.” Her eldest, Charlotte, privately considered this a convenient justification for her own lack of a dowry, whilst the younger, Louisa, merely sighed, dreaming of a handsome officer who would overlook such considerations entirely. The irony, of course, was lost on them both; for even a brilliant match required a certain initial level of acceptance within the established circles, a hurdle Mrs. Featherstonehaugh’s family had yet to overcome.",155,ai_mimicked,Austen,Social Class
"One observes, with a degree of melancholy, the lengths to which individuals will go to *appear* above their station. The newly-rich, particularly those whose fortunes derive from trade, are often the most assiduous in their attempts to mimic the manners and habits of the landed gentry. Mr. Grimshaw, recently elevated by a successful shipping enterprise, purchased a country estate far exceeding his needs, filled it with ostentatious furnishings, and insisted upon being addressed as ‘Squire’ – a title he had manifestly not earned. Yet, despite his efforts, a certain vulgarity clung to him, a lack of innate refinement that betrayed his origins. It is a truth, and one frequently lamented, that money can purchase many things, but it cannot purchase *breeding*, nor can it instantly bestow the ease and elegance that come with generations of social privilege.",137,ai_mimicked,Austen,Social Class
"The consequences of a misplaced ambition, fuelled by a desire to ascend the social scale, are often most keenly felt by the female members of a family. Young ladies, particularly those lacking independent means, are frequently sacrificed upon the altar of social advancement, encouraged to marry for position rather than affection. Miss Arabella Finch, a girl of considerable sensibility and a genuine talent for watercolour painting, found herself betrothed to Sir Reginald Thornton, a man twice her age and possessed of a temperament as bleak as a November sky. Her mother, however, deemed the match ‘advantageous’, blind to the unhappiness it would inevitably bring. Such arrangements, though commonplace, serve as a stark reminder of the limited agency afforded to women, whose futures were so often determined by the calculations of their families.",132,ai_mimicked,Austen,Social Class
"It is not, perhaps, the vast disparity between the highest and lowest ranks that causes the greatest disquiet, but rather the subtle gradations within the middle orders – the endless striving for a slightly more comfortable existence, a slightly more respectable connection. The difference between a family possessing a modest estate and one reliant upon a professional income, though seemingly insignificant to an outsider, is often the source of endless anxieties and social maneuvering. A clergyman’s daughter, for instance, might be considered a suitable match for a younger son of a baronet, but would be entirely overlooked by the heir himself. These delicate distinctions, these unspoken rules of eligibility, govern the lives of so many, shaping their prospects and dictating their happiness with a quiet, yet relentless, power.",128,ai_mimicked,Austen,Social Class
"It is a truth universally acknowledged, that a single man in possession of a good fortune must be the object of every young lady’s regard; yet, to dwell solely upon the advantageous match overlooks a far more insidious consequence of the established order – the stifling of genuine affection. For what is a heart, however amiable, when constrained by the dictates of prudence to seek a connection founded upon nothing more substantial than an equal income? Miss Eleanor, though possessed of a sensibility far exceeding her station, found herself repeatedly encouraged towards Sir Reginald, a gentleman of impeccable lineage but lamentable dullness, simply because his estate could secure her family’s future. Such considerations, while undeniably practical, render the pursuit of happiness a most precarious undertaking, and elevate fortune above all other qualities.",132,ai_mimicked,Austen,Social Class
"The drawing-room at Hartfield, though elegantly appointed, served as a constant, if subtle, reminder of the hierarchies which governed their lives. Mrs. Weston, with her customary tact, steered the conversation towards the merits of the newly arrived Mr. Finch, noting, of course, his considerable property and connections. One observed, however, a curious reticence amongst the younger ladies, a hesitation not born of disinterest, but of a delicate awareness. It was not that they disdained an advantageous alliance – far from it – but rather that they possessed a nascent understanding of the limitations imposed by such a union. To marry well was to secure comfort, certainly, but at what cost to independence of thought, or the freedom to cultivate one’s own inclinations? The question, though unspoken, hung heavy in the air, a silent commentary on the compromises demanded by propriety.",140,ai_mimicked,Austen,Social Class
"“Mama, do you truly believe Miss Beaumont would accept a proposal from Mr. Harding, despite the…disparity?” inquired Miss Catherine, her voice barely above a whisper. Lady Beaumont, ever the pragmatist, responded with a dismissive wave of her hand. “My dear, sentiment is a luxury few can afford. Mr. Harding’s family, though lacking in ancient lineage, possesses a thriving mercantile interest. Such connections are invaluable.” The exchange, overheard whilst ostensibly engaged in embroidery, revealed a truth often concealed beneath a veneer of polite conversation: the relentless calculation that underpinned all social interactions. It was a world where affection was frequently secondary to advancement, and where a woman’s worth was measured not by her character, but by the wealth of her prospective husband. A regrettable state of affairs, to be sure, yet one rarely challenged with any degree of success.",138,ai_mimicked,Austen,Social Class
"One might be tempted to believe that the distinctions of rank are fading, that a more egalitarian spirit pervades society. Yet, a closer examination reveals a more nuanced reality. While overt displays of deference may have diminished, the subtle barriers remain firmly in place. Consider the case of Mr. Evans, a man of considerable talent and industry, who, despite his demonstrable abilities, found himself consistently overlooked for positions of influence. Not because of any lack of competence, but because his origins were…unfashionable. He lacked the necessary pedigree, the established connections, to navigate the intricate web of social expectation. It is a quiet injustice, perhaps, but one which perpetuates a system where opportunity is not determined by merit, but by the accident of birth.",123,ai_mimicked,Austen,Social Class
"The very architecture of the country estate speaks volumes regarding the established order. Long galleries, imposing facades, and meticulously maintained grounds – all serve to reinforce the notion of inherited privilege. To wander through such a residence is to be reminded, at every turn, of the generations who have benefited from a system designed to concentrate wealth and power in the hands of a select few. It is not merely a matter of material comfort, but of a deeply ingrained sense of entitlement. The occupants of these grand houses, however amiable, are nonetheless beneficiaries of a social structure that often disregards the needs and aspirations of those less fortunate. And whilst charitable acts may alleviate some suffering, they do little to address the fundamental inequalities that lie at the heart of the matter.",133,ai_mimicked,Austen,Social Class
"It is a truth universally acknowledged, that a single man in possession of a good fortune must be the object of every young lady’s affections; yet, to dwell solely upon the romantic consequence of such a circumstance is to overlook a far more pervasive, and infinitely more subtle, influence – that of established rank. For whilst fortune may procure entrance into polite society, it is lineage, the quiet assertion of generations past, which dictates true acceptance. Miss Elmsworth, though possessed of a most respectable income inherited from a mercantile uncle, found herself perpetually on the periphery of the Bingley circle, her wit and accomplishments consistently undervalued compared to the languid pronouncements of Lady Featherstonehaugh, whose family, though demonstrably impoverished, could boast a pedigree stretching back to the Norman Conquest. Such distinctions, though rarely spoken of directly, formed the very bedrock upon which social harmony – or its frequent lack – was built.",152,ai_mimicked,Austen,Social Class
"Mrs. Penrose, having just received intelligence of her nephew’s advantageous marriage, remarked to her companion with a sigh, “It is not merely the *having* of wealth, my dear, but the *knowing* what to do with it.” And indeed, the observation held a considerable weight. One witnessed, with regrettable frequency, newly acquired fortunes squandered upon ostentatious displays, lacking the refinement and understanding that naturally accompanied a long-held establishment. The true measure of a family’s position, therefore, lay not in the size of their estate, but in the manner of its management, the cultivation of its connections, and the discreet exercise of its influence. A vulgar display of riches, however substantial, served only to advertise a deficiency in breeding, and to confirm the suspicions of those already secure in their own superiority.",130,ai_mimicked,Austen,Social Class
"The discomfort experienced by Mr. Harding upon encountering his former schoolfellow, now elevated to a position of considerable affluence through trade, was a study in itself. It was not, precisely, envy that coloured his countenance, but a profound sense of…disquiet. For Mr. Harding, though possessed of a comfortable living and a respectable family, belonged to a class which placed the highest value upon inherited status, upon a lineage untainted by commercial pursuits. To witness a man of undeniably inferior origins surpassing him in worldly possessions was a challenge to the very foundations of his belief system. He found himself, against his better judgement, scrutinizing the other’s attire, his manners, searching for some tell-tale sign of his ungentlemanly beginnings, a futile exercise, and one which did little to alleviate his internal turmoil.",131,ai_mimicked,Austen,Social Class
"“Do you not find, Miss Bennet,” inquired Mr. Collins, with an air of profound wisdom, “that the natural order of things is best preserved when each individual occupies the station to which Providence has assigned him?” The question, though delivered with his customary pomposity, touched upon a truth often overlooked in the pursuit of romantic entanglement. For the stability of society, it was argued, depended upon a strict adherence to the boundaries of class. To aspire beyond one’s station was not merely imprudent, but positively dangerous, threatening to disrupt the delicate balance upon which all depended. A farmer’s daughter, however amiable, could scarcely expect to find happiness in the company of a peer of the realm, for the disparity in their upbringing and expectations would inevitably lead to discord and unhappiness. Such considerations, though perhaps unromantic, were nonetheless essential.",139,ai_mimicked,Austen,Social Class
"One cannot but observe, with a degree of detached amusement, the lengths to which individuals will go to *appear* to belong to a higher order of society. The purchase of a larger estate, the adoption of more fashionable habits, the cultivation of aristocratic acquaintances – all are employed in a desperate attempt to bridge the gap between reality and aspiration. Yet, such efforts are often betrayed by a certain…lack of ease, a subtle awkwardness in manner, a hesitancy in conversation. True gentility, it seems, is not merely a matter of outward show, but an innate quality, cultivated over generations, and impossible to acquire through mere imitation. The pretender, however diligently he may strive, will always be discernible to those who possess the genuine article, and his efforts, however costly, will ultimately prove futile.",133,ai_mimicked,Austen,Social Class
"It is a truth universally acknowledged, that a single woman with a moderate fortune must be in want of a husband – or, at least, subjected to the incessant machinations of those who believe she ought to be. Yet, the pursuit of a suitable establishment is rarely a matter of simple necessity, but rather a complex negotiation of family expectations, personal inclinations, and, most crucially, the delicate balance of power inherent in the marriage market. One observes, with a degree of detached amusement, the frantic efforts of mothers to secure advantageous matches for their daughters, often overlooking the vital component of mutual affection in their zealous calculations. For what is a comfortable income, after all, if it cannot purchase a degree of happiness, or at least, a tolerable degree of resignation? The consequence of a miscalculated union, however, is rarely borne by the instigators of the match, but rather by the unfortunate woman herself.",154,ai_mimicked,Austen,Marriage Prospects
"Miss Eleanor Ainsworth, though possessed of a lively wit and a passable degree of beauty, found herself in a most precarious situation. Not entirely destitute, she lacked the substantial fortune to command a particularly brilliant connection, and her family, though respectable, possessed little influence. She confided in her cousin, Mr. Bertram, a gentleman of discerning, if somewhat cynical, observation, lamenting the tedium of provincial society and the dearth of eligible men. “One is expected,” she declared, with a sigh, “to view every gentleman as a potential husband, and to dissect his character with the cold precision of a surgeon! It is a most unromantic prospect.” Mr. Bertram, ever the pragmatist, merely raised an eyebrow. “Romance, my dear Eleanor, is a luxury few can afford. Propriety, and a secure future, are far more valuable commodities.”",134,ai_mimicked,Austen,Marriage Prospects
"The present age, it seems, places an undue emphasis upon the *feeling* of affection as a prerequisite for matrimony. While sensibility is, undoubtedly, a pleasing quality, to elevate it above prudence and good sense is a folly of the most dangerous kind. One recalls the unfortunate case of the Misses Fairchild, who, captivated by the charm of a certain Captain Harrington, disregarded all warnings regarding his dissipated habits and limited means. Their subsequent unhappiness served as a cautionary tale for the entire neighbourhood, proving that a passionate heart is no guarantee of a contented life. A well-regulated mind, and a comfortable income, are, in truth, the foundations of a lasting union, far more reliable than the fleeting emotions of youth.",120,ai_mimicked,Austen,Marriage Prospects
"Mrs. Featherstonehaugh, a woman whose conversational talents were surpassed only by her talent for interference, held forth upon the subject of marriage with an authority born of having secured remarkably advantageous matches for her three daughters. “It is all a matter of knowing one’s worth, my dear,” she declared to a rather unwilling audience at the assembly. “A young lady must present herself in the most favourable light, cultivate her accomplishments, and, above all, be aware of the social currents. A slight encouragement, a well-timed glance – these are the weapons in a woman’s arsenal! And never, *never* appear too eager. A little coyness is essential, you understand. Men are, after all, remarkably susceptible to a challenge.” Her pronouncements, though delivered with an air of profound wisdom, were often tinged with a rather vulgar ambition.",135,ai_mimicked,Austen,Marriage Prospects
"To consider the matter dispassionately, marriage is, at its core, an economic arrangement. Though poets and novelists may wax lyrical about the joys of romantic love, the practical realities of life dictate that a woman’s security is inextricably linked to her marital status. A widow, however amiable, is invariably dependent upon the charity of relatives or the precariousness of a small income. The establishment of a family, the maintenance of a household – these require resources, and resources are, in the vast majority of cases, controlled by men. It is a harsh truth, perhaps, but one that cannot be ignored. To pretend otherwise is to indulge in a sentimental delusion, and to risk a future of hardship and regret. The consequence of ignoring this fundamental truth is often a life of quiet desperation.",133,ai_mimicked,Austen,Marriage Prospects
"It is a truth universally acknowledged, that a single woman with a moderate fortune must be in want of a husband – or, at least, subjected to the incessant machinations of those who believe she ought to be. Yet, the pursuit of an establishment, while undeniably practical, frequently appears to eclipse all considerations of genuine affection. One observes, with a degree of melancholy, young ladies sacrificing sensibility at the altar of convenience, accepting proposals born not of esteem, but of a calculated assessment of dowries and connections. The consequence, too often, is a life of quiet desperation, masked by the outward show of respectability. For what profit is it to gain the world, and lose one’s own heart in the bargain? Such arrangements, though sanctioned by society, rarely conduce to happiness, and frequently serve only to perpetuate a cycle of disappointed expectations.",142,ai_mimicked,Austen,Marriage Prospects
"Miss Eleanor Ainsworth, having just completed her twenty-second year, found herself the subject of much speculation, not for any particular brilliance of wit or accomplishment, but solely on account of her uncle’s recent, and rather unexpected, increase in fortune. “A very eligible party, indeed,” Mrs. Featherstonehaugh declared, whilst subtly maneuvering her own son into Eleanor’s vicinity. The young lady, however, possessed a spirit too independent to be easily captivated by such transparent designs. She observed the eager attentions of Mr. Featherstonehaugh with a cool detachment, recognizing in his compliments a distinct lack of sincerity. “He speaks,” she confided to her cousin, “as if my fortune were a person, and myself merely its custodian.” Such a perspective, though perhaps uncharitable, revealed a shrewd understanding of the prevailing motives in the marriage market.",131,ai_mimicked,Austen,Marriage Prospects
"The anxieties surrounding a young lady’s prospects are, it must be confessed, frequently exacerbated by the well-intentioned, yet often misguided, interference of her relations. Mothers, particularly, are prone to viewing their daughters as commodities, to be traded for security and social advancement. It is not, perhaps, entirely their fault; the limitations imposed upon women by the prevailing social order leave them with few avenues to independence. Still, one cannot help but lament the instances where genuine affection is sacrificed upon the altar of parental ambition. To witness a daughter compelled to accept a match she does not esteem, solely to appease her mother’s anxieties, is a spectacle both painful and, one might add, remarkably common. The consequence is a life lived under a perpetual shadow of regret.",127,ai_mimicked,Austen,Marriage Prospects
"One cannot deny the influence of rank and title upon the calculations of those seeking a husband. Whilst genuine merit and amiable qualities are, of course, desirable, they are frequently overshadowed by the allure of a noble lineage. A baronet, even one possessed of a disagreeable temper and limited intellect, will invariably attract a greater number of suitors than a gentleman of considerable fortune but humble birth. This preference, though illogical, is deeply ingrained in the fabric of society. It is a curious phenomenon, this elevation of birth above all other considerations, and one which frequently leads to matches founded upon the most precarious of foundations – vanity and ambition, rather than affection and esteem. The resulting unhappiness, predictably, is often concealed beneath a veneer of social propriety.",128,ai_mimicked,Austen,Marriage Prospects
"Consider the case of Miss Beatrice Marlowe, a lady possessed of a considerable fortune, yet burdened with a reputation for excessive independence of mind. She rejected, one after another, a succession of perfectly respectable, and undeniably wealthy, gentlemen. “Too dull,” she declared of one; “too pompous” of another; “utterly devoid of conversation” of a third. Her mother, naturally, was in despair. “A woman,” she lamented, “must eventually submit to the dictates of propriety.” But Beatrice, it seemed, was determined to defy convention. She argued, with a spirited eloquence, that a loveless marriage was a fate worse than spinsterhood. Whether her principles will ultimately prevail, or whether she will eventually succumb to the pressures of society, remains to be seen. It is, however, a contest worth observing, for it speaks to a growing discontent with the limitations imposed upon women’s choices.",140,ai_mimicked,Austen,Marriage Prospects
"It is a truth universally acknowledged, that a single woman with a moderate fortune must be in want of a husband – or, at least, subjected to the incessant machinations of those who believe she is. Yet, the pursuit of a suitable establishment is rarely dictated by want alone, but rather by a complex calculus of consequence, wherein family connections, social standing, and the gentleman’s demonstrable income weigh heavily against any romantic inclination. One observes, with a degree of detached amusement, the mothers who view their daughters not as individuals possessed of sensibility and preference, but as commodities to be advantageously exchanged; their happiness a secondary consideration to the bolstering of the family name or the securing of future comforts. To witness such maneuvering is to understand the peculiar pressures placed upon young ladies, and the limited scope afforded to their independent judgment.",143,ai_mimicked,Austen,Marriage Prospects
"Miss Eleanor Ainsworth, though possessed of a pleasing countenance and a passable accomplishment in the pianoforte, found herself, at twenty-three, in a position decidedly precarious. Not that her fortune was negligible, but rather that it lacked the substantiality to command the most eligible suitors. “A comfortable competence,” her aunt declared, “but not enough to attract a man of *real* consequence.” Eleanor, overhearing this pronouncement, could not but reflect upon the injustice of a system wherein a woman’s worth was so readily quantified in terms of pounds and shillings. She had, indeed, received offers – Mr. Finch, the vicar, being a particularly persistent admirer – but each proposal felt less like an expression of affection and more like a pragmatic solution to her, and her family’s, financial concerns. The prospect filled her with a quiet despair.",135,ai_mimicked,Austen,Marriage Prospects
"The anxieties surrounding marriage prospects are, perhaps, most keenly felt by those whose own fortunes are less assured. For the daughters of the landed gentry, a suitable match is often a matter of maintaining their social position, a continuation of established privilege. But for those whose families lack such advantages, the stakes are considerably higher. A poorly chosen husband could mean a descent into genteel poverty, a life of dependence and constraint. It is a sobering thought, and one which lends a certain urgency to the season’s round of balls and assemblies. One cannot help but wonder, observing the eager glances and carefully constructed conversations, how many hearts are truly engaged, and how many are merely calculating the potential benefits of an alliance.",123,ai_mimicked,Austen,Marriage Prospects
"Consider the case of young Mr. Harrington, recently returned from the continent with a considerably improved fortune – and, it was whispered, a regrettable fondness for Italian opera. He was, naturally, the object of intense scrutiny from every mother in the county. Yet, his manners, though polished, possessed a certain…foreignness, a lack of the quiet reserve considered essential in an English gentleman. Mrs. Penrose, a lady renowned for her discernment, declared him “decidedly too theatrical” for her daughter, whilst others fretted over his lack of local connections. It is a curious phenomenon, this insistence on conformity, this reluctance to embrace anything that deviates from the established norm. One might almost suspect that the pursuit of a suitable husband is less about securing happiness and more about upholding the proprieties.",129,ai_mimicked,Austen,Marriage Prospects
"There exists, undeniably, a certain theatricality to the marriage market itself. The assemblies, the balls, the carefully orchestrated introductions – all serve to present young ladies as though they were actresses upon a stage, their accomplishments and charms on display for the discerning gaze of potential suitors. And the gentlemen, too, play their part, adopting an air of detached appraisal, weighing the merits and demerits of each candidate with a studied indifference. It is a performance, of course, a delicate dance of courtship and calculation. Yet, beneath the surface of polite conversation and elegant attire, lie genuine hopes and anxieties, the yearning for companionship and security, and the ever-present fear of remaining, at the close of the season, a solitary figure in a world that prizes connection above all else.",130,ai_mimicked,Austen,Marriage Prospects
"It is a truth universally acknowledged, that a single woman with a moderate fortune must be in want of a husband – or, at least, subjected to the incessant machinations of those who believe she ought to be. Yet, the pursuit of a suitable establishment is rarely dictated by affection alone, but rather by a cold calculation of consequence. Miss Eleanor Ainsworth, for instance, possessed a pleasing countenance and a passable accomplishment in the pianoforte, but her connections were lamentably obscure. Consequently, despite the attentions of Mr. Grimshaw, a man of considerable, if newly acquired, wealth, her mother fretted endlessly, convinced a more advantageous match might yet be secured. For what, after all, is a comfortable life but the judicious exchange of security for, perhaps, a degree of resigned contentment? The heart, it seems, is frequently a secondary consideration.",139,ai_mimicked,Austen,Marriage Prospects
"One could scarcely attend a ball in Hertfordshire without observing the delicate dance – not of bodies, but of expectations. Mrs. Bennet, a lady whose sensibilities were perhaps a trifle too keenly attuned to the marital prospects of her daughters, exemplified this perfectly. She viewed every new gentleman as a potential solution to her familial anxieties, assessing his estate, his disposition, and, most importantly, his willingness to overlook any minor imperfections in her offspring. It is a curious spectacle, this public display of female worth, reduced to a matter of dowry and lineage. One wonders if the gentlemen, equally constrained by societal pressures, find the process any less humiliating, though they are, of course, rarely permitted to express such sentiments.",120,ai_mimicked,Austen,Marriage Prospects
"“But Mama,” protested Miss Catherine Morland, her voice a gentle murmur amidst the bustling assembly room, “surely one ought to marry for esteem, not merely for fortune?” Her mother, however, merely waved a dismissive hand. “Esteem, my dear, is a charming sentiment, but it will not pay the bills.” And therein lay the crux of the matter. The younger generation, imbued with romantic notions gleaned from circulating libraries, often failed to grasp the pragmatic realities of securing a future. To be independent, to possess a degree of control over one’s own destiny, was a privilege rarely afforded to women, and marriage, however imperfect, remained the most reliable path to such security. The consequence of romantic folly, as history repeatedly demonstrated, was often a life of genteel poverty.",127,ai_mimicked,Austen,Marriage Prospects
"The art of matchmaking, one might observe, is less a science of compatibility and more a subtle manipulation of social currents. Lady Featherstonehaugh, a woman of considerable influence and even greater ambition, approached the matter with the precision of a seasoned general. She did not seek merely to unite two individuals, but to forge alliances, to strengthen her own position within the intricate web of polite society. Her latest project involved the pairing of young Mr. Harrington, heir to a substantial estate, with Miss Beaumont, a lady possessing a lineage of impeccable respectability, though sadly lacking in any discernible charm. Whether such a union would result in happiness was, of course, entirely beside the point. Propriety, and the advancement of her own interests, were the sole considerations.",127,ai_mimicked,Austen,Marriage Prospects
"It is frequently remarked that a woman’s value diminishes with each passing birthday, a sentiment which, though undeniably harsh, possesses a certain undeniable truth. Miss Sophia Howard, approaching the age of twenty-eight, found herself increasingly overlooked in favour of younger, more fashionable rivals. Her accomplishments, once considered admirable, now appeared merely adequate. Her wit, once sparkling, now seemed a trifle too knowing. The consequence was a growing sense of desperation, masked, of course, by a carefully cultivated air of indifference. One could not help but pity her, yet simultaneously recognize the inherent logic of the system. For in a world where a woman’s security rested upon her ability to attract a husband, time, alas, was not on her side.",119,ai_mimicked,Austen,Marriage Prospects
"It is a truth universally acknowledged, that a single woman with a moderate fortune must be in want of a husband – or, at least, subjected to the incessant machinations of those who believe she ought to be. Yet, to speak plainly, the pursuit of a suitable establishment is rarely founded upon affection, but rather upon a cool calculation of consequence. A young lady, possessed of accomplishments and a tolerable degree of beauty, finds herself a commodity in a market governed not by inclination, but by the demands of lineage, income, and the preservation of family name. One observes, with a degree of melancholy, how often genuine happiness is sacrificed upon the altar of propriety, and how many a heart is rendered uneasy by a union dictated by prudence rather than passion. The fault, perhaps, lies not with the individuals, but with a system which reduces the most sacred of human connections to a matter of financial security.",158,ai_mimicked,Austen,Marriage Prospects
"Mrs. Featherstonehaugh, a woman whose pronouncements on the subject of matrimony were invariably delivered with the air of one dispensing profound wisdom, declared to Miss Everly that a woman’s value diminished with each passing season of singlehood. “Like fruit, my dear,” she observed, stirring her tea with a decisive hand, “it loses its bloom, its freshness, its very desirability.” Miss Everly, though privately inclined to believe that a woman’s worth resided in qualities far beyond the reach of time, found herself compelled to consider the practical implications of such a sentiment. For while romantic notions of a love-match were all very well for novels, the reality was that a woman without a protector, without a secure income, faced a future fraught with uncertainty. The question, then, was not merely *if* one should marry, but *when*, and to whom one might offer one’s hand with the least possible detriment to one’s independence.",151,ai_mimicked,Austen,Marriage Prospects
"The present age, it seems, is particularly afflicted by a feverish anxiety regarding the matrimonial state. One hears, on all sides, discussions of fortunes, connections, and the eligibility of various young gentlemen, conducted with an earnestness that would be comical were it not so deeply rooted in social necessity. It is not, however, the lack of eligible men that causes the greatest consternation, but rather the perceived inadequacy of those who *are* available. Too many possess estates burdened with debt, or temperaments ill-suited to domestic felicity, or, worst of all, a lamentable deficiency in sensibility. One cannot help but wonder if the heightened expectations of young ladies – fuelled, no doubt, by a surfeit of sentimental literature – are not themselves contributing to the difficulty of finding a match. A little compromise, perhaps, might prove more advantageous than an endless pursuit of perfection.",143,ai_mimicked,Austen,Marriage Prospects
"Consider the case of Miss Beaumont, a young woman of undeniable accomplishments, yet possessed of a spirit so independent and a mind so keenly observant that she found herself perpetually at odds with the expectations of society. She declared, with a boldness that scandalized her more conventional acquaintances, that she would rather remain a spinster than sacrifice her intellectual freedom to a husband who valued her merely as a decorative addition to his household. Such sentiments, while admirable in their sincerity, were not without their risks. For a woman without the protection of a husband was, in the eyes of the world, vulnerable and incomplete. Yet, one could not entirely condemn Miss Beaumont’s resolve. Was it not a greater misfortune to be bound to a life of quiet desperation than to embrace the solitude of independence?",136,ai_mimicked,Austen,Marriage Prospects
"It is frequently remarked that a woman’s education ought to be directed towards rendering her more attractive to the male sex, a notion which, upon reflection, appears both absurd and profoundly limiting. To cultivate accomplishments solely for the purpose of securing a husband is to reduce a woman to a mere instrument of courtship, denying her the opportunity to develop her intellect and pursue her own interests. Surely, a rational being deserves a preparation for life that extends beyond the acquisition of musical proficiency and a passable skill in watercolour painting. The true aim of education, for both sexes, ought to be the cultivation of reason, the development of moral character, and the fostering of a capacity for independent thought. Only then can individuals, male or female, make informed choices regarding their future happiness – including, but not limited to, the momentous decision of marriage.",145,ai_mimicked,Austen,Marriage Prospects
"It is a truth universally acknowledged, that a single woman with a moderate fortune must be in want of a husband – or, at least, subjected to the incessant machinations of those who believe she is. Yet, to speak plainly, the pursuit of a suitable establishment is rarely founded upon affection, but rather upon a cool calculation of consequence. Miss Eleanor Ainsworth, for instance, possessed a comfortable income, and consequently, endured a relentless stream of proposals from gentlemen whose merits extended no further than their ability to manage her funds. One might almost suspect a conspiracy amongst mothers, determined to secure their daughters’ futures regardless of their inclinations, and viewing a happy heart as a decidedly secondary consideration to a well-furnished home. Such pragmatism, while perhaps necessary in a world governed by property, does little to elevate the human spirit.",140,ai_mimicked,Austen,Marriage Prospects
"Mrs. Featherstonehaugh, a woman whose pronouncements on the subject of matrimony were invariably delivered with the air of one dispensing profound wisdom, declared to her niece, “A woman’s value, my dear, diminishes with every birthday not consecrated by a ring.” The sentiment, though unrefined, possessed a certain brutal honesty. It was not merely the securing of financial stability that drove the marriage market, but the desperate anxiety of female existence within a society that offered so few independent avenues for fulfillment. To remain unmarried was to invite pity, or worse, suspicion. One observed, with a degree of melancholy, how quickly a young lady’s accomplishments – her pianoforte playing, her French, her embroidery – lost their lustre once she passed the age considered suitable for the altar.",126,ai_mimicked,Austen,Marriage Prospects
"The late season at Bath had been particularly rife with speculation regarding the attentions paid by Sir Reginald Bromley to Miss Penelope Croft. He was, undeniably, a man of fortune, though possessed of a countenance so remarkably devoid of expression as to suggest a complete absence of sensibility. Penelope, however, appeared quite captivated, or at least, diligently practiced the art of appearing so. One could not help but wonder if her eagerness stemmed from genuine affection, or merely a shrewd assessment of her own prospects. For, though Sir Reginald lacked charm, he offered security, and in the delicate balance of a young woman’s life, security was often deemed a sufficient substitute for happiness. It was a transaction, after all, as much as a romance.",124,ai_mimicked,Austen,Marriage Prospects
"Consider the case of the Misses Harwood, whose mother, a lady of unwavering ambition, had determined to elevate her daughters into the peerage. She instilled in them a belief that marriage was not a matter of inclination, but of strategic alliance. They were schooled in the art of flattery, instructed in the nuances of courtly behaviour, and paraded before eligible bachelors as if they were prize livestock. The effect, however, was rather disastrous. Their affected manners and transparent calculations proved repellent to most gentlemen of genuine discernment, and they remained, despite their mother’s best efforts, conspicuously unattached. A cautionary tale, perhaps, of the perils of overreaching ambition and the importance of genuine, though unassuming, grace.",115,ai_mimicked,Austen,Marriage Prospects
"It is frequently remarked that a young man’s fortune dictates the extent of his choice, while a young woman’s choice dictates the extent of her fortune. A gentleman, possessing an ample inheritance, may afford to indulge in a romantic attachment, selecting a wife based upon personal affection and shared interests. A lady, however, is rarely granted such liberty. Her considerations are, of necessity, more pragmatic. She must weigh the advantages of rank, income, and social standing against the potential for domestic unhappiness. The disparity is, undeniably, unjust, yet it is a truth woven into the very fabric of our society, and one which few dare to challenge with any lasting effect.",111,ai_mimicked,Austen,Marriage Prospects
"It is a truth universally acknowledged, that a single woman with a moderate fortune must be in want of a husband – or, at least, subjected to the incessant machinations of those who believe she is. Yet, to speak plainly, the pursuit of a suitable establishment is rarely founded upon affection, but rather upon a cool calculation of consequence. Miss Eleanor Ainsworth, for instance, possessed a comfortable income, and consequently, endured a siege of proposals from gentlemen whose merits extended no further than their ability to manage her funds. One might almost suspect a preference for prudence over passion in the fairer sex, were it not so readily apparent that even the most sensible woman desires some degree of esteem alongside security. The question, then, is not merely *to* marry, but *how* to marry with a degree of both comfort and, dare one hope, happiness.",145,ai_mimicked,Austen,Marriage Prospects
"Mrs. Featherstonehaugh, a lady whose conversational talents were exceeded only by her propensity for interference, declared to her niece, Miss Beatrice, that a woman’s value diminished with each passing season she remained unwed. “It is a fading bloom, my dear,” she pronounced, whilst arranging a particularly ostentatious bouquet. “Like a fine peach, best enjoyed before it becomes overripe.” Beatrice, though dutifully attentive, privately considered her aunt’s analogy somewhat unflattering. The truth, she suspected, lay not in a decline of personal charms, but in the increasing desperation of eligible men to secure a wife before their own prospects dwindled. A gentleman, after all, might find himself burdened with aged parents or a younger brother’s claims, rendering a timely marriage a matter of pressing necessity, rather than romantic inclination.",127,ai_mimicked,Austen,Marriage Prospects
"One observes, with a degree of detached amusement, the peculiar anxieties surrounding the marriage of younger daughters. It is not, generally, the girl herself who initiates the fervent discussions, but rather her mother, whose own past happiness – or lack thereof – seems inextricably linked to the matrimonial fortunes of her offspring. Lady Gresham, for example, viewed her daughters as pawns in a delicate game of social advancement, each alliance carefully considered for its potential to elevate the family’s standing. The girls, meanwhile, were expected to exhibit a pleasing docility, concealing any genuine preferences beneath a veneer of polite acquiescence. Such a system, though undeniably effective in securing advantageous matches, leaves one to wonder at the cost to individual sensibility.",120,ai_mimicked,Austen,Marriage Prospects
"The advertisements in *The Matrimonial Times* offer a most curious insight into the current state of the marriage market. One finds appeals ranging from the pathetically humble – a widowed clergyman seeking a companionable helpmate – to the brazenly ambitious – a baronet desiring a wife with a substantial fortune and a pleasing countenance. It is a marketplace, in short, where affection is frequently secondary to financial considerations, and where a woman’s worth is often measured by the size of her dowry. To peruse these columns is to be struck by the sheer pragmatism of the undertaking, and to question whether the institution of marriage, as presently practiced, truly serves the interests of happiness, or merely the perpetuation of property and social order.",123,ai_mimicked,Austen,Marriage Prospects
"“Do you believe, Miss Selina,” inquired Mr. Harrington, with a pointed glance towards the assembled company, “that a woman ought to marry for love, or for security?” Selina, a young lady possessed of both wit and discretion, hesitated only a moment before replying. “Sir, I suspect the two are not always mutually exclusive. A prudent affection, founded upon mutual respect and a compatible temperament, may well provide both comfort and consequence.” Mr. Harrington, however, appeared unconvinced. “But what of passion, Miss Selina? The rapturous delirium of a truly devoted heart?” Selina smiled faintly. “Passion, sir, is a delightful embellishment, but a precarious foundation upon which to build a lasting establishment. It fades, you see, whilst a well-managed fortune, and a sensible partner, endure.”",123,ai_mimicked,Austen,Marriage Prospects
"It is a truth universally acknowledged, that a single woman with a moderate fortune must be in want of a husband – or, at least, subjected to the incessant machinations of those who believe she is. Yet, the pursuit of a suitable establishment is rarely dictated by want alone, but rather by a complex calculus of consequence, wherein family connections, social standing, and the gentleman’s income are weighed with a precision that would do credit to a mathematician. One observes, with a degree of detached amusement, the mothers who, convinced of their daughters’ charms, overlook deficiencies of character or fortune in a prospective suitor, deeming a connection, *any* connection, preferable to the dreaded state of spinsterhood. Such eagerness, however, frequently proves detrimental, leading to matches founded on expediency rather than affection, and promising little in the way of domestic felicity.",140,ai_mimicked,Austen,Marriage Prospects
"Miss Eleanor Ainsworth, though possessed of a lively wit and a passable degree of beauty, found herself, at twenty-three, increasingly burdened by the quiet desperation of her situation. Not that her fortune was inconsiderable, but it was, as her mother frequently lamented, “not *large* enough to command.” She had, of course, received offers – Mr. Grimshaw, a man of substantial property but lamentable conversation; and Captain Harding, whose profession, while respectable, offered little prospect of settled life. But Eleanor, possessing a sensibility far exceeding that of her neighbours, could not reconcile herself to a union devoid of esteem. “To be comfortable,” she mused, whilst sketching the gardens at Hartfield, “is not necessarily to be happy. And what is life, if not a pursuit of some degree of contentment?”",128,ai_mimicked,Austen,Marriage Prospects
"The present generation, it seems, has entirely lost sight of the delicate art of courtship, replacing it with a vulgar haste that borders on the indelicate. Formerly, a gentleman’s attentions were gradual, measured, and designed to ascertain a lady’s character as much as to display his own. Now, a few dances and a hastily penned note are deemed sufficient prelude to a declaration, and refusal is met with petulance rather than respectful resignation. One cannot but suspect that this change is attributable to the increasing prevalence of fortune-hunting, where the object is not a wife, but an inheritance. Such mercenary motives, though rarely spoken of, are universally understood, and cast a shadow over the sincerity of even the most ardent professions.",121,ai_mimicked,Austen,Marriage Prospects
"Mrs. Bennet, a lady whose energies were entirely devoted to the advancement of her daughters, considered the arrival of eligible bachelors in the neighbourhood as a personal triumph. Her pronouncements on the subject were invariably delivered at considerable volume, and with a complete disregard for the proprieties. “Mr. Bingley,” she declared to a long-suffering acquaintance, “is precisely the sort of man to fall in love at first sight! And Jane, my dear Jane, is so exceedingly accomplished, so perfectly amiable… he cannot *fail* to be captivated!” It was a strategy, one might observe, founded on optimism rather than reason, and frequently resulted in embarrassing displays of maternal eagerness. Yet, one could scarcely blame her; for a mother’s heart, however misguided, is invariably fixed upon the happiness of her children.",129,ai_mimicked,Austen,Marriage Prospects
"To observe the intricacies of the marriage market is, in truth, to witness a performance of considerable complexity. Each party, whether consciously or not, adopts a role – the demure maiden, the attentive suitor, the anxious mother, the calculating aunt. The dialogue is rarely direct, consisting instead of veiled allusions, subtle compliments, and carefully constructed inquiries. A seemingly innocent remark about the weather may, in fact, be a shrewd assessment of a gentleman’s estate. A casual observation on a lady’s accomplishments may conceal a critical evaluation of her dowry. It is a game of artifice, played with a degree of skill that would astonish those unfamiliar with the rules, and one in which the stakes are, for many, of the utmost importance.",122,ai_mimicked,Austen,Marriage Prospects
"It is a truth universally acknowledged, that a single woman with a moderate fortune must be in want of a husband – or, at least, subjected to the incessant machinations of those who believe she ought to be. Yet, the pursuit of a suitable establishment is rarely founded upon affection, but rather upon a cool calculation of consequence. Miss Eleanor Ainsworth, for instance, possessed a comfortable income, and consequently, endured a relentless stream of proposals from gentlemen whose merits extended no further than their ability to secure her financial future. One might almost suspect a conspiracy amongst mothers, determined to alleviate their daughters of the burden of independence, and themselves of the anxieties attending a spinsterhood which, in their estimation, is the ultimate misfortune. The genuine happiness of the lady, it seems, is a secondary consideration, eclipsed by the necessity of a prudent match.",144,ai_mimicked,Austen,Marriage Prospects
"Mrs. Featherstonehaugh, a woman whose pronouncements on the subject of matrimony were invariably delivered with the air of one dispensing profound wisdom, declared to her niece, “A woman’s value, my dear, diminishes with every birthday not consecrated by a ring.” This sentiment, though undeniably harsh, reflected a prevailing truth. For what alternative remained to a woman lacking independent means? To become a burden upon relatives, or to endure the precarious existence of a governess? Such prospects, naturally, rendered even a moderately advantageous marriage preferable to the uncertainties of single life. It was not, therefore, a matter of romantic inclination, but of practical necessity that drove so many young ladies into the bonds of matrimony, however little suited their temperaments might be to the yoke.",124,ai_mimicked,Austen,Marriage Prospects
"The drawing-rooms of Meryton, and indeed of most provincial towns, presented a curious spectacle during the marriage season. Young ladies, carefully schooled in the arts of accomplishment – pianoforte, sketching, a smattering of French – were displayed, as one might display porcelain, to the inspection of eligible gentlemen. Their conversation, though ostensibly concerning the weather or the latest novel, was invariably laced with subtle inquiries into fortune and connections. A blush, a lowered eyelid, a carefully worded compliment – all served as signals in a complex game of courtship, where the stakes were nothing less than a lifetime of security. One could scarcely blame the gentlemen for approaching the matter with caution, given the potential for miscalculation in such a delicate undertaking.",122,ai_mimicked,Austen,Marriage Prospects
"Consider the case of Miss Beatrice Lovelace, a young woman possessed of a lively wit and an independent spirit, qualities which, alas, proved detrimental to her marriage prospects. She possessed neither a large fortune nor a particularly striking appearance, and her refusal to feign an interest in the tedious pursuits of the gentlemen she encountered – fox-hunting, politics, and the merits of various breeds of livestock – rendered her decidedly unfashionable. It was a lamentable truth that sensibility, when unaccompanied by wealth or beauty, was often viewed as a hindrance rather than an advantage. One might almost conclude that a woman’s greatest asset was not her intelligence or her character, but her ability to conform to the expectations of society.",120,ai_mimicked,Austen,Marriage Prospects
"It is frequently observed that a young lady’s affections are easily swayed by a handsome face and a flattering address. Yet, the true test of a suitable marriage lies not in the initial bloom of romance, but in the compatibility of temperaments and the alignment of interests. How often does one witness a union founded upon mere attraction dissolve into mutual recrimination and regret? Mr. Harrington, for example, captivated by Miss Tremaine’s beauty, failed to discern the shallowness of her character, and found himself, within a year of their wedding, lamenting his imprudence. The consequence, as always, was unhappiness for both parties, and a cautionary tale for those who prioritize appearance over substance in the selection of a life partner.",120,ai_mimicked,Austen,Marriage Prospects
"It is a truth universally acknowledged, that a single woman with a moderate fortune must be in want of a husband – or, at least, subjected to the incessant machinations of those who believe she is. Yet, to speak plainly, the pursuit of a suitable establishment is rarely founded upon affection, but rather upon a cool calculation of consequence. Miss Eleanor Ainsworth, for instance, possessed a comfortable income, and consequently, endured a siege of attentions from gentlemen whose principles were, shall we say, flexible. Her mother, a woman of unwavering practicality, deemed Mr. Grimshaw’s lack of amiable disposition a trifling matter when weighed against his landed estate. Such arrangements, though lacking in romantic flourish, served their purpose in securing a woman’s future, a future too often dependent upon the generosity – or lack thereof – of a male relative or spouse. One cannot but lament the limitations imposed upon female independence by the necessities of the age.",157,ai_mimicked,Austen,Marriage Prospects
"The drawing-room at Hartfield buzzed with the usual post-prandial discourse, though today’s topic possessed a particular piquancy. Mrs. Weston, ever the champion of happy unions, declared young Mr. Campbell “quite the catch,” prompting a ripple of polite agreement. But did anyone truly *observe* Mr. Campbell? He possessed a fortune, undoubtedly, and a tolerable countenance, yet his conversation was devoid of any genuine sensibility, consisting largely of pronouncements on the price of wheat and the merits of various hunting dogs. Miss Woodhouse, with a delicate arch of her brow, inquired whether such qualities constituted a sufficient foundation for lasting felicity. It is a curious thing, is it not, how readily society equates wealth with worth, and how often a woman is expected to sacrifice inclination for the sake of a secure, if uninspiring, match?",133,ai_mimicked,Austen,Marriage Prospects
"One might be tempted to believe that the anxieties surrounding marriage prospects are a modern affliction, born of a heightened awareness of individual desires. Yet, a perusal of correspondence from even the most respectable families of a preceding generation reveals a similar preoccupation. Letters detailing the virtues – and, more frequently, the deficiencies – of potential suitors abound, each assessment framed by a pragmatic consideration of rank, fortune, and connections. The difference, perhaps, lies not in the *existence* of such concerns, but in the degree to which they are openly acknowledged. In former times, a young lady’s fate was largely determined by her parents, with little room for personal agency. Now, while societal pressures remain formidable, a woman may, at least, *pretend* to exercise some degree of choice, a liberty which, though often illusory, is nonetheless significant.",137,ai_mimicked,Austen,Marriage Prospects
"“Mama, do you truly believe Captain Davies intends anything serious?” inquired Miss Charlotte Palmer, her voice a delicate tremor. Lady Palmer, occupied with arranging a particularly elaborate bouquet, barely glanced up. “Serious, my dear? He has a regiment, a commission, and a tolerable income. What more could a young lady desire?” Charlotte, however, harboured doubts. The Captain’s attentions, while frequent, lacked a certain… earnestness. He spoke of her with admiration, certainly, but his eyes invariably strayed towards the card table or the latest arrival in the ballroom. It is a lamentable truth that many gentlemen view marriage as a convenient arrangement, a means of enhancing their social standing or replenishing their coffers, rather than as a sacred union founded upon mutual respect and affection. Such mercenary motives, though rarely spoken of, are all too prevalent.",135,ai_mimicked,Austen,Marriage Prospects
"The prevailing notion that a woman’s primary duty lies in securing a husband, while deeply ingrained in the fabric of our society, is not without its inherent contradictions. For what purpose is such an alliance, if not to foster happiness and mutual improvement? Yet, how often do we witness matches made solely for the sake of propriety or financial gain, resulting in years of quiet desperation and unfulfilled expectations? It is a sobering thought that the very institution designed to provide comfort and companionship can, in fact, become a source of profound unhappiness. Perhaps, a greater emphasis should be placed upon cultivating a woman’s intellect and independence, enabling her to pursue a life of purpose and fulfillment, regardless of her marital status. Such a prospect, though radical, offers a glimmer of hope for a more equitable and enlightened future.",139,ai_mimicked,Austen,Marriage Prospects
"It is a truth universally acknowledged, that a parent possessed of fortune must, in some degree, be concerned with the future establishment of their offspring; yet how often does this concern devolve into a misguided interference, a cramping of youthful ambition under the weight of parental expectation? One observes, with a degree of melancholy, the daughters of respectable families, steered towards matches of convenience rather than affection, their own inclinations sacrificed upon the altar of social standing and financial security. Such arrangements, though perhaps ensuring a comfortable provision, frequently yield a domestic unhappiness far exceeding any temporary inconvenience of a more modest income. For what profiteth it a woman to be richly married, if her spirit is broken and her days consumed in silent regret? The consequence, too often, is a perpetuation of this very system, as the next generation repeats the patterns instilled within them.",146,ai_mimicked,Austen,Parental Duty
"Mrs. Hawthorne, a woman of considerable, though often misplaced, sensibility, lamented to her friend Miss Elmsworth the trials of motherhood. “One strives, you see,” she confided, whilst delicately stirring her tea, “to instill virtue and good sense, to guard against imprudence and folly. But the young are so… headstrong! My Edward, for instance, possesses a most amiable disposition, yet harbours a regrettable fondness for poetry and philosophical speculation, pursuits wholly unsuited to a gentleman intending to enter the Church. Is it not a parent’s duty to redirect such inclinations, to steer him towards a path of demonstrable usefulness?” Miss Elmsworth, ever cautious in her pronouncements, merely offered a sympathetic murmur, privately suspecting that Edward’s ‘usefulness’ was being defined solely by his mother’s desire for a respectable son-in-law.",127,ai_mimicked,Austen,Parental Duty
"The notion of parental duty, when examined with a dispassionate eye, appears less a matter of inherent right than a solemn trust. It is not sufficient merely to provide for the physical necessities of a child; a roof, sustenance, and suitable attire are but the barest minimum. A far greater obligation lies in cultivating the mind, fostering a sense of moral responsibility, and preparing the young for the inevitable disappointments and complexities of life. Yet, how frequently do parents abdicate this higher duty, contenting themselves with superficial guidance and a relentless pursuit of outward appearances? Such negligence, one fears, breeds a generation ill-equipped to navigate the world with either wisdom or grace, and prone to repeating the errors of their forebears.",121,ai_mimicked,Austen,Parental Duty
"Consider the case of the Misses Penrose, brought up in a state of sheltered indulgence, their every whim catered to by a doting, yet remarkably feckless, father. He deemed it his parental duty to shield them from all unpleasantness, to present a world devoid of hardship or responsibility. The consequence, predictably, was a pair of young ladies utterly incapable of self-reliance, possessed of an inflated sense of their own importance, and entirely unprepared for the realities of a society which demands both prudence and fortitude. Their attempts at securing advantageous matches proved consistently unsuccessful, not from any lack of beauty or accomplishments, but from a pervasive air of entitlement that repelled all sensible gentlemen. A sad illustration, indeed, of good intentions leading to a most lamentable outcome.",127,ai_mimicked,Austen,Parental Duty
"One cannot but observe, with a certain degree of amusement, the lengths to which parents will go in the name of securing their children’s futures. It is a common spectacle – the anxious mother, hovering over her daughter at every ball, subtly directing her attentions towards eligible bachelors; the stern father, dictating the terms of a suitable profession, regardless of his son’s true inclinations. Such interventions, though often motivated by affection, frequently betray a profound lack of trust in the young person’s own judgment. Is it not, one wonders, a more enlightened approach to offer guidance and support, whilst allowing the individual to forge their own path, to learn from their own mistakes, and to ultimately define their own happiness? To stifle independence in the name of ‘duty’ is, in truth, a most insidious form of control.",137,ai_mimicked,Austen,Parental Duty
"It is a truth universally acknowledged, that a parent possessed of fortune must, in some degree, be solicitous for the establishment of their offspring; yet, how often does this solicitude descend into a tyranny most unwelcome, and founded upon notions of propriety rather than genuine affection? One observes, with a degree of melancholy, the number of young ladies steered towards connections solely for the advancement of family consequence, their own inclinations dismissed as frivolous, their sensibilities deemed insufficiently robust to withstand the practicalities of a union. Such arrangements, though perhaps securing a comfortable provision, frequently result in a household devoid of harmony, where duty outweighs delight, and the bloom of youth is sacrificed upon the altar of prudent calculation. Is it not a lamentable spectacle, to witness a spirit crushed beneath the weight of parental expectation?",136,ai_mimicked,Austen,Parental Duty
"Mrs. Hawthorne, a woman of considerable, though often misplaced, energy, declared to her daughter, Miss Eleanor, over a particularly uninspiring breakfast of toast and weak tea, “Marriage, my dear, is not a matter of romantic fancy, but of securing one’s future.” Eleanor, though accustomed to her mother’s pronouncements, could not entirely suppress a sigh. The conversation, as so many were, revolved around the eligible, and more importantly, the *advantageous* Mr. Finch. “He lacks, perhaps, a certain… vivacity,” Mrs. Hawthorne conceded, “but his estate is impeccable, and his connections beyond reproach.” It was a chilling assessment, reducing a potential life partner to a series of financial and social assets. One wondered, observing this exchange, if mothers truly believed their daughters incapable of discerning their own happiness, or if their own past disappointments coloured their judgement so profoundly.",136,ai_mimicked,Austen,Parental Duty
"The weight of parental duty, when rightly understood, is not a burden, but a privilege – a gentle guidance, rather than a forceful direction. To nurture a child’s talents, to instill principles of honour and integrity, and to prepare them for the inevitable trials of life, these are the true obligations of a parent. Yet, it is a delicate balance, for overbearing interference can stifle independence and breed resentment. A wise parent recognizes the distinct character of each child, fostering their individual strengths and accepting their inherent limitations. To mold a son or daughter into a preconceived ideal is not only presumptuous, but ultimately detrimental, for it denies them the opportunity to discover their own path and fulfill their own potential. Such a course, though motivated by affection, is frequently a demonstration of self-regard.",134,ai_mimicked,Austen,Parental Duty
"One cannot but reflect upon the peculiar anxieties that attend the upbringing of daughters, particularly in an age where their prospects are so narrowly defined. A son, however lacking in fortune or accomplishment, may still pursue a profession, a military commission, or even a life of adventure. A daughter, however, is largely dependent upon securing a suitable match, and her parents are therefore compelled to exert a degree of control that would be considered unseemly in the case of a male heir. This disparity, though regrettable, is a consequence of societal structures, and it places a heavy responsibility upon those entrusted with a young lady’s welfare. To balance the need for security with the desire for happiness is a task demanding both wisdom and forbearance, qualities not always readily found.",130,ai_mimicked,Austen,Parental Duty
"It is frequently observed that parents, in their eagerness to provide for their children, overlook the most essential ingredient of a contented life: the cultivation of a virtuous character. Fortunes may be lost, estates may crumble, and social standing may fluctuate, but integrity, kindness, and a well-regulated mind remain constant sources of strength and solace. To prioritize wealth and rank above these qualities is a grave error, for it risks producing individuals who are outwardly respectable but inwardly deficient. Such persons, though possessing all the advantages of birth and fortune, are ill-equipped to navigate the complexities of life and are prone to disappointment and moral failings. A truly responsible parent, therefore, will strive to instill not merely a sense of duty, but a genuine love of goodness.",127,ai_mimicked,Austen,Parental Duty
"It is a truth universally acknowledged, that a parent possessed of fortune must, in some degree, be solicitous for the establishment of their offspring; yet, how often does this solicitude devolve into a tyranny most unwelcome, a striving to dictate not merely circumstance, but inclination itself? One observes, with a degree of melancholy, the young lady forced into a connection advantageous to her family, but wholly devoid of personal esteem, and cannot but question whether such a union, though securing present comfort, truly fulfills the duty owed to a child – namely, the fostering of a rational happiness. For what profit is a secure income if purchased at the expense of a spirit crushed by indifference, or a heart burdened by regret? Surely, a parent’s responsibility extends beyond mere provision, encompassing the cultivation of a mind capable of discerning its own contentment.",142,ai_mimicked,Austen,Parental Duty
"Mrs. Hawthorne, a woman of considerable, though often misplaced, sensibility, lamented to Miss Elmsworth the trials of motherhood with a vehemence that bordered on the theatrical. “To guide, my dear,” she declared, waving a lace handkerchief, “to *mold* a character! It is a burden, I assure you, a constant struggle against the natural inclinations of youth. My Charles, for instance, possesses a decided taste for the frivolous – whist, fast horses, and company of a decidedly unsuitable nature. It is my duty, of course, to curb these excesses, to steer him towards a path of propriety and usefulness. Though, between ourselves,” she lowered her voice conspiratorially, “one sometimes wonders if such forceful correction does not engender a resentment more damaging than the original fault.” The irony, of course, was entirely lost on Mrs. Hawthorne herself.",135,ai_mimicked,Austen,Parental Duty
"The neglect of parental duty is, perhaps, a less frequently discussed failing than its overzealous exercise, yet it presents a consequence no less dire. To allow a child to wander unchecked through life, devoid of guidance or moral instruction, is scarcely more commendable than to bind them with excessive constraint. One recalls the unfortunate Miss Ainsworth, left to the mercies of a distant and indifferent uncle, who, lacking any firm hand to direct her, fell prey to the first plausible rogue who offered attention. It is not sufficient to provide for a child’s physical needs; a cultivated understanding, a sense of discernment, and a grounding in principle are equally essential. To deny these is to condemn one’s offspring to a vulnerability most lamentable.",123,ai_mimicked,Austen,Parental Duty
"Consider the case of Sir Reginald, a gentleman whose estate, though considerable, was perpetually threatened by his own improvidence. He viewed his children not as individuals deserving of nurture and guidance, but as extensions of his own ambition, pawns in a game of social advancement. His eldest son, destined for the Church, was burdened with expectations he could scarcely meet, while his daughters were paraded before eligible gentlemen with a calculating coldness that chilled the very air. Such a father, one suspects, understands little of true paternal affection, mistaking control for care and self-interest for duty. The consequence, inevitably, will be a family fractured by resentment and a legacy tarnished by ambition.",112,ai_mimicked,Austen,Parental Duty
"It is a common observation that parents frequently mistake their own desires for the genuine inclinations of their children, a failing born, no doubt, of a natural, though often misguided, affection. A mother, convinced of her daughter’s aptitude for music, may insist upon lessons despite a clear lack of enthusiasm, thereby fostering not a skill, but a discontent. A father, determined to see his son follow in his footsteps, may discourage pursuits that offer greater promise of happiness. Such interventions, though intended to be benevolent, are often profoundly detrimental, stifling individuality and breeding a quiet desperation. The wisest parent, it seems, is he who learns to observe, to encourage, and to allow the unfolding of a character, rather than attempting to impose a predetermined form upon it.",127,ai_mimicked,Austen,Parental Duty
"It is a truth universally acknowledged, that a parent possessed of fortune must, in some degree, be solicitous for the establishment of their offspring; yet, how often does this solicitude descend into a meddling which proves more detrimental than neglect? Mrs. Featherstonehaugh, for instance, deemed it her sacred duty to dictate not merely the *choice* of a husband to her daughter, but the very *manner* of his courtship, a scheme which resulted in a young lady rendered wholly unmarriageable by her own suppressed affections and a gentleman driven to seek comfort elsewhere. Such interference, born of a misguided sense of responsibility, demonstrates a lamentable want of understanding regarding the delicate balance between guidance and coercion, and the essential liberty required for any attachment to flourish with genuine sincerity. The consequence, invariably, is disappointment – and a daughter left to lament a mother’s overzealous hand.",144,ai_mimicked,Austen,Parental Duty
"One cannot but observe, in the conduct of many a father, a curious inconsistency. They preach the virtues of independence and self-reliance to their sons, yet simultaneously exert every influence to secure them advantageous positions, be it in the army, the church, or a lucrative mercantile house. Is this not a contradiction? To prepare a young man for the hardships of life, and then to shield him from all hardship, seems a preparation of a most peculiar kind. Mr. Harding, a man of considerable estate, insisted his son pursue a legal career, despite the boy’s evident inclination towards the quieter pursuits of natural philosophy. “It is my duty,” he declared, “to provide for his future.” But what future is worth having if it is not one chosen by the individual himself? Such paternal benevolence, though well-intentioned, risks fostering a discontent that no amount of wealth can alleviate.",147,ai_mimicked,Austen,Parental Duty
"The question of parental duty, when viewed through the lens of a limited inheritance, presents a particularly vexing dilemma. For those whose fortunes do not permit the provision of comfortable settlements for all their children, a degree of pragmatism becomes, alas, unavoidable. Miss Elmsworth, with three daughters and a dwindling estate, found herself compelled to encourage the attentions of Sir Reginald, a man of fortune but questionable character. “It is a sacrifice,” she confided to her sister, “but what choice have I? To leave my girls dependent upon the precarious kindness of relatives is a prospect too dreadful to contemplate.” One might condemn her for prioritizing security over happiness, yet who amongst us, faced with similar constraints, could confidently claim to act with greater nobility?",125,ai_mimicked,Austen,Parental Duty
"“Papa, you do not understand!” exclaimed Miss Beaumont, her voice trembling with indignation. “To suggest I accept Mr. Finch merely because he possesses a respectable income is an insult!” Her father, a man of rigid principles and unwavering expectations, merely raised an eyebrow. “My dear,” he replied, with a chilling composure, “sentiment is a luxury few can afford. Your mother and I have always endeavoured to secure your future, and a prudent match is the most certain path to happiness.” The scene, though commonplace, reveals a fundamental truth: parental duty is often perceived as a matter of securing *provision*, rather than fostering *inclination*. It is a transaction, viewed with a cold, calculating eye, where a daughter’s affections are weighed against the demands of social and economic necessity.",127,ai_mimicked,Austen,Parental Duty
"It is frequently remarked that a mother’s influence is paramount in the formation of her children’s character, and whilst this holds a degree of truth, it is the father’s responsibility to instill a sense of moral rectitude and sound judgement. Too often, however, this duty is neglected, replaced by a preoccupation with maintaining appearances and upholding the family’s standing within the community. Old Mr. Gresham, for example, indulged his son’s every whim, fearing that any display of discipline might reflect poorly upon his own authority. The consequence was a young man utterly devoid of principle, prone to extravagance and reckless behaviour, and ultimately, a source of profound embarrassment to his family. A father’s indulgence, however affectionate in intent, can prove a far greater disservice than any stern correction.",128,ai_mimicked,Austen,Parental Duty
"It is a truth universally acknowledged, that a parent possessed of fortune must, in some degree, be desirous of providing for their offspring; yet how rarely does that desire extend beyond the securing of a comfortable establishment, with little thought given to the cultivation of a mind prepared to *deserve* such provision. Miss Elmsworth, recently come into a considerable inheritance, immediately set about finding a husband for her eldest daughter, a young lady whose accomplishments, though numerous, were chiefly devoted to the display of ribbons and the execution of passable watercolors. Such a scheme, while perhaps excusable in a mother anxious for her child’s future, betrayed a lamentable deficiency in understanding of true parental duty – namely, the fostering of independence and moral strength, qualities far more valuable than any dowry. To equip a daughter solely for the marriage market is to diminish her, to render her existence contingent upon the whims of another, and scarcely a preparation for the inevitable uncertainties of life.",164,ai_mimicked,Austen,Parental Duty
"One cannot but observe, in the present age, a distressing tendency towards indulgence in the rearing of children. Formerly, a strict discipline, though perhaps occasionally bordering on severity, instilled a respect for authority and a sense of personal responsibility. Now, however, parents seem determined to be friends rather than guides, to shield their offspring from every possible discomfort, and to mistake a lack of constraint for genuine happiness. Mrs. Hawthorne, for instance, allows her son, a young man of twenty and possessed of a modest income, to pursue every fleeting fancy, indulging his passion for extravagant pursuits and neglecting entirely the necessity of prudent management. Such a course, though motivated by affection, is ultimately a disservice, for what preparation does it offer for the inevitable hardships and disappointments which attend even the most fortunate of lives? A parent’s duty, surely, extends beyond mere fondness.",144,ai_mimicked,Austen,Parental Duty
"“But Mama,” protested young Miss Penrose, her voice laced with a petulance that would have been considered unseemly in a less favoured drawing-room, “why must I practice the pianoforte when I detest it? It is a most tiresome occupation!” Her mother, a woman of considerable, though often misapplied, sensibility, sighed deeply. “My dear,” she replied, “it is not a question of your enjoyment, but of your improvement. A lady must possess accomplishments, and music is considered essential.” The exchange, though commonplace, reveals a fundamental truth regarding parental duty. It is not merely to cater to a child’s inclinations, however charming, but to provide them with the skills and knowledge necessary to navigate the complexities of society. To allow a daughter to remain entirely untutored, simply because she finds learning disagreeable, is to condemn her to a life of dependence and limited opportunity.",142,ai_mimicked,Austen,Parental Duty
"The historical record offers ample evidence of the consequences attending a neglect of parental duty. Consider the case of Lord Ashworth, whose dissipated youth, unchecked by any firm guidance, led him to ruin both his fortune and his reputation. His father, a man preoccupied with political ambition, had delegated the responsibility of his son’s upbringing to a succession of indifferent tutors, failing to cultivate any personal connection or moral influence. The result was a young man ill-equipped to resist temptation, and ultimately, a cautionary tale for all who would underestimate the importance of a father’s active involvement in his child’s education. It is a sobering thought, that the failings of one generation may so profoundly impact the fate of the next, and a powerful argument for the diligent performance of parental obligations.",132,ai_mimicked,Austen,Parental Duty
"One is frequently struck by the peculiar notion that parental duty concludes with the provision of sustenance and shelter. It is assumed, it seems, that a child, once adequately fed and clothed, will naturally develop into a virtuous and rational being. Such a belief, however, is demonstrably false. The human mind, like a garden, requires constant cultivation; it must be nurtured with knowledge, disciplined by reason, and protected from the weeds of vice. To neglect this essential work is to invite moral decay, and to risk producing a generation ill-prepared to uphold the principles of a civilized society. The true measure of a parent’s success, therefore, lies not in the extent of their wealth or the elegance of their home, but in the character of their children – a character formed by careful instruction, consistent example, and a steadfast commitment to their intellectual and moral wellbeing.",146,ai_mimicked,Austen,Parental Duty
"It is a truth universally acknowledged, that a parent possessed of fortune must, in some degree, be solicitous for the establishment of their offspring; yet, how often does this solicitude descend into a tyranny most unwelcome, and founded upon notions of propriety rather than genuine affection? One observes, with a degree of melancholy, the number of young ladies steered towards connections solely for the advancement of family consequence, their own inclinations dismissed as frivolous, their sensibilities deemed insufficiently robust to withstand the practicalities of a union. Such arrangements, though perhaps securing a comfortable provision, frequently result in a household devoid of harmony, where duty supplants delight, and the bloom of youth is sacrificed upon the altar of prudent calculation. Is it not a lamentable spectacle, to witness a spirit crushed beneath the weight of parental expectation?",136,ai_mimicked,Austen,Parental Duty
"Mrs. Hawthorne, a woman of considerable, though often misplaced, energy, declared to her daughter, Miss Eleanor, over a particularly tedious embroidery frame, that a young lady’s first duty was to her family. “Consider, Eleanor,” she pronounced, her needle flashing, “your brother’s prospects are entirely dependent upon a suitable match for you. A wealthy husband will secure his advancement, and you, my dear, must be prepared to make the necessary sacrifice.” Eleanor, however, found herself contemplating the absurdity of this proposition whilst ostensibly attending to her mother’s discourse. Could a sacrifice truly be considered dutiful if it demanded the complete forfeiture of personal happiness? The question, she suspected, was one her mother had never entertained, too firmly entrenched within the established order to perceive the injustice inherent in such a demand.",130,ai_mimicked,Austen,Parental Duty
"The late Mr. Penhaligon, a man of discerning intellect, though somewhat eccentric in his habits, left behind a curious codicil to his will concerning the education of his daughters. He stipulated not merely for their instruction in the usual accomplishments – music, drawing, and the French language – but insisted upon the cultivation of their independent judgement. “Let them,” he wrote, “be taught to reason, to question, and to form their own opinions, even if those opinions should differ from my own.” Such a provision, while admirable in its intent, presented a challenge to his widow, a lady more accustomed to directing than encouraging independent thought. The consequence was a subtle, yet persistent, struggle for control, a delicate dance between maternal authority and the burgeoning intellectual freedom of her daughters.",130,ai_mimicked,Austen,Parental Duty
"One cannot but observe, in the annals of family history, the recurring pattern of parental interference, often cloaked in the guise of benevolent guidance. It is a failing, perhaps, inherent in the very nature of affection – the desire to shield one’s offspring from hardship, to ensure their security. Yet, how frequently does this well-intentioned intervention prove counterproductive, fostering resentment and ultimately hindering the very happiness it seeks to secure? The young, after all, must be permitted to stumble, to err, and to learn from their own experiences, lest they remain forever dependent, incapable of navigating the complexities of life without the constant direction of a controlling hand. A delicate balance, indeed, between protection and liberation.",116,ai_mimicked,Austen,Parental Duty
"The village gossips, predictably, were in an uproar regarding the conduct of Sir Reginald’s youngest daughter, Miss Beatrice. Having refused, not once, but thrice, proposals deemed perfectly acceptable by her father and the surrounding gentry, she was now accused of a wilfulness bordering on impropriety. Sir Reginald, a man of considerable estate but limited sensibility, lamented her obstinacy to anyone who would listen. “She forgets,” he declared to Mr. Ainsworth, the local vicar, “the duty she owes her family! A refusal of such advantageous offers reflects poorly upon us all.” It was, however, whispered amongst the more discerning members of society that Miss Beatrice possessed a spirit too independent to be confined by societal expectations, and a heart too discerning to settle for anything less than genuine affection – a quality, alas, rarely considered a prerequisite for a successful marriage.",140,ai_mimicked,Austen,Parental Duty
"It is a truth universally acknowledged, that a parent possessed of fortune must, in some degree, be solicitous for the establishment of their offspring; yet, how often does this solicitude descend into a tyranny most unwelcome, and founded upon notions of propriety rather than genuine affection? One observes, with a degree of melancholy, the number of young ladies steered towards connections solely for the advancement of family consequence, their own inclinations dismissed as frivolous, their sensibilities deemed insufficiently robust to withstand the practicalities of a union. Such arrangements, though perhaps securing a comfortable provision, frequently result in a household devoid of harmony, where duty supplants delight, and the bloom of youth is sacrificed upon the altar of prudent calculation. Is it not a lamentable spectacle, to witness a spirit crushed beneath the weight of parental expectation?",136,ai_mimicked,Austen,Parental Duty
"Mrs. Hawthorne, a woman of considerable, though often misplaced, energy, declared to her daughter, Miss Eleanor, over a particularly uninspiring breakfast of toast and weak tea, “Marriage, my dear, is a business. A most serious business.” Eleanor, accustomed to her mother’s pronouncements, merely stirred her tea with a resigned air. It was not, however, the lack of affection which rendered Mrs. Hawthorne’s approach so chilling, but rather a complete absence of understanding regarding the delicate balance between guidance and coercion. She viewed her daughter not as a being possessed of independent thought and feeling, but as a vessel to be filled with suitable accomplishments and then presented to the most advantageous bidder. One could scarcely blame Eleanor for seeking solace in novels, where romantic attachments, however improbable, offered a far more appealing prospect than the cold, calculating world her mother so diligently prepared her for.",145,ai_mimicked,Austen,Parental Duty
"The weight of parental duty, it strikes one, is often most keenly felt not in active intervention, but in the restraint of impulse. A father, observing his son’s infatuation with a lady of questionable connections, may rightly feel obliged to offer counsel, to point out the potential for unhappiness, the damage to reputation. Yet, to forbid the attachment outright, to exercise an absolute dominion over the young man’s affections, is to risk fostering a resentment that may fester for years, and to deny him the opportunity to learn, through experience, the true value of discernment. For surely, a judicious parent understands that the path to maturity lies not in shielding one’s children from all adversity, but in equipping them to navigate its inevitable challenges with fortitude and good sense.",129,ai_mimicked,Austen,Parental Duty
"Consider the case of the elder Mr. Penhaligon, a gentleman whose estate, though substantial, was burdened by a multitude of debts. His daughters, amiable enough creatures, possessed neither exceptional beauty nor remarkable accomplishments. He, therefore, felt himself under a particular obligation to secure their futures, not through fostering their personal happiness, but through the shrewd negotiation of advantageous matches. It was a harsh necessity, he reasoned, a sacrifice demanded by the exigencies of his position. And yet, one cannot help but wonder if, in his relentless pursuit of financial security, he failed to recognize the quiet desperation lurking beneath his daughters’ polite acquiescence. A comfortable income, after all, is a poor substitute for a contented heart.",116,ai_mimicked,Austen,Parental Duty
"There exists, perhaps, a subtle but significant distinction between a parent’s duty to provide for their child’s material well-being and their duty to cultivate their moral character. Too often, the former eclipses the latter, leading to a generation preoccupied with the acquisition of wealth and status, and deficient in those qualities of compassion, integrity, and humility which truly elevate the human spirit. One observes, with increasing frequency, young persons entering into engagements solely for the sake of advancement, their affections seemingly divorced from any genuine sentiment. Such unions, founded upon expediency rather than love, are unlikely to produce lasting happiness, and may, indeed, prove detrimental to the very fabric of society.",111,ai_mimicked,Austen,Parental Duty
"It is a truth universally acknowledged, that a parent possessed of fortune must, in some degree, be solicitous for the establishment of their offspring; yet, how often does this solicitude descend into a meddling which proves more detrimental than neglect? Mrs. Featherstonehaugh, for instance, deemed it her sacred duty to dictate not merely the *choice* of a husband to her daughter, but the very *manner* of his courtship, a scheme which resulted in a young lady rendered wholly unmarriageable by her own suppressed affections and a gentleman driven to seek comfort elsewhere. Such interference, born of a misguided sense of responsibility, demonstrates a lamentable want of understanding regarding the delicate balance between guidance and coercion, and the essential liberty required for any attachment to flourish with genuine promise. The consequence, invariably, is disappointment – and a daughter left to lament a mother’s overzealous hand.",144,ai_mimicked,Austen,Parental Duty
"One cannot but observe, in the conduct of many a father, a curious inconsistency. They preach the virtues of independence and self-reliance to their sons, yet simultaneously exert every influence to secure them advantageous positions, be it in the army, the church, or a lucrative mercantile house. Is this not a contradiction? To prepare a young man for the hardships of life, and then to shield him from all hardship, seems a preparation of a most peculiar kind. Mr. Harding, a man of considerable estate, insisted his son pursue a legal career, despite the boy’s evident inclination towards the quieter pursuits of natural philosophy. “It is my duty,” he declared, “to provide for his future.” But what future is worth having if it is not one chosen by the individual himself, and pursued with genuine enthusiasm? Such paternal benevolence, though well-intentioned, often smothers the very spark it seeks to nurture.",150,ai_mimicked,Austen,Parental Duty
"The weight of parental duty, it strikes me, falls most heavily upon those who have themselves experienced misfortune. A widowed mother, for example, often clings to her children with a tenacity born of fear – fear of loneliness, fear of poverty, fear of repeating her own errors. Miss Elmsworth, having lost her husband to a fever, devoted herself entirely to her two daughters, regulating their every movement, their every acquaintance, with a vigilance that bordered on the oppressive. One could scarcely blame her, perhaps, for her anxieties; yet, the girls, deprived of all opportunity for independent thought or action, grew into timid, dependent creatures, ill-equipped to navigate the complexities of the world. It is a sad truth that the desire to protect can, in itself, become a form of harm.",130,ai_mimicked,Austen,Parental Duty
"“My dear,” observed Lady Beatrice to her son, Lord Ashworth, during a particularly tedious discussion regarding his impending marriage, “it is not merely a question of *your* happiness, but of the continuation of our family line.” And there, perhaps, lies the crux of the matter. Parental duty is so frequently conflated with dynastic ambition, with the preservation of estate and status, that the individual well-being of the child is often sacrificed upon the altar of family pride. Lord Ashworth, though possessed of a cheerful disposition, appeared resigned to his fate – a union dictated by considerations of property and lineage, rather than affection. One wonders if his progenitors truly comprehended the emptiness of a life lived solely to fulfill their expectations. The consequence, one suspects, will be a quiet, enduring melancholy.",131,ai_mimicked,Austen,Parental Duty
"Consider the case of Mr. Penhaligon, a gentleman of unblemished character but limited means. He labored tirelessly to provide his daughters with a respectable education, foregoing many comforts himself that they might acquire accomplishments deemed necessary for attracting suitable husbands. Yet, his daughters, though proficient in music and needlework, possessed a lamentable deficiency in sensibility and good judgement. They valued accomplishments *above* character, and sought admiration rather than esteem. It is a sobering thought, is it not, that even the most diligent parental efforts may prove fruitless if not tempered with a cultivation of moral principles? For what good is a polished exterior if the heart remains unrefined? The true measure of parental success, surely, lies not in securing a favourable match, but in fostering a virtuous and independent spirit.",130,ai_mimicked,Austen,Parental Duty
"It is a truth universally acknowledged, that a parent possessed of fortune must, in some degree, be solicitous for the establishment of their offspring; yet, how often does this solicitude descend into a meddling which proves more detrimental than neglect? Mrs. Featherstonehaugh, for instance, deemed it her sacred duty to dictate not merely the *choice* of a husband to her daughter, but the very *manner* of his courtship, a scheme which, predictably, resulted in a young lady rendered wholly unappealing by her forced compliance and a succession of bewildered, and ultimately retreating, gentlemen. One cannot but observe that the finest intentions, when coupled with an excess of control, frequently pave the road to disappointment, and that a judicious allowance of independence, even in youth, is often the wisest course. The consequence, naturally, is a daughter either unmarried, or miserably so.",140,ai_mimicked,Austen,Parental Duty
"The weight of parental duty, considered in its most abstract form, appears a burden of considerable magnitude. It is not merely the provision of sustenance and shelter which constitutes its essence, but the shaping of a character fit for the trials and temptations of the world. Yet, how rarely do parents possess the requisite discernment to distinguish between genuine improvement and mere outward show! Miss Elmsworth, a lady of undeniable sensibility, was subjected to a relentless regimen of pianoforte practice and French conversation, ostensibly to render her more attractive in the marriage market. However, her true inclinations lay in the study of natural philosophy, a pursuit deemed wholly unsuitable for a young lady of her station. Such a misapplication of effort, one suspects, does little to foster true happiness, and may, indeed, prove positively injurious to the developing mind.",139,ai_mimicked,Austen,Parental Duty
"“My dear,” observed Lady Gresham to her son, Frederick, “you *must* marry well. It is not a matter of affection, you understand, but of consequence.” Frederick, though possessed of a fortune sufficient for his own comfort, appeared singularly indifferent to his mother’s pronouncements. He preferred the company of artists and writers to that of eligible young ladies, a preference which caused Lady Gresham no small degree of consternation. It was, she declared, a dereliction of duty – not to himself, but to his lineage. One could scarcely blame the young man for seeking solace in pursuits which engaged his intellect, when faced with the prospect of a union dictated solely by social climbing. The question, however, remains: is it a greater failing to disappoint one’s family, or to sacrifice one’s own contentment upon the altar of propriety?",137,ai_mimicked,Austen,Parental Duty
"To speak plainly, the modern inclination towards excessive indulgence in children is, in many respects, a lamentable failing. Parents, eager to secure the affection of their offspring, often shrink from the necessary exercise of authority, allowing whims and fancies to dictate conduct. The result is a generation ill-prepared to confront the realities of life, accustomed to instant gratification and incapable of enduring hardship. Young Master Thornton, for example, having been permitted to pursue every passing amusement, found himself utterly bewildered when confronted with the responsibilities of managing his father’s estate. A firm hand, and a judicious denial of frivolous desires, are, in truth, the most enduring expressions of parental affection, though they are seldom recognised as such by the recipient.",120,ai_mimicked,Austen,Parental Duty
"There exists, perhaps, a subtle but significant distinction between fulfilling one’s parental duty and merely *appearing* to do so. Many a father, convinced of his own benevolence, provides lavishly for his daughters, yet neglects the cultivation of their minds and the strengthening of their moral character. Such provision, while outwardly generous, is ultimately a disservice, leaving them vulnerable to the machinations of fortune-hunters and the vagaries of fashion. Miss Ainsworth, though possessed of a handsome income, found herself repeatedly deceived by gentlemen whose attentions were motivated by self-interest rather than genuine regard. It is not enough, therefore, to bestow material comforts; a parent must also equip their children with the intellectual and emotional resources necessary to navigate the complexities of society with discernment and fortitude.",125,ai_mimicked,Austen,Parental Duty
"It is a truth universally acknowledged, that a parent possessed of fortune must, in some degree, be the architect of their child’s future; yet how often does this noble intention devolve into a species of benevolent tyranny, wherein the affections and inclinations of the young person are sacrificed upon the altar of prudent arrangement? One observes, with a degree of melancholy, the number of matches concluded not from esteem, but from a calculation of advantage – the daughter bartered, as it were, for an increase in the family estate, or the son steered towards a profession solely for its respectable income. Such conduct, though perhaps motivated by a desire to secure comfort and consequence, frequently produces a discontent far exceeding any hardship it was meant to prevent, and leaves one to question whether true duty lies in providing for necessities, or in fostering the development of a rational and contented mind.",151,ai_mimicked,Austen,Parental Duty
"Mrs. Hawthorne, a woman of unshakeable principles and a remarkably limited imagination, declared to her eldest daughter, Eliza, that a parent’s obligation extended no further than to instill virtue and a proper sense of decorum. “The rest,” she pronounced, whilst meticulously arranging her lace cap, “is entirely the concern of the individual.” Eliza, though dutiful, possessed a sensibility which chafed under such a rigid philosophy. She perceived, with a clarity her mother seemed incapable of, that the world was not a level playing field, and that a young woman, however virtuous, required more than mere moral instruction to navigate its complexities. To leave a child wholly to their own devices, without offering guidance in the practicalities of life, or a judicious introduction to suitable society, struck Eliza as a dereliction of duty, a coldness masked as independence.",137,ai_mimicked,Austen,Parental Duty
"The prevailing notion, particularly amongst those of established families, appears to be that parental duty concludes with the provision of a suitable education – a finishing school, perhaps, or a gentlemanly tutor. Yet, is this truly sufficient? One cannot help but observe the lamentable consequences of neglecting the cultivation of a child’s affections, of failing to nurture a genuine connection based on mutual respect and understanding. A young person, armed with accomplishments but devoid of warmth, is ill-equipped to form lasting attachments or to contribute meaningfully to society. Such a deficiency, born of parental indifference or a preoccupation with outward appearances, is a far graver failing than any lack of proficiency in the pianoforte or the French language.",118,ai_mimicked,Austen,Parental Duty
"Consider the case of Mr. Ashworth, a man whose fortune had been amassed through shrewd, if somewhat unscrupulous, dealings. He felt, with a conviction bordering on obstinacy, that his children were entitled to enjoy the fruits of his labour without the necessity of exertion on their own part. He indulged their every whim, shielded them from all discomfort, and actively discouraged any pursuit requiring intellectual application. “Why should they trouble themselves with study,” he would declare, “when they have ample means to procure whatever their hearts desire?” Such a misguided benevolence, however, proved to be a most pernicious influence, fostering in his offspring a sense of entitlement and a complete lack of resourcefulness, leaving them utterly unprepared for the inevitable vicissitudes of life.",123,ai_mimicked,Austen,Parental Duty
"It is, perhaps, a melancholy truth that the very nature of parental affection renders the execution of duty a task fraught with difficulty. For who amongst us can consistently separate their own desires from the genuine welfare of their child? A mother, yearning for her daughter’s happiness, may be tempted to overlook flaws of character or imprudence of conduct, whilst a father, ambitious for his son’s advancement, may push him towards a path ill-suited to his temperament. The ideal, undoubtedly, is a judicious balance – a firm hand guiding, yet allowing sufficient latitude for the development of individual judgment. But to achieve such a balance requires a degree of self-awareness and restraint rarely encountered, and it is in the inevitable failures of this endeavour that the true tragedy of parental duty resides.",132,ai_mimicked,Austen,Parental Duty
"It is a truth universally acknowledged, that a single woman possessed of a moderate fortune must be the subject of much speculation regarding her matrimonial prospects; yet, seldom is consideration given to the constraints placed upon *men* by the very establishment which benefits them. A gentleman, though ostensibly master of his own fate, finds himself bound by expectations of providing for a wife and family, of maintaining a station befitting his lineage, and of ensuring the continuation of his name. To suggest a profession unsuitable to his rank, or a marriage founded on affection rather than advantage, is to invite censure and risk the disruption of societal harmony. Thus, while ladies are lamented for their dependence, gentlemen are subtly imprisoned by duty, a circumstance rarely acknowledged in polite conversation, and even more rarely understood.",134,ai_mimicked,Austen,Gender Roles
"Mrs. Featherstonehaugh, a woman not remarkable for profundity, yet possessed of a keen eye for the nuances of village life, declared to Miss Bingley, over a particularly weak cup of tea, that “a woman’s influence is best exerted within the domestic sphere.” And indeed, one observes a certain…convenience in this arrangement. To confine female ambition to the management of a household, the education of children, and the cultivation of accomplishments deemed ‘suitable’ – pianoforte, embroidery, a passable acquaintance with French – is to render them harmless competitors in the realms of intellect and power. It is not, of course, openly stated as such; rather, it is presented as a matter of natural aptitude, a benevolent protection against the harsh realities of the world. One wonders, however, if benevolence is the sole motive.",132,ai_mimicked,Austen,Gender Roles
"The late Miss Elmsworth, a lady of considerable fortune and even more considerable opinions, once confided in me her frustration at being consistently dismissed as “too sensible” for a husband. “They desire a companion, you see,” she remarked with a wry smile, “not a challenger. A woman who thinks independently, who dares to question the established order, is viewed with suspicion, as if her very intellect were a form of rebellion.” And is it not, in a manner of speaking? For to accept without question the dictates of society is to relinquish one’s own judgment, to become merely a reflection of prevailing sentiments. Such passivity, while deemed desirable in a wife, is hardly conducive to the advancement of understanding, or indeed, to the happiness of the individual thus constrained.",129,ai_mimicked,Austen,Gender Roles
"Consider the plight of the governess, a position increasingly common in these times. She occupies a peculiar space – educated, refined, yet utterly dependent upon the goodwill of her employers. Expected to impart knowledge and cultivate the minds of young ladies, she herself is denied the freedoms and opportunities afforded to those she instructs. A delicate balance must be struck, a careful performance enacted, lest she overstep her bounds and invite dismissal. It is a situation ripe with irony, for she is tasked with preparing these young women for a world which offers her so little agency. One cannot help but observe the subtle, yet pervasive, injustice inherent in such an arrangement.",112,ai_mimicked,Austen,Gender Roles
"Young Mr. Harrington, fresh from Cambridge and brimming with radical notions, attempted to explain to his mother the merits of a more equitable distribution of opportunities between the sexes. His arguments, though delivered with youthful enthusiasm, were met with a polite, yet firm, dismissal. “My dear son,” she observed, smoothing the folds of her gown, “you mistake enthusiasm for wisdom. A woman’s strength lies in her moral influence, in her ability to soften the harshness of masculine ambition. To engage in commerce, or politics, or any pursuit traditionally reserved for gentlemen, would be…unseemly. It would disrupt the natural order, and to what end? Surely, a well-managed household and a happy family are achievements enough for any lady.” The conversation, predictably, concluded with Mr. Harrington conceding the point, though not, one suspects, without a lingering sense of dissatisfaction.",137,ai_mimicked,Austen,Gender Roles
"It is a truth universally acknowledged, that a single woman possessed of a moderate fortune must be the subject of much speculation regarding her matrimonial prospects; yet, seldom is consideration given to the constraints placed upon her agency in the matter, beyond the necessity of securing a suitable establishment. One observes, with a degree of quiet dismay, how readily a young lady’s accomplishments – her pianoforte playing, her French, her needlework – are valued solely for their power to attract a husband, rather than for any intrinsic merit. To cultivate the mind, to pursue intellectual interests, is often deemed superfluous, even unseemly, should such pursuits not ultimately contribute to her marketability. The consequence is a stifling of potential, a narrowing of ambition, and a perpetual state of dependence, however elegantly disguised by social convention.",134,ai_mimicked,Austen,Gender Roles
"Miss Eleanor, though possessed of a spirit far exceeding that commonly found in her sex, found herself, upon reaching her twenty-fifth year, in a most uncomfortable predicament. Not from a lack of offers, mind you, for her fortune was respectable and her person not displeasing. But each gentleman who paid her attention seemed less interested in her opinions, her reading, or her quiet observations of the world, and more concerned with her ability to manage a household and produce an heir. “A wife,” her uncle declared with characteristic bluntness, “must be a comfort to her husband, not a challenge.” Eleanor, however, suspected that a life devoid of intellectual companionship would prove a far greater challenge than any spirited debate. The irony, of course, was not lost on her – to be valued for qualities one was discouraged from possessing.",139,ai_mimicked,Austen,Gender Roles
"The prevailing notion that a woman’s sphere is confined to the domestic realm, while ostensibly founded upon principles of delicacy and protection, reveals itself, upon closer inspection, as a remarkably convenient arrangement for the maintenance of male authority. It is not merely that women are *denied* access to professions and public life, but that their very education is designed to render them incapable of thriving therein. A delicate constitution, a susceptibility to strong emotions – these are not inherent failings, but cultivated vulnerabilities, carefully nurtured to ensure a continued reliance upon male guidance. One cannot help but wonder if such fragility would persist were young ladies afforded the same opportunities for robust exercise and intellectual development as their brothers.",119,ai_mimicked,Austen,Gender Roles
"Mrs. Bennet, a lady whose anxieties regarding her daughters’ futures were surpassed only by her lack of discretion, frequently lamented the necessity of propriety. “A woman,” she would declare, with a dramatic sigh, “must be *seen* to be respectable, and to be respectable, she must be married!” It was a sentiment echoed, though with considerably more refinement, in the drawing-rooms of Longbourn’s more elevated neighbours. The subtle pressure to conform, to secure a husband not necessarily for affection, but for social standing and financial security, was pervasive. And yet, one could not entirely dismiss the validity of her concerns; a woman without a protector, without a secure income, faced a precarious existence, vulnerable to the whims of fortune and the indifference of society. The dilemma, then, lay not in marriage itself, but in the limitations imposed upon a woman’s choices.",140,ai_mimicked,Austen,Gender Roles
"Consider the case of Lady Ashworth, a woman of considerable wealth and influence, yet perpetually constrained by the expectations of her station. She possessed a keen intellect and a passion for political discourse, but dared not express her opinions openly, lest she be deemed unfeminine or, worse, radical. Her husband, a man of unquestionable authority, tolerated her intellectual pursuits only insofar as they did not challenge his own. It was a pattern repeated throughout the establishment – women relegated to the role of silent observers, their voices stifled, their potential unrealized. The tragedy, one might observe, is not simply the loss to individual women, but the impoverishment of society itself, deprived of the contributions of half its population.",118,ai_mimicked,Austen,Gender Roles
"It is a truth universally acknowledged, that a single woman possessed of a moderate fortune must be the subject of much speculation regarding her matrimonial prospects; yet, seldom is consideration given to the constraints imposed upon *men* by the very establishment which benefits them. A gentleman, though ostensibly master of his own fate, finds himself bound by expectations of providing for a wife and family, of maintaining a station in society commensurate with his lineage, and of foregoing pursuits deemed unsuitable to a man of property. Such limitations, though cloaked in privilege, are no less real, and often lead to matches founded upon prudence rather than affection – a circumstance which, whilst securing the continuation of estates, does little to advance the cause of genuine happiness, or indeed, of individual liberty for either party.",134,ai_mimicked,Austen,Gender Roles
"Miss Eleanor, though possessed of a lively intellect and a decided preference for philosophical inquiry, found her inclinations continually diverted by the insistent urgings of her aunt, Lady Bertram. “A woman’s mind,” her Ladyship declared with unwavering conviction, “is best employed in the management of a household, the cultivation of accomplishments, and the securing of a suitable husband.” Eleanor, attempting a subtle rejoinder regarding the potential for intellectual pursuits to *enhance* domestic felicity, was met with a blank stare and a further lecture on the impropriety of challenging established norms. One could scarcely blame the young lady for occasionally indulging in a secret, and rather unladylike, frustration; for what value, one might ask, is a finely tuned mind if it is perpetually required to operate within such narrow confines?",129,ai_mimicked,Austen,Gender Roles
"The consequences of a female’s education, or rather, the lamentable *lack* thereof, are frequently observed in the drawing-rooms of our acquaintance. How often does one encounter a lady perfectly skilled in needlework and music, yet utterly incapable of forming an opinion on any subject beyond the latest fashions or the merits of a particular ball? Such deficiencies are not, of course, entirely the fault of the ladies themselves, but rather a reflection of a society which deems intellectual cultivation unnecessary, even undesirable, in those destined for marriage. It is a curious paradox, that we expect women to be the arbiters of taste and morality, whilst simultaneously denying them the means to develop the very faculties required for such discernment.",119,ai_mimicked,Austen,Gender Roles
"“But, my dear,” Mr. Harrington observed to his daughter, whilst strolling through the rose garden, “a woman’s influence is best exerted *through* her husband. She may guide his decisions, soften his harsher judgements, and generally act as a moral compass.” A sentiment, no doubt, intended to be comforting, yet which struck Miss Harrington as profoundly unsettling. To be an influence *through* another, rather than possessing agency in one’s own right, seemed a rather diminished existence. Was a woman’s worth truly measured by her ability to subtly manipulate the actions of a man, or ought she not to aspire to a more direct and independent role in the shaping of her own destiny? The question, she suspected, was one that would occupy her thoughts for some time to come.",128,ai_mimicked,Austen,Gender Roles
"One cannot but observe a certain… theatricality in the performance of feminine virtue. The excessive displays of sensibility, the carefully cultivated air of delicate fragility, the constant protestations of modesty – all serve, one suspects, to reinforce the prevailing notion of female weakness and dependence. It is a performance demanded by society, and one in which many ladies excel, yet it is a performance nonetheless. A truly virtuous woman, one might argue, requires no such artifice; her goodness resides not in outward displays, but in the quiet strength of her character and the integrity of her principles. And yet, to suggest as much would be to invite censure, for propriety, it seems, often values appearance above authenticity.",117,ai_mimicked,Austen,Gender Roles
"It is a truth universally acknowledged, that a single woman, possessed of a moderate fortune, must be to her relations a matter of some anxiety, not from any deficiency in her own accomplishments, but rather from the necessity of securing her future within the narrow bounds prescribed by society. For what, after all, is a woman’s establishment but a transfer of obligation? She passes from the protection of father to that of husband, relinquishing control of her own person and property, and accepting in return a degree of social standing which, though often illusory, is deemed essential to her happiness. The consequence of this arrangement is a perpetual striving after eligibility, a careful calculation of connections and incomes, and a lamentable disregard for any inclination which might not align with the dictates of prudence. One cannot but observe the subtle pressures exerted, the gentle (and not so gentle) steerings towards advantageous matches, all in the name of securing a woman’s ‘comfort’ – a comfort frequently purchased at the expense of her own contentment.",173,ai_mimicked,Austen,Gender Roles
"Miss Eleanor, though possessed of a lively mind and a considerable talent for music, found herself perpetually reminded, not of her gifts, but of their limited utility in attracting a suitable husband. “A pretty tune, my dear,” her aunt would observe, with a pointed glance towards the drawing-room window, “but will it bring a baronet to the door?” Such sentiments, though delivered with a degree of affectionate concern, revealed a disheartening truth: a woman’s worth was measured not by her intellect or character, but by her potential to enhance the fortunes and social standing of a man. It was a system which fostered a peculiar kind of self-deprecation, encouraging young ladies to undervalue their own abilities and to view themselves primarily as objects of exchange. One could scarcely blame them, then, for seeking solace in romantic novels, where at least the hero possessed a sensibility capable of appreciating qualities beyond mere dowry.",152,ai_mimicked,Austen,Gender Roles
"The prevailing notion that a woman’s sphere is confined to the domestic circle, while ostensibly intended to protect her delicate constitution and refine her sensibilities, operates, in truth, as a most effective means of curtailing her influence. To declare a lady unfit for the complexities of public life is, conveniently, to deny her any voice in shaping the laws and customs which govern her existence. It is argued that her passions are too easily swayed, her judgment too easily clouded; yet, are not men equally susceptible to folly and prejudice? The difference, perhaps, lies not in inherent capacity, but in the opportunities afforded for its cultivation. A woman denied education, excluded from political discourse, and confined to the management of a household, can scarcely be expected to demonstrate the same level of acumen as one who enjoys the freedom to pursue intellectual and civic engagement.",145,ai_mimicked,Austen,Gender Roles
"One observes, with a degree of amusement and a touch of melancholy, the elaborate rituals surrounding the presentation of young ladies to society. It is a spectacle not unlike a livestock fair, wherein eligible females are paraded before prospective purchasers, their accomplishments and connections meticulously assessed. The mothers, naturally, are the most active agents in this transaction, employing every artifice to enhance their daughters’ attractions and to secure a favourable impression. Yet, beneath the veneer of polite conversation and elegant attire, lurks a profound anxiety – the fear that their daughters may be deemed ‘passable’ rather than ‘desirable,’ and thus condemned to a life of spinsterhood. The entire process is predicated upon the assumption that a woman’s happiness is inextricably linked to her marital status, a notion which, while widely accepted, strikes one as remarkably shortsighted.",136,ai_mimicked,Austen,Gender Roles
"It is frequently asserted that the differences in education between the sexes are merely a reflection of their differing destinies. Boys, it is said, require a rigorous training in logic and mathematics to prepare them for the professions and the burdens of public life, while girls need only acquire the accomplishments necessary to render them agreeable companions and efficient managers of a household. Such reasoning, however, overlooks a crucial point: the very act of limiting a woman’s intellectual development serves to reinforce her subordinate position. Deprived of the tools to analyze and critique the world around her, she is rendered more susceptible to manipulation and less capable of independent thought. The consequence is a self-perpetuating cycle of inequality, wherein women are denied the opportunities to prove their intellectual capabilities, and their supposed deficiencies are then used to justify their continued exclusion.",141,ai_mimicked,Austen,Gender Roles
"It is a truth universally acknowledged, that a single woman possessed of a moderate fortune must be the subject of much speculation regarding her matrimonial prospects; yet, seldom is consideration given to the constraints imposed upon *men* by the very establishment which benefits them. To be the provider, the protector, the unwavering pillar of a household is deemed a natural state, and any deviation from this expectation – a gentleman pursuing a profession deemed ‘unmanly’, or confessing a preference for domestic tranquility over public acclaim – is met with a pitying, or even scornful, regard. Such rigid definitions, while ostensibly designed to secure order, serve only to stifle individual inclination and condemn many a worthy soul to a life of quiet dissatisfaction, all in the name of upholding a societal ideal as brittle as the finest porcelain.",137,ai_mimicked,Austen,Gender Roles
"Miss Eleanor, though possessed of a lively understanding, found herself perpetually vexed by the limitations placed upon her sex. “To be accomplished,” her mother frequently declared, “is to be readily saleable.” And indeed, Eleanor observed that accomplishments – pianoforte, embroidery, a smattering of French – were valued not for their intrinsic merit, but for their power to attract a suitable husband. She pondered, whilst sketching the rose garden, whether a man of intellect would similarly be judged upon his ability to arrange a bouquet, or his proficiency in needlepoint. The very notion seemed absurd, yet the disparity was undeniable. Was it not a lamentable waste of talent to confine half of humanity to pursuits deemed merely ornamental, whilst the other half enjoyed the freedom to cultivate their minds without such frivolous constraint?",132,ai_mimicked,Austen,Gender Roles
"One cannot, in observing the intricacies of social intercourse, fail to note the peculiar emphasis placed upon female ‘delicacy’. It is a quality much lauded, and yet, upon closer inspection, appears to be little more than a convenient excuse for denying women agency and responsibility. A lady is expected to faint at the slightest unpleasantness, to blush at the merest suggestion of impropriety, and to generally present an air of helpless fragility. Such affectation, however, serves not to protect her, but to render her dependent, to justify the assumption that she is incapable of navigating the world without the constant guidance of a male relative. It is a performance, frequently exhausting, and one which obscures the strength and resilience that undoubtedly lie beneath.",123,ai_mimicked,Austen,Gender Roles
"The consequences of a young lady’s imprudence are, of course, far more keenly felt than those of a gentleman’s. A ruined reputation, for a woman, is a near-irreparable damage, effectively barring her from respectable society and condemning her to a life of obscurity. A gentleman, however, might engage in similar indiscretions with far less lasting effect, his standing secured by his family name and his future prospects. This imbalance is not merely unjust; it is profoundly destabilizing, fostering a climate of hypocrisy and encouraging women to prioritize appearances over genuine virtue. One might argue it is a necessary safeguard for the preservation of social order, but such an argument rings hollow when one considers the suffering it inflicts.",118,ai_mimicked,Austen,Gender Roles
"Consider the matter of inheritance, a subject seldom discussed in polite company, yet one which profoundly shapes the destinies of both sexes. A landed estate, typically passed down through the male line, bestows not only wealth and status, but also power and independence. A woman, even one of considerable fortune in her own right, is rarely afforded the same degree of control over her property. She is often subject to the dictates of a male trustee, or constrained by legal limitations that render her vulnerable to exploitation. This disparity, so deeply ingrained in the fabric of our society, perpetuates a system wherein men are encouraged to ambition and enterprise, while women are relegated to a position of passive dependence, their potential tragically curtailed.",123,ai_mimicked,Austen,Gender Roles
"It is a truth universally acknowledged, that a single woman possessed of a moderate fortune must be the subject of much speculation regarding her matrimonial prospects; yet, seldom is consideration given to the constraints placed upon *men* by the very establishment which benefits them. A gentleman, though ostensibly master of his own fate, finds himself bound by expectations of providing for a wife and family, of maintaining a station in society commensurate with his lineage, and of ensuring the continuation of his name. To suggest a profession unsuitable to his rank, or a marriage founded on affection rather than advantage, is to invite censure and potentially jeopardize the future security of all connected to him. Thus, while ladies are often lamented for their limited sphere, gentlemen endure a different, though no less rigid, form of confinement.",136,ai_mimicked,Austen,Gender Roles
"Mrs. Featherstonehaugh, a woman not remarkable for profundity, yet possessed of a keen eye for the nuances of village life, declared to Miss Bingley, over a particularly weak cup of tea, that “a woman’s influence is best exerted within the domestic sphere.” And indeed, one observes a certain…convenience in this notion. To confine female ambition to the management of a household, the education of children, and the cultivation of accomplishments deemed ‘suitable’ – needlework, music, a passable acquaintance with French – is to render them harmless competitors in the realms of intellect and power. It is not, of course, openly stated as such; rather, it is presented as a matter of natural aptitude, a delicate sensibility unsuited to the harsh realities of public life. A most artful arrangement, one might suggest, for those who benefit from maintaining the existing order.",140,ai_mimicked,Austen,Gender Roles
"The late Miss Elmsworth, a lady of independent means and decidedly unfashionable opinions, once confided in me her belief that the very emphasis placed upon female delicacy served only to render women more vulnerable. “We are taught,” she remarked, with a disconcerting directness, “to faint at the sight of a spider, to recoil from a harsh word, to consider strength of mind a vulgarity. And then we are astonished when we find ourselves incapable of navigating the complexities of a world designed by, and for, those who possess precisely those qualities we are discouraged from cultivating!” Her words, though delivered with a certain vehemence, contained a truth which, I suspect, many a woman has silently acknowledged, whilst outwardly conforming to the expected standards of feminine behaviour.",126,ai_mimicked,Austen,Gender Roles
"Consider the plight of the clergyman’s daughter, blessed perhaps with a quick wit and a thirst for knowledge, yet denied the opportunities afforded to her brothers. She is expected to adorn a parsonage, to provide comfort and support to her father, and to attract a suitable husband – preferably one who will elevate her family’s standing. Should she, however, possess a mind too restless for such a quiet existence, a spirit too independent to accept such limitations, she is labelled ‘unmanageable,’ ‘eccentric,’ or, worst of all, ‘unfeminine.’ The consequence is a life of quiet desperation, a stifling of potential, and a perpetual sense of unfulfillment. One cannot help but wonder at the waste of so much talent, so much energy, simply because it does not conform to societal expectations.",129,ai_mimicked,Austen,Gender Roles
"A lively debate unfolded at the assembly rooms last Tuesday, sparked by Mr. Harrington’s rather imprudent assertion that a woman’s primary duty was to enhance the reputation of her husband. Miss Ainsworth, a young lady known for her sharp tongue and even sharper intellect, countered with a spirited defence of female agency, arguing that a woman possessed of virtue and good sense required no husband to validate her worth. The ensuing discussion, though conducted with the requisite decorum, revealed a deep-seated anxiety amongst the gentlemen present – a fear, perhaps, that granting women greater independence would somehow diminish their own authority. It is a curious paradox, is it not, that those who claim to champion tradition are often the most threatened by any deviation from it?",126,ai_mimicked,Austen,Gender Roles
"It is a truth universally acknowledged, that a single woman possessed of a moderate fortune must be the subject of much speculation regarding her matrimonial prospects; yet, seldom is consideration given to the constraints placed upon her agency in the matter, beyond the necessity of securing a suitable establishment. One observes, with a degree of quiet dismay, how readily a young lady’s accomplishments – her pianoforte playing, her French, her needlework – are valued solely for their power to attract a husband, rather than for any intrinsic merit. To cultivate the mind, to pursue intellectual interests, is often deemed superfluous, even unseemly, should such pursuits not ultimately contribute to her marketability. The consequence is a stifling of potential, a narrowing of ambition, and a perpetual deferral to the judgements of those whose primary concern is the preservation of property and lineage, rather than the happiness of the individual.",148,ai_mimicked,Austen,Gender Roles
"Miss Eleanor, though possessed of a spirit far exceeding that commonly found in her sex, found herself, upon reaching her twenty-fifth year, in a most uncomfortable predicament. Not from a lack of offers, mind you, for her fortune, though not large, was sufficient to tempt several gentlemen of tolerable consequence. But each proposal came burdened with expectations – expectations of domestic tranquility, of unquestioning obedience, of a complete surrender of personal inclination to the demands of the household and the advancement of her husband’s position. “It is not a question of affection, my dear,” her aunt had observed with chilling practicality, “but of duty.” And Eleanor, though she valued sensibility above all else, began to wonder if duty, in a world so determined to define a woman’s worth by her usefulness to others, might not be the more prudent path.",140,ai_mimicked,Austen,Gender Roles
"The pronouncements regarding female delicacy are, one cannot help but observe, frequently employed as a convenient means of control. A lady, we are told, must be shielded from unpleasantness, protected from exertion, and generally maintained in a state of refined helplessness. Yet, is this protection not, in reality, a form of confinement? To deny a woman the opportunity to develop strength of character, to exercise her judgement in matters of importance, is to render her incapable of navigating the inevitable difficulties of life. Such fragility, so carefully cultivated, serves not to elevate her, but to diminish her, rendering her dependent upon the goodwill – and, one suspects, the condescension – of those who claim to be her protectors.",118,ai_mimicked,Austen,Gender Roles
"Consider the case of Mrs. Bennet, a woman whose anxieties, though often expressed with a regrettable lack of propriety, are not entirely unfounded. She understands, with a clarity born of experience, that her daughters’ futures are inextricably linked to their marriages. But her methods – the relentless pursuit of eligible bachelors, the blatant attempts to secure advantageous matches – are, of course, entirely improper. And yet, one cannot entirely condemn her. For what alternatives are offered to a woman whose sole purpose, according to the prevailing establishment, is to secure a husband? Is it any wonder that she resorts to such desperate measures when the very structure of society denies her any other avenue to independence or fulfillment?",118,ai_mimicked,Austen,Gender Roles
"It is a curious paradox, is it not, that whilst women are encouraged to cultivate accomplishments designed to attract admiration, they are simultaneously discouraged from displaying any ambition that might surpass the boundaries of their prescribed sphere? A lady may be permitted to paint, to sing, to write verses – provided, of course, that these pursuits do not threaten to overshadow the accomplishments of her male counterparts. To aspire to intellectual eminence, to seek a profession, to engage in public life – these are considered unbecoming, even scandalous. The consequence is a vast reservoir of untapped talent, a silent frustration that festers beneath the veneer of polite society, and a perpetual sense of unfulfilled potential.",115,ai_mimicked,Austen,Gender Roles
"It is a truth universally acknowledged, that a single woman, possessed of a moderate fortune, must be to her connections merely an encumbrance; yet, the precise nature of this encumbrance extends beyond mere financial consideration, does it not? For whilst a brother’s inheritance secures his independence, a sister’s prospects are invariably tied to the securing of a husband, a dependence which, though seldom openly acknowledged, shapes her education, her accomplishments, and indeed, her very understanding. To cultivate a mind beyond the acceptable limits of female attainment is deemed, by many, a dangerous pursuit, lest it render a woman unfitted for the domestic sphere, and thus, undesirable in the marriage market. Such a constraint, however subtly enforced, diminishes the potential of half the human race, confining their energies to pursuits deemed ‘suitable’ rather than those to which their talents might truly incline.",141,ai_mimicked,Austen,Gender Roles
"Mrs. Featherstonehaugh, a lady of considerable, though not always judicious, experience, was wont to declare that a woman’s influence resided entirely in her power to manage her household and inspire her husband. One observed, however, that her own husband, a man of notoriously independent spirit, paid scant heed to her pronouncements on matters of estate or politics. It was a curious discrepancy, and one which prompted a degree of reflection. Perhaps the true measure of a woman’s power lay not in overt control, but in the more delicate art of persuasion, a skill honed by necessity, given the limitations placed upon their direct participation in the affairs of the world. Yet, even this subtle influence is frequently undervalued, dismissed as mere feminine wiles, rather than recognised as a legitimate form of agency.",132,ai_mimicked,Austen,Gender Roles
"The drawing-room, that carefully curated space of polite conversation and refined sensibilities, serves as a most telling illustration of the constraints imposed upon women. Within its walls, accomplishments such as pianoforte playing and watercolour painting are lauded, whilst any demonstration of intellectual curiosity beyond the prescribed boundaries is met with thinly veiled disapproval. Miss Elmsworth, for instance, possessed a remarkably astute understanding of political economy, yet dared not venture her opinions in mixed company, fearing to be labelled ‘unfeminine’ or, worse, ‘pedantic’. Such self-censorship, born of societal expectation, is a lamentable waste of intellect, and a constant reminder of the narrow path deemed acceptable for those of her sex.",109,ai_mimicked,Austen,Gender Roles
"“But surely, Eliza,” Mr. Harrington protested, whilst attempting to explain the intricacies of land management to his sister, “a woman need not concern herself with such tedious details! It is enough that she preside gracefully over her home and provide comfort to her husband.” Eliza, however, possessed a spirit too independent to accept such pronouncements without question. “And is it not equally tedious,” she retorted, with a sparkle in her eye, “to be perpetually confined to matters of embroidery and small talk, whilst the world beyond unfolds with such fascinating complexity?” The exchange, though conducted in a tone of playful banter, revealed a deeper truth: the very structure of society actively discouraged women from engaging with the wider world, thereby perpetuating their dependence and limiting their opportunities.",127,ai_mimicked,Austen,Gender Roles
"One cannot but observe, with a degree of melancholy, the peculiar emphasis placed upon a woman’s ‘character’ as a substitute for genuine agency. Whilst a man’s worth is measured by his actions and achievements, a woman’s is judged almost entirely upon her perceived moral qualities – her modesty, her piety, her sensibility. This preoccupation with internal virtue, however admirable in itself, serves to deflect attention from the systemic barriers that prevent women from exercising their full potential. To be ‘a good woman’ is often deemed sufficient, regardless of whether she is afforded the opportunity to be a capable, independent, or intellectually fulfilled one. It is a convenient arrangement, undoubtedly, for those who benefit from maintaining the established order.",118,ai_mimicked,Austen,Gender Roles
"It is a truth universally acknowledged, that a single woman, possessed of a moderate fortune, must be to her connections merely an encumbrance; yet, the precise nature of this encumbrance extends beyond mere financial consideration, does it not? For whilst a brother’s inheritance secures his independence, a sister’s prospects are invariably tied to the securing of a husband, a dependence which, though seldom openly acknowledged, shapes her education, her accomplishments, and indeed, her very understanding. To cultivate a mind beyond the acceptable limits of female accomplishment – to display too much learning, too much wit – is to risk rendering oneself undesirable in the matrimonial market, a consequence few families are willing to countenance. Thus, a delicate balance must be struck, a performance enacted, wherein a woman appears accomplished enough to attract, yet not so formidable as to intimidate.",139,ai_mimicked,Austen,Gender Roles
"Mrs. Bennet, as any observer might attest, laboured under the firm conviction that her daughters’ sole purpose in life resided in the acquisition of a husband. One might be tempted to dismiss her anxieties as the product of a limited intellect, yet a closer examination reveals a more unsettling truth: she was merely acting upon the prevailing logic of the establishment. For what alternative was truly open to a woman of her station? A life of genteel poverty, dependent upon the charity of relatives? Such a fate, though perhaps preferable to an unhappy marriage, was scarcely considered a viable option. The very structure of society, with its rigid distinctions and limited opportunities, dictated that a woman’s worth be measured by her marital prospects, a system which, whilst undeniably unjust, proved remarkably resistant to change.",134,ai_mimicked,Austen,Gender Roles
"Consider Miss Grey, a young lady of considerable sensibility and refinement, yet possessed of neither fortune nor striking beauty. She possessed a talent for music, a passable skill in watercolour, and a disposition generally agreeable; yet these accomplishments, though sufficient to render her amiable in society, did little to advance her cause in the eyes of eligible gentlemen. It was not, perhaps, that she lacked merit, but rather that her merit was of a kind not readily valued. A man, secure in his own position, might admire her virtues, but seldom felt compelled to offer her his hand. The consequence was a life of quiet desperation, a slow erosion of hope, and a poignant reminder that even the most deserving woman could be rendered powerless by the constraints of her gender.",131,ai_mimicked,Austen,Gender Roles
"“But surely,” one might protest, “a woman possesses agency, the power to choose her own path?” A charming notion, to be sure, and one frequently espoused by those who have not experienced the full weight of societal expectation. Yet, observe the subtle pressures exerted upon a young lady as she approaches the age of reason. The pointed inquiries regarding her attachments, the carefully orchestrated introductions to eligible bachelors, the veiled warnings against excessive independence – all these contribute to a climate in which genuine choice becomes increasingly difficult. To defy convention is to risk ostracism, to invite censure, and to forfeit the security that marriage, however imperfect, might provide. Is this truly freedom, or merely a more refined form of constraint?",121,ai_mimicked,Austen,Gender Roles
"The novels which occupy the leisure hours of young ladies are, frequently, a source of both amusement and concern. Whilst they may offer a temporary escape from the realities of their situation, they also serve to reinforce certain expectations, to perpetuate the notion that a woman’s ultimate fulfillment lies in the attainment of romantic love. Observe how often the heroine’s worth is determined by her beauty, her wit, or her ability to attract the attention of a desirable suitor. Seldom is her intellectual capacity, her professional ambition, or her independent spirit given equal consideration. This emphasis upon romantic attachment, whilst undeniably appealing, can have a detrimental effect, fostering a sense of inadequacy in those who find themselves lacking in these qualities, and perpetuating a system wherein a woman’s value is inextricably linked to her relationship with a man.",138,ai_mimicked,Austen,Gender Roles
"It is a truth universally acknowledged, that a single woman possessed of a moderate fortune must be the subject of much speculation regarding her matrimonial prospects; yet, seldom is consideration given to the constraints placed upon her agency in the matter, beyond the necessity of securing a suitable establishment. One observes, with a degree of quiet dismay, how readily a young lady’s accomplishments – her pianoforte playing, her French, her needlework – are valued solely for their power to attract a husband, rather than for any intrinsic merit. To cultivate the mind, to pursue intellectual interests, is often deemed superfluous, even unseemly, should such pursuits not ultimately contribute to her marketability. The consequence is a stifling of potential, a narrowing of ambition, and a perpetual deferral to the judgements of those whose primary concern is the preservation of property and lineage, rather than the happiness of the individual.",148,ai_mimicked,Austen,Gender Roles
"Mrs. Bennet, as any acquaintance will attest, operates under the firm conviction that a woman’s chief, indeed *only*, occupation is to secure a husband. But consider, if one may be permitted a moment’s philosophical reflection, the absurdity of defining an entire sex by a single function. Is a lady, then, merely a vessel for the continuation of families, a means to an end determined by masculine prerogative? Such a notion, while perhaps convenient for the established order, diminishes the very essence of womanhood. One cannot help but wonder at the waste of intellect, the suppression of talent, that results from this narrow prescription. Miss Bingley, for all her pretensions, would likely find herself considerably less tiresome were she encouraged to engage in pursuits beyond the assessment of eligible bachelors.",129,ai_mimicked,Austen,Gender Roles
"“But Mama,” protested Lydia, with a petulance that was entirely predictable, “what use is learning if it does not attract the officers?” And there, in a single, exasperating utterance, lay the crux of the matter. The prevailing sentiment, particularly amongst the younger generation, is that a woman’s education should be geared towards captivating the male attention. It is a system, one might observe, that fosters a degree of artifice and superficiality, encouraging young ladies to prioritize accomplishments that are merely ornamental, rather than those that cultivate genuine understanding. The consequence is a society populated by women who are, at best, charmingly accomplished, and at worst, utterly devoid of substance. A regrettable state of affairs, to be sure.",117,ai_mimicked,Austen,Gender Roles
"The quiet desperation of a woman confined by societal expectations is a spectacle rarely acknowledged, yet ever-present. Miss Grey, though possessed of a sensible disposition and a modest fortune, finds herself increasingly burdened by the weight of her unmarried state, not from any personal longing for matrimony, but from the constant, unspoken pressure exerted by her relatives and neighbours. Each social gathering becomes a subtle interrogation, each polite enquiry a veiled reproach. It is a form of gentle tyranny, this insistence upon a woman’s dependence, and one that subtly erodes her self-worth. One cannot but pity her, even as one recognizes the deeply ingrained nature of the system that perpetuates such unhappiness.",112,ai_mimicked,Austen,Gender Roles
"To speak plainly, the current arrangement, wherein a woman’s legal and financial security is so entirely dependent upon a male relative, is a matter of considerable impropriety. A widow, however virtuous or accomplished, is frequently reduced to a state of pitiable dependence, reliant upon the goodwill of brothers or nephews for even the most basic necessities. The notion that a female should not possess independent control over her own property, that her earnings should rightfully belong to her husband, is a manifest injustice. It is a system that not only disadvantages women, but also fosters a climate of vulnerability and exploitation, and one which, in the long run, diminishes the moral standing of the entire establishment.",116,ai_mimicked,Austen,Gender Roles
"The misfortune of a large family, it is often observed, lies not so much in the actual expense of their maintenance – though that is frequently considerable – as in the perpetual necessity of arrangement and compromise. One might suppose, from the romantic depictions so favoured in novels, that affection alone could sustain a household; yet experience demonstrates a far more pragmatic truth. The eldest daughter, burdened with a sense of responsibility exceeding her years, finds herself perpetually mediating between the whims of a younger sister and the anxieties of a mother convinced of impending ruin. Such a position, while ostensibly one of authority, is in reality a delicate negotiation, requiring a degree of tact and forbearance rarely found in those of ardent temperaments, and frequently rewarded with little more than a quiet, unacknowledged exhaustion. It is a truth universally acknowledged, that a single fortune cannot satisfy the demands of numerous siblings.",152,ai_mimicked,Austen,Family Dynamics
"Mrs. Penrose, a lady possessed of a comfortable income but a lamentable lack of discernment, considered her family a source of unmitigated pride. “They are *so* numerous!” she would exclaim to any unfortunate visitor, as if sheer quantity were a virtue. Yet, observe the consequence: her sons, indulged beyond all reason, displayed a boisterous disregard for propriety, while her daughters, starved of genuine affection, cultivated a competitive spirit most unbecoming in young ladies. One could scarcely believe such a household conducive to the development of amiable qualities. Miss Eleanor, the most sensible of the Penrose offspring, confided in me, with a sigh, that she often felt herself a mere spectator in a play of her mother’s devising, a play wherein happiness was sacrificed upon the altar of social display. The establishment, though outwardly respectable, was inwardly a scene of quiet desperation.",141,ai_mimicked,Austen,Family Dynamics
"It is a curious phenomenon, is it not, how readily families adopt a narrative of grievance? The Ashworths, for instance, perpetually lamented their reduced circumstances, despite possessing a perfectly adequate estate. Old Mr. Ashworth, a man of inflexible habits and a pronounced melancholy, insisted upon recounting every past misfortune, as if dwelling upon past sorrows could somehow alleviate present anxieties. His daughters, mirroring his disposition, found fault with every suitor, declaring none worthy of their lineage. One suspects, however, that their objections stemmed less from genuine discernment than from a deeply ingrained habit of discontent. To be perpetually aggrieved, one might venture to suggest, becomes a form of self-indulgence, a shield against the necessity of adapting to the realities of life.",121,ai_mimicked,Austen,Family Dynamics
"The arrival of a distant cousin, Mr. Harrington, threw the entire Beaumont family into a state of agitated expectation. Not because Mr. Harrington possessed any particular charm or fortune – quite the contrary – but because his presence served as a catalyst for long-simmering resentments. Lady Beaumont, a woman of considerable hauteur, viewed him as an unwelcome intrusion upon her carefully curated social circle. Her eldest son, Frederick, saw in him a rival for his father’s dwindling favour. Even the younger children, usually absorbed in their own pursuits, sensed the undercurrent of tension and responded with a heightened sensitivity. “He looks…peculiar,” observed little Eliza, with the bluntness of childhood, perfectly capturing the general sentiment. The ensuing days were a masterclass in suppressed animosity, a delicate dance of politeness masking a multitude of grievances.",133,ai_mimicked,Austen,Family Dynamics
"One often hears of families bound by duty, but seldom of those united by genuine understanding. The Morleys, a family of modest means but considerable intellect, presented a striking contrast to the more ostentatious establishments of the county. Their home, though lacking in grandeur, was filled with lively conversation and a shared appreciation for literature and the arts. Mr. Morley, a clergyman of independent mind, encouraged his children to pursue their own interests, fostering a spirit of intellectual curiosity rather than imposing rigid expectations. It was a household where sensibility was valued above strict adherence to social forms, and where affection flowed freely, unburdened by the weight of consequence. Such a family, though perhaps lacking in worldly influence, possessed a richness of spirit that far surpassed the superficial advantages of wealth or rank.",133,ai_mimicked,Austen,Family Dynamics
"It is a truth universally acknowledged, that a family possessed of a moderate fortune must be in want of a husband – or, at least, that its daughters are considered so by a considerable portion of their acquaintance. Yet, the anxieties attendant upon securing such a match are frequently less about the woman’s happiness, and more about the preservation of the family establishment. One observes, with a degree of detached amusement, how readily a young lady’s accomplishments are weighed against the potential benefit to her parents’ estate, her own inclinations being a matter of remarkably little consequence. The elder Mrs. Bennet, for instance, viewed her daughters not as individuals deserving of affection and esteem, but as commodities to be traded for security, a perspective which, though vulgar, was regrettably common. Such a mercenary approach, while perhaps understandable in a world where female independence was so limited, rarely fostered genuine affection or lasting contentment.",153,ai_mimicked,Austen,Family Dynamics
"The quiet desperation within the walls of Longbourn, though seldom voiced, was palpable. It was not merely the lack of a male heir that troubled Mr. Bennet, but the unsettling awareness of his wife’s complete inability to comprehend the gravity of their situation. He found a grim solace in his books, retreating from the incessant matchmaking and frivolous chatter, yet even his wit could not entirely dispel the shadow of future uncertainty. One might almost pity him, were it not for the undeniable pleasure he derived from observing the follies of those around him. His daughters, though possessing varying degrees of sensibility, were equally susceptible to the prevailing pressures, each harboring secret hopes and anxieties regarding their prospects. The delicate balance between affection and duty, so crucial to familial harmony, was perpetually threatened by the relentless pursuit of a suitable connection.",141,ai_mimicked,Austen,Family Dynamics
"“My dear,” Mrs. Reynolds declared, adjusting the lace at her throat, “it is quite impossible to understand the younger generation. They speak of ‘feelings’ and ‘independence’ as if these were virtues, rather than dangerous inclinations!” Her pronouncements, delivered with the unwavering conviction of one accustomed to being obeyed, were a constant source of both irritation and amusement to Miss Eleanor. Eleanor, however, privately conceded a degree of truth in her aunt’s assessment. The current generation *did* seem remarkably prone to flights of fancy, to prioritizing personal gratification over the dictates of propriety. Yet, could one entirely condemn a desire for happiness, even if it deviated from the established norms? The question, she mused, was not whether such sentiments were justifiable, but whether they could be contained within the bounds of social acceptability.",132,ai_mimicked,Austen,Family Dynamics
"Consider the unfortunate case of the Misses Fairchild. Blessed with a handsome fortune and a respectable lineage, they nevertheless remained unmarried, not for want of suitors, but for want of agreement amongst themselves. Each sister, convinced of her own superior judgment, vetoed the other’s choices, resulting in a perpetual state of spinsterhood. It was a cautionary tale, frequently recounted in polite society, illustrating the perils of excessive independence and a lack of familial cohesion. One could scarcely blame the gentlemen involved; to navigate the conflicting demands of two equally determined ladies seemed a task beyond even the most seasoned of fortune-hunters. The Fairchild sisters, in their misguided pursuit of perfection, had sacrificed the very thing they desired most – a comfortable and respectable establishment.",124,ai_mimicked,Austen,Family Dynamics
"The very air within a family, one often finds, is thick with unspoken expectations. A daughter’s duty, it is presumed, is to enhance her family’s standing; a son’s, to perpetuate its name. But what of those who find themselves ill-suited to such roles? Young Mr. Harrington, for instance, possessed a scholarly disposition and a distaste for society, qualities which rendered him a disappointment to his ambitious father. The elder Harrington, a man of considerable influence, viewed his son’s inclinations with barely concealed contempt, lamenting the loss of a potential political alliance. Such a disconnect, born of differing values and unyielding pride, created a chasm within the family, a silent suffering that threatened to consume them both. It is a melancholy truth that blood ties, however strong, are no guarantee of affection or understanding.",133,ai_mimicked,Austen,Family Dynamics
"It is a truth universally acknowledged, that a family possessed of a moderate fortune must be in want of a husband – or, at least, that its daughters are considered so by a considerable portion of their acquaintance. Yet, the anxieties stemming from such a necessity are rarely confined to the securing of a match; rather, they permeate the entire establishment, fostering a delicate balance of hope and resentment amongst siblings, and a perpetual, if unspoken, assessment of each other’s charms and accomplishments. One observes, with a degree of detached amusement, how quickly affection can curdle into envy when a perceived advantage presents itself, and how readily a mother’s partiality can ignite a simmering discontent amongst those less favoured. The consequence, too often, is a fracturing of familial bonds, a subtle but pervasive unhappiness that no amount of outward civility can entirely conceal.",143,ai_mimicked,Austen,Family Dynamics
"Mrs. Penrose, a woman of exceeding good sense, though perhaps deficient in warmth, frequently lamented the peculiar disposition of her eldest son, Edward. Not that he lacked industry or ambition, but his affections, she declared, were altogether too easily swayed by considerations of propriety and the expectations of his station. He possessed, in short, a sensibility so refined as to render him incapable of decisive action, forever weighing the potential consequences of any attachment. This, naturally, caused no small degree of vexation to his mother, who had already begun to envision a most advantageous alliance for him with the daughter of Sir Reginald Blount. It was a situation, she confided to her sister, that demanded a firm hand, though whether she possessed such a hand, or indeed the inclination to employ it, remained a matter of some doubt.",138,ai_mimicked,Austen,Family Dynamics
"“My dear Louisa,” Miss Ainsworth remarked, stirring her tea with a deliberate air, “you are far too lenient with your brother. Allowing him such freedom, such indulgence in his artistic pursuits! It is quite unseemly for a gentleman of his age and prospects.” Louisa, who had endured a lifetime of her sister’s pronouncements on the proper ordering of things, merely offered a placid smile. “He finds happiness in his painting, Eleanor. Is that not sufficient?” Eleanor snorted. “Happiness is a frivolous pursuit, my dear, when weighed against duty and establishment. He ought to be considering a profession, a wife, a future that reflects well upon the family. Such whims are all very well for females, but a man…” The conversation continued in this vein for a considerable time, a familiar dance of disapproval and quiet resistance, revealing the subtle power dynamics that often governed even the most affectionate sibling relationships.",150,ai_mimicked,Austen,Family Dynamics
"The late Mr. Harrington, a man of considerable fortune and even more considerable eccentricity, had left his estate to be divided amongst his five daughters, with a stipulation that they must all reside together for a period of ten years following his demise. A most unusual arrangement, certainly, and one that had already proven to be a source of considerable friction. Each sister, possessing a distinct temperament and a firmly held opinion, found herself perpetually at odds with the others. The eldest, a woman of rigid principles, attempted to impose order upon the household, while the youngest, a creature of impulse and imagination, delighted in disrupting it. The middle sisters, caught between these opposing forces, navigated a precarious path of compromise and resentment, their days filled with petty squabbles and unspoken grievances. It was a domestic drama, unfolding with a quiet intensity, and one that promised to continue for many years to come.",153,ai_mimicked,Austen,Family Dynamics
"One cannot but observe, with a certain melancholy, the inevitable decline of parental authority as children mature. The once unquestioned dictates of a mother or father gradually lose their force, replaced by a burgeoning sense of independence and a growing desire for self-determination. This transition, though natural, is rarely without its attendant difficulties. A parent, accustomed to wielding control, may find themselves increasingly marginalized, their advice ignored, their concerns dismissed. And a child, eager to assert their own agency, may inadvertently cause pain to those they once revered. The consequence is a subtle shift in the familial landscape, a re-negotiation of power dynamics that can leave both parties feeling bewildered and disoriented, and a poignant reminder of the fleeting nature of time and the inevitable passage of generations.",128,ai_mimicked,Austen,Family Dynamics
"The misfortune of possessing a numerous family, whilst frequently lauded for its capacity to provide comfort and companionship, often conceals a more insidious consequence – the stifling of individual inclination. One observes, with a degree of detached amusement, the inevitable compromises demanded of each member, the perpetual negotiation of desires against the collective good. Miss Eleanor, for instance, possessed a decided taste for watercolour painting, a pursuit deemed frivolous and unbefitting a young lady of her station with five younger siblings requiring instruction in more practical accomplishments. Her canvases, therefore, remained largely concealed, her talent sacrificed upon the altar of familial necessity, a quiet resignation settling upon her features which spoke volumes to those capable of discerning such subtleties. It is a truth universally acknowledged, that a single fortune can scarcely stretch to accommodate the ambitions of many.",138,ai_mimicked,Austen,Family Dynamics
"To declare a family harmonious is, more often than not, to declare a want of honest observation. The very structure of domestic life, with its inherent dependencies and long-held resentments, breeds a peculiar sort of friction, masked by politeness and the necessity of maintaining a respectable establishment. Consider the case of the Hargraves; outwardly, a model of decorum, yet beneath the surface simmered a rivalry between the two daughters, fuelled by their mother’s transparent favouritism. Each compliment bestowed upon Miss Amelia was a slight to Miss Beatrice, each shared confidence a deliberate exclusion. Such petty jealousies, though rarely voiced, exerted a considerable influence upon the household’s atmosphere, rendering even the most trivial gatherings fraught with unspoken tension. One might almost wish for open discord, rather than this insidious, pervasive chill.",130,ai_mimicked,Austen,Family Dynamics
"“Mama, are we *always* to be subjected to Cousin Theodore’s tedious recitations?” inquired Miss Charlotte, her tone a delicate balance of exasperation and filial duty. Mrs. Bennett, ever attuned to the nuances of social propriety, offered a soothing, yet firm, reply. “My dear, one must endure a certain amount of foolishness in the cause of kinship. It is, after all, a family obligation.” And there, perhaps, lay the crux of the matter: obligation. The weight of ancestral connection, the expectation of unwavering support, often superseded any consideration for personal comfort. It was a system predicated upon sacrifice, a delicate web of interdependence where individual happiness was frequently deemed secondary to the preservation of familial unity. The consequence, one suspected, was a great deal of suppressed discontent.",126,ai_mimicked,Austen,Family Dynamics
"It is a curious phenomenon, is it not, how readily we ascribe virtues to our relations which they demonstrably do not possess? A mother, for instance, is invariably deemed ‘devoted,’ a brother ‘protective,’ regardless of evidence to the contrary. Such embellishments, born of affection – or perhaps, a desire to maintain a favourable self-image – serve to construct a narrative of familial bliss, conveniently overlooking the less palatable realities. Old Mr. Penhaligon, though frequently lauded for his generosity towards his nephews, was, in truth, a man of considerable selfishness, his gifts invariably accompanied by a subtle expectation of reciprocal favour. Yet, to suggest as much would be considered a grave breach of propriety, a disrespectful undermining of the established family mythology.",121,ai_mimicked,Austen,Family Dynamics
"The influence of a family, particularly upon the formation of a young person’s character, is a subject worthy of considerable reflection. It is not merely the direct instruction received, but the subtle, often unconscious, absorption of values and prejudices that proves most formative. Miss Sophia, raised in a household where ambition was viewed with suspicion and modesty prized above all else, found herself ill-equipped to navigate the complexities of London society. Her innate sensibility, though admirable, was repeatedly exploited by those more worldly and self-assured. One could not help but observe, with a touch of melancholy, how the very qualities instilled in her by her well-meaning, yet provincial, family ultimately hindered her prospects for happiness. The consequence of a sheltered upbringing, it seemed, was a perpetual state of amiable disadvantage.",130,ai_mimicked,Austen,Family Dynamics
"The regrettable prevalence of maternal favouritism within families is a circumstance too often observed to be entirely surprising, though its consequences are seldom fully appreciated until they have wrought considerable mischief. One might suppose a mother’s affection would be distributed with equitable kindness amongst her offspring; yet, experience demonstrates a marked tendency to bestow disproportionate regard upon the eldest son, or perhaps the youngest daughter, fostering in the favoured child a self-importance wholly unwarranted, and in the others, a resentment which, though carefully concealed, festers and ultimately poisons the domestic felicity. Such partiality, though frequently excused as a natural indulgence, is, in truth, a most insidious form of injustice, creating imbalances that no subsequent efforts at reconciliation can entirely redress, and leaving lasting scars upon the hearts of those deemed less worthy.",132,ai_mimicked,Austen,Family Dynamics
"Mrs. Penrose, a woman of undeniable, though somewhat tiresome, sensibility, lamented to Miss Ainsworth the trials of managing a household comprised of five daughters, each possessed of a distinct, and often disagreeable, temperament. “It is not merely the expense, my dear,” she confided, fluttering a lace handkerchief, “but the constant vying for attention! Penelope, naturally, believes herself the most accomplished, and insists upon monopolizing the pianoforte. Whilst Beatrice, with her quiet disposition, suffers in silence, and Charlotte… well, Charlotte is simply determined to have her own way in all things.” One could scarcely blame the young ladies, perhaps, for seeking to establish their individual consequence within the limited sphere allotted to them; yet, the resulting discord served only to illustrate the inherent difficulties of maintaining harmony where ambition and expectation so frequently clashed.",133,ai_mimicked,Austen,Family Dynamics
"It is a truth universally acknowledged, or ought to be, that the character of a family is frequently determined not by its wealth or establishment, but by its capacity for enduring, and indeed, overlooking, the imperfections of its members. To demand perfection, particularly within the confines of a domestic arrangement, is to invite perpetual disappointment. The elder Mr. Harrington, a man of considerable fortune and even greater obstinacy, was perpetually vexed by his nephew’s lack of industry, yet continued to provide for him, not from affection, perhaps, but from a sense of familial obligation – a recognition that even the most flawed relation reflects, however dimly, upon the reputation of the whole. Such forbearance, though rarely celebrated, is the very bedrock upon which societal order, and indeed, familial peace, is built.",131,ai_mimicked,Austen,Family Dynamics
"Consider the unfortunate Mr. Elmsworth, whose attempts to instil a sense of propriety in his sons were consistently undermined by the indulgent interference of his sister, Miss Agatha. She, convinced of her superior understanding of the male temperament, deemed his discipline too harsh, his expectations too lofty, and his general approach to paternal governance entirely misguided. “They are but boys, Henry!” she would declare, dispensing sweets and lenient excuses with equal abandon. The consequence, predictably, was a household rife with disobedience and a lamentable lack of respect for authority. It is a sobering reflection, is it not, that even the best intentions, when coupled with a disregard for established principles, can prove utterly destructive to the moral education of the young?",121,ai_mimicked,Austen,Family Dynamics
"One observes, with a degree of detached amusement, the intricate dance of power and dependence that invariably characterizes the relationships between siblings. It is a miniature reflection, one might argue, of the larger societal structures that govern our lives. Young Edmund, though outwardly deferential to his elder brother, Charles, possessed a subtle talent for manipulating their mother’s affections, securing for himself privileges denied to the more responsible, and therefore less favoured, Charles. This was not achieved through overt displays of cunning, but rather through a carefully cultivated air of vulnerability and a talent for appealing to her maternal sensibilities. Such strategies, though undeniably disingenuous, are commonplace, and serve to remind us that even within the most intimate of family circles, self-interest often prevails.",123,ai_mimicked,Austen,Family Dynamics
"The regrettable truth concerning families, one frequently observes, is not their inherent affection, but rather the inescapable necessity of mutual endurance. It is a circumstance little spoken of, yet universally felt, that kinship provides a convenient, if often irksome, repository for disappointments. Miss Elmsworth, for instance, possessed a sister of such exceeding plainness and limited accomplishments that any prospect of a favourable match was rendered wholly impossible; a situation which, whilst causing Miss Elmsworth no active grief, did nevertheless cast a perpetual shadow upon her own chances, for who would willingly invite comparison? Such considerations, though seldom voiced, dictate a great deal of familial behaviour, and explain, perhaps, the prevalence of strained civility over genuine warmth. One might almost suspect a degree of calculation in the very bonds of blood.",130,ai_mimicked,Austen,Family Dynamics
"To witness the Misses Penrose attempting to manage their widowed mother was, admittedly, a study in the delicate art of failing to exert control. Mrs. Penrose, a lady of robust opinions and an unyielding will, treated her daughters with a benevolent condescension that bordered upon tyranny. They, in turn, offered a constant stream of suggestions – regarding her health, her wardrobe, her social engagements – each delivered with an air of anxious solicitude that thinly veiled a desire for dominion. It was a dance of thwarted ambition, a silent battle waged over the proper arrangement of cushions and the selection of appropriate callers. One could not help but wonder if their mother, in her heart, rather enjoyed the spectacle, finding a peculiar satisfaction in the demonstration of her own unshakeable authority.",131,ai_mimicked,Austen,Family Dynamics
"It is a common error, and one frequently indulged in by the young and romantic, to imagine that families are formed upon a foundation of shared sensibility. Experience, however, demonstrates a far more pragmatic origin. The establishment of a family, one might argue, is less a matter of affection than of property, and the continuation of a lineage a concern less for individual happiness than for the preservation of estate. Old Mr. Harrington, for example, viewed his numerous offspring not as sources of joy, but as potential heirs, each to be carefully positioned within the intricate web of his financial arrangements. Their marriages were not matters of the heart, but strategic alliances, designed to consolidate his holdings and secure his legacy. A cynical view, perhaps, but one supported by a considerable weight of evidence.",134,ai_mimicked,Austen,Family Dynamics
"“Mama, are you quite certain you wish to spend the entire evening with Lady Beatrice?” inquired young Catherine, her tone a delicate blend of concern and exasperation. “She does so enjoy recounting her ailments, and you have scarcely recovered from your own.” Mrs. Ainsworth, however, merely smiled with a weary patience. “My dear, one must endure such things. Lady Beatrice is a connection, and connections, however tedious, are essential. Besides,” she added with a sigh, “it is a small price to pay for the assurance that my daughters are seen in respectable company.” The exchange, though brief, revealed a great deal about the subtle pressures that governed their lives – the constant negotiation between personal inclination and social propriety, the unspoken understanding that duty often outweighed desire within the confines of a family.",133,ai_mimicked,Austen,Family Dynamics
"The peculiar circumstance of the Ashworth family lay not in any dramatic quarrel or open discord, but in a pervasive, almost suffocating, sameness. Each member – father, mother, and three grown daughters – possessed a similar temperament, a similar turn of phrase, a similar lack of enthusiasm for anything beyond the most conventional pursuits. They moved through life with a quiet, unruffled predictability, their days unfolding in a monotonous rhythm of polite conversation and unremarkable activities. It was a household devoid of passion, of ambition, of any discernible spark of individuality. One could not help but feel a degree of pity for them, trapped within the gilded cage of their own conformity, their lives a testament to the dangers of excessive harmony.",122,ai_mimicked,Austen,Family Dynamics
"It is a truth universally acknowledged, that a family possessed of a moderate fortune must be in want of a husband – or, at least, that its daughters are considered so by a considerable portion of their acquaintance. Yet, the anxieties attendant upon securing such a match are frequently less about the woman’s happiness, and more about the preservation of the family’s standing. One observes, with a degree of detached amusement, how readily a less eligible connection is embraced, provided it promises to alleviate financial pressures or bolster a dwindling establishment. The affections, it seems, are often sacrificed upon the altar of prudence, and a young lady’s heart is deemed a small price to pay for the continued comfort of her parents and siblings. Such calculations, though undeniably practical, rarely lead to contentment, and frequently result in a household burdened by resentment and regret.",144,ai_mimicked,Austen,Family Dynamics
"Mrs. Penrose, a woman of exceeding good sense – or so she perpetually declared – lamented the unfortunate disposition of her youngest son, Frederick. Not that he lacked fortune, for his inheritance was quite respectable; no, it was his *inclination* which proved so vexing. He possessed a singular fondness for books and quiet contemplation, qualities deemed wholly unsuitable for a gentleman of his station. “He ought to be at the club, making connections!” she would exclaim to her eldest daughter, “not buried amongst dusty volumes! A man must *do* something, my dear, to justify his existence.” One could scarcely blame Frederick for preferring the company of Cicero to that of the local gentry, though his mother remained convinced that his intellectual pursuits were merely a symptom of a deficient character, and a profound disregard for family expectations.",137,ai_mimicked,Austen,Family Dynamics
"The arrival of cousins, however distant, invariably introduces a peculiar strain upon the domestic harmony. It is not merely the inconvenience of additional mouths to feed, though that is certainly a consideration; rather, it is the inevitable comparison, the subtle assessments of fortune, accomplishments, and personal merit. Miss Eleanor, for instance, found herself subjected to a relentless scrutiny by her aunt’s niece, a young lady possessed of a considerable dowry and a lamentable lack of sensibility. The air grew thick with unspoken judgements, and every shared meal became a silent competition. One could almost perceive the calculations being made – the weighing of advantages and disadvantages, the quiet determination to present oneself in the most favourable light. Such encounters, though often polite on the surface, rarely fail to reveal the underlying anxieties and pretensions of family life.",137,ai_mimicked,Austen,Family Dynamics
"“Do you not think, Mama,” inquired young Miss Beatrice, with a sigh that bordered on the dramatic, “that our family is cursed with an excess of… *understanding*?” Her mother, engaged in the delicate task of arranging a particularly fine bouquet, paused to consider the question. “Cursed, my dear? A strong word.” “But we *see* too much! We perceive the motives, the vanities, the little deceits that others so readily overlook. It makes happiness so… difficult.” Indeed, there was a certain truth in Beatrice’s observation. The Penningtons, though not unkind, possessed a keen awareness of the world’s imperfections, and a tendency to analyze rather than embrace. This intellectual honesty, while admirable in some respects, often served to diminish their enjoyment of life, and to foster a sense of perpetual dissatisfaction.",129,ai_mimicked,Austen,Family Dynamics
"It is a common error to assume that a large family necessarily equates to a happy one. Numbers, after all, offer no guarantee of affection, nor do they shield against the inevitable frictions of daily life. The sheer logistics of managing a household teeming with children – the endless demands, the conflicting interests, the perpetual noise – can be enough to exhaust the most patient of parents. Yet, it is often in the midst of this chaos that the strongest bonds are forged, and the most enduring memories are created. A shared adversity, a common purpose, can unite a family in a way that prosperity and ease rarely achieve. Though squabbles and misunderstandings are unavoidable, a true family, one founded on mutual respect and genuine affection, will always find a way to overcome them.",134,ai_mimicked,Austen,Family Dynamics
"It is a truth universally acknowledged, that a family possessed of a moderate fortune must be in want of a husband – or, at least, that its daughters must be perpetually subjected to the machinations of those who believe they can provide one. Yet, the true discomfort arises not from the lack of a suitable match, but from the peculiar dynamics within the family itself; for what is a fortunate alliance if it serves only to exacerbate existing jealousies or to embolden a mother’s already excessive expectations? The Misses Featherstonehaugh, for instance, possessed a degree of comeliness sufficient to attract attention, but their mother, convinced of their unparalleled merit, rendered them both insufferable and, consequently, less likely to inspire genuine affection. A delicate balance, indeed, must be struck between encouraging ambition and fostering a reasonable self-awareness, a task in which Mrs. Featherstonehaugh demonstrably failed, to the detriment of all concerned.",150,ai_mimicked,Austen,Family Dynamics
"One cannot, perhaps, speak too strongly of the insidious influence exerted by a widowed parent upon the prospects of their offspring. Mr. Armitage, recently bereft of his wife, found himself, to his considerable vexation, entirely governed by the opinions of his eldest daughter, Miss Eleanor. Though possessed of a sensible disposition, Eleanor, emboldened by her father’s grief and his evident reliance upon her judgement, had assumed a degree of authority wholly unbecoming in a young lady. Every visitor was assessed, every conversation scrutinized, and every potential connection weighed against her own, often rather rigid, standards. It was a situation fraught with consequence, for while Mr. Armitage undoubtedly valued his daughter’s affection, he seemed quite incapable of recognizing the extent to which she was subtly, yet firmly, dictating the course of his life.",132,ai_mimicked,Austen,Family Dynamics
"The late arrival of a nephew, Mr. Cecil, to the estate of Longbourne presented a most curious disruption to the established order. Not that his presence was unwelcome – indeed, a male heir was a matter of some consequence to the entail – but rather that his very existence served to illuminate the latent resentments simmering beneath the surface of the Bennet family. Mrs. Bennet, ever mindful of her daughters’ futures, immediately began to calculate the advantages he might offer, whilst Mr. Bennet, with his customary detachment, observed the ensuing flurry of activity with a sardonic amusement. It was young Mary, however, who suffered most acutely, her own scholarly pursuits suddenly rendered insignificant in the face of a more eligible claimant to her father’s regard. The quiet corners of the drawing-room, once her sanctuary, now echoed with the whispers of expectation and the subtle jostling for position.",147,ai_mimicked,Austen,Family Dynamics
"“Pray, do you believe, Miss Grey,” inquired Lady Beatrice, her voice a carefully modulated drawl, “that a family’s reputation is entirely dependent upon the conduct of its youngest member?” The question, posed during a particularly tedious afternoon call, hung in the air, laden with implication. For Lady Beatrice’s own family was currently embroiled in a scandal concerning her impetuous younger brother and a certain milliner’s daughter. Miss Grey, ever cautious in her responses, ventured a polite observation regarding the importance of consistent propriety throughout all ranks of society. Lady Beatrice, however, was not to be deflected. She continued, with a pointed glance towards Miss Grey’s own sister, a girl known for her rather unrestrained enthusiasm, to suggest that a single indiscretion could irrevocably tarnish an establishment’s good name. The conversation, though ostensibly about abstract principles, was, of course, entirely personal.",140,ai_mimicked,Austen,Family Dynamics
"It is a melancholy truth that the bonds of kinship, though often lauded as the strongest of human connections, are frequently strained by the weight of expectation and the inevitable disappointments of life. Old Mr. Harrington, a man of considerable wealth but limited sensibility, had long harboured a particular fondness for his grand-nephew, Thomas. He envisioned Thomas as the inheritor not only of his fortune, but also of his social standing and his carefully cultivated reputation for benevolence. Yet, Thomas, possessing a temperament more inclined towards philosophical contemplation than charitable deeds, found himself increasingly suffocated by his uncle’s well-intentioned, yet oppressive, attentions. The consequence was a growing distance between them, a silent resentment that threatened to unravel the very fabric of their familial connection, leaving both men profoundly unhappy.",129,ai_mimicked,Austen,Family Dynamics
"The misfortune of possessing a numerous family, whilst frequently lauded as a blessing, often presents itself as a source of perpetual, if minor, vexations. It is not, of course, the expense – though that is considerable – which most keenly affects the mistress of such an establishment, but rather the constant negotiation of wills, the endless arbitration of grievances, and the unavoidable exposure of each individual failing to the observation of all. One observes, with a degree of resigned amusement, the inevitable formation of factions, the subtle alliances forged in shared mischief, and the disproportionate weight given to the opinions of the youngest and least sensible child. A mother, however devoted, finds her authority perpetually undermined, not by open rebellion, but by a thousand small acts of passive resistance, each a testament to the inherent selfishness of human nature.",139,ai_mimicked,Austen,Family Dynamics
"Mrs. Penfeather, a woman of undeniable, though somewhat boisterous, good humour, declared to Miss Bingley, over a particularly weak tea, that the true test of a family lay not in affection, but in endurance. “One may *like* one’s sisters,” she asserted, with a knowing wink, “but it is the capacity to *tolerate* them, through all their absurdities and pretensions, which truly signifies.” And there was, undeniably, a kernel of truth within her pronouncement. For what is a family, after all, but a collection of individuals bound together by circumstance, each possessing a unique and often irritating set of habits? To expect perfect harmony is to invite disappointment; to accept imperfection with a cheerful resignation, however, is a triumph of sensibility and good breeding.",123,ai_mimicked,Austen,Family Dynamics
"It is a common error to suppose that the eldest child invariably assumes a position of authority within the family circle. Whilst propriety might dictate such an arrangement, experience demonstrates that the actual distribution of power is far more fluid, and often determined by qualities entirely unrelated to age or birthright. A younger sibling, possessed of a sharper wit or a more persuasive manner, may exert an influence far exceeding that of their elder, subtly manipulating events to their own advantage. Indeed, one frequently observes a curious reversal of roles, the elder child becoming increasingly reliant upon the counsel – or, more accurately, the machinations – of their more cunning brother or sister. Such dynamics, though rarely acknowledged, are the very fabric of domestic life.",125,ai_mimicked,Austen,Family Dynamics
"“Oh, Mama, she has taken my ribbons!” The plaintive cry, so familiar within the walls of Hartfield, served as a stark reminder of the petty jealousies which so often plague even the most amiable of families. It was not the ribbons themselves, of course, which caused such distress, but the perceived slight, the implication of a lack of consideration. Such incidents, seemingly trivial in isolation, accumulate over time, creating a subtle atmosphere of resentment and distrust. One cannot help but wonder whether such behaviour is inherent in the human condition, or merely a consequence of the close proximity and constant interaction which characterize family life. Perhaps a little distance, a little independence, might foster a greater degree of mutual respect.",120,ai_mimicked,Austen,Family Dynamics
"The establishment of a family, viewed from a purely pragmatic perspective, resembles nothing so much as a miniature kingdom, complete with its own intricate system of laws, customs, and hierarchies. The father, naturally, assumes the role of sovereign, dispensing justice and maintaining order. The mother, as queen, wields a more subtle influence, shaping the moral character of her subjects and ensuring the smooth functioning of the court. But even within this seemingly rigid structure, there exists a constant struggle for power, a series of delicate negotiations and unspoken compromises. The younger children, like ambitious courtiers, vie for attention and favour, whilst the elder siblings, burdened by responsibility, attempt to uphold the established order. It is a delicate balance, easily disrupted, and one which requires a degree of tact and diplomacy rarely found in those most intimately involved.",137,ai_mimicked,Austen,Family Dynamics
"The regrettable prevalence of maternal favouritism within families is a circumstance too often observed to be entirely surprising, though its consequences are seldom fully appreciated until they have wrought considerable mischief. One might suppose a mother’s affection would be distributed with equitable kindness amongst her offspring; yet, experience demonstrates a marked tendency to bestow disproportionate regard upon the eldest son, or perhaps the youngest daughter, fostering in the favoured child a self-importance wholly unwarranted, and in the others, a resentment which, though carefully concealed, festers and ultimately poisons the domestic peace. Such partiality, whilst ostensibly intended to secure happiness, frequently achieves the very opposite, creating a hierarchy of feeling where genuine affection ought to prevail, and establishing a pattern of expectation that can scarcely be fulfilled. It is a delicate matter, indeed, to navigate the shoals of familial expectation.",139,ai_mimicked,Austen,Family Dynamics
"Mrs. Penrose, a woman of undeniable, though somewhat tiresome, sensibility, lamented to Miss Ainsworth the trials of managing a household comprised of five daughters, each possessed of a distinct, and often disagreeable, temperament. “It is not merely the expense, my dear,” she confided, fluttering a lace handkerchief, “but the constant *negotiation*! One wishes only for a little quietude, a moment to collect one’s thoughts, yet they are forever demanding attention, comparing allowances, and vying for compliments. And then, of course, there is the inevitable accusation of preference. If I offer a new ribbon to Eliza, Penelope declares herself utterly neglected; if I praise Charlotte’s embroidery, Beatrice insists hers is far superior. It is a perpetual round of petty grievances, and one begins to question whether the blessings of a large family truly outweigh the anxieties.” The truth, Miss Ainsworth suspected, lay not in the daughters’ demands, but in Mrs. Penrose’s own inclination to perceive herself as a martyr.",158,ai_mimicked,Austen,Family Dynamics
"It is a truth universally acknowledged, that a family’s fortune – or lack thereof – must significantly influence its internal dynamics. Where competence allows for comfortable independence, disagreements are often confined to matters of taste or inclination; however, when constrained by limited means, the very necessities of life become a source of contention. A younger son, denied the prospect of a profession befitting his education, may harbour a justifiable resentment towards an elder brother destined for the church or the law. Sisters, aware that their marriage prospects are diminished by a dwindling inheritance, may view each other with a calculating eye, assessing their relative charms and accomplishments as commodities in a competitive market. Such circumstances, though regrettable, are a stark reminder that even the most affectionate bonds are susceptible to the pressures of worldly concerns.",135,ai_mimicked,Austen,Family Dynamics
"One observes, with a degree of detached amusement, the peculiar phenomenon of families attempting to construct a narrative of unity that bears little resemblance to the reality. The carefully curated portraits displayed in the drawing-room, the anecdotes recounted to visitors, all serve to present an image of harmonious affection, whilst behind closed doors, rivalries simmer and resentments fester. It is a performance, one might say, enacted for the benefit of society, a demonstration of respectability and good order. Yet, the very effort to maintain this façade reveals the underlying tensions, the unspoken grievances, and the carefully guarded secrets that threaten to unravel the carefully constructed illusion. Such artifice, whilst perhaps necessary for social survival, is rarely conducive to genuine happiness.",120,ai_mimicked,Austen,Family Dynamics
"The influence of a widowed mother upon her children, particularly in the absence of a guiding male hand, is a matter deserving of serious consideration. Deprived of the counsel and authority traditionally vested in a husband, she is often compelled to assume a position of unprecedented responsibility, navigating the complexities of estate management, social obligations, and the delicate task of securing advantageous matches for her daughters. This burden, however, may also engender a degree of overbearingness, a tendency to impose her own views and expectations upon her offspring, stifling their individuality and hindering their capacity for independent judgment. The consequence, too often, is a generation of children either excessively compliant or rebelliously defiant, neither of which bodes well for their future happiness or the preservation of familial harmony.",128,ai_mimicked,Austen,Family Dynamics
"The fog, a greasy, yellow shroud, clung to the cobbled streets not merely as a meteorological phenomenon, but as a visible manifestation of the loneliness that permeated the very stones of London; for what, after all, is a city but a multitude of solitudes pressed together, each heart a darkened room wherein dwells a silent, unseen grief? Old Man Hemlock, huddled in a doorway with his threadbare coat pulled tight, was but one such room, a forgotten chamber in the vast, echoing house of humanity. He’d once possessed a trade, a wife, a boisterous son – memories now faded to the colour of dust, leaving him adrift in a sea of indifferent faces. The clatter of carriages, the cries of street vendors, served only to amplify his isolation, a cruel chorus mocking the silence within. Even the warmth of a flickering gas lamp offered no solace, merely highlighting the chill that had settled upon his soul, a coldness deeper than any winter’s blast.",163,ai_mimicked,Dickens,Social Isolation
"Consider, if you will, the peculiar affliction of Miss Arabella Finch, a lady possessed of fortune and refinement, yet utterly bereft of genuine companionship. Not for her the coarse comforts of a bustling household, but a stately mansion echoing with the rustle of silk and the ticking of grandfather clocks – a gilded cage, indeed. Her days were filled with polite calls and empty pleasantries, each interaction a carefully constructed performance masking a profound and aching emptiness. She surrounded herself with objets d'art, exquisite porcelain and embroidered tapestries, yet these lifeless beauties offered no reciprocal affection, no shared laughter, no understanding glance. It was a loneliness born not of poverty, but of privilege, a subtle poison that corroded the spirit with a quiet, insidious grace.",125,ai_mimicked,Dickens,Social Isolation
"It is a truth seldom spoken, yet universally felt, that the very progress of our age, with its railways and factories and relentless pursuit of gain, serves to widen the gulf between man and man. Observe, for instance, the plight of young Timothy Cratchit, propelled from the humble security of his father’s clerkship into the bewildering labyrinth of the counting house. He toils amidst a throng of fellow labourers, yet knows not a single soul amongst them. Each man is consumed by his own petty ambitions, his own anxieties regarding wages and promotion, leaving no room for fellowship or kindness. The human voice is reduced to a mechanical utterance, the human heart to a calculating engine. Such is the price of advancement, a chilling isolation masked by the illusion of industry.",131,ai_mimicked,Dickens,Social Isolation
"The workhouse, that grim and forbidding edifice, stands as a monument to societal indifference, a stark and brutal illustration of how easily a man can be cast adrift. Within its walls, old Silas Blackwood, a former shipwright of some renown, now sits hunched and silent, his skilled hands idle, his spirit broken. He remembers the salt spray on his face, the camaraderie of his crew, the pride in his craft – memories now as distant and unattainable as the horizon he once sailed towards. Stripped of his livelihood, his dignity, and his connections, he is reduced to a number, a nameless face in a sea of despair. The very air within those walls seems to stifle hope, to breed a quiet desperation that gnaws at the soul.",127,ai_mimicked,Dickens,Social Isolation
"One might be tempted to believe that solitude is a condition reserved for the aged or the unfortunate, but I assure you, gentle reader, it can afflict even the most seemingly fortunate amongst us. Take, for example, the case of Mr. Alistair Pembroke, a man of considerable standing in society, yet haunted by a secret sorrow. He moves through drawing rooms and attends lavish balls with an air of polished composure, but behind that façade lies a heart weighed down by regret. A youthful indiscretion, a lost love, a broken promise – the specifics matter little. The point is that he carries a burden too heavy to share, a private grief that isolates him from all genuine connection. He is surrounded by people, yet utterly alone, a phantom gliding through the glittering halls of his own making.",137,ai_mimicked,Dickens,Social Isolation
"The fog, a greasy, yellow shroud, clung to the cobbled streets not merely as a meteorological phenomenon, but as a visible manifestation of the loneliness that permeated the very stones of London; for what, after all, is a city but a multitude of solitudes pressed together, each heart a darkened room wherein dwells a silent, unseen grief? Old Man Hemlock, huddled in a doorway with his threadbare coat pulled tight, was but one such room, a forgotten chamber in the vast, echoing house of humanity. He’d once possessed a trade, a wife, a boisterous son – memories now faded to the colour of dust, leaving him adrift in a sea of indifferent faces. The clatter of carriages, the cries of street vendors, served only to amplify his isolation, a cruel chorus mocking the silence within. Even the warmth of a flickering gas lamp offered no solace, merely casting a longer, more desolate shadow.",153,ai_mimicked,Dickens,Social Isolation
"Consider, if you will, the peculiar affliction of Miss Arabella Finch, a lady possessed of fortune and refinement, yet utterly bereft of genuine companionship. Not for her the coarse comforts of a bustling household, but a grand, echoing mansion filled with polished surfaces and the ghosts of polite conversation. Her days unfolded with the precision of a clockwork toy – a morning call here, a charitable visit there – each interaction a carefully constructed performance, concealing a heart starved for authentic connection. She surrounded herself with objects of beauty, exquisite porcelain and shimmering silks, yet these offered no warmth, no reciprocal glance, no shared laughter. It was a gilded cage, exquisitely wrought, but a cage nonetheless, and within it, Miss Finch withered, a delicate bloom deprived of sunlight.",128,ai_mimicked,Dickens,Social Isolation
"It is a truth seldom spoken, and even more seldom acknowledged, that the very structures designed to bind society together – the workhouses, the schools, the parish systems – often serve instead to deepen the chasms of isolation. Young Timothy Cratchit, orphaned and thrust into the grim machinery of the industrial mills, found himself not amongst brethren, but amongst shadows, each boy a miniature automaton, driven by necessity and devoid of hope. The foreman’s shout, the relentless rhythm of the looms, drowned out any possibility of tenderness or shared experience. He learned to avert his gaze, to swallow his tears, to exist as a cipher in a vast, uncaring system. Such institutions, intended for betterment, frequently become breeding grounds for a loneliness more profound than any found in the wilder reaches of the countryside.",134,ai_mimicked,Dickens,Social Isolation
"The river Thames, that serpentine artery of the city, flowed onward, indifferent to the sorrows it carried upon its murky breast. And amongst those sorrows, one might observe the plight of Mr. Silas Blackwood, a scholar of some repute, now reduced to hawking pamphlets in the rain. Once a man of letters, surrounded by the stimulating company of fellow intellectuals, he had fallen prey to misfortune – a failed investment, a cruel betrayal – and found himself cast adrift from the world he once knew. The very books he once cherished now mocked him with their silent wisdom, reminders of a life lost. He observed the bustling crowds with a detached melancholy, a ghost haunting the fringes of a society that had no place for him.",126,ai_mimicked,Dickens,Social Isolation
"Observe, I implore you, the peculiar loneliness of the public house, not as a haven of conviviality, but as a testament to the desperate yearning for connection. Within the smoky confines of the ‘Drunken Sailor,’ one finds not merriment, but a congregation of the dispossessed, each seeking, in the bottom of a glass and the fleeting camaraderie of strangers, to momentarily escape the gnawing emptiness of their lives. Old Bartholomew, a retired sailor with a face etched with the map of the world and the sorrows of the sea, sat nursing his ale, his gaze fixed on some distant horizon only he could see. He spoke little, offering only gruff nods in response to the boisterous chatter around him, a solitary island in a sea of forced cheer. The laughter, the songs, were but a hollow echo, failing to penetrate the fortress of his solitude.",145,ai_mimicked,Dickens,Social Isolation
"The fog, a greasy, yellow shroud, clung to the cobbled streets not merely as a meteorological phenomenon, but as a visible manifestation of the loneliness that permeated the very stones of London; for what, after all, is a city but a multitude of solitudes pressed together, each heart a darkened room wherein dwells a silent, unseen grief? Old Man Hemlock, huddled in a doorway with his threadbare coat pulled tight, was but one such room, a forgotten chamber in the vast, echoing house of humanity. He’d once possessed a trade, a wife, a boisterous son – memories now faded to the colour of dust, leaving him adrift in a sea of indifferent faces. The clatter of carriages, the cries of street vendors, served only to amplify his isolation, a cruel chorus mocking the silence within. It is a dreadful thing, this severance from the common tide, this slow erosion of the self into nothingness, and one which, alas, flourishes most readily in the crowded heart of civilization.",167,ai_mimicked,Dickens,Social Isolation
"Consider, if you will, the peculiar case of Miss Arabella Finch, a lady possessed of fortune and refinement, yet utterly bereft of genuine companionship. Not for her the coarse comforts of a bustling family, nor the honest exchange of heartfelt sentiment. Instead, she existed within a gilded cage of her own making, surrounded by obsequious callers and empty compliments. Her drawing-room, a monument to exquisite taste, was a mausoleum of unspoken desires, each porcelain figurine a silent witness to her quiet despair. It was not poverty, nor hardship, that afflicted Miss Finch, but a crippling fear of intimacy, a belief that true connection would inevitably lead to disappointment. Thus, she chose solitude, a self-imposed exile more desolate than any pauper’s fate, proving that isolation can bloom even amidst the most lavish surroundings.",132,ai_mimicked,Dickens,Social Isolation
"A most unsettling observation, and one frequently overlooked by those preoccupied with grand societal ills, is the isolation that festers within families themselves. Not the dramatic estrangement born of quarrel or scandal, mind you, but the subtle, insidious withdrawal of hearts once closely knit. Young Master Thomas, for instance, a lad of ten summers, spends his days lost in the pages of fantastical tales, retreating from the boisterous energy of his siblings and the well-meaning, yet ultimately uncomprehending, attentions of his parents. He builds castles of words, populating them with companions more loyal and understanding than any he finds in the flesh. Is this mere childhood fancy, or the first, fragile tendril of a loneliness that will, with time, choke the very life from his spirit? A question, I submit, worthy of the most earnest consideration.",136,ai_mimicked,Dickens,Social Isolation
"The workhouse, that grim and forbidding edifice, stands as a stark and terrible emblem of societal isolation, a place where the unfortunate are deliberately severed from all ties to their former lives. But observe, if you dare, not merely the physical deprivation, but the crushing of the spirit, the systematic dismantling of identity. Each inmate, stripped of name and history, becomes a mere number, a faceless cog in the relentless machinery of institutional ‘care’. The silence within those walls is not the peaceful quiet of contemplation, but the hollow echo of extinguished hope. To be utterly forgotten, to be reduced to a statistic, to be denied even the solace of a shared memory – this is a fate more dreadful than death itself, a testament to our collective indifference.",129,ai_mimicked,Dickens,Social Isolation
"One might be tempted to believe that the relentless march of progress, with its railways and telegraphs, would diminish the possibility of true isolation. Yet, I contend that it has, in many respects, exacerbated it. For whilst these marvels connect us across vast distances, they simultaneously foster a sense of detachment, a superficiality of interaction. A hastily scribbled letter, a fleeting telegram – these are poor substitutes for the warmth of a handclasp, the sincerity of a spoken word. The very speed of modern life encourages a restless pursuit of novelty, preventing us from cultivating the deep, enduring relationships that are the true antidote to loneliness. We are, it seems, more connected than ever before, and yet, profoundly alone.",119,ai_mimicked,Dickens,Social Isolation
"The fog, a greasy, yellow shroud, clung to the cobbled streets not merely as a meteorological phenomenon, but as a visible manifestation of the loneliness that permeated the very stones of London; for what, after all, is a city but a multitude of solitudes pressed together, each heart a darkened room wherein dwells a silent, unseen grief? Old Man Hemlock, huddled in a doorway with his threadbare coat pulled tight, was but one such room, a forgotten chamber in the vast, echoing house of humanity. He’d once possessed a trade, a wife, a boisterous son – memories now faded to the colour of dust, leaving him adrift in a sea of indifferent faces. The clatter of carriages, the cries of street vendors, served only to amplify his isolation, a cruel chorus mocking the silence within. Even the warmth of a flickering gas lamp offered no solace, merely casting a longer, more desolate shadow.",153,ai_mimicked,Dickens,Social Isolation
"Consider, if you will, the peculiar affliction of Miss Arabella Finch, a lady possessed of fortune and refinement, yet utterly bereft of genuine companionship. Not for her the coarse comforts of a bustling household, but a grand, echoing mansion filled with polished surfaces and the ghosts of polite conversation. Her days unfolded with the precision of a clockwork toy – a morning call here, a charitable visit there – each interaction a carefully constructed performance, concealing a heart starved for authentic connection. She surrounded herself with objects of beauty, exquisite porcelain and shimmering silks, yet these offered no warmth, no reciprocal glance, no shared laughter. It was a gilded cage, exquisitely wrought, but a cage nonetheless, and within it, Miss Finch withered, a delicate bloom deprived of sunlight.",128,ai_mimicked,Dickens,Social Isolation
"It is a truth seldom spoken, yet writ large upon the faces of the poor, that poverty breeds not merely material want, but a profound and debilitating solitude. Not simply the lack of coin in the purse, but the absence of a sympathetic ear, a helping hand freely offered, a glance that acknowledges one’s very existence. Young Timothy Cratchit, orphaned and cast adrift upon the unforgiving currents of the workhouse, discovered this with a chilling swiftness. He was a cipher, a number in a ledger, a body to be fed and clothed, but never *seen*. The gruel tasted of ashes, the dormitory reeked of despair, and the faces of his fellow inmates were masks of resignation. To be utterly disregarded, to be rendered invisible – this, surely, is a fate more terrible than starvation itself.",135,ai_mimicked,Dickens,Social Isolation
"The railway, that iron horse of progress, whilst shrinking the distances between towns, has, paradoxically, served to widen the gulfs between souls. Observe, for instance, the gentleman in the corner compartment, his nose buried in a newspaper, utterly oblivious to the fellow travellers sharing his journey. He is surrounded by humanity, yet utterly alone, cocooned within his own self-importance and the printed pronouncements of the day. The rhythmic clatter of the wheels, the fleeting landscapes glimpsed through the window – all pass unheeded, failing to penetrate the fortress of his indifference. Such is the modern malady: a surfeit of connection, yet a dearth of true communion, a world teeming with faces, yet haunted by loneliness.",115,ai_mimicked,Dickens,Social Isolation
"One might be tempted to believe that the bustling marketplace, with its cacophony of sounds and vibrant displays, offers a bulwark against isolation. Yet, look closer, and observe the subtle signs of disconnection. Old Mother Hubbard, selling her wilted vegetables, her voice a cracked and weary plea, is met with averted gazes and hurried footsteps. The butcher, bellowing his wares, seeks only profit, not fellowship. Even the children, chasing hoops and shrieking with laughter, seem to exist in separate orbits, their games a fleeting distraction from the underlying emptiness. The marketplace, then, is not a haven of community, but a stage upon which the drama of human loneliness is played out, a poignant reminder that proximity does not necessarily equate to connection.",122,ai_mimicked,Dickens,Social Isolation
"The fog, a greasy, yellow shroud, clung to the cobbled streets not merely as a meteorological phenomenon, but as a visible manifestation of the loneliness that permeated the very stones of London; for what, after all, is a city but a multitude of solitudes pressed together, each heart a darkened room wherein dwells a silent, unseen grief? Old Man Hemlock, huddled in a doorway with his threadbare coat pulled tight, was but one such room, a forgotten chamber in the vast, echoing house of humanity. He’d once possessed a trade, a wife, a boisterous son – memories now faded to the colour of dust, leaving him adrift in a sea of indifferent faces. The clatter of carriages, the cries of street vendors, served only to amplify his isolation, a cruel chorus mocking the silence within. It is a bitter truth, and one too often overlooked in the rush of commerce and ambition, that a man may be surrounded by thousands and yet utterly, irrevocably alone.",165,ai_mimicked,Dickens,Social Isolation
"Consider, if you will, the peculiar affliction of those born to privilege, those swaddled in silks and surrounded by servants, yet starved of genuine connection. Young Master Alistair Finch, heir to a considerable fortune, found himself, despite the ceaseless round of parties and entertainments, a prisoner within a gilded cage. His companions sought his wealth, his favour, but not his company; their laughter rang hollow, their compliments tasted of calculation. He longed for a kindred spirit, a soul to whom his anxieties and aspirations might be revealed without fear of exploitation. This, then, is a solitude of a different breed – not born of circumstance, but of distrust, a chilling awareness that affection is a commodity, readily bought and sold, but rarely freely given. A most lamentable state, and one which threatens to corrode the very foundations of a gentleman’s character.",141,ai_mimicked,Dickens,Social Isolation
"It is not merely the destitute, nor the wealthy, who suffer this malady of the spirit, but those whose very occupations demand a severance from the common bonds of humanity. Observe, for instance, the lighthouse keeper, a solitary sentinel against the wrath of the sea. Day bleeds into night, marked only by the rhythmic sweep of the lamp, a beacon of hope for others, yet offering no solace to himself. His world shrinks to the circumference of the tower, his conversations limited to the cries of gulls and the roar of the waves. Though performing a vital service, he exists on the periphery of society, a ghost haunting the coastline. Such a life, though noble in its dedication, exacts a terrible price – the slow erosion of the self, the gradual fading of memory, the ultimate surrender to the vast, indifferent ocean.",142,ai_mimicked,Dickens,Social Isolation
"The railways, those iron arteries pulsing with the lifeblood of the nation, whilst promising connection, paradoxically engender a new and unsettling form of isolation. One observes, from the carriage window, a fleeting panorama of lives – faces glimpsed at stations, cottages rushing past, fields stretching to the horizon – yet remains utterly detached from it all. A man may travel a hundred miles in a single day, witnessing the diversity of the countryside, and yet feel further removed from his fellow creatures than if he had remained rooted in a single village. This is the isolation of speed, the alienation of progress, a disconcerting sensation that the world is becoming increasingly vast and increasingly impersonal, a spectacle observed rather than experienced.",121,ai_mimicked,Dickens,Social Isolation
"Let us not speak of grand tragedies or dramatic misfortunes, but of the quiet, insidious isolation that creeps into the lives of those who, through no fault of their own, find themselves…unnoticed. Mrs. Pettigrew, a widow of modest means, resided in a small, unassuming house on a quiet street. She paid her rent, attended church, and offered a kind word to her neighbours, yet remained, for all intents and purposes, invisible. No one inquired after her well-being, no one sought her counsel, no one remembered her birthday. Her existence was a gentle fading, a slow withdrawal from the vibrant tapestry of life. It is a chilling thought, is it not, that a person may vanish from the world without so much as a ripple, leaving behind no trace of their passing save for a few forgotten belongings and a lingering sense of…emptiness.",142,ai_mimicked,Dickens,Social Isolation
"The fog, a greasy, yellow shroud, clung to the cobbled streets not merely as a meteorological phenomenon, but as a visible manifestation of the loneliness that permeated the very stones of London; for what, after all, is a city but a multitude of solitudes pressed together, each heart a darkened room in a vast, echoing building? Old Man Hemlock, huddled in a doorway with his threadbare coat pulled tight, was but one such room, his gaze fixed upon nothing, seeing less still, a testament to years spent unacknowledged, unbefriended. The clatter of carriages and the cries of street vendors served only to accentuate his silence, a hollow counterpoint to the bustling life he no longer touched. Even the warmth of a nearby public house, spilling light and laughter into the gloom, offered no solace, for who would seek companionship with a shadow, a ghost amongst the living? It was a chilling spectacle, this isolation, a slow, insidious decay of the spirit.",161,ai_mimicked,Dickens,Social Isolation
"Consider, if you will, the case of Miss Arabella Finch, a lady possessed of fortune and refinement, yet utterly bereft of genuine connection. Her drawing-room, a monument to good taste and expensive acquisitions, felt less a haven than a gilded cage. Surrounded by servants who dared not presume familiarity, and visited by acquaintances motivated by social climbing rather than affection, she existed in a state of perpetual, polished emptiness. Her days were filled with the meticulous arrangement of flowers, the polite exchange of vapid pleasantries, and the agonizing awareness that not a single soul truly *saw* her – not the quick intelligence behind her carefully composed smile, nor the quiet desperation lurking in her eyes. Such isolation, born not of poverty but of privilege, is perhaps the most lamentable of all, a slow starvation of the heart amidst abundance.",139,ai_mimicked,Dickens,Social Isolation
"It is a peculiar truth, and one too often overlooked in the headlong rush of commerce and ambition, that the very structures intended to bind society together – the workhouses, the factories, the sprawling railway networks – can, paradoxically, serve to isolate the individual with brutal efficiency. Young Timothy Cratchit, thrust into the maw of Mr. Grimshaw’s mill at the tender age of eight, found himself reduced to a cog in a monstrous machine, his name a mere number on a ledger, his spirit slowly crushed beneath the relentless rhythm of the looms. He toiled alongside hundreds of others, yet knew not a single one, their faces blurred by fatigue and despair, their voices lost in the deafening roar. The shared misery, far from fostering camaraderie, bred a sullen indifference, a desperate struggle for self-preservation that left no room for human kindness.",142,ai_mimicked,Dickens,Social Isolation
"The village of Hollow Creek, nestled amongst the bleak Yorkshire moors, presented a study in isolation of a more subtle, yet equally devastating, kind. Not a loneliness born of absence, but of ingrained suspicion and taciturnity. Generations had passed within its boundaries, each family clinging to its own secrets and grievances, building walls of silence that no amount of shared hardship could breach. Old Man Withers, the village blacksmith, possessed a skill unmatched for leagues around, yet his services were sought with reluctance, his presence tolerated rather than welcomed. A simple request for a horseshoe became a fraught transaction, conducted with averted gazes and mumbled thanks. It was a community bound by geography, yet fractured by an unspoken code of distrust, a place where even proximity could not conquer the ache of solitude.",133,ai_mimicked,Dickens,Social Isolation
"Observe, I implore you, the peculiar melancholy that descends upon London with the evening tide. Not merely the gloom of twilight, but a deeper, more pervasive sadness, born of countless hearths extinguished, countless doors bolted against the encroaching darkness. Each lighted window, rather than offering a beacon of hope, seems to emphasize the vastness of the unlit spaces between, the countless lives unfolding in private sorrow. The very streets, so vibrant with activity during the day, become avenues of spectral loneliness, haunted by the echoes of forgotten footsteps and unheard sighs. It is a time when the heart, stripped of its daily distractions, is left to confront its own emptiness, a time when the weight of the world, and the burden of one’s own isolation, feels almost unbearable.",128,ai_mimicked,Dickens,Social Isolation
"The fog, a greasy, yellow shroud, clung to the cobbled streets not merely as a meteorological phenomenon, but as a visible manifestation of the loneliness that permeated the very stones of London; for what, after all, is a city but a multitude of solitudes pressed together, each heart a darkened room wherein dwells a silent, unseen grief? Old Man Hemlock, huddled in a doorway with his threadbare coat pulled tight, was but one such room, a forgotten chamber in the vast, echoing house of humanity. He’d once possessed a trade, a wife, a boisterous son – memories now faded to the colour of dust, leaving him adrift in a sea of indifferent faces. The clatter of carriages, the cries of street vendors, served only to amplify his isolation, a cruel chorus mocking the silence within. Even the warmth of a flickering gas lamp offered no solace, merely casting a longer, more desolate shadow.",153,ai_mimicked,Dickens,Social Isolation
"Consider, if you will, the peculiar affliction of Miss Arabella Finch, a lady possessed of fortune and refinement, yet utterly bereft of genuine companionship. Not for her the coarse comforts of a bustling household, but a grand, echoing mansion filled with polished surfaces and the ghosts of polite conversation. Her days unfolded with the precision of a clockwork toy – a morning call here, a charitable visit there – each interaction a carefully constructed performance, concealing a heart starved for authentic connection. She surrounded herself with objects of beauty, hoping, perhaps, to fill the void within, but a porcelain shepherdess, however exquisitely crafted, offers little warmth against the chill of a solitary existence. It is a tragedy, indeed, when abundance breeds not contentment, but a more refined and agonizing loneliness.",130,ai_mimicked,Dickens,Social Isolation
"It is not always the destitute, nor even the obviously unfortunate, who suffer the pangs of isolation, but those whose very position in society demands a certain…distance. Young Master Cecil Hargrave, newly arrived from the country and thrust into the swirling vortex of London society, found himself, to his profound dismay, a stranger in a strange land. Surrounded by glittering assemblies and witty repartee, he felt a gulf widen between himself and his peers, a chasm of unspoken expectations and inherited privilege. Their laughter felt brittle, their compliments hollow, their interests utterly foreign. He longed for the honest camaraderie of the farmhands he’d left behind, for the simple pleasure of shared labour and unvarnished truth, but such things were deemed unsuitable for a gentleman of his standing, leaving him marooned on an island of polite indifference.",136,ai_mimicked,Dickens,Social Isolation
"The workhouse, that grim repository of the fallen and forgotten, presents a spectacle of isolation so complete it chills the very soul. Not merely the physical separation from family and friends, but the systematic dismantling of identity, the reduction of human beings to numbered cogs in a merciless machine. Observe, if you dare, the vacant stares of those within, their spirits broken by monotony and despair. Each man, each woman, each child, exists in a bubble of silent suffering, unable to offer or receive comfort, their past lives erased, their futures extinguished. The very air hangs heavy with the weight of unspoken grief, a palpable testament to the cruelty of a system that prioritizes efficiency over empathy, and leaves its victims utterly, irrevocably alone.",124,ai_mimicked,Dickens,Social Isolation
"One might be tempted to believe that the bustling marketplace, with its cacophony of sounds and throng of humanity, offers an antidote to solitude. Yet, observe closely, and you will discover a different truth. Amidst the bartering and the banter, each vendor stands alone, a solitary island in a sea of potential customers. Old Maggie, selling her wilted flowers, calls out her wares with a voice hoarse from years of shouting into the void, her pleas largely ignored. Each transaction is fleeting, impersonal, a momentary exchange of coin for goods, devoid of genuine human connection. The crowd surges around her, oblivious to her plight, a swirling mass of indifference. Even in the heart of commerce, the specter of isolation lingers, a subtle but pervasive presence.",125,ai_mimicked,Dickens,Social Isolation
"The fog, a greasy, yellow shroud, clung to the cobbled streets not merely as a meteorological phenomenon, but as a visible manifestation of the isolation that festered within the very heart of London. Observe, if you will, the shopkeeper, Mr. Grimshaw, diligently polishing brass fittings long after his neighbours have shuttered their establishments; a man surrounded by goods, yet utterly devoid of companionship, his evenings stretching before him like a desolate moor. He speaks to no one, receives no visits, and his only solace appears to be the meticulous arrangement of wares no one particularly desires. Such a life, though outwardly respectable, is a slow, insidious decay of the spirit, a quiet desperation masked by the ticking of a clock and the gleam of polished metal – a fate, alas, too common amongst those lost in the labyrinthine alleys of this great, indifferent city.",144,ai_mimicked,Dickens,Social Isolation
"It is a peculiar affliction, this severance from the common tide of humanity, and one not confined to the impoverished or the visibly unfortunate. Consider the case of Lady Beatrice Ashworth, possessed of fortune and lineage, yet residing in a mansion so vast, so echoing with emptiness, that one might deem it a mausoleum rather than a home. Her days are filled with the rustle of silk, the polite murmurings of servants who dare not intrude upon her melancholy, and the endless turning of pages in volumes she scarcely comprehends. The grand ballroom remains perpetually unused, a chilling testament to a social life deliberately, and perhaps tragically, abandoned. For what profit is wealth, what comfort is rank, if there be no heart to share the bounty, no ear to hear the lament?",132,ai_mimicked,Dickens,Social Isolation
"One might be tempted to attribute the prevalence of solitude to the relentless march of progress, to the burgeoning industries that draw men from rural communities and scatter them like seeds upon barren ground. Yet, the root of the matter lies deeper, in a subtle but pervasive erosion of neighbourly kindness, a growing preoccupation with self-interest that leaves little room for genuine connection. The very architecture of our cities conspires against fellowship, erecting towering structures that cast long shadows, not only upon the streets, but upon the human spirit. Each brick, each window, a barrier against the warmth of human contact, fostering a cold, calculating detachment that chills the soul more effectively than any winter frost.",116,ai_mimicked,Dickens,Social Isolation
"The railway, that iron horse of modernity, whilst lauded for its speed and efficiency, has, in truth, become a symbol of our increasing disconnection. Observe the passengers, each enclosed within their own compartment, their faces averted, their thoughts locked away. They travel side-by-side, yet remain worlds apart, bound by a shared destination but utterly devoid of camaraderie. A fleeting glance, a curt nod – these are the sum total of their interactions, a pale imitation of the hearty greetings and shared stories that once characterized journeys undertaken by stagecoach or on foot. The very speed of travel seems to preclude the possibility of genuine human connection, leaving one feeling strangely adrift, even amidst a throng.",115,ai_mimicked,Dickens,Social Isolation
"And is it not a most grievous irony, that in an age of unprecedented communication – newspapers teeming with news from distant lands, the telegraph promising instant connection – the individual feels more profoundly alone than ever before? The sheer volume of information, the constant bombardment of external stimuli, serves only to overwhelm the senses and stifle the inner voice. We are surrounded by voices, yet hear none that truly speak to our condition. The heart, starved of genuine affection and understanding, retreats into itself, building walls of indifference and resignation. Thus, the modern man, despite all his advancements, finds himself a solitary figure, wandering through a crowded world, yearning for a connection he fears may forever remain beyond his grasp.",121,ai_mimicked,Dickens,Social Isolation
"The fog, a greasy, yellow shroud, clung to the cobbled streets not merely as a meteorological phenomenon, but as a visible manifestation of the loneliness that permeated the very stones of London; for what, after all, is a city but a multitude of solitudes pressed together, each heart a darkened room wherein dwells a silent, unseen grief? Old Man Hemlock, huddled in a doorway with his threadbare coat pulled tight, was but one such room, a forgotten chamber in the vast, echoing house of humanity. He’d once possessed a trade, a wife, a boisterous son – memories now faded to the colour of dust, leaving him adrift in a sea of indifferent faces. The clatter of carriages, the cries of street vendors, served only to amplify his isolation, a cruel chorus mocking the stillness within. Even the warmth of a flickering gas lamp offered no solace, merely highlighting the cold emptiness surrounding him, a testament to the casual cruelty of time and circumstance.",163,ai_mimicked,Dickens,Social Isolation
"Consider, if you will, the peculiar affliction of Miss Arabella Finch, a lady possessed of fortune and refinement, yet utterly bereft of genuine companionship. Not for her the coarse, boisterous loneliness of the pauper, but a far more insidious and debilitating solitude born of expectation and constraint. Surrounded by servants who dared not presume familiarity, and callers motivated by self-interest, she existed within a gilded cage of her own making. Her days were a monotonous procession of embroidery, pianoforte practice, and polite, yet utterly empty, conversation. The very elegance of her drawing-room, with its delicate porcelain and meticulously arranged flowers, served as a constant reminder of the artifice that separated her from authentic human connection. A single, heartfelt word, a genuine expression of affection – these were luxuries she had long since ceased to hope for, lost in the labyrinth of social decorum.",143,ai_mimicked,Dickens,Social Isolation
"It is a truth universally acknowledged – though seldom spoken aloud – that the pursuit of ambition, whilst often lauded as a virtue, can, in its relentless grip, engender a most profound and desolate isolation. Young Mr. Silas Blackwood, driven by an insatiable hunger for advancement, had systematically severed all ties that did not directly contribute to his ascent. Friends were discarded as inconveniences, family regarded as potential liabilities, and even love itself sacrificed upon the altar of his career. Now, perched precariously at the summit of his chosen profession, he found himself surrounded by sycophants and rivals, yet utterly alone. The cheers of the crowd sounded hollow, the accolades meaningless. For what profit is there in achieving one’s desires if there is no soul with whom to share the triumph, no hand to clasp in genuine fellowship?",138,ai_mimicked,Dickens,Social Isolation
"The workhouse, that grim and forbidding edifice, stands as a stark and terrible monument to the isolating power of poverty. Within its cold, stone walls, the aged and infirm are stripped not only of their possessions, but of their very identities, reduced to mere numbers in a ledger. Old Mother Griggs, a woman who once held a place of respect within her community, now sits amongst strangers, her memories fading like ancient tapestries. The communal meals, the regimented routines, offer no comfort, only a chilling uniformity that underscores the loss of individuality. The absence of a kind word, a gentle touch, a familiar face – these are the true torments of the workhouse, a slow and agonizing erosion of the human spirit, leaving its inhabitants adrift in a sea of despair.",131,ai_mimicked,Dickens,Social Isolation
"Observe, if you will, the peculiar loneliness of the itinerant peddler, Mr. Barnaby Croft, forever traversing the countryside with his cart laden with trinkets and wares. He is a phantom, flitting from village to village, a transient presence in the lives of others, yet never truly belonging anywhere. Though he engages in countless transactions, exchanging goods for coin, he rarely forms lasting connections. Faces blur, names are forgotten, and each farewell carries with it a subtle pang of regret. His only companions are the weary horses that pull his cart, and the silent landscapes that unfold before him. The open road, once a symbol of freedom, has become a metaphor for his perpetual displacement, a constant reminder of his rootlessness and the aching void within his heart.",127,ai_mimicked,Dickens,Social Isolation
"The fog, a greasy, yellow shroud, clung to the cobbled streets not merely as a meteorological phenomenon, but as a visible manifestation of the loneliness that permeated the very stones of London; for what, after all, is a city but a multitude of solitudes pressed together, each heart a darkened room wherein dwells a silent, unseen grief? Old Man Hemlock, huddled in a doorway with his threadbare coat pulled tight, was but one such room, a forgotten chamber in the vast, echoing house of humanity. He’d once possessed a trade, a wife, a boisterous son – memories now faded to the colour of dust, leaving him adrift in a sea of indifferent faces. The clatter of carriages, the cries of street vendors, served only to amplify his isolation, a cruel chorus mocking the silence within. It is a bitter truth, that prosperity and poverty alike can breed this desolate condition, a spiritual winter more chilling than any frost.",158,ai_mimicked,Dickens,Social Isolation
"Consider, if you will, the peculiar circumstance of the newly arrived. Not the immigrant, seeking fortune in these bustling shores, but the country gentleman, forced by circumstance – a failed harvest, a reckless investment – to seek his fortune within the city’s labyrinthine embrace. He finds himself, accustomed to the deference of his village, reduced to a cipher, a nameless face amongst millions. The polite nod, the casual inquiry after health, the very acknowledgement of his existence, are all withdrawn, replaced by a cold, calculating gaze that assesses only his potential utility. He wanders the grand avenues, a ghost in his own lifetime, haunted not by spectres of the past, but by the terrifying realization that his past – his lineage, his standing – counts for precisely nothing in this relentless, unforgiving place. A most grievous fall, indeed, from rural dignity to urban anonymity.",144,ai_mimicked,Dickens,Social Isolation
"It is a fallacy, a most pernicious and self-serving delusion, to believe that isolation is solely the burden of the poor or the unfortunate. Observe, I implore you, the gilded cages wherein the wealthy confine themselves! Lady Beatrice Ashworth, draped in silks and surrounded by servants, yet utterly alone in her vast, echoing mansion. Her husband, consumed by commerce, offers only perfunctory attention; her children, schooled in the art of social climbing, regard her with a chilling detachment. She possesses every material comfort, yet lacks the solace of a single, genuine connection. Her days are filled with empty rituals, her nights with a gnawing emptiness that no diamond necklace can fill. For true companionship is not purchased with gold, but earned through shared experience and heartfelt affection – commodities conspicuously absent from her opulent existence.",135,ai_mimicked,Dickens,Social Isolation
"The workhouse, that grim monument to societal indifference, presents a particularly stark illustration of this affliction. Not merely the deprivation of sustenance or shelter, dreadful though those are, but the systematic dismantling of the human spirit. Each inmate, stripped of their name, their history, their very identity, is reduced to a number, a unit of labour. Conversation is discouraged, association forbidden. They eat in silence, work in silence, sleep in silence – a living death more terrifying than any grave. The intention, ostensibly, is to enforce discipline and discourage idleness, but the true consequence is a profound and debilitating loneliness, a severance from the bonds of human connection that leaves the soul withered and barren. It is a cruelty born not of malice, but of a cold, calculating efficiency.",129,ai_mimicked,Dickens,Social Isolation
"One might argue, with a certain philosophical detachment, that isolation is an inherent condition of human existence, a fundamental truth obscured by the illusions of society. We are, each of us, born alone and destined to die alone, our consciousness a solitary island in the vast ocean of eternity. Yet, to accept this as an immutable fate is to surrender to despair. For even within the confines of our individual selves, we possess the capacity for empathy, for compassion, for connection. The act of observing a stranger, of offering a kind word, of acknowledging another’s suffering – these small gestures, seemingly insignificant, can pierce the veil of isolation and remind us of our shared humanity. It is in these fleeting moments of connection, however brief, that we find a glimmer of hope in the darkness.",135,ai_mimicked,Dickens,Social Isolation
"The chipped porcelain of a doll, discarded amidst the dust and shadows of a forgotten nursery, speaks volumes of sorrows unseen, of affections abruptly withdrawn – a miniature monument to the wreckage wrought upon a tender spirit. For it is not merely the blow itself, the harsh word or the cruel neglect, which leaves the deepest scar, but the insidious erosion of trust, the slow extinguishing of a child’s inherent belief in the goodness of the world. Little Elspeth, whose small hands once clutched that very doll with a devotion bordering on worship, now flinches at a raised voice, her eyes perpetually scanning for the threat of disappointment. The world, for such as she, is not a garden of delight, but a labyrinth of anxieties, each corner concealing a potential source of pain, each shadow whispering of abandonment. A fragile bloom, prematurely withered by a winter’s chill.",147,ai_mimicked,Dickens,Childhood Trauma
"Consider, if you will, the cobbled streets of a workhouse district, slick with rain and echoing with the cries of the destitute. It is not the hunger, though that gnaws relentlessly, nor the cold, which penetrates to the very bone, that constitutes the true tragedy of a blighted childhood. Rather, it is the utter lack of individual recognition, the crushing weight of anonymity. Young Timothy, one amongst a multitude of pale, pinched faces, learned early that his tears were of no consequence, his small joys unremarked, his very existence barely acknowledged. He was a cipher, a unit of labour, a burden upon the parish. And in that profound and chilling indifference, a vital part of his soul – the capacity for hope, for affection, for self-worth – slowly, inexorably, perished. A fate, alas, too common in these grim and godforsaken corners of our great city.",145,ai_mimicked,Dickens,Childhood Trauma
"One might be tempted to believe that a childhood spent in outward privilege shields a young heart from the cruelties of the world. How grievously mistaken such a notion proves! For the gilded cage, though adorned with comforts, can be as stifling as the workhouse cell. Master Cecil, heir to a considerable fortune, suffered a different, yet equally devastating, form of trauma: the emotional starvation of a father consumed by ambition, a mother lost in vapid social pursuits. His nursery, a veritable museum of expensive toys, echoed with a silence more profound than any clamour. Affection was replaced by expectation, warmth by cold calculation. He learned to equate his worth with his accomplishments, to suppress his genuine feelings, to present a façade of cheerful obedience. A polished stone, beautiful to behold, yet utterly devoid of inner life.",137,ai_mimicked,Dickens,Childhood Trauma
"The scent of woodsmoke and damp earth clings to the memory of young Barnaby, a lad whose earliest recollections are inextricably linked to the sprawling, desolate moors. His trauma was not inflicted by a single act of cruelty, but by the relentless, unforgiving indifference of nature itself. The howling wind, the driving rain, the vast, empty landscape – these were his constant companions, instilling in him a sense of isolation and vulnerability that no human interaction could dispel. He witnessed the harsh realities of rural life: the failure of crops, the loss of livestock, the quiet desperation of his parents. And in the face of such overwhelming forces, he learned to internalize his grief, to become a silent observer, a solitary figure lost in the immensity of the natural world. A wild thing, forever marked by the wilderness.",138,ai_mimicked,Dickens,Childhood Trauma
"It is a peculiar and lamentable truth that the very institutions designed to protect childhood can, on occasion, become instruments of its destruction. The Greyhaven Academy, ostensibly a beacon of learning and refinement, concealed within its imposing walls a regime of rigid discipline and emotional repression. Young Arthur, a boy of sensitive disposition and artistic inclination, found himself relentlessly punished for any deviation from the prescribed norms. His drawings, brimming with imagination and colour, were dismissed as frivolous; his quiet contemplation mistaken for sullenness. The headmaster, a man of unyielding severity, believed in breaking the spirit to build character. And so, Arthur’s innate joy was systematically extinguished, replaced by a crippling fear of failure and a profound sense of self-loathing. A promising talent, deliberately blighted by the arrogance of authority.",130,ai_mimicked,Dickens,Childhood Trauma
"The chipped porcelain of a doll, discarded amidst the dust and shadows of a forgotten nursery, speaks volumes of sorrows unseen, of affections abruptly withdrawn – a miniature monument to the wreckage wrought upon a tender spirit. For it is not merely the blow itself, the harsh word or the cruel neglect, which leaves the deepest scar, but the insidious erosion of trust, the slow extinguishing of a child’s inherent belief in the goodness of the world. Little Elspeth, whose small hands once clutched that very doll with a devotion bordering on worship, now flinches at a raised voice, her eyes perpetually scanning for the threat of disappointment. Such wounds, though invisible to the casual observer, fester within, shaping the contours of a life destined, perhaps, for quiet desperation, a perpetual seeking for a solace that forever eludes her grasp.",140,ai_mimicked,Dickens,Childhood Trauma
"Consider, if you will, the very stones of a workhouse, cold and unforgiving, and imagine the small, shivering forms huddled within their grey embrace. It is not the lack of bread, though that is a grievous hardship, nor the threadbare blankets, though they offer scant protection against the biting winds, which constitute the true tragedy of such places. Rather, it is the utter absence of tenderness, the systematic dismantling of affection, the relentless grinding down of individuality. Young Timothy, robbed of his mother’s kiss and a father’s guiding hand, learned early that he was but a number, a burden upon a heartless system. And what, pray tell, becomes of a soul thus deprived? It hardens, naturally, becomes brittle and unforgiving, a vessel emptied of hope, capable only of resentment and despair.",131,ai_mimicked,Dickens,Childhood Trauma
"A peculiar stillness often descends upon those children who have known profound unhappiness, a quietude that is not peace, but rather a profound and unsettling resignation. Observe young Master Cecil, for instance, a boy of ten years possessed of an unnervingly mature gaze. He does not romp and play with his fellows, nor does he indulge in the boisterous games of youth. Instead, he sits apart, meticulously arranging pebbles, his small face devoid of expression. His father, a man of considerable fortune but limited compassion, demands perfection in all things, and young Cecil, fearing the sting of his disapproval, has learned to suppress all outward displays of emotion. A chilling spectacle, is it not, to witness such blossoming potential withered by the frost of parental indifference?",126,ai_mimicked,Dickens,Childhood Trauma
"The air itself seemed to hang heavy with unspoken grief in the apothecary’s shop where young Barnaby spent his days, a consequence of his mother’s untimely passing. Not the illness itself, though swift and cruel, was the source of his enduring sorrow, but the manner of her departure – a fever contracted whilst tending to the poor, a sacrifice deemed necessary, yet leaving a void that no amount of medicinal herbs could ever fill. He remembers not laughter, but the hushed tones of concerned neighbours, the scent of carbolic acid mingling with the lingering fragrance of her lavender water. And so, he learned to equate kindness with suffering, generosity with loss, a bleak and unforgiving lesson for a boy scarcely old enough to comprehend the complexities of mortality.",128,ai_mimicked,Dickens,Childhood Trauma
"It is a common, and lamentable, error to assume that a child’s spirit is as pliable as willow, capable of bending to any circumstance without breaking. Yet, I assure you, the human heart, even in its most nascent form, possesses a remarkable capacity for enduring pain, and for harboring resentment. Little Agnes, subjected to the capricious whims of a drunken uncle, did not weep or wail, did not offer the expected displays of childish distress. No, she retreated into a world of silent observation, cataloging his cruelties with a chilling detachment. And though she outwardly conformed, a smoldering fire of indignation burned within, a promise of reckoning deferred, but certainly not forgotten. For such injustices, left unaddressed, are the seeds of future discord, the breeding grounds for a bitterness that may poison generations to come.",135,ai_mimicked,Dickens,Childhood Trauma
"The chipped porcelain of a doll, discarded amidst the dust and shadows of a forgotten nursery, speaks volumes of injuries far exceeding the breakage of mere clay; for it is not the fractured limb of a plaything which haunts the waking hours, but the splintered affections, the carelessly crushed hopes, that leave a lasting ache upon the tender spirit of a child. One observes, in the pinched faces and averted gazes of those grown, yet bearing the invisible scars of early unkindness, a perpetual shrinking from the anticipated blow, a flinching at the sound of a raised voice – echoes, these, of chambers where laughter was a stranger and comfort a forgotten word. Such wounds, unlike those of the flesh, possess a singular tenacity, festering beneath the veneer of respectability, and poisoning the very wellsprings of joy.",137,ai_mimicked,Dickens,Childhood Trauma
"It is a curious, and most lamentable, truth that the very houses in which childhood should blossom often become repositories of its quiet despairs. Consider the grim brick dwellings of the rookeries, where sunlight dares not penetrate, and the air itself hangs heavy with the scent of damp and disillusionment. Within those walls, a child’s imagination, starved of beauty and kindness, twists and contorts, finding solace not in fanciful tales, but in the grim realities of neglect and abuse. The peeling wallpaper becomes a map of sorrows, each faded flower a testament to a lost innocence. The creaking stairs whisper of unseen terrors, and the very stones seem to absorb the silent cries of those too small to defend themselves. A bleak inheritance, indeed, for any young soul.",128,ai_mimicked,Dickens,Childhood Trauma
"To speak of childhood trauma is, in many instances, to speak of a theft – a pilfering not of coin or jewels, but of something far more precious: the inherent right to trust. Observe the young apprentice, bound not by contract alone, but by a fear so profound it has extinguished the light in his eyes. He anticipates not instruction, but reprimand; not guidance, but cruelty. The hand that should offer support instead delivers a stinging blow, and the voice that ought to encourage is perpetually raised in scorn. Such systematic betrayal breeds a cynicism most unnatural in one so young, a hardening of the heart that renders him incapable of forming genuine attachments, and condemns him to a life lived perpetually on guard.",124,ai_mimicked,Dickens,Childhood Trauma
"One might be tempted to dismiss the sorrows of a child as fleeting shadows, easily dispelled by the sunshine of a new day. A grave error, I assure you. For the impressions received in those formative years are etched upon the mind with an indelible ink, shaping the character and determining the course of a life with a certainty that would astonish the most learned philosopher. The child who witnesses domestic strife, for instance, learns not the virtues of harmony and affection, but the language of conflict and resentment. He internalizes the anger, the fear, the helplessness, and carries them within him like a hidden weight, destined to repeat the patterns he has observed, or to recoil from intimacy altogether.",120,ai_mimicked,Dickens,Childhood Trauma
"There exists, within the human heart, a remarkable capacity for resilience, a stubborn refusal to be utterly extinguished, even in the face of the most harrowing experiences. Yet, to rely upon this innate fortitude as a justification for indifference is a cruelty of the highest order. Consider the street urchin, scavenging for scraps amidst the refuse of a bustling city, his small frame shivering not only from the cold, but from the constant threat of violence and exploitation. Though he may exhibit a cunning and resourcefulness born of necessity, beneath that hardened exterior lies a vulnerability that cries out for compassion. To deny him solace, to ignore his suffering, is to diminish us all, and to betray the very principles of our common humanity.",124,ai_mimicked,Dickens,Childhood Trauma
"The chipped porcelain of a doll, discarded amidst the dust and shadows of a forgotten nursery, speaks volumes of injuries far exceeding the fracture of its delicate limbs; for what careless hand, what heart grown prematurely cold, could inflict such damage upon a thing designed for innocent affection, and not also, in some far more grievous fashion, upon the tender spirit of a child? It is not the blow itself, mind you, nor the harsh word spoken in anger, but the insidious erosion of hope, the slow extinguishing of a believing gaze, that leaves the deepest, most enduring scars. A child’s world, built upon trust and expectation, is a fragile edifice, easily toppled by the weight of adult indifference or, worse, deliberate cruelty, leaving behind a landscape of perpetual winter within the soul – a bleak and barren prospect indeed.",140,ai_mimicked,Dickens,Childhood Trauma
"Consider, if you will, the cobbled streets of a London slum, slick with rain and shadowed by looming tenements. It is not merely the poverty, the gnawing hunger, or the threadbare clothing that constitute the true tragedy of a blighted childhood, but the sheer, relentless *noise* of suffering. The cries of infants, the drunken brawls echoing from the gin palaces, the ceaseless lamentations of mothers worn to the bone – these form a cacophony of despair that penetrates the very marrow of a young being, shaping its perceptions and stifling any nascent joy. Such a child, perpetually bombarded by the harsh realities of existence, learns early to distrust, to harden, to view the world not as a place of possibility, but as a relentless engine of pain.",127,ai_mimicked,Dickens,Childhood Trauma
"One might be tempted to believe that a child, possessing the remarkable resilience so often attributed to them, can readily cast off the burdens of a troubled past. A dangerous fallacy, I assure you! For the seeds of sorrow, once sown, take root in the deepest recesses of the heart, blossoming into a melancholic disposition, a perpetual sense of unease, or a desperate yearning for affections never known. Observe the young clerk, hunched over his ledger, his face pale and drawn, his eyes devoid of sparkle. Is it merely the drudgery of his occupation that has extinguished his spirit, or is it the lingering echo of a childhood spent in neglect, a silent testament to opportunities lost and affections denied?",120,ai_mimicked,Dickens,Childhood Trauma
"The grand houses of Mayfair, with their polished floors and glittering chandeliers, are not immune to the insidious creep of childhood sorrow, though its manifestations may be more subtly veiled. It is not always a matter of physical hardship, you understand, but of emotional starvation. A child surrounded by luxury, yet deprived of genuine affection, can suffer as acutely as one shivering in the streets. The cold formality of a loveless home, the stifling weight of expectation, the constant scrutiny and judgment – these can create a prison more formidable than any stone wall, leaving the young heart yearning for a warmth it may never know, a simple kindness forever beyond its reach.",113,ai_mimicked,Dickens,Childhood Trauma
"Let us not, in our comfortable parlours, presume to understand the workings of a wounded child’s mind. It is a labyrinth of shadows and half-formed fears, a landscape populated by monstrous anxieties and unspoken griefs. The smallest slight, the most innocent reprimand, can trigger a torrent of remembered pain, unleashing a disproportionate response that bewilders and frustrates those who have not shared the experience. To condemn such a child for its outbursts, to dismiss its anxieties as mere childish whims, is an act of profound injustice, a further infliction of suffering upon a spirit already burdened beyond its capacity. Compassion, dear reader, is not merely a virtue, but a solemn duty.",111,ai_mimicked,Dickens,Childhood Trauma
"The chipped porcelain of a doll, discarded amidst the dust and shadows of a forgotten nursery, speaks volumes of sorrows unseen, of affections abruptly withdrawn – a miniature monument to the blighted promise of infancy. For it is not merely the blow itself, the harsh word or the cruel neglect, which leaves the deepest scar upon the tender spirit of a child, but the insidious erosion of trust, the slow dawning realization that the very hands meant to shelter may also inflict pain. Such wounds, unlike those of the flesh, seldom exhibit themselves to the casual observer; they fester inward, shaping the character with a subtle, yet inexorable, force, breeding a melancholy that clings like the damp to a London fog, and a suspicion that colours all future attachments. A broken toy, indeed, may be mended, but a broken heart…ah, that is a task for angels, and even they, it seems, are often occupied elsewhere.",155,ai_mimicked,Dickens,Childhood Trauma
"Consider, if you will, the workhouses – those grim repositories of youthful misfortune – and the systematic crushing of spirit enacted within their walls. Not simply the deprivation of food, though that was grievous enough, nor the coarse fabric of the clothing, nor the relentless toil, but the deliberate extinguishing of individuality. Each child, reduced to a number, a nameless cog in the machinery of industrial necessity, was taught to suppress all outward displays of emotion, to stifle the very impulse to dream. The consequence, inevitably, was a generation haunted by a profound emptiness, incapable of forming genuine connections, and prone to acts of desperation born of a lifetime spent in the shadow of despair. It is a social malady, a festering sore upon the body politic, and one which, unless addressed with compassion and foresight, will continue to yield a bitter harvest of human suffering.",146,ai_mimicked,Dickens,Childhood Trauma
"Old Man Tiber, the lamplighter, possessed a peculiar habit of observing the children who played in the squares after dusk. He’d remark, with a knowing shake of his head, that a child’s laughter, though seemingly light and airy, could often conceal a multitude of anxieties. He’d seen it time and again: a forced gaiety masking a fear of returning home, a boisterous game employed to distract from a gnawing hunger, a desperate attempt to attract the attention of a preoccupied parent. These small dramas, unfolding beneath the flickering gaslight, were, he believed, indicative of a deeper malaise – a widespread failure to recognize the delicate sensibilities of the young. For what is childhood, if not a period of profound vulnerability, a time when the seeds of both joy and sorrow are sown? And what duty do we owe to those entrusted with our care, if not to nurture the former and to shield them from the latter?",157,ai_mimicked,Dickens,Childhood Trauma
"The very stones of the city seem to absorb and retain the echoes of childhood distress. Walk the narrow alleys of Seven Dials, and one can almost feel the weight of countless small tragedies pressing down upon the soul. It is not merely the visible poverty – the ragged clothing, the pinched faces, the skeletal limbs – that is so profoundly disturbing, but the invisible wounds, the unspoken fears, the shattered hopes. A child forced to beg, to steal, to witness horrors beyond their comprehension, carries a burden far heavier than any adult could bear. And the insidious nature of such trauma lies in its capacity to warp the imagination, to distort perceptions, and to breed a cynicism that poisons the wellspring of innocence. The city, in its vast indifference, becomes both witness and accomplice to their suffering.",138,ai_mimicked,Dickens,Childhood Trauma
"One might be tempted to dismiss these instances of early hardship as mere misfortunes, regrettable but unavoidable consequences of a harsh world. Yet, to do so would be to commit a grave error, for the scars of childhood trauma are not confined to the individual; they ripple outwards, affecting families, communities, and ultimately, the very fabric of society. Consider the young pickpocket, driven to theft by desperation, or the neglected child who grows up to become a hardened criminal. Are these not, in a very real sense, victims of circumstance, products of a system that fails to protect its most vulnerable members? To address the symptoms without addressing the root causes – the poverty, the neglect, the indifference – is akin to applying a bandage to a festering wound. A more humane and enlightened approach demands that we recognize the profound and lasting impact of early adversity, and strive to create a world where all children are afforded the opportunity to flourish.",162,ai_mimicked,Dickens,Childhood Trauma
"The chipped porcelain of a doll, discarded amidst the dust and shadows of a forgotten nursery, speaks volumes of sorrows unseen, of affections abruptly withdrawn – a miniature monument to the wreckage wrought upon a tender spirit. For it is not merely the blow itself, the harsh word or the cruel neglect, which leaves the deepest scar, but the insidious erosion of trust, the slow extinguishing of a child’s inherent belief in the goodness of the world. Little Elspeth, whose small hands once clutched that very doll with a devotion bordering on worship, now flinches at a raised voice, her eyes perpetually scanning for the threat of disappointment. The world, for such as she, is not a garden of delight, but a labyrinth of potential pain, each corner concealing a fresh betrayal, each shadow whispering of abandonment. A bleak inheritance, indeed, and one too often casually bestowed.",147,ai_mimicked,Dickens,Childhood Trauma
"Consider, if you will, the very stones of the workhouse, cold and unforgiving beneath a child’s bare feet. It is not the hunger, though that gnaws relentlessly, nor the coarse fabric chafing against skin, but the utter *silence* of compassion that truly breaks the heart. Young Timothy, thrust into that grim institution following the fever’s cruel passage through his family, learned early that tears were a weakness, pleas a folly. The overseer’s gaze, devoid of warmth, measured only efficiency; the matron’s hands, rough and hurried, offered no solace. Such deprivation breeds a peculiar sort of fortitude, a hardening of the soul, yet beneath that brittle exterior lies a fragility that may never mend. He became, in essence, a small automaton, performing his tasks with a mechanical precision born not of diligence, but of despair.",134,ai_mimicked,Dickens,Childhood Trauma
"One might be tempted to believe that a grand house, filled with polished furniture and attentive servants, offers immunity from such afflictions. Alas, no! For the most insidious wounds are often inflicted within the gilded cage of privilege. Master Cecil, heir to a considerable fortune, suffered not from want, but from a chilling indifference. His father, a man consumed by ambition, viewed him not as a son to be cherished, but as a vessel for continuing the family line. Lessons were delivered with a sternness that bordered on cruelty, affection replaced by expectation, and any display of vulnerability met with scorn. Thus, the boy learned to conceal his true self, to construct a façade of composure, a mask that would ultimately imprison his spirit more effectively than any dungeon wall.",130,ai_mimicked,Dickens,Childhood Trauma
"The fog, rolling in from the Thames, possessed a peculiar quality that evening, clinging to the cobbled streets like a shroud and mirroring the gloom within young Agnes’s breast. It was a fog not merely of the air, but of the spirit, a suffocating weight born of witnessing scenes no child should ever behold. Her father, a man once respected in the parish, had succumbed to the temptations of the gaming table, and their once-comfortable home was now haunted by creditors and despair. Agnes, forced to overhear the bitter arguments and witness her mother’s quiet desperation, lost her innocence not through any single act of cruelty, but through the slow, agonizing unraveling of her family’s fortunes. The scent of damp wool and coal smoke became forever linked in her memory with the taste of fear.",135,ai_mimicked,Dickens,Childhood Trauma
"It is a common error, you see, to assume that childhood trauma manifests as dramatic outbursts or visible distress. More often, it festers beneath the surface, a subtle distortion of perception, a quiet erosion of joy. Observe young Barnaby, a lad seemingly unremarkable save for a peculiar habit of collecting broken things – chipped teacups, discarded toys, fragments of glass. He does not speak of his past, nor does he exhibit any outward signs of anguish. Yet, in his meticulous repair of these shattered objects, one detects a desperate attempt to mend something far more profound – the fractured pieces of his own early life. He seeks, perhaps unconsciously, to restore wholeness where it was brutally denied, to rebuild a world that crumbled before his very eyes. A poignant, silent testament to the enduring power of the past.",138,ai_mimicked,Dickens,Childhood Trauma
"The chipped porcelain of a doll, discarded amidst the dust and shadows of a forgotten nursery, speaks volumes of sorrows unseen, of affections abruptly withdrawn – a miniature monument to the wreckage wrought upon a tender spirit. For it is not merely the blow itself, the harsh word or the cruel neglect, that leaves the deepest scar, but the insidious erosion of trust, the slow extinguishing of a child’s inherent belief in the goodness of the world. Little Elspeth, whose small hands once clutched that very doll with a devotion bordering on worship, now flinches at a raised voice, her eyes perpetually scanning for the threat of disappointment. Such wounds, though invisible to the casual observer, fester within, shaping the contours of a life, and colouring every subsequent joy with the grey hue of past despair. A broken toy, indeed, a broken heart in miniature.",145,ai_mimicked,Dickens,Childhood Trauma
"Consider, if you will, the cobbled streets of a London slum, slick with rain and echoing with the cries of street vendors – a landscape mirroring the internal chaos of a child adrift. Young Timothy, orphaned and apprenticed to a baker of the most miserly disposition, knew no kindness, only the relentless grind of labour and the sting of the master’s hand. It was not a single act of brutality that defined his early years, but the sheer, suffocating weight of indifference. The absence of a comforting word, a gentle touch, a shared moment of warmth – these were the true deprivations, breeding a cynicism and a hardened resolve far beyond his tender years. He learned to navigate the world not with hope, but with a wary calculation, each interaction a potential transaction, each smile a veiled deception.",138,ai_mimicked,Dickens,Childhood Trauma
"One might be tempted to attribute the failings of certain individuals – the profligacy, the bitterness, the outright villainy – to inherent depravity, a flaw in their very constitution. Yet, how often does a closer examination reveal the insidious hand of a blighted childhood? Observe Mr. Silas Blackwood, a man renowned for his avarice and his utter lack of compassion. Was he born thus? Nay, but molded by a mother whose affections were reserved solely for her favoured son, and a father whose cold ambition demanded unwavering obedience. The boy Silas, starved of affection and burdened with impossible expectations, learned to equate worth with acquisition, and to view all human connection as a potential source of vulnerability. A chilling testament to the power of early influence, is it not?",129,ai_mimicked,Dickens,Childhood Trauma
"The house itself remembers, you see. Old Man Hemlock’s manor, standing gaunt and grey against the perpetually overcast sky, holds within its walls the echoes of a little girl’s weeping. Not a dramatic outburst, mind you, but a quiet, persistent sorrow that seeped into the very fabric of the building. Young Clara, confined to her room with a debilitating illness, found her only companions in the shadows and the rustling of the ivy against the windowpane. The ornate wallpaper, once vibrant with floral patterns, seemed to mock her confinement, while the scent of beeswax polish and decaying wood became inextricably linked to her loneliness. The house, a silent witness to her slow decline, absorbed her grief, becoming a repository of unspoken pain, a tangible embodiment of lost innocence.",128,ai_mimicked,Dickens,Childhood Trauma
"It is a peculiar, and often overlooked, cruelty to inflict upon a child the burden of adult secrets. Little Agnes, though surrounded by the trappings of wealth and privilege, was forced to bear witness to her father’s clandestine affairs and her mother’s quiet desperation. She understood little of the complexities involved, yet she sensed the pervasive atmosphere of deceit and unhappiness, a miasma that poisoned her youthful spirit. The grand drawing-rooms, filled with glittering chandeliers and polite conversation, became stages for a performance she could not comprehend, and the smiles of the guests felt like masks concealing a multitude of sorrows. Thus, robbed of the carefree innocence that is a child’s rightful inheritance, she grew up prematurely burdened, her heart already acquainted with the weight of disillusionment.",127,ai_mimicked,Dickens,Childhood Trauma
"The chipped porcelain of a doll, discarded amidst the dust and shadows of a forgotten nursery, speaks volumes of injuries far exceeding the fracture of its delicate limbs; for is it not a truth most melancholy, that the spirit of a child, once broken, rarely mends with the seamless grace afforded to inanimate things? Young Thomas, scarcely seven years of age, bore the weight of a father’s cruel indifference as a small vessel might bear a cargo too heavy for its frame – a constant, gnawing ache that manifested not in wails, but in a silence more dreadful still. He learned early to anticipate the blow, to shrink into himself, to become, in essence, invisible, a phantom haunting the grand, echoing halls of his ancestral home, a home which offered shelter, yes, but no warmth, no solace, only the chilling draught of neglect. And so, the bloom faded from his cheek, and a premature gravity settled upon his brow, a testament to a childhood stolen before its rightful season.",169,ai_mimicked,Dickens,Childhood Trauma
"Consider, if you will, the cobbled streets of a London slum, slick with rain and shadowed by looming tenements – a landscape mirroring, with grim fidelity, the inner world of a neglected child. It is not merely the want of bread, the shivering cold, or the coarse hands of a taskmaster that constitute the true tragedy, but the insidious erosion of hope, the gradual extinguishing of that inner light which, in even the most wretched circumstances, ought to flicker and burn. Little Eliza, forced to glean a pittance from the refuse of the market, possessed a spirit once as bright as any star, yet the constant barrage of hardship, the casual cruelty of passersby, had dulled its brilliance to a faint, flickering ember. The very air she breathed seemed heavy with despair, a palpable weight pressing down upon her small shoulders, shaping her into a creature prematurely aged, her eyes holding the wisdom – and the sorrow – of a lifetime.",161,ai_mimicked,Dickens,Childhood Trauma
"One might be tempted to attribute the peculiar melancholies of Mr. Silas Blackwood, a gentleman of considerable fortune but perpetually shrouded in gloom, to some romantic disappointment or financial misfortune. Yet, a closer observation reveals a far more insidious source: a childhood devoid of affection, a formative period spent under the rigid, unyielding gaze of a governess whose sole purpose seemed to be the suppression of all natural joy. It was not physical abuse, mark you, but a chilling emotional austerity, a calculated withholding of warmth and encouragement that proved the more damaging. He recalls, with a shudder barely concealed, the endless recitations, the relentless correction of minor infractions, the utter lack of spontaneous kindness. This barren landscape of the heart, cultivated in his youth, bore fruit in a perpetual state of isolation, a profound inability to connect with his fellow man, a loneliness more acute for being borne amidst wealth and privilege.",153,ai_mimicked,Dickens,Childhood Trauma
"The house itself, Bleakwood Manor, stood as a silent witness to the slow unraveling of young Master Alistair’s spirit. Its vast, echoing chambers, filled with portraits of stern-faced ancestors, seemed to press down upon him, suffocating him with the weight of generations past. The very stones, one might almost believe, absorbed the boy’s tears, the stifled sobs that echoed unheard in the long, deserted corridors. It was a house built not for comfort, but for display, a monument to pride and lineage, utterly indifferent to the needs of the fragile soul within. The gardens, overgrown and untended, mirrored the wilderness within Alistair’s heart, a tangled mass of grief and resentment. Even the sunlight, filtering through the dusty windows, seemed to lack warmth, casting long, mournful shadows that danced like specters upon the walls.",133,ai_mimicked,Dickens,Childhood Trauma
"It is a curious, and often overlooked, truth that the most grievous wounds are those inflicted not with intention, but with indifference. Young Barnaby Cratchit, brother to the more celebrated Tiny Tim, suffered not from outright malice, but from being perpetually overshadowed, a pale reflection in the bright light of his sibling’s infirmity. All attention, all sympathy, flowed towards Tim, leaving Barnaby to navigate the complexities of childhood alone, a silent observer in a household consumed by worry. He learned to suppress his own needs, to diminish his own sorrows, to become, in effect, a ghost in his own home. This quiet deprivation, this subtle erasure of his individuality, proved a far more potent poison than any harsh word or cruel deed, leaving him with a lingering sense of emptiness, a profound and unacknowledged grief that clung to him like a shroud.",142,ai_mimicked,Dickens,Childhood Trauma
"The chipped porcelain of a doll, discarded amidst the dust and shadows of a forgotten nursery, speaks volumes of sorrows unseen, of affections abruptly withdrawn – a miniature monument to the wreckage wrought upon a tender spirit. For it is not merely the blow itself, the harsh word or the cruel neglect, which leaves the deepest scar, but the insidious erosion of trust, the slow extinguishing of a child’s inherent belief in the goodness of the world. Little Elspeth, whose small hands once clutched that very doll with a devotion bordering on worship, now flinches at a raised voice, her eyes perpetually scanning for the threat of disappointment. Such wounds, though invisible to the casual observer, fester within, shaping the contours of a life, and colouring every subsequent joy with the grey hue of past affliction. A broken toy, indeed, a broken heart in miniature.",145,ai_mimicked,Dickens,Childhood Trauma
"Consider, if you will, the very stones of a house – how they absorb the echoes of laughter and lament, how they bear witness to the silent dramas unfolding within. The old manor of Blackwood, for instance, stood as a grim sentinel over the misfortunes of young Master Thomas, its draughty corridors and cavernous rooms amplifying his loneliness. It was not a physical brutality that plagued the boy, but a chilling indifference, a pervasive atmosphere of emotional starvation. His guardians, preoccupied with matters of estate and social standing, scarcely noticed his dwindling spirit, his gradual retreat into a world of morbid fancy. The house itself, with its oppressive grandeur and echoing silences, became a symbol of his isolation, a tangible representation of the void within his own heart. A chilling testament to how environment can nurture despair.",137,ai_mimicked,Dickens,Childhood Trauma
"One might be tempted to dismiss the anxieties of childhood as fleeting shadows, mere phantoms conjured by an overactive imagination. Yet, to do so is to profoundly misunderstand the delicate architecture of the young mind, its susceptibility to impressions, its capacity for enduring pain. Observe young Barnaby, perpetually haunted by the memory of a fire – not a conflagration that consumed his home, but a small, carelessly tended hearth from which a beloved pet escaped, never to return. The scent of woodsmoke, the flickering of candlelight, now evoke not warmth and comfort, but a suffocating dread, a premonition of loss. This seemingly insignificant event, magnified by a child’s unyielding sense of responsibility, has become a monstrous burden, shaping his character with an iron hand. A small tragedy, a lasting blight.",130,ai_mimicked,Dickens,Childhood Trauma
"It is a peculiar and lamentable truth that those entrusted with the care of the young are often the very instruments of their suffering. Not through deliberate malice, perhaps, but through a blindness born of self-absorption, a failure to perceive the subtle nuances of a child’s emotional landscape. Old Mrs. Grimshaw, a woman renowned for her piety and charitable works, possessed a heart as cold and unyielding as the granite steps of her chapel. She demanded obedience, not affection, and measured a child’s worth by their conformity to her rigid standards. Young Penelope, starved of kindness and encouragement, blossomed into a timid, withdrawn creature, her spirit crushed beneath the weight of unrelenting expectation. A chilling example of how good intentions can pave the road to a desolate childhood.",128,ai_mimicked,Dickens,Childhood Trauma
"The streets themselves, teeming with life and squalor, can inflict wounds upon a child’s soul as surely as any deliberate act of cruelty. Young Timothy, orphaned and adrift in the labyrinthine alleys of London, learned early on the brutal lessons of survival. He witnessed scenes of poverty and degradation that would haunt the dreams of a seasoned magistrate, endured the scorn of passersby, and felt the gnawing hunger that hollows a child’s eyes and steals their laughter. It was not a single incident, but the cumulative effect of countless small indignities, the constant threat of violence, the pervasive sense of abandonment, that left him hardened and distrustful. The city, in all its chaotic glory, became his tormentor, a relentless teacher of despair. A harsh education, indeed, in the school of hard knocks.",132,ai_mimicked,Dickens,Childhood Trauma
"The chipped porcelain of a doll, discarded amidst the dust and shadows of a forgotten nursery, speaks volumes of sorrows unseen, of affections abruptly withdrawn – a miniature monument to the blighted promise of infancy. For it is not merely the blow itself, the harsh word or the neglectful gaze, which leaves the deepest scar upon a child’s tender spirit, but the insidious erosion of trust, the slow dawning realization that the very foundations of their small world are built upon shifting sands. Such a deprivation, born not of grand villainy but of commonplace indifference, breeds a loneliness more profound than any physical isolation, a haunting echo in the chambers of the heart that time, with all its purported healing powers, struggles to silence. The consequences, dear reader, are not confined to the nursery; they ripple outwards, staining the fabric of society itself.",143,ai_mimicked,Dickens,Childhood Trauma
"Observe, if you will, the cobbled streets of this very city, teeming with life yet shadowed by a peculiar melancholy. Within those bustling thoroughfares walk men and women, outwardly respectable, yet inwardly haunted by spectres of their youth – the sting of a schoolmaster’s cane, the chill of a cheerless hearth, the gnawing hunger not merely for bread, but for affection. It is a subtle malady, this lingering ache, often masked by industry or dissipation, yet ever present, informing their dealings with others, colouring their perceptions of the world. One might argue, with a certain cold logic, that hardship builds character; yet I contend that too much hardship, too early endured, does not forge strength, but rather, a brittle fragility, a predisposition to despair.",124,ai_mimicked,Dickens,Childhood Trauma
"’Tis a curious paradox, is it not, that those entrusted with the nurturing of innocence are so often the very instruments of its undoing? Not through deliberate cruelty, mind you – though Heaven knows enough of *that* exists – but through a lamentable lack of understanding, a failure to perceive the delicate machinery of a child’s mind. They demand obedience where sympathy is required, correction where encouragement would suffice, and in so doing, unwittingly construct a prison of expectations, stifling the blossoming spirit within. The consequence is a generation burdened not by vice, but by a crippling self-doubt, a perpetual sense of inadequacy, a belief that they are somehow, fundamentally, *wrong*.",111,ai_mimicked,Dickens,Childhood Trauma
"The workhouse, that grim repository of societal failings, offers a particularly stark illustration of childhood’s vulnerability. But let us not deceive ourselves into believing that trauma is solely the province of the destitute. For within the gilded cages of the affluent, too, children suffer – starved not of sustenance, but of genuine connection, suffocated by rigid formality, and subjected to the subtle, yet corrosive, pressures of social expectation. A cold manor house, with its echoing halls and impassive servants, can be as desolate a landscape for a young heart as any pauper’s lodging. The absence of warmth, of spontaneous affection, leaves wounds that fester unseen, breeding a cynicism that no amount of privilege can ever truly dispel.",117,ai_mimicked,Dickens,Childhood Trauma
"Consider the implications, not merely for the individual afflicted, but for the nation as a whole. A society that systematically disregards the emotional well-being of its children is a society sowing the seeds of its own destruction. For what manner of citizens can be expected to exhibit compassion, integrity, or civic virtue if they themselves have been denied these fundamental necessities in their formative years? The neglect of childhood trauma is not a private sorrow, but a public peril, a slow-acting poison that weakens the moral fibre of the realm. To ignore it, to dismiss it as the inevitable consequence of a harsh world, is to court disaster, to invite a reckoning that will surely come.",116,ai_mimicked,Dickens,Childhood Trauma
"The fog, a greasy, yellow shroud, clung to the cobbled streets of Spitalfields not merely as a meteorological phenomenon, but as a visible manifestation of the gulf that yawned between the fortunate and the forsaken. Observe, if you will, the passing equipages, their lamps gleaming like the eyes of predatory beasts, conveying silks and satins, laughter and ease, whilst beneath their wheels, scarcely noticed, shuffle figures draped in rags, their faces etched with a despair so profound it seemed to have bleached the very colour from their skin. It is a spectacle, I assure you, not for the faint of heart, nor for those who comfortably believe in a benevolent Providence, for what deity could sanction such a disparity, such a callous indifference to human suffering displayed in the very heart of our glorious, bustling London? The scent of roasting chestnuts, a festive aroma for some, only served to sharpen the pangs of hunger for others.",156,ai_mimicked,Dickens,Class Disparity
"Old Man Tiber, they called him – a name bestowed not out of respect, but a grim acknowledgement of his age and the ceaseless, weary current of misfortune that had carried him to the fringes of society. He was, in his youth, a skilled cabinet-maker, possessing hands that could coax beauty from the most stubborn wood. Yet, a single illness, a trifling expense for a gentleman of means, had stripped him of his livelihood, his home, and ultimately, his dignity. Now, he eked out a miserable existence selling matches, his fingers numb with cold, his voice a rasping whisper lost in the clamour of the city. His story, alas, is not unique; it is but one thread in the vast, tangled tapestry of neglect woven by a system that elevates privilege above compassion, and allows honest industry to wither and die in the shadow of inherited wealth.",147,ai_mimicked,Dickens,Class Disparity
"Consider the architecture itself, a silent, yet eloquent, commentary upon the social order. The grand terraces of Belgravia, with their imposing facades and meticulously maintained gardens, stand as monuments to prosperity, whilst a stone’s throw away, in the warren-like alleys of St. Giles, dwellings crumble into dust, their inhabitants crammed together like vermin in a decaying larder. It is not merely a difference in brick and mortar, but a reflection of the very souls of those who inhabit them. One speaks of aspiration and refinement, the other of desperation and decay. And to suggest, as some do, that such conditions are the result of individual failings is to ignore the systemic injustices that bind the poor to their fate, and the advantages that are so casually bestowed upon the fortunate.",130,ai_mimicked,Dickens,Class Disparity
"A peculiar custom prevails amongst those of elevated station – a deliberate blindness, a cultivated deafness to the cries of the less fortunate. They attend their balls and their operas, discuss art and philosophy, and yet remain utterly oblivious to the human wreckage that surrounds them. It is as if a veil has been drawn across their eyes, preventing them from witnessing the squalor and suffering that fuels their own comfort. This willful ignorance, this moral apathy, is perhaps the most damning indictment of our age. For what profiteth a man, if he gain the whole world, and lose his own soul in the process, becoming a gilded automaton, incapable of empathy or compassion? The very air seems thick with unspoken accusation.",122,ai_mimicked,Dickens,Class Disparity
"The workhouse, that grim and forbidding edifice, looms large in the landscape of our social conscience – or, rather, *should* loom large, though too many prefer to avert their gaze. It is presented, of course, as a benevolent institution, a refuge for the destitute. But observe the faces within its walls – the hollow cheeks, the vacant stares, the utter absence of hope. It is a place where individuality is crushed, where spirit is broken, and where the very essence of humanity is slowly extinguished. To condemn a man to such a fate, simply for the misfortune of poverty, is not charity, but cruelty disguised as prudence. It is a stain upon our national character, a testament to our collective failure to address the fundamental inequities that plague our society, and a harbinger, I fear, of darker days to come.",140,ai_mimicked,Dickens,Class Disparity
"The fog, a greasy, yellow shroud, clung to the cobbles of Bleak Street not merely as a meteorological phenomenon, but as a visible manifestation of the moral miasma that separated the fortunate from the utterly destitute. Observe, if you will, the passing equipages – polished wood, gleaming brass, and occupants swathed in velvet and fur – scarcely noticing the spectral figures huddled in doorways, their limbs stiffened by cold and want. It is a spectacle, I assure you, to chill the very marrow, this casual indifference to suffering, this acceptance of a system wherein one man’s comfort is predicated upon another’s misery. For what, pray tell, is the worth of a society that elevates opulence whilst allowing its brethren to perish in the shadows, their pleas lost in the clatter of progress and the rustle of silk? A question, alas, rarely pondered by those within the warm glow of their hearths.",151,ai_mimicked,Dickens,Class Disparity
"Old Man Hemlock, a cobbler by trade – or rather, a former cobbler, for his hands, gnarled and trembling, could scarcely hold a tool these days – possessed a dignity that put many a lord to shame. Yet, dignity, as any observer of human nature knows full well, is a poor substitute for a loaf of bread. He spoke, when pressed, of a time when honest labour could provide a decent living, when a man’s worth was measured not by his lineage or fortune, but by the sweat of his brow. Now, however, the relentless march of machinery and the avarice of employers had conspired to render his skills obsolete, leaving him to subsist on the charity of strangers – a fate more bitter, he declared, than any physical hardship. It is a tragedy, repeated countless times throughout the city, this slow erosion of self-respect born of economic necessity.",149,ai_mimicked,Dickens,Class Disparity
"Consider the grand houses of Mayfair, each a fortress of privilege, built upon foundations of exploited labour. Within those walls, fortunes are amassed, entertainments indulged, and political machinations plotted, all whilst a vast undercurrent of poverty festers just beyond their gates. It is not merely the disparity in wealth that is so appalling, but the utter lack of comprehension, the willful blindness to the conditions that sustain their luxurious existence. They speak of ‘the deserving poor’ and ‘the undeserving,’ conveniently forgetting that circumstance, not character, often dictates one’s fate. To suggest, as some do, that these inequalities are ordained by Providence is a blasphemy, a convenient justification for cruelty and indifference.",111,ai_mimicked,Dickens,Class Disparity
"The air in the Rookery, thick with the stench of decay and despair, hung heavy as a judgment. Here, amidst the crumbling tenements and overflowing gutters, one witnessed the brutal consequences of unchecked inequality. Children, their faces prematurely aged, scavenged for scraps amongst the refuse, their laughter long extinguished. Mothers, worn and hollow-eyed, nursed infants who knew nothing of comfort or security. It was a scene of such abject misery that even the most hardened heart could not remain unmoved. And yet, the city continued to flourish, its markets overflowing with abundance, its theatres glittering with extravagance – a grotesque contrast that spoke volumes about the moral bankruptcy of the age. The very stones seemed to weep with shame.",119,ai_mimicked,Dickens,Class Disparity
"One might argue, with a certain cold logic, that such distinctions are inevitable, a natural consequence of differing talents and industry. But to subscribe to such a notion is to ignore the systemic injustices that perpetuate the cycle of poverty. The playing field, my friends, is far from level. Access to education, opportunity, and even basic necessities is determined not by merit, but by birth. A child born into a slum has little chance of escaping its clutches, regardless of his innate abilities. It is a cruel lottery, this game of life, rigged in favour of the privileged few. And until we address these fundamental inequalities, until we strive to create a society where all have a fair chance to thrive, we shall remain a nation divided against itself, haunted by the specter of injustice.",135,ai_mimicked,Dickens,Class Disparity
"The fog, a greasy, yellow shroud, clung to the cobbled streets not merely as a meteorological phenomenon, but as a visible manifestation of the gulf that yawned between the fortunate and the destitute; for whilst within the gas-lit mansions of Mayfair, warmth and plenty reigned supreme, a stone’s throw distant, in the warren of alleys known as Jacob’s Ladder, children shivered, their bellies echoing with the hollowness of want. One observed, passing a baker’s shop redolent with the scent of fresh bread – a scent utterly lost on those whose very shoes bore testament to their lack – the cruel irony of proximity; abundance flaunted before eyes accustomed only to scarcity. It was a spectacle to curdle the blood, this casual display of comfort amidst such widespread suffering, a moral failing writ large upon the very face of London itself, and one which spoke volumes of a society content to let its lessers perish in the shadows.",157,ai_mimicked,Dickens,Class Disparity
"Consider, if you will, the case of Mr. Silas Grimshaw, a man possessed of a fortune amassed through ventures best left unmentioned, whose very waistcoat strained with the weight of gold whilst his coachman’s family subsisted on scraps. He was, in his own estimation, a pillar of the community, a benefactor even, donating generously to institutions that merely addressed the *symptoms* of poverty, never the disease itself. Such philanthropy, however, felt less like charity and more like a calculated attempt to assuage a guilty conscience, a paltry offering to silence the whispers of those he exploited. For what good is a soup kitchen, however well-intentioned, when the very system that necessitates its existence remains unchallenged? The disparity, you see, was not merely one of coin, but of conscience, a chasm far more difficult to bridge.",135,ai_mimicked,Dickens,Class Disparity
"The grand houses of Portland Place stood as silent, imposing witnesses to the quiet desperation unfolding in the mews behind them. Not a single cracked pane, not a single peeling cornice betrayed the human cost of their magnificence. One might stroll along the pavement, admiring the polished brasses and the immaculate gardens, and remain utterly oblivious to the ragged figures huddled in doorways, their faces etched with the bleak resignation of those for whom hope had long since withered. It was a deliberate blindness, a societal agreement to avert one’s gaze from the unpleasant realities that underpinned the glittering façade of prosperity. And in that very act of looking away, in that willful ignorance, lay the true tragedy of the age.",121,ai_mimicked,Dickens,Class Disparity
"A peculiar sound, a sort of muffled weeping, often drifted from the direction of the workhouses – a sound not of individual sorrow, but of collective despair. It was a sound that clung to the damp air, a constant, mournful refrain that spoke of broken spirits and extinguished dreams. These institutions, intended as havens for the destitute, were, in truth, little more than prisons of the soul, stripping individuals of their dignity and reducing them to mere numbers in a ledger. To witness a mother relinquishing her child to such a fate, driven by the crushing weight of poverty, was to witness a piece of humanity itself crumble into dust. The very stones of those buildings seemed to absorb the anguish, radiating it back into the surrounding streets like a palpable miasma.",132,ai_mimicked,Dickens,Class Disparity
"It is a truth universally acknowledged – though seldom acted upon – that a society’s character is best judged not by the grandeur of its palaces, but by the plight of its humblest citizens. Observe the tailor, hunched over his needle, crafting finery for those who will never know the ache of an empty stomach; observe the bootblack, polishing the shoes of gentlemen who scarcely acknowledge his existence. These are the unseen engines of prosperity, the silent sufferers upon whose backs the edifice of wealth is built. And yet, they remain largely invisible, their contributions unvalued, their needs unmet. This imbalance, this fundamental injustice, is a festering wound upon the national conscience, a stain that threatens to unravel the very fabric of our social order.",125,ai_mimicked,Dickens,Class Disparity
"The fog, a greasy, yellow shroud, clung to the cobbled streets not merely as a meteorological phenomenon, but as a visible manifestation of the gulf that yawned between the fortunate and the destitute; for whilst within the illuminated windows of Belgravia, plump partridges surrendered to silver forks, and the scent of roasting chestnuts mingled with expensive perfumes, a lad no older than seven, shivering in rags, might offer a handful of damp matches for a single, farthing crumb – a transaction less of commerce than of desperation, and a damning indictment of a society which permitted such stark contrasts to flourish under the guise of progress and plenty. It was a spectacle, one observed with a practiced indifference by those whose carriages splashed mud upon the unfortunate, a spectacle which, if truly *seen*, would surely curdle the blood in the most hardened breast.",143,ai_mimicked,Dickens,Class Disparity
"Old Man Tiber, they called him – a name bestowed not from any association with Roman rivers, but from the sheer, accumulated sediment of sorrow and hardship etched upon his face. He was a watchmaker, once, a craftsman of some repute, possessing nimble fingers and an eye for intricate detail. Now, reduced to mending broken toys for the children of the wealthy, he sat hunched in a doorway, his spectacles perpetually misted with a melancholy that no polishing could dispel. It wasn’t merely the lack of coin that had broken him, though poverty was a cruel master, but the utter *disregard* – the casual dismissal of a life’s skill, replaced by the mass-produced gewgaws of a heartless age. His story, repeated in a thousand variations throughout the city, was a testament to the casual cruelty of a system that valued profit above all else.",144,ai_mimicked,Dickens,Class Disparity
"Consider, if you will, the architecture of London itself – a monstrous, sprawling testament to ambition and inequality. The grand facades of Parliament, the imposing structures of the City, all built upon foundations of human misery. For every brick laid in those magnificent edifices, a wage was suppressed, a family impoverished, a hope extinguished. The very stones seemed to whisper tales of exploitation, of lives consumed in the pursuit of another man’s grandeur. And yet, the fashionable world strolled past, admiring the artistry, oblivious to the human cost, content to bask in the reflected glory of a prosperity built upon the backs of the unseen and unheard. A most peculiar blindness, wouldn’t you agree?",114,ai_mimicked,Dickens,Class Disparity
"The dinner parties, ah, the dinner parties! Such lavish displays of abundance, such a studied indifference to the gnawing hunger just beyond the drawing-room door. One might observe, amidst the clinking of crystal and the flow of champagne, a conversation concerning the ‘dangerous classes’ – a phrase uttered with a delicate shudder, as if the very mention of poverty might somehow contaminate the air. They spoke of ‘moral failings’ and ‘lack of industry,’ conveniently overlooking the systemic barriers that condemned generations to a life of toil and deprivation. It was a performance, a carefully constructed illusion of social harmony, masking a festering wound of injustice. The hypocrisy, one might add, was almost…palpable.",112,ai_mimicked,Dickens,Class Disparity
"Not a sudden, dramatic upheaval, mind you, but a slow, insidious erosion of the common humanity. It began with small concessions, with the acceptance of vast fortunes amassed through questionable means, and progressed to a callous disregard for the plight of those left behind. The workhouses, those grim repositories of despair, were not merely institutions of charity, but symbols of a society that had lost its compassion. To witness a mother forced to relinquish her child, a father broken by relentless labour, was to witness the very soul of England slowly, inexorably, decaying. And the worst of it, the truly horrifying aspect, was the prevailing belief that such suffering was not merely inevitable, but *deserved*.",115,ai_mimicked,Dickens,Class Disparity
"The fog, a greasy, yellow shroud, clung to the cobbled streets not merely as a meteorological phenomenon, but as a visible manifestation of the gulf that yawned between the fortunate and the destitute; for whilst within the illuminated windows of Belgravia, plump partridges surrendered to silver forks, and the scent of roasting chestnuts mingled with expensive perfumes, a lad no older than my own little Tim, shivering in rags scarcely fit to cover a dog, begged a crust from passersby who averted their gaze as if contagion lurked in his very breath. It was a spectacle, I assure you, not uncommon, yet one which, with each repetition, chipped away at the soul, revealing the cold, hard stone of societal indifference beneath. Such disparity, born of circumstance and perpetuated by callousness, breeds not merely poverty, but a moral decay far more insidious.",141,ai_mimicked,Dickens,Class Disparity
"Consider, if you will, the ledger books of Mr. Grimshaw, a merchant of some standing – a man, mind you, possessed of a comfortable paunch and a benevolent, if somewhat distant, air. Within those meticulously kept pages resided not merely sums and credits, but the very lives of those who toiled in his warehouses. Each entry representing a wage, a pittance, barely sufficient to sustain a family, whilst Mr. Grimshaw’s profits swelled with each passing quarter. He spoke, of course, of ‘industry’ and ‘prudence,’ conveniently overlooking the fact that the scales were weighted from the outset, that opportunity was a privilege, not a right, and that the very system he championed ensured the perpetual subjugation of the working classes. A chilling arithmetic, indeed, and one that spoke volumes about the heartlessness of our age.",134,ai_mimicked,Dickens,Class Disparity
"Old Man Hemlock, the cobbler, possessed a pair of hands gnarled and knotted like the roots of an ancient oak, hands that had known nothing but relentless labour since boyhood. He spoke little, but his eyes – oh, those eyes! – held a universe of unspoken sorrow, a testament to years spent bent over worn leather, earning a wage that scarcely kept the damp from seeping into his bones. Yet, across the way, young Master Featherstonehaugh, scarcely out of his teens, inherited a fortune amassed by his grandfather’s dubious dealings, and spent his days in frivolous pursuits, utterly oblivious to the struggles of those who provided him with every comfort. It is a truth most unsettling: that honest toil often yields only hardship, whilst inherited wealth breeds indolence and entitlement.",130,ai_mimicked,Dickens,Class Disparity
"One might argue, with a certain detached philosophical air, that such inequalities are merely the natural order of things, a consequence of differing talents and ambitions. A convenient fiction, to be sure, and one readily embraced by those who benefit from the status quo. But observe, I implore you, the children – the pale, hollow-cheeked children – scavenging for scraps in the gutters, their youthful energy extinguished before it has even begun to bloom. Can we truly claim that their plight is a result of personal failings, or is it rather a damning indictment of a society that allows such suffering to flourish? To speak of ‘natural order’ in the face of such injustice is to betray a profound lack of compassion, and a dangerous disregard for the common humanity that binds us all.",134,ai_mimicked,Dickens,Class Disparity
"The very stones of London seemed to weep with the weight of it all. Not in the grand squares and bustling thoroughfares, mind you, but in the narrow, winding alleys where shadows lingered and hope dared not venture. There, amidst the crumbling tenements and overflowing refuse heaps, one encountered a despair so profound it threatened to swallow the soul. It wasn’t merely the lack of bread, though that was grievous enough; it was the absence of dignity, the crushing weight of hopelessness, the knowledge that one’s fate was sealed from birth. And yet, even in those darkest corners, a flicker of resilience remained – a shared glance, a whispered word of comfort, a stubborn refusal to be entirely broken. It was a testament, perhaps, to the enduring strength of the human spirit, even in the face of overwhelming adversity, though whether that strength would ultimately prevail against such systemic injustice remained, alas, a question for the ages.",157,ai_mimicked,Dickens,Class Disparity
"The fog, a greasy, yellow shroud, clung to the cobbled streets of Spitalfields not merely as a meteorological phenomenon, but as a visible manifestation of the gulf that yawned between those who supped their claret in warm, lamplit dining rooms and those who huddled in doorways, their breath misting in the bitter air. It was a fog born not of the river’s damp, but of neglect, of a system which permitted, nay *encouraged*, the flourishing of opulent ease alongside abject misery. Observe, if you will, the passing equipages, their polished panels reflecting the gaslight, whilst a child, scarcely more than a wisp, attempts to sell matches, his fingers blue with cold, his voice lost in the rumble of progress. Such a contrast is not accidental, good reader, but the deliberate consequence of hearts grown callous and eyes deliberately averted from the suffering at their very doorstep.",146,ai_mimicked,Dickens,Class Disparity
"Old Man Tiber, they called him – a name bestowed not out of respect, but a grim acknowledgement of his age and the ceaseless, slow current of misfortune that had carried him to the banks of the workhouse. He’d once been a master carpenter, a craftsman of renown, his hands skilled in shaping oak and mahogany into objects of beauty. Now, those same hands, gnarled and trembling, were reduced to picking at scraps, to accepting the grudging charity of those who once sought his services. It is a tragedy, is it not, to witness such a decline? Not merely the loss of livelihood, but the erosion of dignity, the extinguishing of a spark that once burned bright. And yet, how many Tibers are there, lost in the labyrinthine streets of this great city, their stories untold, their worth forgotten?",139,ai_mimicked,Dickens,Class Disparity
"Consider the very architecture of our city, a brutal testament to the disparities that plague us. The soaring spires of the new Exchange, glittering with ambition and commerce, cast long, oppressive shadows upon the crumbling tenements where families are crammed together like sardines in a tin. Each brick in those grand edifices seems to mock the patched roofs and broken windows of the dwellings below. It is a physical embodiment of the social order, a deliberate construction designed to reinforce the boundaries between those who possess and those who are possessed *by* circumstance. One cannot help but wonder, gazing upon such a scene, if Providence itself does not weep at the injustice of it all.",115,ai_mimicked,Dickens,Class Disparity
"The dinner parties, ah, the dinner parties! Such displays of lavish consumption, such mountains of roasted fowl and glistening jellies, whilst a stone’s throw away, a mother divides a single turnip amongst her starving children. It is not the abundance itself that offends, mind you, but the *indifference* with which it is enjoyed. The polite conversation, the witty repartee, all conducted in blissful ignorance of the gnawing hunger that echoes through the alleyways. One might almost believe these fine folk inhabit a different planet, shielded from the harsh realities of existence by a veil of privilege and self-absorption. A most unsettling spectacle, and one that speaks volumes about the moral bankruptcy of our age.",114,ai_mimicked,Dickens,Class Disparity
"A curious phenomenon, this acceptance of inequality as a natural order. It is whispered, you see, that the poor are somehow *deserving* of their fate – lazy, improvident, lacking in moral fibre. A convenient fiction, is it not, for those who benefit from the system? But observe the faces of the working classes, the weariness etched upon their brows, the quiet desperation in their eyes. They toil relentlessly, enduring hardship and privation, yet are perpetually denied the fruits of their labour. The fault, good reader, lies not within them, but within a society that values profit above people, that elevates wealth to a virtue, and that systematically oppresses those who lack the fortune to be born into comfort.",118,ai_mimicked,Dickens,Class Disparity
"The fog, a greasy, yellow shroud, clung to the cobbles of Bleak Street not merely as a meteorological phenomenon, but as a visible manifestation of the gulf that yawned between those who warmed themselves by private hearths and those who shivered in doorways, their breath misting in the chill air like the fleeting hopes of a pauper. Observe, if you will, the portly gentleman, his coat lined with fur and his boots polished to a blinding sheen, stepping briskly past a woman huddled with her children, their faces pinched with cold and hunger. He does not *see* them, not truly; they are less substantial to him than the dust upon his boots, mere inconveniences in his purposeful stride towards comfort and commerce. Such is the blindness bred of privilege, a wilful ignorance that allows fortunes to be amassed upon the backs of quiet desperation, and a society to prosper whilst its underbelly festers.",153,ai_mimicked,Dickens,Class Disparity
"It is a curious thing, is it not, how readily we ascribe virtue to industry, whilst conveniently overlooking the fact that industry alone is seldom sufficient? Young Timothy Cratchit, a lad possessed of a spirit as bright as any star, toils from dawn till dusk in the counting house, yet remains perpetually tethered to the margins of existence. He lacks not diligence, nor honesty, nor a willingness to learn, but he lacks *connections*, that invisible scaffolding upon which the fortunate climb. To speak of meritocracy in such a climate is a cruel jest, a mockery of the very notion of fairness. For what good is a strong back and a willing heart when the doors of opportunity are bolted fast, guarded by the inherited wealth and social standing of those born into ease?",133,ai_mimicked,Dickens,Class Disparity
"Consider the grand houses of Mayfair, looming like stony behemoths against the twilight sky. Within those walls, feasts are spread, music swells, and laughter rings – a symphony of contentment purchased, quite directly, by the silent suffering endured in the rookeries and workhouses beyond. It is not merely a matter of differing incomes, mind you, but of differing *lives*. One existence is a tapestry woven with choice and leisure, the other a coarse, unyielding cloth of necessity and toil. And yet, these two worlds exist side-by-side, separated only by a few streets, a chasm of circumstance so vast it might as well be an ocean. The very air seems to taste different in each, one of perfume and privilege, the other of smoke and despair.",125,ai_mimicked,Dickens,Class Disparity
"Old Man Hemlock, the cobbler, possessed a wisdom born not of books, but of observation. He’d seen generations pass through his shop, each bearing the marks of their station. He’d mended the boots of dukes and the shoes of dustmen, and noted, with a quiet melancholy, that the leather worn by the latter was invariably thinner, patched more often, and ultimately, discarded far sooner. It wasn’t a matter of skill in the making, but of the value placed upon a man’s labour, and, by extension, upon the man himself. A gentleman’s worn boot was a testament to a life well-lived; a pauper’s, merely evidence of a life barely endured. Hemlock understood, with a clarity that few possessed, that the disparity wasn’t simply economic, but *moral*.",125,ai_mimicked,Dickens,Class Disparity
"The charitable institutions, those grand edifices erected in the name of benevolence, often serve merely to highlight the inadequacy of the system they attempt to ameliorate. Observe the Soup Kitchen, dispensing watery gruel to a throng of the destitute. A noble effort, to be sure, yet a paltry offering against the tide of systemic injustice. It is akin to attempting to bail out a sinking ship with a thimble. The true remedy lies not in temporary relief, but in fundamental reform – in a re-evaluation of the very principles upon which our society is built. To offer crumbs to the starving whilst hoarding the loaf is not charity, but a self-serving performance, a balm to the consciences of those who benefit from the inequity.",124,ai_mimicked,Dickens,Class Disparity
"The fog, a greasy, yellow shroud, clung to the cobbled streets not merely as a meteorological phenomenon, but as a visible manifestation of the gulf that yawned between the fortunate and the destitute; for whilst within the gas-lit mansions of Mayfair, warmth and plenty reigned supreme, a stone’s throw distant, in the warren of alleys known as Jacob’s Ladder, children shivered, their bellies echoing with the hollowness of want. One observed, passing a baker’s shop redolent with the scent of fresh bread – a scent utterly lost on those whose very shoes bore testament to their lack – the cruel irony of proximity; abundance flaunted before eyes accustomed only to scarcity. It was a spectacle to curdle the blood, this casual display of comfort amidst such widespread suffering, a silent accusation levelled at a society content to allow such disparities to fester, like a hidden sore upon its conscience.",149,ai_mimicked,Dickens,Class Disparity
"Consider, if you will, the tailor, Mr. Grimshaw, a man of meticulous skill and dwindling prospects. He possessed hands capable of crafting coats for dukes, yet his own coat was patched and worn, his fingers perpetually pricked by the needles that brought luxury to others while denying it to himself. He toiled, not for advancement, but for mere survival, a cog in a machine that valued the finished garment above the man who fashioned it. This, then, is the essence of the injustice: not simply the lack of wealth, but the systematic devaluation of human worth predicated upon station. A gentleman’s idle whim could provide Mr. Grimshaw with a year’s employment, yet that same gentleman would scarcely acknowledge his existence, viewing him as little more than an extension of his own wardrobe.",132,ai_mimicked,Dickens,Class Disparity
"It is a truth universally acknowledged – though seldom acted upon – that a man’s character is not determined by his birth, but by his deeds. Yet, in this great, bustling city, opportunity is not distributed with such equitable grace. The son of a lord is born to privilege, his path smoothed by inheritance and influence, whilst the son of a labourer begins life burdened by circumstance, his prospects dimmed before they even flicker into being. Observe the public schools, those hallowed halls of learning, accessible only to the gilded youth, and contrast them with the ragged schools, struggling to offer a glimmer of hope to the children of the slums. Is this fairness? Is this justice? Nay, it is a system designed to perpetuate inequality, to ensure that the fortunate remain so, and the unfortunate remain… precisely where they are.",141,ai_mimicked,Dickens,Class Disparity
"The very stones of London seemed to weep with the weight of unaddressed suffering. One might stroll along Regent Street, dazzled by the glittering displays of fashionable goods, and yet, should one venture but a single street over, the air would thicken with the stench of poverty and despair. The contrast was not merely visual; it was olfactory, auditory, a complete assault upon the senses. The laughter of the wealthy echoed hollowly against the cries of the hungry, the clatter of carriages drowned out the shuffling footsteps of the dispossessed. It was a city of stark divisions, a place where opulence and misery existed side-by-side, locked in a silent, agonizing embrace. A moral failing, writ large upon the face of the metropolis.",122,ai_mimicked,Dickens,Class Disparity
"Old Man Hemlock, the lamplighter, possessed a peculiar wisdom, gleaned not from books or learned discourse, but from years spent traversing the city’s shadowed lanes. He observed, with a quiet melancholy, that the grandest houses cast the longest shadows, and that those shadows invariably fell upon the humblest dwellings. He spoke of a “trickle-down” theory, favoured by the gentlemen of Parliament, wherein prosperity was supposed to benefit all. But Hemlock, with a knowing shake of his head, declared it a fallacy. The wealth, he said, tended to pool at the top, leaving only a dampness below, a perpetual chill that settled in the bones of the working classes. A grim observation, delivered with the flickering light of his lamp as his sole companion.",123,ai_mimicked,Dickens,Class Disparity
"The fog, a greasy, yellow shroud, clung to the cobbled streets not merely as a meteorological phenomenon, but as a visible manifestation of the gulf that yawned between the fortunate and the destitute; for whilst within the gas-lit mansions of Mayfair, warmth and plenty reigned supreme, a stone’s throw distant, in the warren of alleys known as Jacob’s Ladder, children shivered, their bellies echoing with the hollowness of want. One observed, passing a baker’s shop redolent with the scent of fresh bread – a scent utterly lost on those whose very shoes bore testament to their threadbare existence – the cruel irony of proximity, the maddening nearness of comfort to those for whom comfort was a forgotten dream. It was a spectacle, this, to chill the very blood, and to prompt a question most unsettling: could a society truly flourish when built upon such a foundation of silent suffering?",149,ai_mimicked,Dickens,Class Disparity
"Old Man Hemlock, a pawnbroker whose face resembled nothing so much as a withered apple, possessed a peculiar talent for discerning not the *value* of objects brought before him, but the desperation of those who offered them. A silver locket, tarnished with grief and offered for a pittance; a watch, its ticking a mournful echo of lost time; a threadbare shawl, clinging to the memory of a departed mother’s warmth – each item spoke volumes, not of its intrinsic worth, but of the slow, insidious erosion of a family’s fortunes. He saw, in these transactions, not commerce, but a grim procession of fallen hopes, a testament to the relentless pressure exerted upon those born into circumstances that offered little beyond the certainty of hardship. And Hemlock, though a beneficiary of their misfortune, felt, in the deepest recesses of his soul, a prick of something akin to shame.",147,ai_mimicked,Dickens,Class Disparity
"Consider, if you will, the architecture of London itself – a city built, not upon a foundation of equality, but upon layers of social stratification. The soaring spires of Westminster, proclaiming the power and glory of the nation, cast long, oppressive shadows upon the squalid rookeries below. The grand avenues, designed for the effortless conveyance of carriages and the leisurely strolls of the affluent, abruptly terminated at the boundaries of districts where even the simplest act of locomotion was an arduous undertaking. It was a physical embodiment of the social order, a landscape deliberately sculpted to reinforce the boundaries between those who possessed and those who lacked, a constant, visible reminder of the chasm that divided them. A most unsettling arrangement, and one that spoke volumes about the priorities of those in authority.",133,ai_mimicked,Dickens,Class Disparity
"The very air in the East End seemed to carry a different weight, a palpable sense of resignation and despair. Not the dramatic, theatrical despair of a fallen nobleman, mind you, but a quiet, gnawing hopelessness that permeated every aspect of life. One heard it in the listless coughs of the factory workers, in the muted cries of children scavenging for scraps, in the weary cadence of conversations held in hushed tones. It was a despair born not of sudden calamity, but of the slow, relentless grinding down of the spirit by poverty and circumstance. A despair so profound, so utterly devoid of expectation, that it threatened to extinguish even the faintest spark of ambition or hope. A truly dreadful condition, and one that demanded, nay *implored*, a remedy.",129,ai_mimicked,Dickens,Class Disparity
"Mrs. Grimalkin, a woman whose charitable endeavors were as renowned as her sharp tongue, often remarked that the true measure of a society was not its wealth, but its willingness to share it. Yet, observe the spectacle of the annual Lord Mayor’s Show, a gaudy procession of pomp and circumstance, whilst, scarcely a mile distant, families huddled together for warmth, their meagre rations dwindling with each passing hour. The contrast was not merely striking; it was positively indecent. To lavish such extravagance upon a fleeting display, whilst ignoring the fundamental needs of one’s fellow citizens, was a moral failing of the highest order. It spoke of a heart grown cold, a conscience dulled by privilege, and a profound lack of empathy for those less fortunate. A most lamentable state of affairs, indeed.",132,ai_mimicked,Dickens,Class Disparity
"The fog, a greasy, yellow shroud, clung to the cobbled streets not merely as a meteorological phenomenon, but as a visible manifestation of the gulf that yawned between the fortunate and the destitute; for whilst within the gas-lit mansions of Mayfair, plump partridges graced silver salvers and the warmth of coal fires banished the chill, a lad no older than seven, shivering in rags scarcely fit to cover a dog, hawked matches with fingers numb as winter apples, his breath clouding the air like a fleeting ghost. It was a spectacle, repeated nightly in a thousand shadowed alleys, a testament to a social order built upon the quiet desperation of those deemed ‘lesser,’ a system wherein the very air breathed by the wealthy was purchased at the expense of the lungs of the poor, and the comfort of one class directly proportional to the misery of another – a truth too often obscured by polite conversation and charitable donations, which, though well-intentioned, served only to bandage the wound, not cure the disease.",172,ai_mimicked,Dickens,Class Disparity
"Consider, if you will, the peculiar institution of the workhouse – a grim edifice, not of correction, but of calculated degradation. It is not simply the lack of sustenance, though that is grievous enough, nor the coarse fabric of the clothing, nor the relentless, spirit-crushing labour, but the deliberate dismantling of dignity that constitutes its true horror. A man, once a tradesman, perhaps, with a small shop and a measure of self-respect, reduced to breaking stones alongside convicted criminals, his very name replaced by a number – is this justice? Is this Christian charity? Nay, it is a systematic assault upon the human spirit, a demonstration that society values a man not for *who* he is, but for *what* he can produce, and when he can produce no more, casts him aside like a broken tool, a chilling parable of expendability writ large upon the face of England.",148,ai_mimicked,Dickens,Class Disparity
"Old Man Hemlock, the cobbler, possessed a pair of hands gnarled and knotted like the roots of an ancient oak, hands that had once crafted boots for gentlemen of considerable standing. Now, however, those same hands trembled as they stitched patches upon the worn soles of children’s shoes, a task barely sufficient to keep starvation at bay. He spoke little, but his eyes, clouded with a lifetime of hardship, held a silent accusation – not of malice, precisely, but of a profound and systemic indifference. It was not that the wealthy actively *wished* him ill, but that their lives were so utterly divorced from his own, their concerns so elevated above his humble struggles, that his very existence was rendered invisible, a phantom flitting through the grand procession of their prosperity.",131,ai_mimicked,Dickens,Class Disparity
"The grand ball at the Duke of Ashworth’s residence was, to the casual observer, a dazzling spectacle of silks, jewels, and polished smiles. Yet, observe closely, and one detects a subtle, almost imperceptible tremor beneath the veneer of gaiety. The music, though exquisitely played, seemed to echo with the hollow resonance of unearned privilege. The laughter, though plentiful, lacked genuine mirth. For what foundation supports such opulence but the unseen labour of countless souls toiling in darkness? Each glittering diamond, each delicate confection, each perfectly arranged flower, represents a debt – a debt not of gratitude, but of exploitation, a silent acknowledgment of the human cost of their extravagant enjoyment. The very air thrummed with a disquieting awareness, a phantom weight of responsibility conveniently ignored.",125,ai_mimicked,Dickens,Class Disparity
"It is a fallacy, a dangerous and self-serving delusion, to believe that the plight of the lower orders is a matter of individual failing. To attribute poverty solely to laziness or intemperance is to ignore the intricate web of circumstance, the crushing weight of inherited disadvantage, and the deliberate structures of power that maintain the imbalance. A man born into a squalid tenement, with no access to education, no prospect of advancement, and surrounded by the temptations of despair, is scarcely afforded a fair chance to compete in a society rigged in favour of those born with silver spoons. To speak of ‘self-help’ to such a soul is akin to offering a feather to a drowning man – a gesture of hollow benevolence that does nothing to address the fundamental injustice of the system itself, a system demanding not charity, but rectification.",142,ai_mimicked,Dickens,Class Disparity
"The chill November fog, clinging to the stones of the rookeries like a shroud, served as a most unwelcome reminder – not merely of the season’s damp and discomfort, but of that ultimate, inescapable dampness which awaits us all. Old Man Hemlock, huddled in a doorway with a cough that rattled like loose pebbles, possessed a face etched with the knowledge of approaching dissolution, a map of fading colour and dwindling strength. It was not the poverty, grievous though it was, that struck the observer most keenly, but the quiet acceptance in his eyes, a resignation to the inevitable journey from which no earthly wealth could purchase exemption. For even amidst the bustling commerce and clamorous industry of London, Death maintained his silent, relentless claim, a collector of debts none could ultimately evade, and a leveller of fortunes, grand or humble, with equal impartiality.",144,ai_mimicked,Dickens,Mortality Awareness
"Consider, if you will, the nursery – a chamber ostensibly dedicated to joy and burgeoning life – and observe how closely it borders upon the shadow of the grave. A child’s fleeting illness, a feverish flush upon a rosy cheek, and suddenly the delicate balance is disturbed, the laughter stilled. Mrs. Featherstonehaugh, a woman of considerable means and even more considerable anxieties, found herself perpetually haunted by this very spectre, hovering over young Master George as though anticipating his departure. It was a peculiar torment, this anticipation of loss, a grief pre-emptively felt, and it spoke to a truth most unsettling: that even in the very cradle of existence, the seeds of mortality are sown, and the promise of years is but a fragile, uncertain thing.",126,ai_mimicked,Dickens,Mortality Awareness
"One might, in a fit of philosophical fancy, posit that the very architecture of our cities proclaims the transience of human endeavour. Observe the crumbling facades of ancient buildings, the weathered stones bearing witness to generations passed, each brick a silent testament to lives lived and lost. The grandest edifice, however imposing, is subject to the relentless erosion of time, slowly yielding to decay and ultimately returning to the dust from whence it came. And is not man himself, in his striving and ambition, merely constructing a similar edifice – a life built upon hopes and dreams – destined, in the end, to share the fate of stone and mortar? A sobering thought, to be sure, yet one which, if contemplated with sufficient gravity, might encourage a more virtuous and compassionate existence.",132,ai_mimicked,Dickens,Mortality Awareness
"The auctioneer’s hammer, falling with such brisk and callous finality, offered a particularly stark illustration of mortality’s dominion. Not merely over the individual, mind you, but over the accumulated fruits of a lifetime’s labour. Old Silas Grimshaw, recently departed, had amassed a respectable fortune, yet within hours of his passing, his possessions – furniture, paintings, even his beloved collection of porcelain figurines – were scattered to the highest bidder, each item representing a fragment of a life now irrevocably concluded. It was a spectacle both unsettling and profoundly instructive, a blunt reminder that earthly possessions are but fleeting shadows, and that the only true inheritance lies in the memories we leave behind, and the kindness we have shown.",118,ai_mimicked,Dickens,Mortality Awareness
"A peculiar stillness descends upon the river Thames at twilight, a hush that seems to absorb all sound, and with it, all earthly concerns. The barges drift like spectral vessels, their lamps casting long, wavering reflections upon the murky water, and one cannot help but contemplate the countless souls who have found their final resting place within its depths. Not pirates and villains alone, but honest tradesmen, weary travellers, and innocent children – all swallowed by the relentless current, their stories lost to the ceaseless flow of time. It is a melancholy beauty, this riverine gloom, a poignant reminder that we are all, in the end, destined to join that silent, unseen procession, carried onward towards an unknown shore.",119,ai_mimicked,Dickens,Mortality Awareness
"The chill November air, creeping through the ill-fitting panes of Old Man Hemlock’s window, served as a most unwelcome reminder – not merely of winter’s approach, but of that final, unyielding winter which awaits us all. For Hemlock, a man whose life had been a tapestry woven with threads of miserly habit and forgotten kindnesses, lay abed, his breath a shallow rasp against the silence. It was not the failing of his earthly possessions that troubled the onlookers gathered – though meagre they were – but the stark realization that even the most stubbornly clung-to existence must, at length, relinquish its hold. A single tallow candle flickered, casting dancing shadows upon the wall, each one a fleeting echo of moments lost, of opportunities squandered, and of a life nearing its inevitable close, a somber lesson for those who witnessed it.",140,ai_mimicked,Dickens,Mortality Awareness
"Consider, if you will, the bustling thoroughfares of London, teeming with life, ambition, and a heedless disregard for the fragility of it all. Each footfall upon the cobblestones, each hawker’s cry, each carriage’s rumble, is a testament to vitality, yet simultaneously a muffled drumbeat counting down to the inevitable stillness. Young mothers clutch their babes, unaware that even those precious bundles are subject to the same decree as kings and paupers alike. Merchants calculate their profits, blind to the fact that all earthly gains are dust in the face of eternity. It is a paradox most cruel, this vibrant dance with decay, and one which renders the pursuit of worldly concerns, in the grand scheme, a rather foolish and fleeting endeavour.",121,ai_mimicked,Dickens,Mortality Awareness
"Mrs. Grimalkin, the baker’s widow, possessed a peculiar habit of collecting fallen leaves, pressing them between the pages of her late husband’s account books. “A memento mori, sir,” she confided to me one afternoon, her voice a dry rustle like the leaves themselves. “Each one, once vibrant and full of life, now brittle and fading, a perfect illustration of our own transient state.” It was a simple observation, yet profoundly affecting. She did not speak of judgment or divine retribution, but merely of the natural order, the cyclical rhythm of birth, growth, and decay. And in that quiet contemplation of nature’s course, there was a peculiar solace, a gentle acceptance of the fate that awaits us all, a fate as inevitable as the turning of the seasons.",127,ai_mimicked,Dickens,Mortality Awareness
"The workhouse, a grim edifice of stone and despair, offered a particularly stark meditation upon mortality. Within its walls, the aged and infirm were relegated to a slow, agonizing decline, their days measured not by joy or purpose, but by the dwindling of their strength and the approach of their final hour. To witness such suffering, such a stripping away of dignity, was to confront the most brutal aspects of our shared human condition. It was a place where death was not a distant specter, but a constant companion, lingering in the air like the scent of disinfectant and unwashed linen, a chilling reminder of the precariousness of existence and the indifference of fate.",114,ai_mimicked,Dickens,Mortality Awareness
"One might argue, with a certain fashionable cynicism, that dwelling upon the matter of death is a morbid and unproductive exercise, best left to the clergy and the melancholic. Yet, I contend that a healthy awareness of our own mortality is not a cause for despair, but rather a potent catalyst for living a life of greater purpose and compassion. For what is the value of ambition, of wealth, or of social standing, if not to leave the world a little brighter, a little kinder, than we found it? To ignore the shadow of the grave is to squander the precious gift of life, to drift aimlessly through existence, oblivious to the fleeting nature of time and the enduring importance of human connection.",123,ai_mimicked,Dickens,Mortality Awareness
"The chill November air, creeping through the ill-fitting panes of old Mrs. Grimalkin’s window, served as a most unwelcome reminder, not merely of the season’s decline, but of that far more permanent and chilling descent which awaits us all. For what, indeed, is life but a brief flickering candle in a vast and echoing darkness? She, poor soul, clung to her threadbare shawls and whispered prayers, as if such paltry defenses could ward off the inevitable. Yet, even as she trembled, a robin, bold as brass, pecked at the frozen earth outside, utterly unconcerned with the grand, solemn business of dying – a creature whose simple existence mocked the anxieties of humankind, and laid bare the vanity of our fretting over futures we shall not see. It is a humbling spectacle, this constant dance between bloom and blight, and one which ought to inspire, not terror, but a quiet acceptance of the natural order.",154,ai_mimicked,Dickens,Mortality Awareness
"Consider, if you will, the bustling thoroughfares of London, teeming with life, ambition, and a heedless pursuit of fortune. Each face a story, each footstep echoing with purpose, yet how many amongst that throng truly *consider* the brevity of their allotted time? They rush, they strive, they accumulate, as if possessions could somehow purchase an extension to their days. A foolish delusion, surely! For Death, that impartial collector, cares not for titles nor treasures, but sweeps through palace and pauper’s dwelling alike. Observe the undertakers’ carts, gliding silently through the streets – grim reminders, easily ignored, of the fate that awaits even the most prosperous and self-important amongst us. A sobering thought, to be sure, and one which, if properly digested, might temper the excesses of our earthly desires.",129,ai_mimicked,Dickens,Mortality Awareness
"It is not the grand, dramatic exits – the fevered delirium, the sudden stroke – which most eloquently speak to the fragility of existence, but rather the slow, insidious erosion of memory within the aged. Old Mr. Featherstonehaugh, once a man of sharp wit and formidable intellect, now wanders the halls of his manor, a ghost in his own lifetime, unable to recall the names of his children, or the events of yesterday. His mind, once a vibrant tapestry of experience, is unraveling thread by thread, leaving behind only fragments of recollection and a profound, unsettling emptiness. This gradual fading, this quiet dissolution of the self, is perhaps a more poignant illustration of mortality than any sudden, violent end; a chilling prefigurement of the ultimate oblivion.",126,ai_mimicked,Dickens,Mortality Awareness
"The river Thames, flowing relentlessly towards the sea, offers a most compelling allegory for the passage of time and the inevitability of death. Each ripple, each eddy, represents a fleeting moment, lost forever in the onward rush of the current. Observe the flotsam and jetsam carried along its surface – broken branches, discarded refuse, the remnants of lives lived and lost. They are swept away, unceremoniously, towards the vast and unknowable ocean, mirroring our own journey from birth to the final, silent embrace of the grave. And yet, the river continues to flow, indifferent to the sorrows and triumphs of those who dwell upon its banks, a constant, immutable reminder of the ceaseless cycle of creation and decay.",118,ai_mimicked,Dickens,Mortality Awareness
"There is a peculiar melancholy that descends upon one when observing children at play, a bittersweet awareness of the innocence that will inevitably be lost. Their laughter, so bright and unrestrained, seems to echo with a fragile beauty, knowing full well that shadows will lengthen, and the cares of the world will eventually dim that radiant joy. To witness their unburdened spirits is to simultaneously celebrate life’s promise and mourn its fleeting nature. For within each rosy cheek and sparkling eye lies the seed of mortality, a silent testament to the universal truth that all things must pass. It is a truth we shield ourselves from, naturally, yet one that haunts the edges of every happy moment, lending a poignant depth to even the simplest pleasures.",126,ai_mimicked,Dickens,Mortality Awareness
"The chill November air, creeping through the ill-fitting panes of old Mrs. Grimalkin’s window, served as a most unwelcome reminder, not merely of the season’s decline, but of that final, inevitable winter which awaits us all. It was a dampness that settled not just upon the bones, but upon the spirit, a premonition whispered on the wind of dissolution and decay. One observed it in the drooping shoulders of the costermonger, hawking his wares with diminished vigour, in the faded grandeur of the once-splendid houses lining the square, and, most poignantly, in the vacant stare of the old woman herself, lost in recollections of summers long past and faces now dust. For what, after all, are our grand ambitions, our petty squabbles, our fleeting joys, but bubbles upon the surface of a dark and boundless stream, destined to burst and vanish without a trace? A sobering thought, indeed, for those who fancy themselves masters of their own destinies.",158,ai_mimicked,Dickens,Mortality Awareness
"Consider, if you will, the public clock – a monument to time’s relentless march, its brazen face staring down upon the bustling thoroughfare. Each tick, each tock, is not merely a measurement of passing moments, but a subtle knell, a muffled chime announcing the dwindling reserves of life allotted to every soul beneath its gaze. Observe the hurried steps of the merchant, the anxious glances of the lover, the weary plod of the labourer – all driven forward by the illusion of future time, oblivious to the fact that with each breath, they draw nearer to that final, unyielding hour. It is a cruel irony, is it not, that we spend our days striving to *gain* time, whilst time itself steadily slips through our fingers like grains of sand? A truth too often ignored in the clamour of existence, yet one which casts a long, somber shadow upon all human endeavour.",151,ai_mimicked,Dickens,Mortality Awareness
"Old Silas, the lamplighter, possessed a peculiar understanding of mortality, born not of philosophical contemplation, but of nightly observation. He witnessed, you see, the city’s slow surrender to darkness, each extinguished lamp a miniature representation of a life flickering and fading. He’d often remark, with a melancholy shake of his head, that the brightest flames are always the first to succumb, a sentiment which, upon reflection, holds a disquieting truth. For are not those who burn with passion, with ambition, with the very intensity of life, often consumed by their own fire? And are not those who live quietly, modestly, like the humble tallow candle, granted a longer, though less brilliant, existence? It is a question, I confess, that has troubled me greatly, and one to which I suspect there is no easy answer.",134,ai_mimicked,Dickens,Mortality Awareness
"The very stones of London seem to weep with the weight of forgotten lives. Wander through the ancient churchyards, choked with ivy and crumbling monuments, and one cannot fail to be struck by the sheer multitude of souls who have passed this way before. Each weathered inscription, each broken angel, speaks of hopes dashed, dreams unfulfilled, and loves lost to the relentless passage of years. It is a humbling spectacle, a stark reminder of our own ephemeral existence. To imagine the countless stories buried beneath our feet – the joys, the sorrows, the triumphs, the failures – is to feel oneself diminished, a mere speck in the vast tapestry of time. And yet, within that very insignificance lies a strange and unsettling beauty, a poignant acknowledgement of our shared fate.",130,ai_mimicked,Dickens,Mortality Awareness
"A child’s fleeting illness, a sudden chill, a cough that lingers too long – these are the whispers of mortality that cut most keenly to the heart. Not the grand pronouncements of philosophers, nor the solemn tolling of church bells, but the small, intimate tragedies that unfold within the walls of a humble home. Young Thomas, barely seven years of age, with eyes that held the promise of a lifetime, now lies pale and weak, his laughter silenced, his small hand growing cold. It is in these moments, witnessing the fragility of innocence, that the true weight of our mortality descends upon us, a crushing burden of sorrow and regret. For what greater folly is there than to squander the precious gift of life, when it can be so easily, so cruelly, snatched away?",134,ai_mimicked,Dickens,Mortality Awareness
"The chill November fog, clinging to the stones of the rookeries like a shroud, served as a most unwelcome reminder – not merely of the season’s damp and discomfort, but of that ultimate, inescapable dampness which awaits us all. For in the cough of a child, the stoop of an aged beggar, the very crumbling of the brickwork itself, one perceives the relentless advance of Time, that grim landlord who demands payment of every tenant, rich or poor, with a currency none may hoard indefinitely. It is a truth too often obscured by the bustle of commerce and the vanity of ambition, yet it presses upon the heart with a weight most keenly felt in these shadowed corners, where life flickers and fades with such alarming brevity, a candle in a draught. And one wonders, observing such fragility, if all our striving is but a frantic attempt to outrun the inevitable, a folly pursued with desperate, yet ultimately futile, energy.",160,ai_mimicked,Dickens,Mortality Awareness
"Consider, if you will, the curious custom of memorializing the departed – the marble monuments, the weeping willows, the carefully penned epitaphs. Are these tributes born of genuine sorrow, or rather, a peculiar form of self-deception? Do we, in adorning the graves of our loved ones, seek to console *them*, or merely to assuage the anxieties of our *own* mortality? For the cold stone offers no comfort, the sculpted angel no reply. It is a performance, a societal ritual enacted to ward off the dreadful realization that we, too, shall one day be reduced to dust and forgotten names. The very act of remembrance, then, becomes a tacit acknowledgement of loss, a poignant echo of the silence that awaits us all, a silence more profound than any cathedral’s hush.",129,ai_mimicked,Dickens,Mortality Awareness
"Old Man Hemlock, the clockmaker, possessed a most unsettling habit of pausing mid-repair, his spectacles perched upon his nose, to remark upon the fleeting nature of time. Not in a philosophical manner, mind you, but with a practical, almost gleeful, observation. “Another spring unwound,” he’d mutter, holding aloft a delicate coil, “another tick closer to the final chime.” He saw mortality not as a grand, abstract concept, but as a series of diminishing mechanisms, each cog and wheel representing a lost moment. His shop, crammed with the remnants of broken timepieces, was a veritable museum of decay, a testament to the relentless erosion of existence. And one could not help but feel, amidst the ticking and tocking, a disquieting sense of one’s own internal workings slowly, inexorably, winding down.",129,ai_mimicked,Dickens,Mortality Awareness
"The newspapers, those purveyors of both triumph and tragedy, are filled with accounts of sudden departures – a merchant struck by apoplexy, a seamstress succumbing to the fever, a child lost in the labyrinthine streets. Yet, how quickly we turn the page, how readily we absorb the next sensational item! It is as though the sheer volume of death has rendered us insensible to its gravity, numbing our capacity for empathy. We treat mortality as a mere statistic, a regrettable but unavoidable consequence of existence, rather than a profound and universal truth. This callous indifference, this societal detachment, is perhaps the most lamentable aspect of our modern age, a symptom of a heart grown cold and a spirit dulled by the relentless pursuit of worldly gain.",126,ai_mimicked,Dickens,Mortality Awareness
"Imagine, if you will, a grand theatre, brilliantly lit, teeming with players upon the stage. Each actor, adorned in costume, delivers his lines with passion and conviction, believing himself the central figure in a drama of immense importance. Yet, the curtain will fall, the lights will dim, and the theatre itself will eventually crumble into ruin. Such is the nature of life, a fleeting performance enacted upon a temporary stage. The applause of the crowd, the accolades of society – all are but ephemeral echoes, destined to fade into the vast silence of eternity. To cling to these transient glories, to mistake illusion for reality, is the height of folly. True wisdom lies in recognizing the impermanence of all things, and in embracing the quiet dignity of a graceful exit.",130,ai_mimicked,Dickens,Mortality Awareness
"The chill November fog, clinging to the stones of the rookeries like a shroud, served as a most unwelcome reminder – not merely of the season’s damp and discomfort, but of that ultimate, inescapable dampness which awaits us all. Old Man Hemlock, huddled in a doorway with a cough that rattled like loose pebbles, possessed a face etched with the knowledge of approaching dissolution, a map of fading colour and dwindling strength. It was not the poverty, grievous though it was, that struck the observer most keenly, but the quiet acceptance in his eyes, a resignation to the inevitable journey from which no earthly wealth could purchase exemption. For even amidst the bustling commerce and clamorous industry of London, Death maintained his silent, relentless claim, a collector of debts none could ultimately evade, and the fog, it seemed, was but his herald, whispering of endings in every gust.",148,ai_mimicked,Dickens,Mortality Awareness
"Consider, if you will, the nursery – a chamber ostensibly dedicated to joy and burgeoning life – and observe how closely it borders upon the shadow of the grave. A child’s fleeting illness, a feverish flush upon a rosy cheek, and suddenly the delicate balance is disturbed, the laughter stilled. Mrs. Featherstonehaugh, a woman of considerable fortune but little fortitude, found herself thus afflicted, watching her youngest, little Cecil, succumb to a malady the physicians could not name, nor cure. The miniature coffin, lined with white satin, seemed a cruel mockery of the cradle it had so recently replaced, a stark illustration of how swiftly the thread of existence may be severed. It is in such moments, amidst the scent of lilies and the stifled sobs of mourners, that one truly comprehends the fragility of our mortal coil, a bubble upon the stream of time.",145,ai_mimicked,Dickens,Mortality Awareness
"The grand clock in the hall of Blackwood Manor, a monstrous creation of mahogany and brass, did not merely measure the passage of hours; it tolled a constant, subtle reminder of mortality. Each tick was a grain of sand slipping through the hourglass, each chime a knell for opportunities lost and futures unfulfilled. Sir Reginald Blackwood, a man consumed by ambition and the accumulation of estates, scarcely noticed the clock’s pronouncements, too preoccupied with the fleeting gains of the present to contemplate the permanence of the hereafter. Yet, the very stones of the manor seemed to whisper of generations past, of Blackwoods who had chased similar phantoms and ultimately yielded to the same fate. A chilling thought, to build empires only to become dust, to amass fortunes destined to be inherited by strangers.",133,ai_mimicked,Dickens,Mortality Awareness
"One observes it, not in the grand pronouncements of statesmen or the lamentations of the bereaved, but in the small, everyday occurrences that pass unnoticed by the heedless. The wilting of a flower in a window box, the fading of a painted sign, the slow, inexorable decay of a once-splendid building – these are the subtle emblems of our shared destiny. Old Mr. Cratchit, returning from the market, paused before a crumbling brick wall, overgrown with ivy, and a melancholy settled upon his features. It was not the wall itself that troubled him, but the echo of its decline, a mirror reflecting the inevitable erosion of all things temporal. A quiet sadness, born not of grief, but of a profound understanding of the universe’s relentless march towards entropy.",128,ai_mimicked,Dickens,Mortality Awareness
"To witness the dismantling of a theatre, a place dedicated to illusion and the temporary suspension of disbelief, is to confront mortality in a most peculiar guise. The Gaiety, once ablaze with light and laughter, now stood skeletal and forlorn, its gilded decorations stripped away, its velvet curtains torn. Each splintered beam, each shattered pane of glass, spoke of vanished performances, of actors long departed, of audiences whose memories had faded with the years. It was as though the very spirit of entertainment had been extinguished, leaving behind only a hollow shell, a poignant reminder that even the most vibrant of creations are ultimately subject to decay. The echoes of applause, once so resonant, now seemed like ghostly whispers, lamenting the passage of time and the inevitable triumph of oblivion.",130,ai_mimicked,Dickens,Mortality Awareness
"The chill November fog, clinging to the stones of the rookeries like a shroud, served as a most unwelcome reminder – not merely of the season’s damp and discomfort, but of that ultimate, inescapable dampness which awaits us all. For in the cough of a child, the stoop of an aged beggar, even the flickering gaslight struggling against the gloom, one perceives the relentless advance of Time, and with it, the shadow of the grave. It is a truth too often banished from polite conversation, yet ever-present in the gaunt faces pressed against bakery windows, in the hurried footsteps seeking shelter from the cold, and in the very silence that descends upon the city as darkness deepens. A silence, mind you, not of peace, but of anticipation – a waiting for the final, inevitable summons. Such is the lot of man, a brief candle flame in a vast and indifferent darkness.",151,ai_mimicked,Dickens,Mortality Awareness
"Old Man Hemlock, the clockmaker, possessed a peculiar habit of pausing, mid-repair, to observe the pendulum’s swing with a melancholy air. He’d declare, with a sigh that rattled in his chest like loose gears, that each tick wasn’t merely measuring hours, but subtracting them from a finite store. A curious notion, perhaps, for a man whose trade revolved around the very measurement of time, yet one born, no doubt, of witnessing generations pass before his shop window, each face growing fainter, each step slower. He wasn’t a morbid soul, Hemlock, but a practical one, understanding that every completed mechanism, every perfectly balanced spring, was a small defiance against the grand, unwinding clockwork of existence. He saw mortality not as a specter to be feared, but as a craftsman’s challenge – to make the most of the time allotted, however brief.",140,ai_mimicked,Dickens,Mortality Awareness
"Consider the grandest edifice, the most imposing monument erected by human hands – what is it, ultimately, but a testament to our awareness of decay? The very impulse to build, to create something lasting, springs from the knowledge that all things must crumble. The marble will weather, the stone will erode, and even the most meticulously crafted inscription will, in time, be rendered illegible by the relentless hand of the elements. It is a vanity, some might say, this striving for permanence in a world defined by impermanence. Yet, is it not also a noble aspiration, a desperate attempt to leave some small mark upon the face of eternity, a whisper against the roaring silence that awaits us all? To build, therefore, is to acknowledge our mortality, and to defy it, however futilely.",133,ai_mimicked,Dickens,Mortality Awareness
"The bustling marketplace, a riot of colour and clamour, offered a strange and unsettling counterpoint to the ever-present thought of dissolution. Amidst the hawkers’ cries and the jostling crowds, life throbbed with a frantic energy, a desperate grasping at pleasure and profit. Yet, observe closely, and one could discern the subtle signs of decline in every face – the lines etched by worry, the weariness in the eyes, the slight tremor in the hand offering a coin. It was as if each transaction, each fleeting moment of joy, was conducted under the shadow of an unspoken agreement: that all this vibrancy, all this striving, would ultimately amount to nothing more than dust. A grim paradox, indeed, that the pursuit of life should be so inextricably linked to the contemplation of death.",131,ai_mimicked,Dickens,Mortality Awareness
"It is not the grand tragedy, the sudden illness, or the violent accident that most keenly reminds one of our fleeting existence, but rather the small, everyday losses. A faded photograph, a forgotten melody, the scent of lavender that evokes a memory of a departed loved one – these are the subtle incursions of time, the gentle reminders that all things are subject to change and decay. They are the whispers of mortality, far more potent than any booming pronouncement. For in these quiet moments of recollection, we confront not the abstract fear of death, but the concrete reality of absence, the poignant ache of what once was, and the unsettling knowledge that even the most cherished memories will, eventually, begin to dim.",123,ai_mimicked,Dickens,Mortality Awareness
"The chill November air, creeping through the ill-fitting panes of old Mrs. Grimalkin’s window, served as a most unwelcome reminder, not merely of the season’s decline, but of that far more permanent and chilling descent which awaits us all. For what, indeed, is life but a brief flickering of candlelight against the vast, encroaching darkness? She, poor soul, clung to her threadbare shawls and whispered prayers, believing each cough a harbinger, each ache a summons. Yet, are we not all, in our varying degrees of comfort and circumstance, similarly occupied – building frail ramparts against the inevitable tide? The grandest palace, the humblest hovel, both ultimately yield to the same relentless claim, a truth too often obscured by the bustling vanities of the day, and revealed only in the quiet solitude of a failing heart.",135,ai_mimicked,Dickens,Mortality Awareness
"Consider, if you will, the bustling marketplace of Cheapside, a veritable hive of human endeavour, where fortunes are made and lost with the turn of a shilling. Observe the eager faces, the grasping hands, the relentless pursuit of gain. And yet, what proportion of those animated figures will still draw breath this time next year? A paltry few, one suspects, if truth be told. For mortality, that silent and impartial judge, stalks amongst them unseen, noting each transaction, each ambition, each fleeting joy, with a cold and calculating eye. It is a sobering thought, to witness such vitality knowing full well that the majority present are already, in a manner of speaking, ghosts in the making, their futures already written in the ledger of fate.",125,ai_mimicked,Dickens,Mortality Awareness
"It is not the grand spectacle of death – the public executions, the cholera outbreaks, the shipwrecks chronicled in the broadsheets – which truly chills the blood, but rather the insidious, creeping awareness of its presence in the everyday. The faded photograph of a departed loved one, the chipped teacup once held by a vanished hand, the empty chair at the fireside – these are the subtle, yet potent, reminders of our own transience. They whisper of absences, of lost laughter, of promises unfulfilled, and force upon us the unwelcome contemplation of our own eventual dissolution. Such small, domestic tragedies, repeated endlessly across the nation, form the true fabric of sorrow, a constant undercurrent to the boisterous currents of life.",120,ai_mimicked,Dickens,Mortality Awareness
"One might argue, with a certain fashionable cynicism, that dwelling upon mortality is a morbid and unproductive exercise, best left to the melancholic and the religiously inclined. Yet, is it not precisely *because* of its inevitability that life possesses such exquisite value? To ignore the shadow is not to banish it, but merely to live in a fool’s paradise, unprepared for the reckoning that awaits us all. A man who understands the brevity of his days is more likely, surely, to cherish each moment, to act with kindness and compassion, to strive for something beyond the fleeting pleasures of the flesh. To confront mortality is not to succumb to despair, but to awaken to the fullness of existence.",118,ai_mimicked,Dickens,Mortality Awareness
"The river Thames, flowing relentlessly towards the sea, offers a most compelling allegory for the human condition. Each ripple, each eddy, represents a life, born from unseen springs, rushing onward towards an unknown destination. Some currents are swift and turbulent, others slow and meandering, but all are ultimately drawn towards the same vast and indifferent ocean. And as the river carries with it debris and detritus – broken branches, discarded refuse, the remnants of forgotten lives – so too does time sweep away our hopes, our dreams, and ultimately, ourselves. To stand upon its banks, and contemplate this ceaseless flow, is to feel a profound sense of humility, and a sobering recognition of our own ephemeral place within the grand scheme of things.",123,ai_mimicked,Dickens,Mortality Awareness
"The chill November fog, clinging to the cobbled streets like a shroud, served as a most unwelcome reminder – not merely of the season’s damp and discomfort, but of that ultimate, inescapable dampness which awaits us all. Old Man Hemlock, huddled deeper into his threadbare coat as he swept the steps of the pawnbroker’s, possessed a countenance etched with the knowledge of passing years, a living testament to time’s relentless march. One observed, not with morbid fascination, but with a quiet, unsettling recognition, that each sweep of his broom was a gesture against the encroaching darkness, a futile attempt to postpone the inevitable gathering of dust – both literal and metaphorical – upon his own weary frame. For what, after all, are we but vessels slowly filling with the sands of time, destined to be overturned and emptied into the vast, indifferent ocean of eternity?",145,ai_mimicked,Dickens,Mortality Awareness
"It is a peculiar irony, is it not, that whilst we strive with such feverish energy to accumulate possessions, to build monuments to our fleeting existence, the very ground beneath our feet is constantly reminding us of our impermanence? Consider the grandest edifice, the most imposing cathedral, slowly yielding to the relentless assault of weather and decay. Stone crumbles, mortar loosens, and gilded surfaces tarnish, mirroring the gradual decline within our own mortal coils. The wealthiest merchant, surrounded by his silks and spices, is no less subject to this universal law than the humblest beggar shivering in a doorway. Indeed, the very awareness of this fragility, this inherent transience, should, one might argue, imbue our lives with a greater sense of purpose, a more fervent appreciation for the precious, ephemeral moments granted to us.",134,ai_mimicked,Dickens,Mortality Awareness
"Mrs. Grimalkin, the baker’s widow, possessed a singular habit of speaking to her late husband’s portrait, recounting the day’s trivialities as if he still sat at the table, enjoying a warm crust. A strange comfort she derived, no doubt, from the illusion of continued companionship, a desperate attempt to ward off the chilling loneliness that accompanies the absence of a beloved. Yet, even in her gentle delusion, one could detect a subtle acknowledgement of the finality of death, a wistful yearning for a reunion that could never be. It was not the grand pronouncements of philosophers, nor the solemn pronouncements of the clergy, that truly illuminated the nature of mortality, but rather the quiet, heartbreaking rituals of those left behind, clinging to fragments of memory in the face of an unbearable void.",132,ai_mimicked,Dickens,Mortality Awareness
"The river Thames, flowing ceaselessly towards the sea, offers a most potent allegory for the human condition. Each ripple, each eddy, represents a moment in our lives, swiftly carried along by the current of time. We may struggle against the flow, attempting to steer our course, to leave some lasting mark upon the banks, but ultimately, we are all swept along towards the same inevitable destination – the vast, unknowable ocean of oblivion. And what remains? Only the faintest trace of our passage, a momentary disturbance upon the surface, quickly smoothed over by the relentless onward rush of the water. To contemplate this is not to succumb to despair, but to recognize the profound beauty and fragility of existence, and to cherish each fleeting moment as a precious gift.",129,ai_mimicked,Dickens,Mortality Awareness
"Observe, if you will, the bustling marketplace, a vibrant tapestry of life and commerce. Yet, amidst the clamor and the throng, a subtle undercurrent of melancholy pervades. Each face bears the faint imprint of sorrow, each transaction a tacit acknowledgement of our shared mortality. The fruit vendor, hawking his wares with boisterous enthusiasm, knows that his own days are numbered. The seamstress, meticulously stitching garments for others, is herself slowly unraveling. Even the children, with their boundless energy and innocent laughter, are destined to follow the same path. This awareness, though often suppressed, is the silent companion of every human endeavor, a constant reminder that all earthly pursuits are ultimately transient, and that the only true certainty is the inevitability of our return to the dust from whence we came.",130,ai_mimicked,Dickens,Mortality Awareness
"The chill November fog, clinging to the stones of the rookeries like a shroud, served as a most unwelcome reminder – not merely of the season’s damp and discomfort, but of that ultimate, inescapable dampness which awaits us all. For in the cough of a child, the stoop of an aged beggar, the very crumbling of mortar between bricks, one perceives the relentless advance of Time, that grim landlord who demands payment of every tenant, rich or poor, with a finality that brooks no appeal. It is a truth too often obscured by the bustle of commerce and the vanity of ambition, yet it presses upon the heart with a weight that no amount of worldly gain can truly alleviate. To ignore it is folly; to contemplate it with a sober mind, a preparation, however imperfect, for the journey hence.",140,ai_mimicked,Dickens,Mortality Awareness
"Old Man Tiber, the clockmaker, possessed a peculiar habit of pausing, mid-repair, to observe the pendulum’s swing with a melancholy air. He’d declare, with a sigh that rattled in his chest like loose springs, that each tick wasn’t merely measuring hours, but diminishing lives. A curious notion, perhaps, for a man whose trade revolved around the precise measurement of time, yet it spoke to a deeper understanding. He’d seen generations pass through his shop, each seeking to mend broken timepieces, unaware that the most irreparable breakage was occurring within themselves. He wasn’t a morbid soul, mind you, but a practical one, believing a recognition of life’s brevity fostered a greater appreciation for its fleeting joys – a warm hearth, a kind word, a well-oiled mechanism.",125,ai_mimicked,Dickens,Mortality Awareness
"Consider, if you will, the grand spectacle of history itself – a vast, echoing chamber filled with the ghosts of empires risen and fallen, of monarchs and mendicants alike, all reduced to dust and memory. The pyramids, those monumental testaments to human ambition, stand as silent witnesses to the futility of striving for earthly permanence. Even the most celebrated victories, the most lauded achievements, are ultimately swallowed by the relentless tide of years. Is it then not a profound and humbling truth that we, too, are but ephemeral players upon this stage, destined to exit as surely as those who have preceded us? To build solely upon the shifting sands of reputation is to construct a castle doomed to crumble.",120,ai_mimicked,Dickens,Mortality Awareness
"The workhouse, a grim and forbidding edifice, offered a particularly stark illustration of mortality’s indiscriminate hand. Within its walls, the aged and infirm, stripped of dignity and comfort, awaited their final summons with a quiet desperation. Not a grand, dramatic passing, mind you, but a slow, insidious fading, a dwindling of the flame until only embers remained. It was a place where life was reduced to its most basic elements – sustenance, shelter, and the faint hope of a painless end. And yet, even amidst such desolation, one could observe a peculiar resilience, a clinging to life that defied the bleakness of their surroundings. A testament, perhaps, to the enduring power of the human spirit, even in the face of inevitable decay.",122,ai_mimicked,Dickens,Mortality Awareness
"One often hears pronouncements upon the virtues of industry and the accumulation of wealth, as though these pursuits could somehow ward off the shadow that lengthens with each passing day. A most egregious delusion! For what profit is there in amassing fortunes if one’s days are numbered, if the very breath that sustains such endeavors is but a borrowed thing? The true wealth, I submit, lies not in the coffers of the bank, but in the richness of experience, in the cultivation of compassion, and in the forging of bonds that transcend the limitations of time. To live a life of purpose, of kindness, of genuine connection – *that* is a legacy that endures, a beacon that shines even after the final curtain has fallen.",125,ai_mimicked,Dickens,Mortality Awareness
"The question of who a child *is*, before the world has had its fill of shaping and reshaping, is a matter of some melancholy contemplation, is it not? For observe young Master Thomas, barely seven years of age, already burdened with the expectations of a lineage steeped in mercantile pursuits – a future of ledgers and bills of exchange laid out before him like a particularly dreary landscape. Yet, within that small frame resides a spirit that yearns for the rustle of leaves in a forgotten wood, for tales of seafaring adventure, for anything, in short, but the cold, hard logic of profit and loss. Is he then, the sum of his father’s ambitions, or something altogether more fragile and wondrous, a flickering candle threatened by the winds of circumstance? A most grievous injustice it would be, should that candle be extinguished before it has even begun to illuminate its own path.",152,ai_mimicked,Dickens,Identity Formation
"Consider the rookeries, if you will, those labyrinthine warrens where identity is not *formed*, but rather *forged* in the crucible of necessity. There, amongst the grime and the despair, a lad might assume a dozen different guises in a single day – a nimble pickpocket, a messenger boy, a street vendor hawking dubious wares – each role a desperate attempt to secure a crust of bread, a moment’s respite from the gnawing hunger. To speak of a ‘true self’ in such a place is a cruel jest, for the self is merely a shifting mask, donned and discarded as fortune dictates. It is a brutal education, this, yet one which imparts a certain cunning, a resilience born of constant adaptation. And who is to say, pray tell, which of these fleeting personae represents the ‘real’ boy, if indeed such a thing exists at all?",144,ai_mimicked,Dickens,Identity Formation
"It is a curious phenomenon, the way in which a man’s possessions come to define him, or, more accurately, to *confine* him. Old Mr. Grimshaw, for instance, a man of considerable wealth but lamentable spirit, believes himself to be a connoisseur of fine art, yet his gallery is merely a mausoleum of acquired taste, each painting a testament not to his discernment, but to his desire to impress. He has become, in essence, a curator of his own emptiness, mistaking the trappings of culture for the substance itself. And so, his identity, once perhaps possessing a glimmer of originality, has been slowly suffocated beneath a mountain of gilded frames and pretentious pronouncements. A cautionary tale, surely, for those who seek to define themselves through material accumulation.",126,ai_mimicked,Dickens,Identity Formation
"The village of Hollow Creek, nestled amongst the rolling hills, offers a peculiar study in the preservation – or rather, the stagnation – of identity. Generations have lived and died within its boundaries, each adhering to the established patterns of rural life, their characters molded by tradition and constrained by expectation. Young Elara, with her restless spirit and yearning for something beyond the familiar fields, finds herself chafing against these limitations, a wild rose attempting to bloom in a carefully cultivated garden. Her struggle is not one of poverty or hardship, but of a far more subtle and insidious nature: the struggle to become herself in a place where ‘self’ is a concept scarcely understood, a dangerous deviation from the accepted norm.",122,ai_mimicked,Dickens,Identity Formation
"Observe the actor, Mr. Silas Blackwood, a man whose very profession demands the constant assumption of false identities. He is, by turns, a noble lord, a humble peasant, a villainous rogue – each role meticulously crafted, each emotion convincingly portrayed. Yet, one cannot help but wonder, where does the *man* end and the *character* begin? Has he, through years of mimicry, lost all sense of his own authentic self, becoming merely a vessel for the playwright’s imagination? It is a disquieting thought, and one which suggests that the pursuit of identity may, in certain circumstances, lead not to self-discovery, but to a profound and unsettling emptiness – a hollow echo in the grand theatre of life.",116,ai_mimicked,Dickens,Identity Formation
"The question of who a man *is*, truly, is not to be answered by a glance at his pedigree or a reckoning of his estate, but rather by observing the slow, painstaking construction of the self within the crucible of circumstance; for are we not all, from the babe in arms to the doddering elder, perpetually becoming, shaped and reshaped by the currents of fortune and the relentless pressure of society? Young Master Cecil, born to silks and silver, believed his identity preordained, a glittering inheritance; yet a single, ill-considered investment, a whisper of scandal, and lo! the gilded cage became a prison, forcing a reckoning with a character hitherto untested, revealing a fragility beneath the veneer of privilege. Thus, identity is not *found*, but *forged*, a laborious process often accompanied by sorrow and, occasionally, a glimmer of hard-won grace.",140,ai_mimicked,Dickens,Identity Formation
"Consider the rookeries, if you will, those labyrinthine warrens where humanity is packed like herrings in a barrel. There, amidst the grime and the despair, one witnesses a peculiar phenomenon: the deliberate *creation* of self, a desperate attempt to carve out an individuality from the suffocating anonymity. Old Man Hemlock, a purveyor of dubious remedies and even more dubious tales, was not born Hemlock, nor was he ever a purveyor of anything save misfortune. He *became* Hemlock, adopting the name and the persona as a shield against the world’s indifference, a flamboyant disguise concealing a heart bruised beyond repair. It is a sad spectacle, to be sure, yet undeniably powerful – a testament to the human spirit’s refusal to be utterly extinguished, even in the deepest shadows.",127,ai_mimicked,Dickens,Identity Formation
"It is a melancholy truth, and one too often overlooked in the breathless pursuit of advancement, that the very act of *aspiring* to be someone else can erode the foundations of one’s true self. Observe young Mr. Featherstonehaugh, lately returned from a grand tour of the Continent, attempting to emulate the mannerisms and pronouncements of the foreign nobility he encountered. He speaks now in affected tones, peppers his conversation with French phrases he scarcely understands, and affects a disdain for all things English. Yet, beneath this carefully constructed façade, a hollowness resides, a profound sense of displacement. He is neither truly English nor truly Continental, but a pale imitation of both, a phantom haunting the fringes of society, lost in a wilderness of borrowed identities.",125,ai_mimicked,Dickens,Identity Formation
"The city itself, London, vast and teeming, offers a most instructive lesson in the fluidity of identity. Each street, each alleyway, breeds a different sort of character, and each character, in turn, reflects the spirit of its surroundings. A man who spends his days amidst the bustling commerce of Cheapside will inevitably acquire a certain shrewdness and practicality, while one who frequents the shadowy courts of St. Giles will be steeped in cunning and desperation. The very stones seem to impart their qualities, shaping the souls of those who dwell amongst them. Thus, identity is not merely a personal construct, but a communal one, woven from the threads of place and circumstance, a tapestry of shared experience.",117,ai_mimicked,Dickens,Identity Formation
"There exists, I venture to suggest, a dangerous delusion prevalent amongst certain classes – the notion that one’s identity is fixed and immutable, a birthright to be guarded jealously. They cling to their titles, their lineage, their possessions, as if these external trappings could somehow define the essence of their being. But what, pray tell, remains when these vanities are stripped away? Consider the case of Lady Beatrice, disgraced and impoverished, forced to seek employment as a governess. Her former grandeur availed her nothing; she was judged not by her ancestry, but by her competence and her character. It was in this humbling experience, in the crucible of adversity, that she discovered a strength and resilience she never knew she possessed, a truer, more authentic self than the one she had so carefully cultivated.",134,ai_mimicked,Dickens,Identity Formation
"The question of who a man *is*, truly, is not one readily answered by a glance at his coat or a reckoning of his estate, but rather resides in the slow, painstaking accumulation of moments – the kindnesses offered, the cruelties endured, the silent battles fought within the very chambers of the heart. For it is not birth that forges identity, nor circumstance alone, but the ceaseless, often agonizing, process of choosing between the better and baser angels of our nature. Observe young Master Cecil, newly arrived from the countryside, attempting to ape the manners of London society; a hollow imitation, a fragile construct built upon borrowed plumes, destined, one suspects, to crumble under the weight of genuine experience. He *believes* himself a gentleman, yet lacks the ingrained dignity, the quiet fortitude, that true breeding imparts – a poignant illustration of the gulf between appearance and essence, a lesson writ large upon the face of a striving, uncertain youth.",159,ai_mimicked,Dickens,Identity Formation
"Consider the rookery of St. Giles, a labyrinthine warren where identity is not *formed*, but rather *imposed* – a brutal branding by poverty and desperation. Here, a lad scarcely past infancy learns to distinguish himself not by virtue, but by cunning; to survive not through honest labour, but through nimble fingers and a watchful eye. Names are fluid, histories fabricated, and the very notion of a consistent self is a luxury afforded only to those who dwell beyond its shadowed alleys. Old Man Hemlock, they say, was once a clerk, a man of respectability; now, he is merely ‘Hemlock the Fence,’ his past life swallowed whole by the exigencies of his present. Such transformations are not aberrations, but the inevitable consequence of a society that casts its refuse upon the streets and then wonders why it breeds such monstrous blooms.",140,ai_mimicked,Dickens,Identity Formation
"It is a curious, and often melancholy, observation that the pursuit of self often leads us not *towards* understanding, but *away* from it, into a wilderness of affectation and self-deception. One witnesses it in the drawing-rooms of Mayfair, where ladies, draped in silks and jewels, construct elaborate personae to conceal anxieties and insecurities. They speak of art and literature, yet their eyes betray a hunger for admiration, a desperate need to be *seen* as something more than merely ornamental. And the gentlemen, too, are not exempt from this folly, adopting airs of nonchalance and world-weariness to mask their own profound uncertainties. The mirror, in such establishments, is not a tool for self-reflection, but a prop in a grand, theatrical performance, a constant reminder of the image one strives to project, rather than the truth one fears to confront.",138,ai_mimicked,Dickens,Identity Formation
"The city itself, London, a vast and teeming organism, exerts a peculiar influence upon the formation of character. It is a crucible wherein fortunes are made and lost, reputations forged and shattered, and the very essence of a man is tested by the relentless currents of ambition and despair. Observe the apprentice, fresh from the provinces, swallowed by the throng, his initial idealism gradually eroded by the harsh realities of commerce. The cobblestones whisper tales of broken dreams, of promises unfulfilled, of souls ground down by the relentless machinery of progress. The fog, a perpetual shroud, seems to cling not only to the buildings, but to the very spirits of its inhabitants, obscuring their true selves and fostering a sense of anonymity, a liberation from scrutiny, and a corresponding descent into moral ambiguity.",133,ai_mimicked,Dickens,Identity Formation
"Perhaps, after all, the notion of a fixed and immutable identity is a mere illusion, a comforting fiction we construct to impose order upon the chaos of existence. For are we not, each of us, a composite of countless influences – the memories of childhood, the lessons learned from hardship, the affections bestowed upon us by others? To seek a singular, defining essence is to ignore the fluid, ever-changing nature of the human spirit. Consider the reformed convict, emerging from the gaol, attempting to rebuild a life shattered by transgression. Is he defined by his past crimes, or by his present aspirations? The answer, one suspects, lies not in a definitive pronouncement, but in the ongoing narrative of his struggle, a testament to the enduring power of hope and the possibility of redemption, however fragile it may be.",138,ai_mimicked,Dickens,Identity Formation
"The question of who a man *is*, gentle reader, is seldom answered by a glance at his coat or a reckoning of his coin, but rather resides in the slow, painstaking accumulation of moments – the kindnesses offered, the cruelties endured, the silent battles fought within the very chambers of the heart. For young Master Cecil, newly arrived from the countryside and thrust into the swirling vortex of London society, this truth proved a harsh tutor. He arrived believing himself a gentleman, defined by lineage and estate, only to discover that gentility, like a fragile bloom, requires constant tending, and is easily withered by the frost of ambition and the relentless winds of circumstance. He found, to his considerable dismay, that character was not inherited, but *forged* – a process demanding a fortitude he scarcely possessed, and a moral compass he had yet to properly calibrate amidst the glittering deceits of the metropolis.",153,ai_mimicked,Dickens,Identity Formation
"Consider, if you will, the cobbled streets of Spitalfields, a labyrinthine network mirroring the tangled pathways of the human soul. Within those shadowed alleys, where poverty breeds desperation and anonymity offers a dubious solace, one observes the very *dissolution* of identity. Old Man Hemlock, once a respected clockmaker, now reduced to hawking matches with a voice rasped raw by gin and regret, is scarcely the same being who once crafted intricate mechanisms of time. His skill remains, a flickering ember beneath the ashes of misfortune, yet his spirit – his very *self* – has been fractured, scattered amongst the refuse and despair. It is a grim spectacle, this erosion of the person, a cautionary tale whispered on the breath of the East End, demonstrating how readily circumstance can strip a man bare, leaving him a hollow echo of his former self.",141,ai_mimicked,Dickens,Identity Formation
"It is a peculiar and often lamentable truth that we are, in no small measure, the sum of the opinions held concerning us. Young Miss Elara, possessed of a delicate constitution and a sensibility bordering on the melancholic, discovered this with a painful acuity. Initially, she bloomed under the admiring gaze of her mother and the gentle encouragement of her tutor, cultivating a quiet confidence and a fondness for poetry. But upon entering the drawing-rooms of Mayfair, where wit was weaponized and reputation a fragile commodity, she found herself shrinking, molding her thoughts and affections to appease the capricious whims of society. Her identity, once a nascent flower, became a carefully constructed façade, a performance designed to secure acceptance, and in that performance, the genuine Elara was slowly, irrevocably lost.",130,ai_mimicked,Dickens,Identity Formation
"The grandest houses, with their imposing facades and echoing halls, often conceal the most profound uncertainties regarding those who dwell within. Lord Ashworth, a man of considerable wealth and social standing, paced the length of his library, a room overflowing with volumes he rarely opened, wrestling with a disquieting emptiness. He had assumed his identity was secure – a landed gentleman, a pillar of the community, a man of consequence. Yet, a nagging suspicion persisted: was this merely a role he played, a costume donned for the benefit of others? The weight of expectation, the relentless pressure to maintain appearances, had created a chasm between the man he presented to the world and the man he suspected himself to be – a hollow shell filled with inherited privilege and a profound lack of genuine purpose.",135,ai_mimicked,Dickens,Identity Formation
"Observe the apprentice, newly bound to a master craftsman, and you witness identity in its very crucible. Not yet formed, not yet defined, he is a blank slate upon which experience will inscribe its lessons, often harsh and unforgiving. Young Thomas, apprenticed to a stern and unforgiving blacksmith, initially clung to the memories of his rural upbringing – the scent of hay, the songs of birds, the warmth of his mother’s embrace. But the forge demanded a different temperament: strength, resilience, a willingness to endure heat and hardship. Slowly, inexorably, the blacksmith’s trade began to shape not merely his hands, but his very character, forging a new identity from the raw materials of his youth, an identity tempered by fire and marked by the relentless rhythm of the hammer.",129,ai_mimicked,Dickens,Identity Formation
"The question of who a man *is*, gentle reader, is not one easily answered by a glance at his coat or a reckoning of his purse, but rather resides in the slow, painstaking accumulation of circumstance and choice, a building, brick by weary brick, upon the foundation of his earliest recollections. Consider young Timothy Cratchit, grown to a man of some account in the counting houses – yet does not the shadow of his father’s humble station, the chill of those Christmas evenings, cling to him still? He may affect the mannerisms of a gentleman, speak of investments and dividends, but the echo of Tiny Tim’s laughter, the scent of goose and orange, will forever colour his perceptions, shaping his judgements and dictating, perhaps unconsciously, the course of his days. For we are, each and every one, the sum total of our yesterdays, a truth too often obscured by the vanity of present ambition.",154,ai_mimicked,Dickens,Identity Formation
"A fog, thick as pea soup and smelling faintly of coal smoke and regret, had settled upon the streets of London, mirroring, one might say, the obscured identities of those who hurried through it. It is a curious thing, is it not, how easily a man may shed one persona and assume another, particularly when driven by necessity or the sting of past misfortune? Old Man Hemlock, for instance, a pawnbroker of dubious reputation, was once, so rumour whispered, a scholar of some renown, disgraced by a youthful indiscretion. Now, his face is a mask of shrewd calculation, his voice a rasping bargain, and the books he once cherished are replaced by tarnished silver and forgotten heirlooms. The city itself, a vast and teeming labyrinth, encourages such transformations, offering anonymity as both a refuge and a snare.",137,ai_mimicked,Dickens,Identity Formation
"To speak of identity as a fixed and immutable thing is, I submit, to betray a profound misunderstanding of the human condition. It is, rather, a fluid and ever-shifting current, influenced by the tides of social expectation and the capricious winds of fortune. Observe the plight of Miss Eleanor Vance, forced by the exigencies of her family’s decline to abandon the drawing rooms of Mayfair for the grim realities of a governess’s life. Though her breeding remains, her manner must adapt, her speech become less ornate, her aspirations curtailed. Is she then less *herself*? Nay, merely a different facet of the same jewel, polished by adversity and reflecting a more somber light. The very act of living, of interacting with the world, necessitates a constant negotiation of self.",128,ai_mimicked,Dickens,Identity Formation
"It is a melancholy truth, and one which weighs heavily upon the heart, that many souls wander through this world utterly unmoored, lacking any firm sense of who they are or to what purpose they are meant. Such was the case with young Barnaby Rudge, abandoned as an infant and raised in the shadow of a nameless dread. He possessed neither family history nor social standing, only a vague and unsettling premonition of impending doom. His identity, therefore, was not *given* but *constructed*, pieced together from fragments of rumour and conjecture, a fragile edifice built upon shifting sands. And how easily such a construction may crumble, leaving the poor soul adrift in a sea of uncertainty, a phantom haunting the edges of society.",123,ai_mimicked,Dickens,Identity Formation
"The pursuit of self-knowledge, dear reader, is not a solitary undertaking, but a dialogue – often fraught with misunderstanding – between the individual and the society in which he dwells. Consider the case of Mr. Silas Wegg, a man who fashioned an identity entirely from the borrowed glories of others, presenting himself as a learned and experienced individual whilst possessing little genuine knowledge. He mimicked the speech and mannerisms of his betters, hoping to insinuate himself into their good graces. Yet, such artifice, however cleverly executed, is ultimately unsustainable. For identity, truly earned, is not a costume to be donned and discarded, but a deeply ingrained quality, radiating from within and reflected in every action and utterance.",117,ai_mimicked,Dickens,Identity Formation
"The question of who a child *is*, before the world has had its fill of shaping and reshaping, is a matter of some melancholy contemplation, is it not? For observe young Master Thomas, barely seven years hence, already burdened with the expectations of a lineage steeped in mercantile pursuits – a destiny not of his own choosing, but one pressed upon him with the weight of ledgers and the scent of spice. He possesses a singular fondness for sketching fantastical beasts in the dust of the counting house floor, creatures born of a mind untainted by profit and loss, yet these inclinations are dismissed as childish whims, impediments to a ‘practical’ future. Thus, a nascent spirit, brimming with potential for artistry, is slowly, inexorably, molded into a form dictated by circumstance, a cautionary tale writ small of how readily identity can be bartered for security.",145,ai_mimicked,Dickens,Identity Formation
"Consider the rookeries, if you will, those labyrinthine warrens where humanity clusters like barnacles upon a decaying hull. There, amidst the grime and the clamor, identity is not *formed* so much as *adopted*, a necessary disguise for survival. A lad named Finnigan, orphaned and adrift, might begin as a simple pickpocket, yet through mimicry and necessity, assume the swagger of a seasoned rogue, the mournful cadence of a street ballad singer, even the clipped tones of a gentleman’s valet – all fleeting masks donned to procure a crust of bread or evade the constable’s grasp. He is a chameleon, shifting hue with each encounter, a testament to the brutal plasticity of self when stripped of all but the most primal instincts. The very notion of a ‘true’ Finnigan dissolves into the fog, a phantom born of desperation.",137,ai_mimicked,Dickens,Identity Formation
"It is a curious observation, and one too often overlooked in the grand sweep of societal concerns, that the very objects surrounding a person contribute to the edifice of their being. Old Mrs. Grimalkin, for instance, a woman of advancing years and dwindling fortune, finds her identity inextricably linked to the chipped porcelain shepherdess upon her mantelpiece – a relic of happier days, a silent confidante, a tangible link to a vanished past. The faded ribbons adorning its pastoral gown, the delicate curve of its painted smile, these are not mere ornaments, but anchors to a self threatened by the relentless tide of time and loss. To deprive her of this small treasure would be to rob her not of an object, but of a fragment of her very soul, a poignant illustration of how identity can reside in the most unexpected of places.",144,ai_mimicked,Dickens,Identity Formation
"The pursuit of respectability, that most English of obsessions, frequently demands the wholesale fabrication of a self. Observe Mr. Septimus Pruitt, a man whose origins lie shrouded in a regrettable obscurity, now striving to ascend the social ladder through a carefully constructed persona of wealth and refinement. He affects a languid air, speaks of continental travels he never undertook, and surrounds himself with spurious antiques, all in a desperate attempt to convince the world – and, perhaps, himself – of a grandeur he does not possess. Yet, beneath the veneer of sophistication lurks a perpetual anxiety, a fear of exposure that haunts his every gesture and utterance. For a false identity, however meticulously crafted, remains a fragile construct, forever vulnerable to the slightest tremor of truth.",126,ai_mimicked,Dickens,Identity Formation
"One might argue, with a degree of philosophical detachment, that identity is not a fixed entity at all, but rather a fluid and ever-shifting narrative, constantly rewritten in response to the gaze of others. Picture the young scholar, Elias Thorne, newly arrived in London from the quietude of the countryside. Initially, he clings to the values and mannerisms of his rural upbringing, yet finds them met with amusement, even disdain, in the bustling metropolis. He begins, subtly at first, to adopt the affectations of his urban peers – a more rapid pace of speech, a penchant for fashionable attire, a cynical detachment from sentimentality. Is this a betrayal of his true self, or simply a necessary adaptation to a new environment? The answer, one suspects, lies not in a definitive pronouncement, but in the ceaseless, often unconscious, process of becoming.",140,ai_mimicked,Dickens,Identity Formation
"The question of who a man *is*, truly, is not to be answered by a glance at his pedigree or a reckoning of his estate, but rather by observing the slow, painstaking construction of the self within the crucible of circumstance; for are we not all, from the babe in arms to the doddering elder, perpetually becoming, shaped and reshaped by the currents of fortune and the relentless pressure of society? Young Master Cecil, born to silks and silver, believed his identity preordained, a glittering inheritance; yet a single, ill-considered investment, a whisper of scandal, and lo! the gilded cage became a prison, forcing a reckoning with a character hitherto untested, revealing a fragility beneath the veneer of privilege. Thus, identity is not *found*, but *forged*, a laborious process often accompanied by sorrow and regret, and rarely, if ever, complete.",140,ai_mimicked,Dickens,Identity Formation
"Consider the rookeries, if you will, those labyrinthine warrens where humanity is packed like herrings in a barrel. There, amidst the grime and the despair, one witnesses a peculiar phenomenon: the deliberate *creation* of self, a desperate attempt to carve out an individuality from the suffocating anonymity. Old Man Hemlock, a purveyor of dubious remedies and even more dubious tales, was not born Hemlock, nor was he ever a purveyor of anything save misfortune. He *became* Hemlock, adopting the name and the persona as a shield against the world’s indifference, a flamboyant disguise to mask a heart long since broken. It is a sad spectacle, to be sure, yet undeniably powerful – a testament to the human spirit’s refusal to be utterly extinguished, even in the deepest shadows.",128,ai_mimicked,Dickens,Identity Formation
"It is a melancholy truth, and one too often overlooked in the breathless pursuit of advancement, that the very act of *seeking* an identity can, paradoxically, lead one further from its grasp. Observe Miss Arabella Finch, a young lady possessed of every advantage – beauty, fortune, and a passable education – yet forever flitting from one fashionable pursuit to another, attempting to define herself through accomplishments not genuinely her own. She takes to painting, then to Italian, then to the latest philanthropic fad, each endeavor abandoned as soon as it fails to provide the elusive sense of self she craves. A hollow echo, her existence, a performance for an audience that cares little for the player beneath the mask, and she, alas, even less.",124,ai_mimicked,Dickens,Identity Formation
"The city itself, London, a monstrous, breathing entity, exerts a profound influence upon the identities of those who dwell within its embrace. It is a place of infinite possibility, yes, but also of relentless pressure, a constant bombardment of stimuli that threatens to overwhelm the individual spirit. A country lad arriving at Euston Station, wide-eyed and innocent, is scarcely the same man who emerges, years later, hardened and cynical, from the fog-shrouded streets of Whitechapel. The very stones seem to absorb and reflect the anxieties and ambitions of its inhabitants, molding them, subtly but irrevocably, into something new – or, perhaps, something diminished. The city *makes* men, and often, not for the better.",113,ai_mimicked,Dickens,Identity Formation
"One might be tempted to believe that identity is a fixed and immutable thing, a quality bestowed at birth and carried throughout life. A most dangerous delusion! For consider the case of Silas Blackwood, a man once renowned for his unwavering principles and charitable deeds, now sunk into a mire of deceit and self-serving ambition. The transformation was gradual, insidious, beginning with a small compromise, a minor transgression, and escalating with each subsequent act of moral cowardice. It was not a sudden fall from grace, but a slow erosion of character, a deliberate dismantling of the self, until nothing remained but a hollow shell, haunted by the ghost of the man he once was. A cautionary tale, indeed, and one that should give pause to any who believe themselves immune to the corrupting influence of time and circumstance.",138,ai_mimicked,Dickens,Identity Formation
"The question of who a man *is*, truly, is not one readily answered by a glance at his coat or a reckoning of his estate, but rather resides in the slow, painstaking accumulation of moments – the kindnesses offered, the cruelties endured, the silent battles fought within the very chambers of the heart. For it is not birth that forges identity, nor circumstance alone, but the ceaseless, often agonizing, process of choosing between the better and baser angels of our nature. Observe young Master Cecil, newly arrived from the countryside, attempting to ape the manners of London society; a hollow imitation, a fragile construct built upon borrowed plumes, destined, one suspects, to crumble under the slightest pressure of genuine experience. He *believes* himself a gentleman, yet lacks the ingrained dignity, the quiet fortitude, that true breeding imparts – a poignant illustration of the gulf between appearance and essence, and the arduous journey towards self-discovery.",154,ai_mimicked,Dickens,Identity Formation
"A fog, thick as pea soup and smelling faintly of coal smoke and regret, clung to the streets of London, mirroring, perhaps, the obscured identities of those who hurried through its embrace. Consider the costermonger, hawking his wares with a voice roughened by hardship, yet possessing a shrewdness and resilience that would shame many a man of privilege. Is he defined by his poverty, by the grime beneath his fingernails, or by the unwavering devotion to his family that drives him onward? Nay, for identity is not a fixed point, but a shifting landscape, molded by the relentless winds of fortune and misfortune. It is a performance, constantly revised and re-enacted, a desperate attempt to impose order upon the chaos of existence, and to convince both oneself and the world of a coherent, meaningful self.",135,ai_mimicked,Dickens,Identity Formation
"One might be tempted to declare that a man’s profession dictates his being, that the barrister is inherently argumentative, the physician coldly detached, the clergyman pious and serene. Such pronouncements, however, are the lazy shortcuts of those unwilling to delve into the complexities of the human spirit. For within the breast of the most outwardly conventional individual may reside a tempest of conflicting desires, a yearning for a life unlived. Old Mr. Grimshaw, the seemingly austere bank manager, secretly composes verses of the most passionate, melancholic nature, pouring his repressed emotions onto the page under the cloak of anonymity. Thus, identity is a secret garden, overgrown with hidden passions and unfulfilled dreams, accessible only to the most intrepid of souls – or, perhaps, to the discerning biographer.",127,ai_mimicked,Dickens,Identity Formation
"It is a melancholy truth, and one too often overlooked in the breathless pursuit of advancement, that the very act of *seeking* an identity can, paradoxically, prevent its attainment. The young woman, desperate to escape the confines of her humble origins, adopts a series of increasingly elaborate personas – a bluestocking, a socialite, a philanthropist – each a carefully constructed façade designed to impress and attract. Yet, in her relentless striving to *become* someone, she loses sight of who she *is*, becoming a mere echo of the ideals she attempts to embody. A hollow shell, glittering with borrowed brilliance, but utterly devoid of genuine substance. The truest self, it seems, is not found through imitation, but through a courageous acceptance of one’s own imperfections and vulnerabilities.",126,ai_mimicked,Dickens,Identity Formation
"The nurseries of identity are not grand halls of learning, nor bustling marketplaces of commerce, but the quiet corners of childhood, the whispered stories of family lore, the formative influence of early affections. Observe the boy, diligently copying his father’s mannerisms, mimicking his gait, absorbing his prejudices as readily as he breathes the air. He is, at this tender age, a blank slate upon which the patterns of his lineage are indelibly inscribed. And though he may, in time, rebel against these inherited traits, seeking to forge his own path, the echoes of his upbringing will forever resonate within his soul. For we are, each and every one of us, the sum of our pasts, inextricably bound to the generations that came before, and forever haunted by the ghosts of who we might have been.",135,ai_mimicked,Dickens,Identity Formation
"The question of who a man *is*, truly, is not to be answered by a glance at his pedigree or a reckoning of his estate, but rather by observing the slow, painstaking construction of the self amidst the clamour and confusion of London’s streets. For it is in the crucible of circumstance – the kindness of a stranger, the sting of betrayal, the relentless pressure of necessity – that character is forged, not inherited. Young Timothy Cratchit, for instance, though born into the shadow of poverty, possessed a spirit as bright and resilient as any lordling, a spirit cultivated by the simple virtues of his family and the daily struggle for existence. He learned, not from tutors and treatises, but from the very stones of the city, to discern truth from falsehood, and to value compassion above all else. Thus, identity is not a given, but a hard-won achievement, a testament to the enduring power of the human heart.",159,ai_mimicked,Dickens,Identity Formation
"Consider the fog, gentlemen, that perpetually clings to the riverbanks and the cobbled lanes – a fitting metaphor, is it not, for the obscured origins and uncertain destinies of so many souls? A child, abandoned at the workhouse gates, arrives with no name, no history, no claim upon the affections of mankind. He is, in essence, a blank slate, upon which society – for good or ill – will inscribe his character. Yet, even in such a desolate beginning, a spark of individuality persists, a stubborn refusal to be wholly defined by circumstance. Observe the urchin, nimble and quick-witted, navigating the labyrinthine alleys; he *creates* himself, moment by moment, through his actions, his choices, his very survival. It is a melancholy truth, perhaps, but one that speaks to the inherent dignity of even the most wretched amongst us.",138,ai_mimicked,Dickens,Identity Formation
"A most peculiar spectacle it is, to witness the attempts of certain individuals to *assume* an identity, to cloak themselves in borrowed finery and fabricated histories. Mr. Silas Grimshaw, a man of decidedly humble beginnings, dedicated his entire fortune – and, indeed, his very being – to the construction of a grand persona, replete with ancestral portraits and spurious claims of nobility. He hosted lavish balls, dispensed patronizing charity, and generally behaved as though he had always been a gentleman of the first water. Yet, the hollowness of his performance was palpable, a discordant note in the symphony of society. For true identity, you see, is not a costume to be donned and discarded at will, but a deeply rooted essence, nurtured by genuine experience and unwavering principle.",128,ai_mimicked,Dickens,Identity Formation
"The bustling marketplace, with its cacophony of voices and its bewildering array of goods, offers a most instructive lesson in the fluidity of self. A merchant, hawking his wares with boisterous enthusiasm, presents a different face to each potential customer – a shrewd negotiator to the wealthy, a sympathetic listener to the poor. He adapts, he modifies, he *becomes* what is required to secure a sale. Is this, then, a betrayal of his true self? Or is it merely a demonstration of the inherent adaptability of human nature, the capacity to inhabit multiple roles and perspectives? Perhaps, the very notion of a fixed and immutable identity is a fallacy, a comforting illusion in a world of constant change. The self, like the river, is ever flowing, ever transforming.",128,ai_mimicked,Dickens,Identity Formation
"It is not merely the grand events of life – birth, marriage, death – that shape a man’s character, but the countless, seemingly insignificant moments that accumulate like dust motes in a sunbeam. The way a child treats a wounded bird, the expression on a clerk’s face when receiving a small kindness, the fleeting glance exchanged between strangers on a crowded street – these are the subtle clues that reveal the inner workings of the soul. Old Mrs. Higgins, the baker’s wife, for example, possessed a gruff exterior, yet her loaves were always baked with an extra measure of care, a silent offering of comfort to her neighbours. Her identity, therefore, was not defined by her words, but by her deeds, by the quiet generosity that permeated her every action. And in such small acts of grace, we glimpse the true measure of a human being.",146,ai_mimicked,Dickens,Identity Formation
"The question of who a man *is*, gentle reader, is not one easily answered by a glance at his coat or a reckoning of his purse, but rather resides in the slow, painstaking accumulation of circumstance and choice, a building, brick by weary brick, upon the foundation of his earliest recollections. Consider young Timothy Cratchit, grown to a man of some account in the counting houses – yet does not the shadow of his father’s humble station, the chill of those Christmas evenings, cling to him still? He may affect the mannerisms of a gentleman, speak of investments and dividends, but the echo of Tiny Tim’s laughter, the scent of goose and orange, will forever colour his perceptions, shaping his judgements and dictating, perhaps unconsciously, the course of his days. For we are, each and every one, the sum total of what we have endured, and what we have loved.",150,ai_mimicked,Dickens,Identity Formation
"A fog, thick as pea soup and smelling faintly of coal smoke and regret, had settled upon the streets of London, mirroring, one might say, the obscured identities of those who hurried through it. It is a curious thing, is it not, how readily a man may assume a false visage, a borrowed character, to navigate the labyrinthine complexities of society? Old Man Hemlock, for instance, purveyor of dubious remedies and even more dubious tales, was known by a dozen different names in as many parishes, each persona carefully constructed to exploit the vulnerabilities of his neighbours. Yet, beneath the layers of deception, what truth remained? Was he merely a collection of artful pretences, a hollow shell devoid of genuine selfhood, or did each assumed identity represent a fractured piece of a soul desperately seeking wholeness?",136,ai_mimicked,Dickens,Identity Formation
"To speak of identity as a fixed and immutable thing is, I submit, to betray a profound misunderstanding of the human condition. It is not a portrait painted once and for all, but a canvas constantly being reworked, altered by the brushstrokes of experience and the shifting light of circumstance. Observe the apprentice, newly arrived in the city, brimming with naive ambition and provincial notions. He arrives believing himself a certain sort of fellow – honest, diligent, perhaps even possessing a spark of genius. Yet, within months, the relentless grind of labour, the temptations of the tavern, the casual cruelties of his master, will begin to erode those initial convictions, reshaping him into something altogether different, and perhaps, altogether less admirable.",121,ai_mimicked,Dickens,Identity Formation
"The grand houses of Mayfair, with their polished brass and haughty occupants, present a particularly insidious challenge to the formation of true identity. For within those gilded cages, one is not encouraged to *be* oneself, but rather to *become* what is expected – a paragon of wealth, breeding, and social grace. Young Lord Ashworth, a lad of considerable fortune but lamentable spirit, is a case in point. He drifts through life, a pale imitation of his ancestors, burdened by the weight of expectation and utterly devoid of genuine passion. His identity, you see, is not his own, but a carefully curated performance designed to uphold the family name and maintain their position in society – a tragic spectacle of emptiness and despair.",122,ai_mimicked,Dickens,Identity Formation
"It is a melancholy truth, and one too often overlooked in our bustling age, that the very act of naming – of assigning a label to a person, a place, or a thing – can subtly, yet irrevocably, shape its essence. A child christened ‘Hope’ is burdened with an expectation she may never fulfil; a town branded ‘Grimsby’ will struggle to shake off its reputation for hardship. And so it is with individuals. The labels bestowed upon us by others – ‘scholar,’ ‘rogue,’ ‘gentleman’ – become self-fulfilling prophecies, constricting our potential and limiting our capacity for growth. To truly discover oneself, therefore, one must, with a boldness bordering on recklessness, cast off these imposed identities and embark upon a journey of self-discovery, unburdened by the judgements of the world.",129,ai_mimicked,Dickens,Identity Formation
