text,word_count,class,author,topic
"It is a truth universally acknowledged, that a single fortune, however modest, must be the object of every young lady possessed of a tolerable degree of beauty and a want of independent means; yet, it is a circumstance too often overlooked, that the possession of such a fortune does not necessarily elevate one above the scrutiny of Society, nor shield its owner from the petty judgements and distinctions which are so readily employed in classifying our fellow creatures. For though Miss Penrose might boast an income sufficient to secure her comfort, her mother’s unfortunate connections, and a certain lack of fashionable accomplishments, rendered her, in the eyes of Lady Bracknell and her set, decidedly ineligible, a truth which caused no small degree of vexation to the young lady herself, and a considerable amusement to those who possessed a more impartial understanding.",141,ai_mimicked,Austen,Social Class
"The consequences of a misplaced confidence in appearances are seldom more strikingly demonstrated than in the case of the Worthingtons, a family newly arrived in the neighbourhood, and possessed of a fortune which, though undeniably substantial, was acquired in trade. Mrs. Worthington, with a sensibility perhaps exceeding her understanding, endeavoured to force her daughters upon the acquaintance of the local gentry, quite failing to perceive the subtle, yet impenetrable, barrier of birth which separated them. One could scarcely blame her earnestness, yet one could not but observe the discomfort of those she addressed, nor fail to anticipate the inevitable rebuffs which would attend such ill-judged advances, a circumstance which, though regrettable, served as a constant reminder of the rigid hierarchies which governed polite society.",124,ai_mimicked,Austen,Social Class
"It is a curious observation, and one which has frequently engaged my attention, that the very individuals most eager to assert their superiority in rank are often those least endowed with any genuine merit. Sir Reginald Armitage, for instance, a gentleman whose lineage could be traced back through several generations of respectable, though not particularly distinguished, ancestors, held himself to be a person of considerable consequence, despite a lamentable deficiency in both wit and understanding. He spoke frequently, and at great length, upon matters of which he possessed little knowledge, and expected his opinions to be received with deference, simply by virtue of his title; a habit which, while irritating to those of more discerning judgement, was, alas, all too common amongst those who placed undue value upon the accident of their birth.",133,ai_mimicked,Austen,Social Class
"The delicate balance between propriety and affection is, perhaps, nowhere more acutely tested than in the matter of advantageous alliances. Miss Elmsworth, though possessed of a fortune which might secure her a husband of respectable standing, found herself constrained by the expectations of her family to consider a gentleman of advanced years and questionable temper, solely on account of his elevated rank. To refuse such a match would be to risk the censure of her relatives and the possibility of remaining a burden upon their resources; a prospect which, though unpleasant, was deemed preferable by some to the alternative of a connection founded upon genuine esteem, but lacking the requisite social sanction. Such considerations, though rarely spoken of aloud, exerted a powerful influence upon the lives of young ladies in her situation.",132,ai_mimicked,Austen,Social Class
"One cannot but remark the peculiar power which a handsome face and a pleasing address possess in overcoming even the most deeply rooted prejudices. Mr. Beaumont, though lacking the substantial fortune and established connections of his rivals, managed to captivate the affections of Miss Harrington, a young lady whose family placed the highest value upon wealth and pedigree. His charm, however, proved irresistible, and her mother, after a period of considerable hesitation, was persuaded to overlook his deficiencies, deeming his personal qualities a sufficient compensation for his lack of material advantages. It is a testament, perhaps, to the enduring strength of sensibility, that even in a world governed by prudence and propriety, the heart may occasionally triumph over the dictates of reason.",122,ai_mimicked,Austen,Social Class
"It is a truth universally acknowledged, that a single man in possession of a good fortune must be the object of every young lady’s consideration; yet, to speak plainly, the degree of that consideration is invariably regulated by the extent of his estate, and the established respectability of his lineage. For though a modest competence may suffice to secure a comfortable existence, it is seldom deemed sufficient to warrant a sacrifice of birth and breeding, particularly amongst those whose own connections, whilst not precisely *illustrious*, are yet possessed of a certain degree of consequence in their county. One observes, with a degree of quiet amusement, how readily eligibility is confused with mere affluence, and how often a gentleman of newly acquired wealth finds himself regarded with a polite, but palpable, reserve.",131,ai_mimicked,Austen,Social Class
"The distinctions of rank, though perhaps less rigidly enforced than in former times, continue to exert a powerful influence upon the conduct of society, and indeed, upon the very formation of attachments. It is not merely the denial of access to certain circles which constitutes the hardship, but rather the subtle, yet pervasive, expectation of deference, and the constant necessity of maintaining a proper degree of propriety in all interactions. A family, though possessed of amiable qualities and considerable fortune, may find itself perpetually on the periphery of fashionable life, simply because its origins are not sufficiently distinguished to satisfy the exacting standards of those who consider themselves its superiors. Such a situation, one imagines, must be attended with a degree of mortification.",123,ai_mimicked,Austen,Social Class
"One cannot but remark the curious phenomenon whereby individuals, elevated by fortune above their original station, frequently adopt the very affectations they once might have been inclined to ridicule. A tradesman, enriched by successful enterprise, will often strive to emulate the manners and habits of the landed gentry, purchasing estates and attempting to establish connections with families of long-standing. Yet, such efforts, however well-intentioned, are seldom entirely successful, and often serve only to betray the very circumstance they seek to conceal. The true gentleman, one trusts, possesses an innate refinement which requires no such ostentatious display.",96,ai_mimicked,Austen,Social Class
"The consequences of a misplaced confidence in appearances are frequently to be observed, particularly in the matrimonial sphere. A young lady, captivated by the handsome equipage and elegant address of a gentleman, may overlook deficiencies of character which would be readily apparent to a more discerning observer. It is a lamentable truth that fortune and station often serve as a veil, concealing a want of sensibility, or even a positive deficiency of moral principle. And yet, how many are willing to sacrifice genuine happiness for the sake of a secure establishment, or the social advantages conferred by an advantageous alliance? The folly, one fears, is almost universal.",107,ai_mimicked,Austen,Social Class
"Indeed, the pursuit of a suitable match is frequently conducted with a degree of calculation that would scarcely be credited by those unacquainted with the intricacies of social life. The size of the dowry, the prospects of inheritance, and the connections of the family are weighed with a precision that might be more appropriately applied to matters of commerce. One cannot help but wonder whether genuine affection ever plays a part in these arrangements, or whether it is invariably sacrificed upon the altar of prudence and expediency. It is a melancholy reflection, yet one which, alas, experience too often confirms.",100,ai_mimicked,Austen,Social Class
"It is a truth universally acknowledged, that a single man in possession of a good fortune must be the object of every young lady’s consideration; yet, to speak plainly, the degree of that consideration is invariably regulated by the extent of his estate, and the established respectability of his lineage. For though a modest competence may suffice to secure a comfortable existence, it is seldom deemed sufficient to warrant a sacrifice of birth and breeding, particularly amongst those whose own connections, whilst not precisely *illustrious*, are yet possessed of a certain degree of consequence in their county. One observes, with a degree of quiet amusement, how readily eligibility is confused with mere affluence, and how often a gentleman of newly acquired wealth finds himself regarded with a polite, but palpable, reserve.",131,ai_mimicked,Austen,Social Class
"The distinctions of rank, though perhaps less rigidly enforced than in former times, continue to exert a powerful influence upon the conduct of society, and indeed, upon the very formation of attachments. It is not merely the denial of access to certain circles which constitutes the hardship, but rather the subtle, yet pervasive, expectation of deference, and the constant necessity of maintaining a proper degree of propriety in all interactions. A family, though possessed of amiable qualities and considerable fortune, may find itself perpetually on the periphery of fashionable life, simply because its origins are not sufficiently distinguished to satisfy the exacting standards of those who consider themselves its superiors – a circumstance which, one cannot help but observe, often breeds a degree of resentment most unbecoming.",127,ai_mimicked,Austen,Social Class
"One cannot but remark the curious phenomenon whereby individuals, elevated by fortune above the necessity of labour, frequently contrive to render themselves as busy and as important as though their days were entirely devoted to the pursuit of gain. The endless round of calls, the meticulous arrangements for assemblies and balls, the fervent discussions concerning the merits of ribbons and the cut of coats – all these occupations, though ostensibly trivial, are pursued with an earnestness which might, in a more practical sphere, achieve something of genuine consequence. It is, perhaps, a necessary compensation for a life devoid of substantial purpose, a means of establishing one’s significance in a world where true merit is so often overshadowed by superficial display.",120,ai_mimicked,Austen,Social Class
"The consequences of a misplaced confidence in appearances are frequently to be observed, particularly amongst those whose judgment has been impaired by an excess of sensibility. A young lady, captivated by a handsome face and a flattering address, may readily overlook deficiencies of character or fortune, only to discover, at a later date, the painful truth of her error. It is a lesson, though a harsh one, that the true value of a man lies not in his outward graces, but in the solidity of his principles and the integrity of his conduct. Yet, alas, how often is the heart allowed to rule the head, and how frequently are prudence and discretion sacrificed upon the altar of romantic attachment!",119,ai_mimicked,Austen,Social Class
"It is a common observation, and one which experience confirms, that those who most loudly proclaim their indifference to the opinions of others are, in reality, the most solicitous of their approval. A studied air of nonchalance, a deliberate disregard for the conventions of society, often serve merely to betray a deep-seated anxiety regarding one’s standing within it. Such affectation, whilst perhaps intended to impress, generally succeeds only in provoking a degree of ridicule, or, at best, a polite skepticism. For true independence of spirit does not require constant demonstration, but rather manifests itself in a quiet dignity and a steadfast adherence to one’s own principles, regardless of the prevailing fashion.",111,ai_mimicked,Austen,Social Class
"It is a truth universally acknowledged, that a single fortune, however modest, must be the object of every young lady possessed of a tolerable degree of beauty and a want of independent means; yet, it is a circumstance too often overlooked, that the possession of such a fortune does not necessarily elevate one above the scrutiny of Society, nor shield its owner from the petty judgements and invidious comparisons which are the constant companions of those who move within its circles. Miss Penrose, though blessed with a comfortable inheritance from a distant uncle, found herself perpetually assessed, not upon her amiable qualities or accomplishments, but upon the *source* of her income, and the degree to which it approximated to the grandeur of a landed estate, a distinction which, to her mind, seemed a most unreasonable consequence of mere circumstance.",139,ai_mimicked,Austen,Social Class
"The distinctions of rank, though perhaps less rigidly enforced than in former times, continue to exert a powerful, and often unspoken, influence upon the conduct of individuals. One observes it most keenly, perhaps, in the delicate adjustments of social calls, the precise degree of warmth permitted in a greeting, and the subtle indications of approval or disapproval conveyed through the most seemingly trivial exchanges. Mrs. Hawthorne, a lady of undeniably good connections, though possessed of a fortune considerably exceeding that of her neighbour, Mrs. Ainsworth, never quite extended to the latter the full measure of cordiality which propriety demanded, a coolness attributed, of course, to a difference in taste, but which all sensible observers understood to be rooted in the disparity of their ancestral holdings.",125,ai_mimicked,Austen,Social Class
"It is frequently remarked, and with a degree of truth which cannot be denied, that those who have known no hardship are seldom possessed of a true understanding of the difficulties which beset the lives of others. Lady Beatrice, accustomed to every comfort and indulgence from her earliest years, expressed a most charitable, yet wholly impractical, sentiment regarding the plight of the village poor, suggesting that a little more industry and a cheerful disposition would alleviate all their troubles. One could not help but observe, with a touch of irony, that her ladyship’s pronouncements were delivered whilst reclining upon a velvet chaise longue, attended by a maid bearing a silver tray laden with refreshments, a circumstance which rather diminished the weight of her benevolent advice.",125,ai_mimicked,Austen,Social Class
"The pursuit of a suitable establishment, it must be confessed, often leads to alliances founded upon considerations far removed from affection or esteem. A young lady, possessed of neither fortune nor particular beauty, finds herself compelled to weigh the advantages of a connection with a gentleman of moderate means and questionable temper against the uncertainties of a life spent in dependence upon relatives. Miss Elmsworth, though not entirely devoid of sensibility, allowed herself to be persuaded into an engagement with Sir Reginald, not from any genuine attachment, but from the pragmatic understanding that his title, however insignificant, offered a degree of security and social standing which she could not otherwise hope to attain.",113,ai_mimicked,Austen,Social Class
"One cannot but lament the prevalence of affectation, particularly amongst those who, having little to boast of in their own right, seek to elevate themselves by mimicking the manners and pretensions of their superiors. The Misses Featherstonehaugh, daughters of a retired tradesman, were particularly egregious in this respect, adopting a languid air and a vocabulary replete with French phrases, in a manner which, to a discerning eye, betrayed their provincial origins. Their attempts at sophistication, though undoubtedly intended to impress, served only to render them objects of gentle amusement, and to confirm the suspicion that true elegance arises not from imitation, but from an innate refinement of character and a genuine understanding of propriety.",114,ai_mimicked,Austen,Social Class
"It is a truth universally acknowledged, that a single fortune, however modest, must be the object of every young lady possessed of a tolerable degree of beauty and a want of independent means; yet, it is a circumstance too often overlooked, that the possession of such a fortune does not necessarily elevate one above the scrutiny of Society, nor shield its owner from the petty judgements and invidious comparisons which are the constant companions of those who move within its circles. Miss Penrose, though blessed with a comfortable inheritance from a distant uncle, found herself still subject to the condescension of the more established families, whose lineage, though perhaps less substantial in its monetary value, possessed the undeniable advantage of generations spent in respectable idleness, a distinction which, it seemed, outweighed all considerations of present consequence.",136,ai_mimicked,Austen,Social Class
"The distinctions of rank, though perhaps less rigidly enforced than in former times, continued to exert a powerful influence upon the conduct and expectations of individuals. One could not but observe, with a degree of amusement mingled with concern, the lengths to which persons of inferior birth would go to mimic the manners and affect the sensibilities of those born to privilege. Mrs. Hawthorne, a lady whose father had amassed a considerable fortune in trade, was particularly egregious in this respect, her attempts at elegant conversation invariably falling flat, and her pronouncements on matters of taste betraying a lamentable lack of genuine refinement. It was a spectacle which, whilst provoking a certain degree of ridicule, also served as a poignant reminder of the enduring power of social prejudice.",128,ai_mimicked,Austen,Social Class
"A family’s position, it must be confessed, frequently dictated the prospects available to its younger daughters, a circumstance which often led to arrangements of a decidedly inconvenient nature. To be without connections, or to possess only those of a questionable character, was to condemn oneself to a life of provincial obscurity, or, worse still, to the necessity of accepting a husband solely for the security he might afford. Poor Miss Elmsworth, though possessed of a lively wit and a pleasing countenance, found herself hampered by the unfortunate circumstances of her mother’s imprudent marriage, and was thus obliged to consider the addresses of Sir Reginald, a gentleman whose fortune was ample, but whose conversation was, to put it mildly, lacking in intellectual stimulation.",122,ai_mimicked,Austen,Social Class
"The delicate balance between fortune and family was ever a subject of anxious consideration amongst those engaged in the pursuit of a suitable match. A large inheritance, whilst undoubtedly advantageous, could not entirely compensate for a lack of respectable ancestry, nor could a noble lineage excuse a deficiency in financial resources. Indeed, it was often the case that a moderate competence, combined with a good family connection, proved to be the most desirable combination, affording a degree of comfort and security without incurring the suspicion of vulgar ambition. The Bingley sisters, for instance, though possessed of a handsome fortune, were acutely aware of the necessity of securing alliances with families of established standing, lest their wealth be perceived as a mere vulgar display.",123,ai_mimicked,Austen,Social Class
"One frequently observes a curious inconsistency in the judgements of Society, wherein a slight transgression against propriety is met with a severity disproportionate to its actual consequence. A young lady who ventures to express an opinion contrary to the prevailing sentiments, or who displays a degree of independence of spirit deemed unbecoming to her sex, is often subjected to a degree of censure which would scarcely be applied to a gentleman guilty of a far more serious offence. Miss Morland, with her unfortunate habit of speaking her mind, discovered this truth to her cost, and found herself ostracized by those who considered her candour a breach of all that was proper and refined, a demonstration of how easily sensibility could be mistaken for impertinence.",124,ai_mimicked,Austen,Social Class
"It is a truth universally acknowledged, that a single man in possession of a good fortune, must be the object of every young lady’s consideration; yet, it is a circumstance too often overlooked, that fortune, however ample, cannot bestow consequence where birth and breeding are deficient. For though a tradesman’s son may amass wealth sufficient to purchase an estate, and even rival the landed gentry in outward show, he remains, nonetheless, a tradesman’s son, and his family, however diligently schooled in the arts of polite society, will ever betray a certain…want of the essential grace which accompanies generations of gentle blood. One observes it in the manner, the conversation, the very arrangement of their drawing-rooms – a striving, perhaps successful, but always a striving – to emulate what is naturally possessed by those born to it.",136,ai_mimicked,Austen,Social Class
"The distinctions of rank, though frequently softened by the amiable qualities of individuals, are, alas, seldom entirely disregarded. Miss Penrose, for instance, possessed a sensibility and accomplishments which might have rendered her acceptable in any circle, had her father not been merely a solicitor, and her connections, consequently, of the decidedly less elevated sort. Mr. Harrington, a gentleman of considerable estate, found himself, to his own mortification, quite unable to overlook this unfortunate circumstance, despite a genuine admiration for Miss Penrose’s pianoforte playing and a lively intelligence. He spoke of her ‘agreeable qualities’ with a coolness that betrayed the insurmountable barrier of propriety, and ultimately, secured a wife of more suitable, though infinitely less captivating, lineage.",116,ai_mimicked,Austen,Social Class
"One cannot but observe the peculiar anxieties of those families newly elevated to a position of affluence. Having, through fortunate speculation or a distant relation’s demise, acquired a competence, they are consumed with the necessity of establishing themselves within the accepted boundaries of society. Their daughters are sent to finishing schools, their sons to university, all with the express purpose of acquiring the requisite polish and connections. Yet, the effort is often betrayed by an eagerness too pronounced, a display too ostentatious, and a general lack of that quiet confidence which is the natural inheritance of those who have always known their place. It is a spectacle, at once amusing and pitiable, to witness their earnest attempts at gentility.",119,ai_mimicked,Austen,Social Class
"The consequences of a misplaced ambition, particularly in matters of marriage, are frequently observed to be most distressing. Young ladies, encouraged by mothers possessed of an overweening estimation of their own charms, will often cast their eyes towards gentlemen of considerably higher standing than themselves, entirely disregarding the disparity in fortune and connections. Such attachments, though perhaps commencing with a delightful flutter of the heart, rarely conclude with matrimonial felicity. For a gentleman of established rank and fortune is not easily persuaded to overlook the inconveniences of an unequal alliance, and the lady, inevitably, finds herself the subject of condescension, or, worse still, complete neglect.",105,ai_mimicked,Austen,Social Class
"It is a common error to suppose that wealth alone can compensate for a deficiency in social grace. Indeed, one frequently encounters individuals whose fortunes are considerable, yet whose manners are so utterly devoid of refinement as to render their company quite unbearable. They may possess estates and carriages, and entertain on a lavish scale, but their lack of sensibility, their boisterousness, and their general disregard for the proprieties, serve only to mark them as outsiders, forever excluded from the true heart of polite society. Such persons, though possessing the means to purchase respect, are invariably obliged to remain content with mere deference, a poor substitute for genuine esteem.",109,ai_mimicked,Austen,Social Class
"It is a truth universally acknowledged, that a single fortune, however modest, must be the object of every young lady possessed of a tolerable degree of sense; yet, to speak plainly, the consequence of such a possession is not invariably a happy one. For whilst it may secure a comfortable establishment, and shield a woman from the more pressing anxieties of life, it too often attracts a certain class of gentlemen, whose attentions are directed less by genuine esteem than by a calculation of future advantage. One observes, with a degree of melancholy, how readily a modest income is deemed sufficient to warrant the affections of those who would otherwise find such a provision wholly inadequate to their expectations, and how little regard is paid to the sensibilities of the lady herself, provided her fortune proves amenable to their designs.",140,ai_mimicked,Austen,Social Class
"The distinctions of rank, though perhaps less rigidly enforced than in former times, continue to exert a powerful influence upon the conduct of society, and indeed, upon the very formation of character. It is not merely the outward show of carriages and estates which betrays these subtle gradations, but a more insidious difference in the expectations and assumptions of those who inhabit different spheres. A family of long-established gentility, though perhaps reduced in circumstances, will yet carry itself with an air of quiet dignity, expecting, as a matter of course, a deference which is rarely extended to those whose claim to respect rests solely upon recent acquisition. Such expectations, though often unexpressed, are keenly felt, and frequently give rise to misunderstandings and resentments.",123,ai_mimicked,Austen,Social Class
"One cannot but remark the peculiar anxieties which attend the introduction of a new family into a neighbourhood, particularly when that family’s fortune is not precisely defined. Speculation, of course, runs rife; conjectures are hazarded as to the source of their wealth, and their connections are scrutinized with a diligence that would be amusing were it not so frequently tinctured with a degree of ill-natured curiosity. It is a common failing, to judge individuals not by their own merits, but by the standards of their presumed station, and to assume that a lack of pedigree is necessarily indicative of a deficiency in moral character. Such prejudice, though rarely avowed, is a constant impediment to genuine social intercourse.",117,ai_mimicked,Austen,Social Class
"The pursuit of a suitable match is, undeniably, a matter of the utmost importance to young persons of fortune, and yet, how often is it conducted with a degree of imprudence that borders upon folly! Too many are guided by the dictates of vanity, or the importunities of their mothers, rather than by the sober considerations of compatibility and esteem. A handsome face and a pleasing address are, alas, frequently deemed sufficient qualifications, whilst qualities of mind and heart are overlooked, or considered of secondary consequence. It is a lamentable truth, that many a young lady finds herself bound to a connection which, though respectable in its outward appearance, affords little prospect of domestic happiness.",115,ai_mimicked,Austen,Social Class
"There exists, it must be confessed, a certain hypocrisy inherent in the social conventions of our time, a tendency to conceal true sentiments beneath a veil of politeness and decorum. One observes, with a knowing eye, how readily individuals will profess an admiration for qualities they secretly despise, and how skillfully they can employ the language of compliment to mask their true intentions. Propriety, it seems, demands a constant performance, a careful adherence to established forms, even when those forms are at variance with genuine feeling. And yet, to deviate from these prescribed boundaries, however slightly, is to risk censure and ostracism, a consequence few are willing to endure.",109,ai_mimicked,Austen,Social Class
"It is a truth universally acknowledged, that a single man in possession of a good fortune, must be the object of every young lady’s consideration; yet, it is a circumstance too often overlooked, that fortune, however ample, cannot bestow consequence where birth and breeding are deficient. For though a tradesman’s son may amass wealth sufficient to purchase an estate, and even rival the landed gentry in outward show, he remains, nonetheless, a tradesman’s son, and his family, however diligently schooled in the arts of polite society, will ever betray a certain…want of the essential grace which accompanies generations of gentle blood. One observes it in the manner, the conversation, the very arrangement of their drawing-rooms – a striving, perhaps successful, but always a striving – to emulate what is, in truth, innate.",132,ai_mimicked,Austen,Social Class
"The distinctions of rank, though frequently softened by the amiable qualities of individuals, are, alas, seldom entirely disregarded. Miss Penrose, for instance, possessed a sensibility and accomplishments which might have rendered her acceptable in any circle, had not her mother’s unfortunate connection to a dissenting minister cast a shadow upon her prospects. It is not that the gentlemen of fortune are necessarily prejudiced against piety itself, but rather that a nonconformist upbringing is deemed incompatible with the established order, and a threat to the comfortable predictability of society. Such considerations, though rarely spoken aloud, exert a powerful influence upon the matrimonial market, and often condemn deserving individuals to a life of quiet obscurity.",113,ai_mimicked,Austen,Social Class
"One cannot but remark the peculiar anxieties of those families newly elevated to the ranks of the lesser gentry. Having, through fortunate speculation or a judicious marriage, acquired a modest estate, they are consumed with a desperate desire to secure their position, and to ensure the acceptance of their daughters by those whose lineage is beyond reproach. They ape the manners of their superiors with a diligence that is, at times, almost comical, and are particularly attentive to matters of dress and equipage, believing that outward appearances can compensate for a lack of genuine social standing. It is a sad truth, however, that such efforts are often perceived as vulgar ostentation, and serve only to reinforce the very distinctions they seek to overcome.",123,ai_mimicked,Austen,Social Class
"The consequences of a disregard for propriety in matters of social standing are frequently, and justly, severe. Young Mr. Harrington, with his impetuous temper and unfortunate habit of speaking his mind, found himself quite ostracized from the best society after daring to question the validity of Lady Ashworth’s claims to ancient lineage. Though his fortune was considerable, and his person not entirely displeasing, his lack of deference to those of established rank proved an insurmountable obstacle. It is a lesson, perhaps, for those who believe that wealth alone can open all doors; for even the most affluent individual must acknowledge the unwritten rules that govern polite society, or risk finding himself utterly alone.",113,ai_mimicked,Austen,Social Class
"It is a common observation that those who have known no other condition than that of affluence are often the least aware of its advantages. Miss Beaumont, accustomed to every comfort and surrounded by admirers, possessed a remarkable talent for overlooking the genuine worth of those less fortunate. She could not comprehend why a curate’s daughter, however amiable and well-educated, should not aspire to a station commensurate with her abilities, failing to perceive that the very limitations of her birth rendered such aspirations impractical, and, indeed, quite improper. Such a want of understanding, though not malicious, is nonetheless a source of considerable annoyance to those who possess a more discerning judgment, and a greater appreciation for the realities of the world.",121,ai_mimicked,Austen,Social Class
"It is a truth universally acknowledged, that a single fortune, however modest, must be the object of every young lady of good family; yet, to speak plainly, the degree of that fortune often dictates the degree of attention bestowed, and a comfortable independence is frequently deemed a sufficient substitute for any considerable alliance. One observes, with a degree of quiet amusement, how readily eligibility is measured not by personal merit or amiable disposition, but by the precise number of acres and the annual income they may command. To possess a handsome face and a pleasing manner is, of course, desirable; but these accomplishments, however captivating, are rarely considered a sufficient justification for any deviation from the strict rules of propriety regarding a suitable match, and a lady must needs possess a competence to secure her a place in the esteem of those whose judgements truly matter.",146,ai_mimicked,Austen,Social Class
"The distinctions of rank, though perhaps less rigidly enforced than in former times, continue to exert a powerful influence upon the conduct of society, and it is a matter of frequent observation that those born to affluence are seldom entirely free from a certain air of condescension, however subtly expressed. One cannot but remark the delicate art with which they manage to convey their superiority, not through overt displays of wealth, which would be vulgar, but through a refinement of manner, a casual mention of fashionable acquaintances, or a knowing glance that implies a familiarity with circles quite inaccessible to those of lower station. It is a consequence, no doubt, of their upbringing, and a habit difficult to overcome, though one might wish for a greater degree of humility in those so favoured by fortune.",135,ai_mimicked,Austen,Social Class
"A family’s position, it must be confessed, often colours one’s perception of individual character, a circumstance which, though lamentable, is undeniably true. It is exceedingly difficult to view a gentleman, however agreeable his person or engaging his conversation, without some consideration of his lineage and estate; and should those prove deficient, one finds oneself, despite all efforts at impartiality, inclined to detect flaws where one might otherwise have overlooked them. Such is the power of prejudice, and such the insidious influence of social expectation, that even the most sensible amongst us are not entirely immune to its sway, and a want of fortune is too often mistaken for a want of principle.",112,ai_mimicked,Austen,Social Class
"The anxieties attendant upon a precarious social standing are, perhaps, more keenly felt by those who have experienced a decline in fortune than by those who have always known moderate circumstances. To descend in the scale of society, to relinquish the comforts and privileges to which one has been accustomed, is a mortification which few can endure with fortitude; and it is not uncommon to observe a desperate clinging to appearances, a striving to maintain a semblance of former grandeur, even when the means for doing so are sadly lacking. Such endeavours, however well-intentioned, are often attended with a degree of pathos, and serve only to accentuate the unfortunate reality of their altered state.",114,ai_mimicked,Austen,Social Class
"One is constantly reminded that the pursuit of a suitable establishment is rarely governed by considerations of genuine affection, but rather by a cool calculation of advantages to be gained. A young lady, possessed of beauty and accomplishments, may indeed inspire admiration, but it is her connections and her fortune which ultimately determine her fate. To marry for love alone is considered a romantic folly, a dangerous indulgence of sensibility which is seldom rewarded with happiness. Prudence, therefore, dictates a more cautious approach, and a lady of sense will invariably prioritize a secure and respectable match, even if it should fall short of the rapturous ideal so often depicted in novels and romantic verse.",114,ai_mimicked,Austen,Social Class
"It is a truth universally acknowledged, that a single man in possession of a good fortune, must be the object of every young lady’s consideration; yet, it is a circumstance too often overlooked, that fortune, however ample, cannot bestow consequence where birth and breeding are deficient. For though a tradesman’s son may amass wealth sufficient to purchase an estate, and even rival the landed gentry in outward show, he remains, nonetheless, a tradesman’s son, and his family, however diligently schooled in the arts of polite society, will ever betray a certain…want of the essential grace which accompanies generations of gentle blood. One observes it in the manner, the conversation, and, most damningly, in the expectations they harbour regarding their own standing. Such aspirations, however natural, are seldom met with the deference they anticipate, and frequently lead to disappointments which, whilst perhaps not tragic, are undeniably vexatious.",146,ai_mimicked,Austen,Social Class
"The distinctions of rank, though perhaps less rigidly enforced than in former times, continue to exert a powerful influence upon the conduct of society, and particularly upon the matrimonial prospects of young persons. It is not merely a question of income, though that, of course, is a consideration of paramount importance; but rather a matter of compatibility, of shared values and understandings which are, alas, frequently determined by the accident of one’s birth. A lady of established family, possessing a moderate fortune, might reasonably reject an offer from a gentleman newly enriched, even if his person and character were otherwise agreeable, simply because the union would lack the requisite social harmony. To disregard such considerations would be to invite censure, and to risk a degree of ostracism which no sensible individual could willingly endure.",134,ai_mimicked,Austen,Social Class
"One cannot but observe the peculiar anxieties of those families attempting to ascend the social scale, their eagerness to secure connections which might elevate their position. They are often, in their haste, guilty of a degree of ostentation which proves, rather than conceals, their lack of genuine refinement. A lavish display of possessions, a relentless pursuit of fashionable society – these are but clumsy attempts to mimic the ease and elegance of those born to privilege. It is a spectacle which, whilst occasionally amusing, is more often tinged with a certain melancholy, for one cannot help but perceive the underlying insecurity and the desperate desire for acceptance which motivates such behaviour. Propriety, it seems, is often sacrificed upon the altar of ambition.",122,ai_mimicked,Austen,Social Class
"The consequences of a misalliance, particularly for a female, are seldom to be underestimated. Whilst a gentleman may, with relative impunity, marry beneath his station, a lady who does so risks not only the disapproval of her family and friends, but also a permanent diminution of her own social standing. Her future prospects, and those of her children, are irrevocably altered, and she may find herself excluded from the circles in which she was once welcomed. It is a harsh reality, to be sure, and one which often compels young ladies to make difficult choices, sacrificing personal inclination to the demands of prudence and the preservation of their family’s honour. Sensibility, in such cases, must be tempered by a judicious understanding of the world’s realities.",125,ai_mimicked,Austen,Social Class
"It is frequently remarked that the true measure of a person’s worth lies not in their lineage or fortune, but in their character; and yet, how rarely does society operate upon such equitable principles! The advantages conferred by birth and wealth are undeniable, and those who lack them find themselves at a considerable disadvantage, regardless of their merits. A gentleman of humble origins, possessing intelligence and integrity, may struggle for years to gain the recognition he deserves, whilst a less deserving individual, simply by virtue of his family connections, is readily admitted into the most esteemed circles. Such inconsistencies are, perhaps, an inevitable consequence of human nature, and a source of perpetual vexation to those who value justice and fairness above all else.",123,ai_mimicked,Austen,Social Class
"The matter of a suitable establishment for Miss Eleanor Worthing was, as might be expected, the subject of much deliberation amongst her mother and aunt. Not that Miss Worthing possessed any striking beauty, nor a fortune of particular magnitude; her accomplishments were respectable, embracing a passable skill upon the pianoforte and a fluency in French which, whilst adequate for polite conversation, scarcely extended to the intricacies of philosophical discourse. Yet, a husband must be found, and soon, for though possessed of a sweet temper, she was not a lady to secure an attachment through mere personal fascination. One feared a connection too humble would be a disappointment to Mrs. Worthing’s aspirations, whilst a gentleman of elevated rank might deem her deficiencies too considerable to overlook, a predicament which, it must be confessed, presented a rather vexing dilemma.",137,ai_mimicked,Austen,Marriage Prospects
"It is a truth universally acknowledged, or at least frequently asserted by anxious mothers, that a young lady’s happiness is entirely dependent upon a fortunate marriage. However, one cannot but observe the frequent discrepancies between expectation and reality in such arrangements. Miss Penelope Ainsworth, for instance, having set her affections upon Captain Fitzwilliam, a gentleman of undeniable charm and a tolerable income, discovered, to her considerable mortification, that his attentions were motivated less by genuine regard than by a desire for a wife who would manage his household with efficiency and produce an heir without undue fuss. Such a prospect, though perfectly respectable in its way, scarcely aligned with Miss Ainsworth’s romantic sensibilities, and one could not help but question the wisdom of placing all one’s hopes upon the whims of a gentleman.",133,ai_mimicked,Austen,Marriage Prospects
"The present season in Bath, though promising a surfeit of assemblies and promenades, had thus far yielded little in the way of eligible gentlemen for Miss Charlotte Bellweather. Several officers had arrived, to be sure, but their attentions were invariably directed towards ladies possessed of larger fortunes or more dazzling accomplishments. Miss Bellweather, though possessed of a considerable degree of good sense and a pleasing countenance, lacked the sort of vivacity which so often captivates the masculine heart. It was a pity, for she was a lady of genuine worth, and one could not help but feel a degree of sympathy for her quiet disappointment, particularly as her mother, a woman of unwavering practicality, continued to remind her of the dwindling years and the necessity of securing a husband before her bloom entirely faded.",134,ai_mimicked,Austen,Marriage Prospects
"Mrs. Featherstonehaugh, a lady whose pronouncements on the subject of matrimony were invariably delivered with an air of profound authority, maintained that a woman’s first duty was to make a prudent match. Sentiment, she declared, was a dangerous indulgence, likely to lead to imprudence and regret. A gentleman’s character, whilst not entirely irrelevant, was secondary to his estate and his connections; for what use was a virtuous husband if he lacked the means to provide for his wife in comfort and respectability? One could not entirely disagree with her logic, though it did seem a rather cynical view of a matter which ought, ideally, to be governed by affection and mutual esteem. Still, prudence, as Mrs. Featherstonehaugh so rightly observed, was a quality rarely regretted.",125,ai_mimicked,Austen,Marriage Prospects
"The arrival of Mr. Alistair Humphrey, a gentleman recently returned from the Indies with a considerable fortune, caused a considerable stir amongst the local families. He was, it was reported, a man of reserved disposition and somewhat eccentric habits, yet his wealth rendered him an object of intense interest to mothers seeking advantageous connections for their daughters. Miss Beatrice Thornton, though possessing a spirit rather too independent for the prevailing tastes, found herself the subject of his attentions, much to the consternation of her more conventional sisters. Whether Mr. Humphrey’s regard stemmed from a genuine appreciation of Miss Thornton’s intellect, or merely from a desire for a wife who would not interfere with his peculiar pursuits, remained, as yet, a matter of considerable speculation.",124,ai_mimicked,Austen,Marriage Prospects
"The matter of a suitable establishment for Miss Eleanor Worthing was, as might be expected, the subject of much deliberation amongst her mother and aunt. Not that Miss Worthing possessed any striking beauty, nor a fortune of particular magnitude; her accomplishments were respectable, embracing a passable skill upon the pianoforte and a competency in needlework, yet these, whilst not unwelcome additions, were scarcely sufficient to command a truly advantageous match. One could not but observe the anxious calculations of Mrs. Worthing, ever assessing the eligibility of each gentleman who crossed their path, weighing his consequence and connections against the modest expectations she entertained for her daughter’s future. It was a delicate balance, indeed, between securing a comfortable provision and avoiding the mortification of an unsuitable alliance, a prospect which, to a mother of limited means, was ever a source of considerable apprehension.",142,ai_mimicked,Austen,Marriage Prospects
"Mr. Harrison, though possessed of a handsome person and a tolerable estate, was, it was whispered, afflicted with a most disagreeable disposition. His sister, a woman of undeniable acuteness, had, in a moment of uncharacteristic candour, remarked upon his tendency towards melancholy and a certain want of affability, qualities which, though perhaps not entirely disqualifying, were certainly not conducive to a happy union. One could scarcely imagine Miss Penelope Ainsworth, with her lively spirits and cheerful disposition, finding contentment in such a connection. Yet, her mother, ever mindful of the necessity of securing a husband before youth and bloom entirely faded, urged the acquaintance with a persistence that bordered upon the imprudent, seemingly convinced that a little forbearance might overcome any trifling defect in his character, and that a settled home was compensation enough for a lack of genuine sensibility.",140,ai_mimicked,Austen,Marriage Prospects
"The arrival of Captain Fitzwilliam, fresh from the Indies and bearing tales of exotic lands, occasioned a flutter of excitement throughout the neighbourhood. Whilst his fortune was not immense, his profession afforded a degree of independence and respectability which was not to be lightly dismissed. However, it was soon discovered that the Captain possessed a fondness for recounting his adventures with a degree of self-importance that proved rather tiresome, and a lamentable deficiency in any serious intention regarding matrimony. He appeared to view the young ladies of the county as mere diversions, suitable for a dance or a polite conversation, but wholly incapable of inspiring any lasting attachment. Such a gentleman, though undeniably diverting for a season, was scarcely a prospect to be encouraged by any family of propriety.",129,ai_mimicked,Austen,Marriage Prospects
"Miss Charlotte Beaumont, though not universally admired for her personal attractions, possessed a considerable dowry, a circumstance which, it must be confessed, rendered her infinitely more agreeable in the eyes of certain gentlemen and their mothers. It was a truth universally acknowledged, that a large fortune could often compensate for a deficiency in other qualities, and that a prudent match, founded upon a secure financial footing, was preferable to a romantic attachment based solely upon affection. One could not help but observe the eagerness with which Mr. Featherstonehaugh, a man known more for his avarice than his discernment, sought Miss Beaumont’s company, his attentions betraying a motive far removed from genuine esteem. The consequence, however, was likely to be a comfortable establishment for Miss Beaumont, and that, after all, was the paramount consideration.",133,ai_mimicked,Austen,Marriage Prospects
"The unfortunate Miss Everly found herself in a most precarious situation, possessing neither beauty, fortune, nor any particular accomplishment to recommend her. Her family, though respectable, were burdened with debts, and her prospects of a suitable marriage appeared exceedingly remote. It was a melancholy truth that such ladies were often forced to accept connections far beneath their station, or resign themselves to a life of spinsterhood, dependent upon the charity of relatives. One could not but pity her plight, yet one could scarcely expect any gentleman of consequence to offer himself to a lady so devoid of any discernible advantage. The necessity of making a prudent match was, in her case, not merely a matter of social ambition, but of sheer survival, a circumstance which lent a particularly poignant air to her quiet desperation.",134,ai_mimicked,Austen,Marriage Prospects
"The matter of a suitable establishment for Miss Eleanor Worthing was, as might be expected, the subject of much deliberation amongst her mother and aunt. Not that Miss Worthing possessed any striking beauty, nor a fortune of particular magnitude; her accomplishments were respectable, embracing a passable skill upon the pianoforte and a competency in needlework, yet these, whilst not unwelcome additions, were scarcely sufficient to command a truly advantageous match. One could not but observe the anxious calculations of Mrs. Worthing, ever assessing the eligibility of each gentleman who crossed their path, weighing his consequence and connections against the modest expectations she entertained for her daughter’s future. It was a delicate balance, indeed, between securing a comfortable provision and avoiding the mortification of an unsuitable alliance, a prospect which, to a lady of her sensibility, was most distressing.",138,ai_mimicked,Austen,Marriage Prospects
"Mr. Harrison, though possessed of a handsome estate and a tolerable disposition, was, alas, burdened with a reputation for excessive parsimony. His attentions to Miss Penelope Ainsworth were, therefore, viewed with a degree of circumspection by her family, who, whilst acknowledging the benefits of his wealth, could not entirely disregard the whispers concerning his frugality. It was a point upon which Mrs. Ainsworth felt particularly strongly, believing that a lady of her daughter’s refinement deserved a husband who would not hesitate to provide for her comfort and happiness without undue constraint. To marry for mere security, she reasoned, was a compromise of too great a nature, and one which might well lead to years of quiet discontent, a fate she was most anxious to avoid for her beloved Penelope.",129,ai_mimicked,Austen,Marriage Prospects
"The arrival of Captain Fitzwilliam, fresh from the Peninsula, occasioned a considerable flutter amongst the young ladies of the neighbourhood, and with reason, for his bravery and fortune were both considerable. Yet, a certain restlessness in his manner, and a tendency to speak of his adventures with a rather boastful air, did not entirely recommend him to the more discerning amongst them. Miss Charlotte Beaumont, though not insensible to the advantages of his rank, found herself strangely disinclined to encourage his advances, perceiving a want of genuine sensibility beneath the veneer of military gallantry. One could scarcely expect a gentleman accustomed to the excitements of war to find contentment in the quiet domesticity of a country life, and such a mismatch, she suspected, would prove a source of mutual unhappiness.",130,ai_mimicked,Austen,Marriage Prospects
"It is a truth universally acknowledged, that a single man in possession of a good fortune must be in want of a wife – or, at least, be subjected to the persistent machinations of mothers and aunts who believe him so. Mr. Thornton, recently settled in the vicinity, found himself the object of such attentions, though his reserved disposition and scholarly habits did little to encourage the hopes of those who sought to connect their daughters with his wealth. He appeared, indeed, to prefer the company of his books to that of society, and his infrequent appearances at local assemblies were marked by a noticeable lack of enthusiasm. Whether this was mere affectation, or a genuine disinclination towards matrimony, remained to be seen, though Mrs. Featherstonehaugh was determined to unravel the mystery.",132,ai_mimicked,Austen,Marriage Prospects
"The consequences of a hasty attachment are often most lamentable, and none were more aware of this truth than Lady Beatrice Ashworth, who had witnessed, with considerable dismay, the imprudent affections of her niece, Miss Emily Carter, for a young officer of limited means. Whilst acknowledging the power of romantic sensibility, Lady Beatrice considered it incumbent upon her to impress upon Emily the importance of prudence and propriety. A comfortable establishment, she insisted, was not merely a matter of personal gratification, but a duty owed to one’s family and station. To marry beneath oneself, she believed, was a degradation which no amount of affection could justify, and a lesson Emily would, with a little guidance, come to appreciate.",118,ai_mimicked,Austen,Marriage Prospects
"The matter of a suitable establishment for Miss Eleanor Worthing was, as might be expected, the subject of much deliberation amongst her mother and aunt. Not that Miss Worthing possessed any striking beauty, nor a fortune of particular magnitude; her accomplishments were respectable, embracing a passable skill upon the pianoforte and a competency in needlework, yet these, whilst not unwelcome additions, were scarcely sufficient to command a truly advantageous match. One could not but observe the anxious calculations of Mrs. Worthing, ever assessing the eligibility of each gentleman who crossed their path, weighing his consequence and connections against the modest expectations she entertained for her daughter’s future. It was a delicate balance, indeed, between securing a comfortable provision and avoiding the mortification of an unsuitable alliance, a prospect which, to a mother of limited means, was ever a source of considerable apprehension.",142,ai_mimicked,Austen,Marriage Prospects
"Mr. Harrison, though possessed of a handsome person and a tolerable estate, was, it was whispered, afflicted with a most disagreeable disposition. His sister, a woman of undeniable acuteness, had, in a moment of uncharacteristic candour, remarked upon his tendency towards melancholy and a certain want of affability, qualities which, though perhaps not immediately apparent to a young lady captivated by his address, would, in the consequence of marriage, prove a source of perpetual vexation. One could scarcely imagine Miss Penelope Ainsworth, with her lively spirits and cheerful disposition, enduring such a yoke for any length of time. It was a pity, certainly, that fortune should so often be allied with a lack of those amiable qualities which render life truly agreeable, and one could only hope that Miss Ainsworth’s sensibility would guide her towards a more felicitous choice.",139,ai_mimicked,Austen,Marriage Prospects
"The recent arrival of Captain Fitzwilliam, though undeniably a gentleman of some standing, presented a prospect fraught with its own particular difficulties. A naval officer, however distinguished his service, could scarcely be considered a match for a lady of good family and connections, particularly when his income, though respectable, was not of a nature to provide for the comforts and elegancies to which Miss Beatrice had been accustomed. Her mother, whilst acknowledging the Captain’s bravery and honour, could not entirely dismiss the anxieties attendant upon a union which might necessitate a degree of retrenchment, a circumstance which, in her estimation, would be a grievous blow to their social standing. Propriety, after all, demanded a certain level of decorum, and a captain, however valiant, could scarcely boast the same consequence as a landed gentleman.",133,ai_mimicked,Austen,Marriage Prospects
"It was universally acknowledged that a young lady’s prospects were considerably enhanced by the possession of a good understanding, yet one frequently observed that such qualities were not always appreciated by those most likely to benefit from them. Mr. Thornton, a man of considerable wealth and influence, appeared to favour ladies of a more ornamental character, seeking, it seemed, a wife to grace his table and reflect credit upon his name, rather than a companion with whom he might engage in intellectual discourse. Miss Charlotte, though possessed of a mind both cultivated and discerning, found herself overlooked in his favour, a circumstance which, whilst regrettable, served as a pointed illustration of the prevailing prejudices of society. One could only trust that her good sense would prevent her from suffering undue disappointment.",131,ai_mimicked,Austen,Marriage Prospects
"The attentions paid by Sir Reginald to Miss Emily were, to the discerning eye, of a decidedly ambiguous nature. He was a man of advanced years and a reputation for eccentricity, and though his estate was undeniably considerable, his manners were, to say the least, unconventional. Mrs. Davenport, Emily’s guardian, viewed the situation with a mixture of hope and apprehension, recognizing the potential benefits of such a match, yet fearing the consequences of a union founded upon anything less than genuine affection. It was a delicate matter, requiring the utmost prudence and a careful assessment of Sir Reginald’s true intentions, lest Emily find herself entangled in a situation from which there would be no easy escape, and her future happiness irrevocably compromised.",122,ai_mimicked,Austen,Marriage Prospects
"The matter of a suitable establishment for Miss Eleanor Worthing was, as might be expected, the subject of much deliberation amongst her mother and aunt. Not that Miss Worthing possessed any striking beauty, nor a fortune of particular magnitude; her accomplishments were respectable, embracing a passable skill upon the pianoforte and a fluency in French sufficient for polite conversation, yet these advantages were, alas, tempered by a certain want of vivacity, a disposition too prone to quietude for the lively circles her mother aspired to penetrate. Still, a husband must be found, and a modest competence secured, and it was generally agreed that a gentleman of the clergy, or perhaps a naval officer recently returned from the Indies, might be persuaded to overlook a deficiency of sparkle in exchange for a comfortable home and a wife possessed of a reasonable degree of good sense – a quality, it was conceded, Miss Worthing possessed in abundance, though scarcely to an enthralling extent.",161,ai_mimicked,Austen,Marriage Prospects
"One could not but observe the peculiar eagerness with which Mrs. Bennet, a lady whose nerves were perpetually on the verge of agitation, pursued any gentleman of eligible fortune within a radius of ten miles. It was not, precisely, that she disvalued her daughters’ happiness, though that was frequently asserted; rather, it appeared to be the *possibility* of their happiness, the securing of their futures, which occupied her entirely. Mr. Collins, with his tedious compliments and assured income, had been deemed a blessing, despite his manifold deficiencies, and now, with the arrival of Sir Reginald Armitage, a widower of considerable estate, the entire household was thrown into a state of breathless anticipation, as if the fate of the family rested solely upon the successful deployment of smiles and artful allusions to their daughters’ charms. Such a feverish pursuit, one could not help but think, was hardly conducive to a rational assessment of character.",153,ai_mimicked,Austen,Marriage Prospects
"The present generation, it seemed, held a most peculiar notion of what constituted a desirable match. Formerly, a union founded upon esteem and a compatibility of temper was considered the height of good fortune; now, however, the size of a gentleman’s estate and the fashionable cut of his coat appeared to outweigh all other considerations. Miss Penelope Ainsworth, a young lady possessed of a considerable fortune inherited from a deceased uncle, found herself besieged by suitors whose attentions were, to say the least, transparently motivated. She lamented, with a sensibility that did her credit, the lack of genuine affection, yet her mother, ever practical, reminded her that fortune was a poor substitute for independence, and that a handsome settlement was a comfort few ladies could afford to disdain.",128,ai_mimicked,Austen,Marriage Prospects
"It is a truth universally acknowledged, that a single man in possession of a good fortune, must be in want of a wife – a sentiment, however, which frequently overlooks the gentleman’s own inclinations. Mr. Harrington, though undeniably wealthy and possessed of a pleasing countenance, exhibited a marked aversion to the matrimonial state, preferring the solitude of his library and the company of his hounds to the demands of polite society. His neighbours, naturally, were determined to remedy this deficiency, and a succession of eligible young ladies were paraded before him, each more accomplished and eager to secure his hand than the last. Yet Mr. Harrington remained unmoved, a testament to the fact that even the most advantageous circumstances cannot compel a reluctant heart.",124,ai_mimicked,Austen,Marriage Prospects
"The consequences of a hasty attachment are rarely to be desired, and yet, how often do young ladies allow their affections to be guided by impulse rather than reason! Miss Charlotte Beaumont, captivated by the dashing uniform and flattering attentions of Captain Fitzwilliam, disregarded the warnings of her more prudent friends and allowed herself to become entirely enamoured. It was soon discovered, however, that the Captain’s fortune was considerably less substantial than had been represented, and his character, upon closer inspection, lacked the solidity required for a lasting connection. Miss Beaumont, now forced to confront the realities of her imprudence, found herself in a most disagreeable predicament, a cautionary tale for all those who prioritize romantic sensibility over prudent consideration.",120,ai_mimicked,Austen,Marriage Prospects
"The matter of a suitable establishment, as all sensible persons must allow, is rarely dictated by affection alone, though that, of course, is not entirely to be dismissed as a consideration; indeed, a moderate degree of esteem is often found exceedingly convenient in the daily intercourse of married life. Miss Penrose, however, possessed neither fortune nor family of any particular consequence, her father having indulged in speculations which, whilst perhaps well-intentioned, had left his daughters with little more than a tolerable education and a regrettable lack of connections. One could scarcely expect Sir Reginald to overlook such deficiencies, however amiable Miss Penrose might be in her disposition, for a man of his standing requires assurances beyond mere personal liking, assurances which, alas, were entirely wanting in this instance. It is a truth universally acknowledged that a single man in possession of a good fortune must be in want of a wife, but it is equally true that a wife must possess something to *offer* that fortune.",166,ai_mimicked,Austen,Marriage Prospects
"Mrs. Hawthorne, a lady whose pronouncements on the subject of matrimony were invariably delivered with an air of profound wisdom, declared that a young woman’s greatest asset was not beauty, nor even accomplishments, but a judicious understanding of her own deficiencies. A sentiment, one might observe, particularly suited to her own circumstances, for though possessed of a passable countenance and a competent skill at the pianoforte, she had, through a series of unfortunate choices, found herself approaching a decidedly advanced age without having secured a husband. It was, she insisted, a matter of knowing one’s place, of not aiming too high, and of accepting a gentleman who, whilst perhaps not entirely to one’s taste, offered a degree of security and respectability. Such pragmatism, though undeniably sensible, did little to alleviate the melancholy which so frequently clouded her features.",138,ai_mimicked,Austen,Marriage Prospects
"The present season, it is remarked by all who observe with any degree of discernment, has produced an unusual number of young ladies eager to enter the state of marriage. Whether this is attributable to a genuine increase in romantic inclination, or merely to the prevailing anxieties regarding the future, is a question open to debate. One cannot help but suspect the latter, for the uncertainties of the age, coupled with the diminishing opportunities for women to secure an independent livelihood, render matrimony a necessity rather than a choice for many. To witness such fervent pursuit, and to consider the often-disappointing realities that await, is a matter which inspires a degree of melancholy reflection, particularly in those who have observed the institution with a more critical eye.",127,ai_mimicked,Austen,Marriage Prospects
"It is a common error, and one frequently observed in the conduct of young men, to suppose that a display of attention constitutes a positive declaration of attachment. Mr. Finch, for instance, has been assiduously attentive to Miss Ainsworth, escorting her to every assembly and showering her with compliments, yet one cannot discern any genuine warmth in his manner, merely a polite and somewhat superficial regard. His attentions, one suspects, are motivated less by affection than by a desire to appear fashionable and to be seen in the company of a pretty face. Miss Ainsworth, however, appears quite captivated by his civilities, a circumstance which demonstrates a lamentable want of sensibility and a regrettable eagerness to believe in flattery.",119,ai_mimicked,Austen,Marriage Prospects
"The influence of a mother, in directing the matrimonial prospects of her daughters, is a force not to be underestimated, and often, it must be confessed, a source of considerable vexation. Lady Beatrice, with a zeal bordering on the tyrannical, has determined that her youngest, Miss Eleanor, shall marry the Earl of Ashworth, a gentleman of considerable fortune but notoriously ill-tempered and lacking in all social graces. Miss Eleanor, though dutiful, harbours a secret affection for a younger son, a gentleman of modest means but possessing a lively wit and a pleasing disposition. The consequence of such a disparity in fortune and rank is, of course, a matter of grave concern, and one anticipates a considerable degree of unhappiness should Lady Beatrice succeed in her ambitious designs.",127,ai_mimicked,Austen,Marriage Prospects
"The matter of a suitable establishment for Miss Eleanor Worthing was, as might be expected, the subject of much deliberation amongst her mother and aunt. Not that Miss Worthing possessed any striking beauty, nor a fortune of particular magnitude; her accomplishments were respectable, embracing a passable skill upon the pianoforte and a fluency in French sufficient for polite conversation, yet these advantages were, alas, tempered by a certain want of vivacity, a disposition too prone to quietude for the lively circles her mother aspired to penetrate. Still, a husband must be found, and a modest competence secured, and it was generally agreed that a gentleman of the clergy, or perhaps a naval officer recently returned from the Indies, might be persuaded to overlook a deficiency of sparkle in exchange for a comfortable portion and a wife possessed of a placid temper. Such considerations, though not romantic, were, after all, the very foundation of a woman’s consequence.",156,ai_mimicked,Austen,Marriage Prospects
"One could scarcely credit the audacity of Mrs. Featherstonehaugh, who, having herself produced only daughters of questionable eligibility, now presumed to offer advice upon the subject of Mr. Harrington’s attentions to Miss Beaumont! It was, of course, perfectly evident that Mr. Harrington, a gentleman of considerable estate and unblemished character, was captivated by Miss Beaumont’s amiable disposition and considerable fortune; yet Mrs. Featherstonehaugh, with a most unbecoming eagerness, insinuated that a lady of Miss Beaumont’s standing ought to consider a connection with the more ancient, though less affluent, family of the Greys. Such interference, born no doubt of envy and a desire to elevate her own daughters by comparison, was a lamentable display of a want of propriety, and spoke volumes regarding her understanding of true sensibility.",127,ai_mimicked,Austen,Marriage Prospects
"The present generation, it seemed, possessed a most unsettling disregard for the established order of things. Young ladies, scarcely out of the schoolroom, now openly declared their preferences, and even, in some instances, dared to express dissatisfaction with the matches proposed by their families! Miss Penelope Ainsworth, a girl of seventeen summers, had recently rejected the advances of Sir Reginald Thornton, a baronet of impeccable lineage and a fortune exceeding forty thousand pounds, simply because, as she declared with a most unbecoming vehemence, she did not “care for” his person. Such a display of self-will was not only shocking, but threatened to undermine the very principles upon which a stable society depended, and left one to wonder what consequence such behaviour might entail.",123,ai_mimicked,Austen,Marriage Prospects
"It was a truth universally acknowledged, that a single man in possession of a good fortune must be in want of a wife; yet the pursuit of such a gentleman was not always conducted with the discretion one might expect. Miss Arabella Finch, for instance, pursued Mr. Darcy with a zeal that bordered upon the ridiculous, showering him with compliments and attempting to engage his attention at every possible opportunity. Her efforts, however, were met with a polite, but firm, indifference, for Mr. Darcy, a man of considerable discernment, clearly perceived that Miss Finch’s affections were motivated less by genuine regard than by a desire to improve her own social standing. A regrettable circumstance, certainly, but one which served as a cautionary tale for all young ladies possessed of ambition.",130,ai_mimicked,Austen,Marriage Prospects
"The anxieties attending the arrival of eligible gentlemen in the neighbourhood were, to a sensitive mind, almost insupportable. Mrs. Bennet, naturally, was in a state of perpetual agitation, viewing every new face as a potential husband for one of her daughters. However, a more discerning observer might note that the gentlemen in question were often less desirable than they initially appeared. Mr. Wickham, for example, possessed a charming exterior and a ready wit, yet a closer examination revealed a character prone to dissipation and a lamentable lack of principle. It was a sobering reminder that appearances could be deceiving, and that a prudent lady ought to consider not merely the advantages of a match, but the moral character of the man she intended to embrace.",125,ai_mimicked,Austen,Marriage Prospects
"The matter of a suitable establishment for Miss Eleanor Worthing was, as might be expected, the subject of much deliberation amongst her mother and aunt. Not that Miss Worthing possessed any striking beauty, nor a fortune of particular magnitude; her accomplishments were respectable, embracing a passable skill upon the pianoforte and a fluency in French sufficient for polite conversation, yet these advantages were, alas, tempered by a certain want of vivacity, a disposition too prone to quietude for the lively circles her mother aspired to penetrate. Still, a husband must be found, and a modest competence secured, and it was generally agreed that a gentleman of the clergy, or perhaps a naval officer of indifferent rank, might be persuaded to overlook her deficiencies, provided his own expectations were not unduly elevated, a circumstance which, in the present season, appeared regrettably common.",141,ai_mimicked,Austen,Marriage Prospects
"One could scarcely credit the audacity of Mrs. Featherstonehaugh, who, having but one daughter of presentable age, yet entertained notions of consequence far exceeding her station. Miss Cecilia, though possessed of a tolerable face and a wardrobe recently replenished, lacked entirely that essential quality of good sense, displaying instead a forwardness of manner and a proneness to flattery which ought, in any well-regulated family, to be promptly corrected. Her mother, however, viewed these very failings as attractions, believing them to indicate a spirit capable of captivating a gentleman of fortune, a gentleman, naturally, who would not trouble himself with the niceties of character. Such a prospect, though alarming to those of more refined sensibility, was evidently the sole aim of Mrs. Featherstonehaugh’s machinations.",123,ai_mimicked,Austen,Marriage Prospects
"The arrival of Mr. Alistair Finch at Barton Park occasioned a flutter of expectation amongst the unmarried ladies of the neighbourhood, though, upon closer inspection, his merits proved somewhat less substantial than rumour had suggested. He possessed, it is true, a handsome person and a comfortable income, inherited from a distant uncle, but his conversation was lamentably devoid of originality, consisting chiefly of observations upon the weather and the price of livestock. Miss Penelope Ainsworth, encouraged by her mother’s unwavering optimism, endeavoured to engage his attention, yet found herself repeatedly rebuffed by his polite, but resolute, indifference. It was a painful lesson, perhaps, but one which served to illustrate the folly of judging a man solely by his possessions.",119,ai_mimicked,Austen,Marriage Prospects
"It is a truth universally acknowledged, that a single gentleman in possession of a good fortune must be in want of a wife; yet the manner in which ladies pursue this acknowledged truth is often, one fears, lacking in both discretion and propriety. Miss Beatrice Lovelace, for instance, pursued Mr. Harrington with a zeal that bordered upon the indelicate, showering him with attentions which, while ostensibly friendly, were plainly intended to convey a more pointed meaning. Such eagerness, however, had the unfortunate consequence of alarming the gentleman, who, though not entirely insensible to female charms, valued his independence above all else and retreated with a speed that left Miss Lovelace quite discomfited.",112,ai_mimicked,Austen,Marriage Prospects
"The question of settlements, so frequently overlooked in the first bloom of affection, is, in truth, the very foundation upon which a lasting union must be built. Miss Charlotte Beaumont, though possessed of a sweet temper and a pleasing countenance, found herself in a most awkward predicament, for Mr. Thornton, a gentleman of undeniable worth, was constrained by family obligations to insist upon a settlement far below her expectations. Her father, a man of prudent habits, refused to accede to such terms, deeming it a matter of principle to secure his daughter’s future comfort, while Miss Beaumont, torn between affection and a sensible regard for her own well-being, was left to contemplate a future clouded by uncertainty and regret, a consequence, one might observe, of a premature and ill-considered attachment.",130,ai_mimicked,Austen,Marriage Prospects
"The matter of a suitable establishment for Miss Eleanor Worthing was, as might be expected, the subject of much deliberation amongst her mother and aunt. Not that Miss Worthing possessed any striking beauty, nor a fortune of particular magnitude; her accomplishments were respectable, embracing a passable skill upon the pianoforte and a fluency in French which, whilst adequate for polite conversation, scarcely extended to the intricacies of philosophical discourse. Yet, a husband must be found, and soon, for though possessed of a sweet temper, she was not a lady to secure an attachment through mere personal fascination. One feared a connection too humble would be a disappointment to Mrs. Worthing’s aspirations, whilst a gentleman of elevated rank might deem her deficiencies too considerable to overlook, a predicament which, it must be confessed, presented a rather vexing dilemma.",137,ai_mimicked,Austen,Marriage Prospects
"It is a truth universally acknowledged, or at least frequently asserted by anxious mothers, that a young lady’s happiness is entirely dependent upon a fortunate marriage. However, one cannot help but observe the peculiar blindness with which some ladies pursue their matrimonial aims, captivated by a handsome face or a flattering address, whilst neglecting to ascertain the character, or indeed the financial stability, of the gentleman in question. Miss Penelope Ainsworth, for instance, appeared quite smitten with Captain Fitzwilliam, a man whose charm was undeniable, yet whose debts, it was whispered, were equally so. Such a connection, though promising a brief period of gaiety, could scarcely lead to lasting contentment, and one could only hope that Miss Ainsworth’s sensibility would ultimately prevail over her present infatuation.",126,ai_mimicked,Austen,Marriage Prospects
"The arrival of Mr. Harrington, a gentleman of considerable estate in the neighbouring county, occasioned a flurry of excitement amongst the eligible young ladies of the village. He was, it was reported, a man of serious disposition, and possessed of a fortune sufficient to render him a desirable match for almost any woman. Yet, his manners were somewhat reserved, and his conversation lacked the sparkling wit which many ladies find so essential in a companion. Still, a large income has a way of compensating for a multitude of failings, and it was generally agreed that a lady of sense would not allow a slight deficiency in conversational brilliance to outweigh the advantages of a secure and comfortable establishment.",118,ai_mimicked,Austen,Marriage Prospects
"One often wonders at the lengths to which families will go to promote the matrimonial prospects of their daughters. The subtle hints dropped in conversation, the carefully arranged meetings, the artful displays of accomplishments – all betray a degree of calculation which, whilst understandable, is not always entirely agreeable. Mrs. Bennet, in her eagerness to secure husbands for her five daughters, was particularly notorious for her lack of propriety, openly discussing their charms and fortunes with any gentleman who happened to be within earshot. Such forwardness, though perhaps well-intentioned, could scarcely fail to prejudice the very individuals she sought to attract, and one could only lament her want of discretion.",110,ai_mimicked,Austen,Marriage Prospects
"The notion that a woman’s value resides solely in her ability to secure a husband is, of course, a lamentable one. Yet, it remains a prevailing sentiment in society, and one which exerts a considerable influence upon the lives of young ladies. Miss Charlotte Palmer, though possessed of a lively intellect and a considerable degree of independence, found herself increasingly pressured to accept the hand of Sir Reginald Thornton, a man of advanced years and decidedly unamiable disposition. To refuse him would be to risk remaining a spinster, a fate which, in the eyes of many, was considered a far greater misfortune than an unhappy marriage – a consequence which, though unjust, was nonetheless a reality she was forced to contemplate.",121,ai_mimicked,Austen,Marriage Prospects
"The matter of a suitable establishment, as all sensible persons must allow, is rarely dictated by affection alone, though young ladies are frequently led to believe otherwise. Miss Eleanor, possessed of a modest fortune and a tolerable degree of accomplishment, found herself beset by attentions which, whilst not wholly displeasing, lacked a certain… solidity. Mr. Grimshaw, though undeniably respectable in his connections and possessing an income sufficient to maintain a comfortable, if not opulent, existence, was burdened with a pedantry that rendered even the most trivial conversation tiresome. One could scarcely imagine a life spent in the perpetual dissection of grammatical niceties, and yet, to refuse him outright might be deemed imprudent, a consequence which her mother, naturally, found most alarming. It was a delicate balance, indeed, between sensibility and propriety.",131,ai_mimicked,Austen,Marriage Prospects
"One observes, with a degree of amusement, the lengths to which families will go to secure a advantageous match for their daughters. The Penhaligons, for instance, having exhausted the possibilities within their immediate circle, now cast their eyes towards the newly arrived Mr. Hawthorne, a gentleman of uncertain fortune but possessing, it is whispered, a considerable inheritance from a distant relative in the colonies. Mrs. Penhaligon, a woman whose energies are entirely devoted to the furtherance of her children’s prospects, has already begun a campaign of calculated civilities, inviting him to every possible gathering and ensuring her daughters are invariably within his view. Whether Mr. Hawthorne appreciates such overtures remains to be seen, though one suspects a man of discernment will quickly perceive the motive behind such excessive hospitality.",129,ai_mimicked,Austen,Marriage Prospects
"The present generation, it seems, possesses a lamentable deficiency in the art of quiet observation, preferring instead to proclaim their sentiments with an eagerness that borders on the indelicate. Miss Bingley, scarcely acquainted with Captain Armitage beyond a single dance at the Assembly, has already informed half the county of her profound admiration for his person and character. Such forwardness, whilst perhaps excusable in a young heart, is hardly conducive to a rational assessment of his merits. One cannot help but wonder whether her enthusiasm stems from genuine attachment, or merely from a desire to attract attention to herself. A little reserve, one might suggest, would serve her far better in the long run, and spare her the consequence of possible disappointment.",122,ai_mimicked,Austen,Marriage Prospects
"It is a truth universally acknowledged, that a single man in possession of a good fortune must be in want of a wife – a sentiment, however, which frequently overlooks the gentleman’s own inclinations. Mr. Darcy, though undeniably eligible, displayed a marked indifference to the matrimonial designs of the surrounding ladies, preferring the solitude of his library to the company of those who sought his favour. His reserve, some attributed to pride, others to a natural shyness; but whatever the cause, it served as a formidable obstacle to any hopeful suitor. One could not but pity those who, convinced of his eventual susceptibility, wasted their time and energies in fruitless pursuit. A man must, after all, be free to choose his own happiness.",123,ai_mimicked,Austen,Marriage Prospects
"The importance of connections, in these matters, cannot be overstated. Miss Fairchild, though possessing neither beauty nor fortune to recommend her, found herself the object of Mr. Thornton’s attentions solely on account of her aunt’s proximity to Lady Bellingham, a woman of considerable influence in society. Such a match, whilst lacking in romantic appeal, offered a degree of security and social standing that many a more deserving lady might envy. It is a sobering thought, that a woman’s fate can be so readily determined by the accidents of birth and the machinations of ambitious relatives. Still, one must acknowledge the practical advantages of such an arrangement, and refrain from judging too harshly those who prioritize prudence over passion.",118,ai_mimicked,Austen,Marriage Prospects
"It is a truth universally acknowledged, or at least frequently asserted by those most concerned with the maintenance of order, that a parent’s duty extends far beyond the mere provision of sustenance and raiment. To nourish the body is, of course, essential; yet to neglect the cultivation of the mind, and, more crucially, the regulation of the affections, is a failing of a far graver consequence. One observes, with a degree of melancholy, how often fortunes are squandered, and reputations ruined, not through any inherent deficiency in the individual, but through a want of proper guidance in their youth. A little foresight, a little firmness, and a judicious tempering of indulgence with restraint, might save many a promising young person from the precipice of imprudence, and secure their future happiness, and that of all connected to them.",137,ai_mimicked,Austen,Parental Duty
"The anxieties attendant upon the rearing of daughters, particularly those possessed of a tolerable degree of beauty and a modest fortune, are, it must be confessed, considerable. For while a parent naturally desires their child’s advancement in life, the means by which that advancement is achieved are often beyond their control. To insist upon strict propriety, and to discourage any inclination towards a connection which might prove disadvantageous, is undoubtedly the course dictated by reason; yet to do so with an excess of severity, or to appear unduly solicitous regarding a gentleman’s income, risks rendering one’s daughter either insipidly compliant or rebelliously obstinate, neither of which qualities is conducive to a favourable match.",113,ai_mimicked,Austen,Parental Duty
"One cannot but remark the peculiar blindness which often afflicts parents regarding the true character of their offspring. It is, perhaps, a natural inclination to see in one’s children the virtues one most admires, and to overlook, or at least excuse, their failings. Yet this indulgence, carried to excess, may prove a most grievous error. To believe a son incapable of deceit, or a daughter immune to vanity, is to court disappointment, and to leave them ill-prepared to navigate the complexities of the world. A parent’s love should be tempered with a clear-sighted assessment of their child’s disposition, and a willingness to offer counsel, however unwelcome, when it is most needed.",111,ai_mimicked,Austen,Parental Duty
"The notion that parental authority diminishes with a child’s arrival at years of discretion is one which, though frequently advanced, strikes one as profoundly misguided. It is true that a young person of eighteen or nineteen is possessed of a degree of independence which was previously unknown to them; yet this independence should be viewed as an opportunity for guidance, rather than a justification for abandonment. To relinquish all control, and to allow a young person to pursue their own inclinations without offering advice or setting boundaries, is to invite folly and to risk a future filled with regret. Sensibility, after all, is not always a reliable compass.",108,ai_mimicked,Austen,Parental Duty
"It is a common, and often lamentable, occurrence to witness parents so consumed by their own anxieties and social ambitions that they entirely neglect the true needs of their children. To view a daughter merely as a means of securing a favourable alliance, or a son as an extension of one’s own pride, is to treat them not as individuals deserving of affection and respect, but as instruments to be manipulated for personal gain. Such a course of conduct, while perhaps yielding short-term advantages, is ultimately destructive, both to the parent-child relationship and to the moral character of all involved, and rarely concludes without a considerable degree of unhappiness.",109,ai_mimicked,Austen,Parental Duty
"It is a truth universally acknowledged, or at least frequently asserted by those most concerned with the maintenance of order, that a parent’s duty extends far beyond the mere provision of sustenance and raiment. To nourish the body is, of course, essential; yet to neglect the cultivation of the mind, and, more crucially, the regulation of the affections, is a failing of a magnitude scarcely to be forgiven. For what profit is a comfortable fortune, if the possessor, untutored in propriety and devoid of principle, squanders it upon folly, or, worse still, employs it in the pursuit of unsuitable connections? One observes, with a degree of melancholy, how often indulgence in youth breeds a selfishness in maturity, and how readily a spoiled child becomes a vexatious adult, a burden rather than a comfort to those who ought to enjoy their felicity.",141,ai_mimicked,Austen,Parental Duty
"The anxieties attendant upon the rearing of daughters, particularly those possessed of a moderate fortune and a tolerable degree of beauty, are, it must be confessed, frequently overstated. Yet, to dismiss entirely the parental obligation to guide their choices, to shield them from imprudence, would be a dereliction of duty most reprehensible. It is not, however, a matter of dictating affections, for the heart, as we all know, will often follow its own capricious course. Rather, it is the parent’s responsibility to instill a sound judgment, to encourage a discerning eye, and to impress upon their offspring the vital consequence of a prudent match – one founded not merely upon romantic sensibility, but upon a compatibility of temperaments and a reasonable expectation of domestic harmony.",125,ai_mimicked,Austen,Parental Duty
"One cannot but observe the peculiar hardship endured by those parents whose sons, blessed with an ample inheritance, exhibit a marked deficiency in sense. For while a young lady may, with some degree of independence, navigate the complexities of society and secure her own future, a gentleman lacking in discretion is entirely reliant upon the good sense of others – or, more frequently, upon his own ruinous folly. To witness such a prodigal squandering his patrimony upon extravagant pursuits, or, still more distressing, upon unsuitable companions, is a trial to any parent’s fortitude. The hope, one supposes, lies in the eventual recognition of his errors, though such a reformation is rarely achieved without considerable loss and mortification.",117,ai_mimicked,Austen,Parental Duty
"There exists, perhaps, no greater error in the education of children than the attempt to mold them entirely in one’s own image. While it is undoubtedly desirable to impart one’s own principles and values, to stifle individuality and suppress natural inclinations is to invite discontent and, ultimately, rebellion. A parent’s duty, therefore, is not to create a miniature version of oneself, but to nurture the unique talents and dispositions of each child, guiding them towards a path of virtue and usefulness, even if that path diverges from one’s own expectations. To demand conformity at the expense of happiness is a tyranny no parent ought to inflict.",106,ai_mimicked,Austen,Parental Duty
"The frequent recourse to governesses, while undeniably convenient for families of fortune, presents its own peculiar challenges. For though a competent instructress may impart a respectable degree of accomplishment in music, drawing, and the French language, she is seldom equipped to instill the more subtle virtues of character – the grace of manner, the art of conversation, the discernment of true worth. These, one might argue, are best learned within the bosom of a family, through the example of a mother whose own conduct embodies all that is admirable. To delegate the entirety of a child’s moral education to a hired companion is, in effect, to abdicate a most essential parental duty, with consequences that may well be felt for generations to come.",123,ai_mimicked,Austen,Parental Duty
"It is a truth universally acknowledged, or at least frequently asserted by those most concerned with the maintenance of order, that a parent’s duty extends far beyond the mere provision of sustenance and raiment. To nourish the body is, of course, essential; yet to neglect the cultivation of the mind, and, more crucially, the regulation of the affections, is a failing of a far graver consequence. One observes, with a degree of melancholy, how many young persons, though possessed of comfortable fortunes and amiable dispositions, are rendered wholly unfit for the rational enjoyment of life through a want of proper guidance in their earliest years. A little firmness, a little judicious restraint, might save much future heartache, and prevent the commission of errors which, though perhaps not irreparable, leave a stain upon character difficult indeed to remove.",137,ai_mimicked,Austen,Parental Duty
"The anxieties attendant upon the rearing of daughters, particularly those blessed – or cursed – with a superfluity of sensibility, are, it must be confessed, a trial to the most patient of fathers. Mr. Hargrave, for instance, convinced himself that his eldest, Miss Eleanor, required constant shielding from every possible disappointment, lest her delicate nerves should suffer. He failed to perceive, however, that such excessive protection fostered a dependence of spirit, and a susceptibility to melancholy, far more damaging than any transient sorrow. It is a delicate balance, certainly, to encourage fortitude without appearing indifferent to suffering, but a parent who consistently anticipates every woe for their child does little more than ensure a lifetime of fragility.",117,ai_mimicked,Austen,Parental Duty
"One cannot but remark the inconsistency with which parental duty is often discharged. A gentleman may expend a considerable sum upon his son’s education, sending him to the most fashionable schools and equipping him with all the accomplishments deemed necessary for a successful career, yet neglect entirely to instill in him the principles of honour and propriety. Such a youth, though possessing the advantages of wealth and learning, is likely to prove a disappointment, not only to his family but to society at large. For what profit is there in a polished exterior if the heart within remains uncultivated, and the judgment clouded by self-interest?",105,ai_mimicked,Austen,Parental Duty
"The temptation to indulge a favourite child, particularly when that child displays a pleasing disposition, is one to which many parents succumb. Mrs. Beaumont, for example, could scarcely refuse her youngest, Frederick, any request, however unreasonable, convinced that to deny him pleasure would be an act of cruelty. She failed to comprehend that true kindness lies not in the gratification of every whim, but in the gentle correction of faults and the encouragement of virtuous habits. Such indulgence, though seemingly benevolent, is in truth a most insidious form of neglect, preparing the young man for a life of self-deception and disappointment.",101,ai_mimicked,Austen,Parental Duty
"It is frequently observed that parents, in their eagerness to secure a suitable match for their daughters, overlook the importance of ensuring their happiness. A connection, though advantageous in terms of fortune or social standing, is of little value if it fails to elicit affection and esteem. To force a young lady into a union against her inclination, however pressing the family circumstances, is a violation of her most fundamental rights, and a consequence fraught with misery for all concerned. A prudent parent will, therefore, exercise a degree of forbearance, and allow their daughter the liberty of choosing a partner with whom she may reasonably expect to find contentment, even if that choice does not entirely meet with their own expectations.",121,ai_mimicked,Austen,Parental Duty
"It is a truth universally acknowledged, or at least frequently asserted by those most concerned with the maintenance of order, that a parent’s duty extends far beyond the mere provision of sustenance and raiment. To nourish the body is, of course, essential; yet to neglect the cultivation of the mind, and, more crucially, the regulation of the affections, is a failing of a far graver consequence. One observes, with a degree of melancholy, how many young persons, though possessed of comfortable fortunes and respectable connections, are rendered utterly unfit for the rational enjoyment of life through a want of proper guidance, left to pursue their whims with a heedlessness that can only invite disappointment, and, perhaps, ruin. Such indulgence, cloaked as affection, is, in truth, a most insidious form of neglect.",131,ai_mimicked,Austen,Parental Duty
"The anxieties attendant upon the rearing of daughters, particularly those blessed – or cursed – with a superfluity of sensibility, are, it must be confessed, a trial to the most patient of fathers. To shield them from every possible sorrow, to anticipate every disappointment, is a task as impossible as it is unwise. For what preparation is made for the inevitable vicissitudes of life if a young lady is never permitted to encounter even a minor vexation? It is a common error, and one frequently observed in families of considerable wealth, to believe that fortune can compensate for a deficiency in fortitude; yet experience demonstrates, with tiresome regularity, that a large income is a poor substitute for a well-regulated mind and a cheerful disposition.",124,ai_mimicked,Austen,Parental Duty
"One cannot but remark the peculiar difficulty parents experience in discerning the true motives of their children, particularly when those motives are concealed beneath a veil of youthful enthusiasm or, indeed, a carefully constructed reserve. A mother, naturally solicitous for her daughter’s happiness, may readily misinterpret a fleeting fancy as a settled attachment, or a momentary pique as a profound grievance. Such misapprehensions, though born of affection, can lead to the most unfortunate interference, and a well-intentioned attempt to guide a young person may, in reality, serve only to drive them further into error, or, at the very least, to create a lasting estrangement.",104,ai_mimicked,Austen,Parental Duty
"The notion that parental authority should be absolute, and exercised without regard to the individual temperaments and inclinations of their offspring, is one which, though still prevalent in certain quarters, appears increasingly untenable. To demand blind obedience, to insist upon conformity to a rigid standard of propriety, is to risk stifling the very qualities which render a young person estimable – their independence of spirit, their capacity for judgment, and their ability to form their own opinions. A judicious parent will, therefore, strive to cultivate these virtues, rather than suppress them, recognizing that true obedience springs not from fear, but from respect and understanding.",104,ai_mimicked,Austen,Parental Duty
"It is a lamentable truth that the failings of parents are often reflected in the conduct of their children, a consequence which ought to give pause to those who approach the responsibilities of parenthood with levity. A father consumed by ambition, for instance, may inadvertently instill in his son a similar thirst for worldly advancement, regardless of the moral compromises it may entail. Or a mother, excessively concerned with social standing, may encourage her daughters to prioritize appearances over genuine worth. Such examples, sadly, are not uncommon, and serve as a potent reminder that the influence of parental example is, perhaps, the most powerful of all.",106,ai_mimicked,Austen,Parental Duty
"It is a truth universally acknowledged, or at least frequently asserted by those most concerned with the maintenance of order, that a parent’s duty extends far beyond the mere provision of sustenance and raiment. To nourish the body is, of course, essential; yet to neglect the cultivation of the mind, and, more crucially, the regulation of the affections, is a failing of a magnitude scarcely to be forgiven. For what profit is a comfortable fortune, if the possessor, through want of proper guidance, should squander it upon folly, or, worse still, attach themselves to a person of unsuitable character? One observes, with a degree of melancholy, how often young persons, left to their own devices, mistake impetuosity for sensibility, and a fleeting fancy for genuine attachment, with consequences that frequently prove most distressing to all involved.",136,ai_mimicked,Austen,Parental Duty
"The anxieties attendant upon the rearing of daughters, particularly those blessed – or perhaps cursed – with a superfluity of charms, are, it must be confessed, a source of perpetual occupation to their mothers. Not that a mother wishes to see her child unhappy, far from it; but a prudent regard for her future prospects necessitates a degree of circumspection which is often misinterpreted as coldness or even a want of affection. To allow a young lady too much freedom, to indulge her every whim, is to invite misfortune, and to expose her to the censure of society, a consequence which no mother of reasonable understanding would willingly risk. It is a delicate balance, indeed, between fostering independence and ensuring propriety.",121,ai_mimicked,Austen,Parental Duty
"One cannot but observe the peculiar hardship endured by those parents whose sons, having received a liberal education and been endowed with a handsome fortune, nevertheless exhibit a marked deficiency in judgment. To provide for a young man’s comfort and advancement is surely a parent’s most natural inclination; yet what satisfaction can be derived from such generosity, if the recipient should employ his advantages in the pursuit of frivolous amusements, or, even more regrettably, in the company of individuals whose morals are decidedly questionable? Such instances serve as a cautionary tale, demonstrating that wealth alone is no guarantee of virtue, and that parental influence, however well-intentioned, may sometimes prove insufficient to counteract the inherent weaknesses of human nature.",118,ai_mimicked,Austen,Parental Duty
"There exists, perhaps, no greater trial for a parent than the necessity of correcting a beloved child, particularly when that child possesses a spirit both lively and obstinate. To administer a gentle reprimand is often met with tears and protestations of innocence, while a more forceful approach risks alienating the very affections one seeks to preserve. Yet, to shrink from the task of discipline, to allow a child to grow up without a proper understanding of right and wrong, is a dereliction of duty which no amount of tenderness can excuse. For surely, a temporary discomfort is a small price to pay for the cultivation of a virtuous character, and the avoidance of future remorse.",115,ai_mimicked,Austen,Parental Duty
"It is frequently remarked that the most devoted of parents are those who, having experienced adversity themselves, are most keenly aware of the importance of providing their children with a secure and comfortable future. Perhaps it is a natural consequence of having known hardship, that one should be particularly sensitive to the needs of others, and especially to those who are most dependent upon one’s care. Such parents, having learned through experience the value of prudence and perseverance, are less likely to indulge their children’s whims, and more inclined to instill in them a sense of responsibility and self-reliance – qualities which, though perhaps not always appreciated in youth, are certain to prove invaluable in the years to come.",119,ai_mimicked,Austen,Parental Duty
"It is a truth universally acknowledged, or at least frequently asserted by those most concerned with the maintenance of order, that a parent’s duty extends far beyond the mere provision of sustenance and raiment. To nourish the body is, of course, essential; yet to neglect the cultivation of the mind, and, more crucially, the regulation of the affections, is a failing of a magnitude scarcely to be forgiven. For what profit is a plentiful fortune, if the young lady who inherits it possesses no discernment to employ it wisely, or the young gentleman no principle to restrain his excesses? One observes, with a degree of melancholy, how often indulgence in childhood breeds a selfishness in later years, a want of consideration for others which renders even the most amiable qualities quite insupportable.",132,ai_mimicked,Austen,Parental Duty
"The anxieties attendant upon the rearing of daughters, particularly those possessed of a lively imagination and a tolerable degree of beauty, are, it must be confessed, considerable. A mother, naturally solicitous for her child’s happiness, finds herself perpetually balancing the necessity of securing a suitable establishment against the dangers of encouraging undue expectations. For a young lady, however charming, is seldom equipped to navigate the complexities of society without the firm guidance of a judicious parent. To allow too much freedom, to indulge every whim, is to court disappointment, and perhaps, even ruin; yet to confine too rigidly is to risk stifling that very sensibility which renders her agreeable.",109,ai_mimicked,Austen,Parental Duty
"One cannot but remark the inconsistency with which parental duty is often discharged. A father, perhaps, preoccupied with affairs of business or the pursuit of pleasure, delegates the entire superintendence of his children’s education to a governess, content to provide the funds but neglecting the personal oversight so vitally necessary. He imagines, no doubt, that a generous allowance will compensate for a lack of affection, or that a fashionable connection will excuse a deficiency in moral instruction. Such a notion, however, is founded upon a most erroneous understanding of human nature, for neither wealth nor rank can supply the place of a father’s example and counsel.",106,ai_mimicked,Austen,Parental Duty
"It is a common, and not entirely unfounded, complaint that parents are too often swayed by their own desires in the arrangement of their children’s futures. A mother, perhaps, ambitious for her son’s advancement, will urge him towards a profession for which he possesses no aptitude, or a marriage which offers advantage but lacks affection. Such interference, though ostensibly motivated by benevolence, is frequently productive of nothing but unhappiness. For a young man, compelled to pursue a path not of his own choosing, is likely to be discontented and unsuccessful, and a marriage devoid of mutual esteem can scarcely be expected to yield domestic felicity.",105,ai_mimicked,Austen,Parental Duty
"The consequence of neglecting a child’s moral education is rarely immediate, and it is this very delay which renders the oversight so perilous. A small fault, overlooked in youth, may grow into a confirmed habit, a slight inclination towards imprudence may develop into a ruinous vice. It is not enough to impart knowledge, or to instill a sense of propriety; a parent must also cultivate within their offspring a genuine love of virtue, a desire to act rightly not from fear of punishment, but from an internal conviction of its excellence. For without such a foundation, all other accomplishments are of little avail, and the child, however promising, is destined to disappoint both themselves and those who have the misfortune to be connected with them.",125,ai_mimicked,Austen,Parental Duty
"It is a truth universally acknowledged, or at least frequently asserted by those most concerned with the maintenance of order, that a parent’s duty extends far beyond the mere provision of sustenance and raiment. To nourish the body is, of course, essential; yet to neglect the cultivation of the mind, and, more crucially, the regulation of the affections, is a failing of a magnitude scarcely to be forgiven. For what profit is a comfortable fortune, if the possessor, through want of proper guidance, should squander it upon folly, or, worse still, attach themselves to a person of unsuitable character? One observes, with a degree of melancholy, how often young persons, left to their own devices, mistake impetuosity for sensibility, and a transient fancy for genuine esteem, with consequences that frequently prove most distressing to all parties concerned.",137,ai_mimicked,Austen,Parental Duty
"The anxieties attendant upon the rearing of daughters, particularly those blessed – or perhaps cursed – with a superfluity of charms, are, it must be confessed, a source of perpetual occupation to their mothers. Not that a mother wishes to see her child unhappy, far from it; but a prudent regard for her future prospects necessitates a degree of circumspection which is often misinterpreted as coldness or even a want of affection. To allow a young lady too much freedom, to indulge her every whim, is to invite misfortune, and to expose her to the censure of society, a consequence which no mother of reasonable understanding can willingly contemplate. It is a delicate balance, indeed, between fostering independence and ensuring propriety.",121,ai_mimicked,Austen,Parental Duty
"One cannot but observe the peculiar hardship which often falls upon those parents whose sons are possessed of a competence, yet lack the inclination to employ it to advantage. A fortune, however ample, is of little benefit in the hands of a spendthrift, or a man who prefers idleness to exertion. It is then the parent’s duty, not merely to provide for his material wants, but to instil within him a sense of responsibility, a respect for industry, and a proper understanding of the obligations which accompany wealth. To shield him from the consequences of his own imprudence is, in truth, to do him a lasting disservice, and to encourage a habit of self-indulgence which can only lead to ruin.",120,ai_mimicked,Austen,Parental Duty
"There exists, perhaps, no greater trial of a parent’s fortitude than the necessity of correcting a beloved child. For though reason dictates the importance of discipline, and the necessity of restraining youthful excesses, the heart often rebels against the infliction of pain, even when that pain is intended for the child’s ultimate benefit. Yet to yield to tenderness at the expense of duty is a weakness which few can afford, and one which is certain to be repaid with ingratitude or, at best, with a character deficient in firmness and principle. A judicious mixture of affection and authority, it is generally agreed, is the most efficacious method of ensuring obedience and cultivating a virtuous disposition.",115,ai_mimicked,Austen,Parental Duty
"It is frequently remarked that parents are too easily swayed by the opinions of others regarding the education and future prospects of their children. Whilst counsel from those of experience and good judgement is, of course, to be valued, a parent must ultimately rely upon their own discernment, and act according to their own understanding of their child’s particular temperament and abilities. To surrender one’s authority to the dictates of fashionable society, or to allow oneself to be guided by the ambitions of relations, is to risk the happiness of one’s offspring, and to invite a degree of regret which no subsequent success can entirely alleviate. The consequence of such a yielding is often a life misspent, and a family honour diminished.",122,ai_mimicked,Austen,Parental Duty
"It is a truth universally acknowledged, or at least frequently asserted by those most concerned with the maintenance of order, that a parent’s duty extends far beyond the mere provision of sustenance and raiment. To nourish the body is, of course, essential; yet to neglect the cultivation of the mind, and, more crucially, the regulation of the affections, is a failing of a magnitude scarcely to be forgiven. For what profit is a comfortable fortune, if the possessor, untutored in propriety and devoid of principle, squanders it upon folly, or, worse still, employs it in the pursuit of unsuitable connections? One observes, with a degree of melancholy, how often indulgence in youth breeds a selfishness in maturity, and how readily a spoiled child becomes a vexatious adult, a burden rather than a comfort to those who ought to enjoy their felicity.",141,ai_mimicked,Austen,Parental Duty
"The anxieties attendant upon the rearing of daughters, particularly those possessed of a moderate fortune and a tolerable degree of beauty, are, it must be confessed, frequently overstated. Yet, to dismiss entirely the parental obligation to guide their choices, to shield them from imprudence, would be a dereliction of duty most reprehensible. It is not, however, a matter of dictating affections, for the heart, as we all know, will often follow its own capricious course. Rather, it is the parent’s responsibility to instill a sound judgment, to encourage a discerning eye, and to impress upon their offspring the vital consequence of a prudent match – one founded not merely upon romantic sensibility, but upon a compatibility of temperaments and a reasonable expectation of domestic harmony.",125,ai_mimicked,Austen,Parental Duty
"One cannot but observe the peculiar hardship endured by those parents whose sons, blessed with an ample inheritance, yet lack the inclination to employ it with discretion. To witness a young man, possessed of every advantage, squandering his fortune upon extravagant pursuits, or, still more lamentable, upon companions of questionable character, is a source of profound mortification. It is a circumstance which frequently leads to strained relations, and a regrettable necessity for remonstrance, a task seldom relished by either party. For what parent desires to be perceived as a restraint upon their child’s liberty, yet what alternative remains when folly threatens to eclipse all prospects of future respectability?",108,ai_mimicked,Austen,Parental Duty
"There exists, undeniably, a delicate balance to be struck between the exercise of parental authority and the allowance of youthful independence. To be overly solicitous, to attempt to control every inclination, is to risk fostering resentment and a spirit of rebellion. Yet, to stand entirely aloof, to permit a child to wander unchecked through the labyrinth of society, is to invite disaster. The truly judicious parent, therefore, adopts a course of gentle guidance, offering counsel when sought, and intervening only when the consequence of inaction would be demonstrably ruinous. It requires, one might observe, a degree of fortitude and a considerable command of one’s own temper.",106,ai_mimicked,Austen,Parental Duty
"The notion that a parent’s duty ceases upon the attainment of their child’s majority is, in truth, a most erroneous one. While the formal authority may diminish, the moral obligation remains steadfast. For even those who have reached years of discretion are not invariably immune to the allure of imprudence, nor are they always possessed of the wisdom to navigate the complexities of the world. A parent’s continued interest, a well-timed word of advice, a discreet inquiry into their welfare – these are not intrusions, but rather demonstrations of affection and a continued commitment to their happiness, a commitment which, surely, ought to endure throughout the course of a lifetime, however fraught with its inevitable disappointments.",116,ai_mimicked,Austen,Parental Duty
"It is a truth universally acknowledged, or at least frequently asserted by those most concerned with the maintenance of order, that a parent’s duty extends far beyond the mere provision of sustenance and raiment. To nourish the body is, of course, essential; yet to neglect the cultivation of the mind, and, more crucially, the regulation of the affections, is a failing of a far graver consequence. One observes, with a degree of melancholy, how many young persons, though possessed of comfortable fortunes and respectable connections, are rendered utterly unfit for the rational enjoyment of life through a want of proper guidance, left to pursue their whims with a heedlessness that can only invite disappointment, and, perhaps, ruin. Such indulgence, mistaken for kindness, is in truth a most insidious cruelty.",129,ai_mimicked,Austen,Parental Duty
"The anxieties attendant upon the rearing of daughters, particularly those blessed – or cursed – with a superfluity of sensibility, are, it must be confessed, a trial to the most patient of fathers. Mr. Hargrave, for instance, convinced himself that a complete freedom from constraint would foster a natural goodness in his eldest, Miss Eleanor; a notion which, as any observer of human nature might have predicted, proved entirely fallacious. She was permitted to read novels of the most romantic cast, to indulge in protracted walks unaccompanied, and to receive the attentions of any gentleman who chanced to cross her path, all under the misguided belief that such liberty would cultivate independence of spirit. The consequence, naturally, was a head filled with fantastical notions and a heart susceptible to the slightest flattery.",132,ai_mimicked,Austen,Parental Duty
"One cannot but remark the peculiar difficulty parents experience in discerning the true motives of their children, particularly when those children possess a talent for dissimulation. Mrs. Bennett, a lady whose energies were entirely devoted to the advantageous establishment of her five daughters, frequently lamented her inability to penetrate the veil of youthful reserve. She imagined, with a confidence bordering on the absurd, that every glance, every sigh, every carefully worded compliment, concealed a matrimonial intention. Yet, often, these were merely the expressions of a passing fancy, or, indeed, the result of a little girlish coyness, entirely devoid of any serious import. To mistake the one for the other, however, was a source of perpetual vexation.",116,ai_mimicked,Austen,Parental Duty
"The weight of parental responsibility is, undoubtedly, increased by the prevailing imperfections of society, where fortune and rank are so often considered superior to merit and virtue. It is a lamentable truth that a young lady, though possessed of the most amiable disposition and the most refined accomplishments, may find herself disadvantaged in the pursuit of happiness simply by a lack of independent means. A prudent parent, therefore, is bound to consider not only the moral character of a prospective connection, but also his financial stability, a consideration which, though perhaps not the most romantic, is undeniably essential to the long-term comfort and security of their offspring. Propriety, after all, demands a certain degree of worldly wisdom.",117,ai_mimicked,Austen,Parental Duty
"It is frequently observed that parents, in their eagerness to secure the future well-being of their children, inadvertently stifle those very qualities which might best enable them to navigate the complexities of life. A too-protective hand, a too-constant admonition, can breed a dependence of spirit that renders a young person incapable of independent thought or action. Miss Crawford, though undeniably accomplished, suffered from an excess of maternal guidance, her every inclination scrutinized, her every decision dictated. The result was a young lady possessed of considerable talents, yet lacking the confidence to employ them, forever seeking the approval of others, and, consequently, perpetually disappointed.",103,ai_mimicked,Austen,Parental Duty
"It is a truth universally acknowledged, or at least frequently asserted by those most concerned with the maintenance of order, that a parent’s duty extends far beyond the mere provision of sustenance and raiment. To nourish the body is, of course, essential; yet to neglect the cultivation of the mind, and, more crucially, the regulation of the affections, is a failing of a magnitude scarcely to be forgiven. For what profit is a comfortable fortune, if the possessor, through want of proper guidance, should squander it upon folly, or, worse still, attach themselves to a person of unsuitable character? One observes, with a degree of melancholy, how often young persons, left to their own devices, mistake impetuosity for sensibility, and a fleeting fancy for genuine attachment, with consequences that frequently prove most distressing to all parties concerned.",137,ai_mimicked,Austen,Parental Duty
"The anxieties attendant upon the rearing of daughters, particularly those blessed – or perhaps cursed – with a superfluity of charms, are, it must be confessed, a source of perpetual occupation to their mothers. Not that a mother wishes to see her child unhappy, far from it; but a prudent regard for her future prospects necessitates a degree of circumspection which is often misinterpreted as coldness or even a want of affection. To allow a young lady too much freedom, to indulge her every whim, is to invite misfortune, and to expose her to the censure of society, a consequence which no mother of reasonable understanding can willingly contemplate. It is a delicate balance, indeed, between fostering independence and ensuring propriety.",121,ai_mimicked,Austen,Parental Duty
"One cannot but remark the inconsistency with which parental duty is often discharged. A father, occupied with the concerns of his estate or the demands of his profession, may deem it sufficient to provide for his children’s material wants, leaving the more delicate task of their moral education to others – a governess, perhaps, or a well-meaning, though frequently misguided, aunt. Yet surely, a father’s example, his conduct, his very bearing, exerts an influence upon his sons and daughters no less potent than any sermon or instruction. To preach virtue whilst exhibiting a want of principle in one’s own affairs is a hypocrisy which, though perhaps unconscious, cannot fail to be detected by those whose judgment is not yet wholly clouded by youthful enthusiasm.",124,ai_mimicked,Austen,Parental Duty
"There exists, too, a peculiar difficulty in determining the precise extent of a parent’s control. To interfere too much is to risk stifling a child’s natural inclinations and fostering a spirit of resentment; to interfere too little is to invite recklessness and imprudence. The truly judicious parent, therefore, adopts a middle course, offering guidance and counsel when required, but allowing their offspring sufficient latitude to exercise their own discretion, and to learn from their own mistakes – though one hopes those mistakes will not prove of a nature to cause irreparable damage to their reputation or their happiness. It is a constant negotiation, a delicate dance between authority and affection.",110,ai_mimicked,Austen,Parental Duty
"The notion that parental duty ceases upon the attainment of a certain age is, in the opinion of many, a most dangerous fallacy. Though a young person may be legally independent, and possessed of a fortune sufficient to maintain themselves, they remain, nonetheless, susceptible to error, and in need of the wisdom and experience of those who have known them longest. To offer unsolicited advice, however, is often perceived as an impertinence, and may well be resented; yet a parent who truly cares for their child’s welfare cannot entirely abstain from offering their observations, particularly when they perceive a course of action which threatens to lead to disappointment or disgrace. The art, one supposes, lies in delivering such counsel with a degree of tact and delicacy that will not offend, but rather enlighten.",133,ai_mimicked,Austen,Parental Duty
"It is a truth universally acknowledged, or at least frequently asserted by gentlemen of a certain age and disposition, that a young lady’s value lies almost entirely in her accomplishments; yet, one cannot help but observe the curious disparity between the skills deemed essential for securing a husband and those which might actually render a woman a sensible companion or a useful member of society. Needlework and pianoforte, whilst undeniably agreeable pastimes, seem scarcely sufficient preparation for the realities of managing a household, or indeed, for forming a rational opinion on any subject whatsoever. One wonders, not without a degree of amusement, if the true purpose of such education is not to cultivate a pleasing exterior, rather than a discerning mind, a consequence which, though perhaps convenient for male authority, can hardly be considered conducive to female happiness.",138,ai_mimicked,Austen,Gender Roles
"The expectations placed upon young women regarding their conduct are, to say the least, exacting. A blush, a dropped handkerchief, a prolonged glance – each is subjected to the most rigorous scrutiny, and interpreted, invariably, as evidence of a sentiment which may or may not exist. It is a delicate dance, this preservation of reputation, requiring a constant vigilance and a suppression of natural feeling that would surely prove exhausting to a less resilient spirit. And yet, to exhibit too much independence, too much forwardness in opinion, is to risk a censure far more damaging than any momentary lapse in modesty. One is left to ponder whether a woman’s worth truly resides in her ability to navigate such intricate social constraints, or in something altogether more substantial.",127,ai_mimicked,Austen,Gender Roles
"Much is made of a lady’s sensibility, and indeed, a certain degree of refinement of feeling is undoubtedly desirable. However, one cannot but perceive how readily this very quality is exploited, how easily a woman’s tears or anxieties are dismissed as mere feminine weakness, rather than acknowledged as genuine responses to genuine distress. A gentleman, should he suffer a disappointment, is permitted the solace of reason and the pursuit of practical remedies; a lady, however, is expected to bear her burdens with a quiet fortitude, lest she be accused of immoderate displays of emotion. It is a curious imbalance, and one which speaks volumes about the prevailing assumptions regarding the intellectual capacities of both sexes.",115,ai_mimicked,Austen,Gender Roles
"The pursuit of a suitable establishment is, of course, the paramount object of most young ladies, and it is a pursuit conducted with a degree of artifice that would be comical were it not so profoundly serious. Fortunes are weighed, connections are assessed, and character – that most elusive of qualities – is judged upon the flimsiest of evidence. One observes, with a mixture of pity and disdain, the lengths to which mothers will go to secure a advantageous match for their daughters, often sacrificing their daughters’ inclinations upon the altar of propriety and social advancement. It is a system fraught with peril, and one which frequently results in unhappiness for all concerned, though rarely acknowledged as such.",118,ai_mimicked,Austen,Gender Roles
"It is frequently remarked that a woman’s influence is exerted most effectively through indirect means, through gentle persuasion and subtle suggestion, rather than through direct assertion. While there is, perhaps, some truth to this observation – a forceful manner being generally considered unseemly in a lady – one cannot help but question whether such a limitation is not, in itself, a form of disempowerment. To be perpetually obliged to operate through channels of indirection, to rely upon the goodwill of others to have one’s voice heard, is a position which, however elegantly disguised, remains fundamentally subordinate. And surely, a society which denies its female members the full exercise of their reason and judgment can scarcely claim to be truly enlightened.",120,ai_mimicked,Austen,Gender Roles
"It is a truth universally acknowledged, that a single woman in possession of a good fortune must be anxious for a husband, yet one might venture to suggest that the anxiety is frequently misplaced, or rather, directed towards an object whose merits are considerably less than his consequence. For what, after all, is the purpose of such a union, if not to secure a comfortable establishment? And yet, how often does one observe young ladies captivated by a pleasing countenance or a facile address, neglecting to ascertain whether the gentleman in question possesses the stability of character and the prudence of management requisite to the proper discharge of matrimonial duties. To be accomplished in music, drawing, and the finer arts is, of course, desirable, but a deficiency in these accomplishments is surely less detrimental than a want of good sense.",140,ai_mimicked,Austen,Gender Roles
"The education of females, as it is commonly pursued, appears to consist largely in accomplishments designed to attract the attention of gentlemen, rather than to cultivate the understanding or to fortify the mind against the inevitable disappointments of life. Needlework, pianoforte, and a smattering of languages are deemed sufficient preparation for the duties of a wife and mother, as if the management of a household, the education of children, and the maintenance of a respectable social standing required no greater intellectual exertion. One cannot but lament the narrow sphere allotted to women, and the consequent restriction placed upon their intellectual development, a restriction which, whilst intended to preserve their delicacy, often serves only to render them helpless and dependent.",119,ai_mimicked,Austen,Gender Roles
"Much is spoken of female delicacy, a quality so highly prized that it is frequently allowed to outweigh all considerations of sense and propriety. Yet, one cannot help but observe that this delicacy is often a mere affectation, a carefully constructed façade designed to conceal a want of genuine feeling or a deficiency of moral courage. A lady may protest her extreme sensibility at the very mention of a disagreeable subject, and yet betray a remarkable indifference to the sufferings of others, or a willingness to engage in petty intrigues and malicious gossip. True delicacy, one suspects, lies not in avoiding all unpleasantness, but in facing it with fortitude and compassion.",111,ai_mimicked,Austen,Gender Roles
"The expectations placed upon young women regarding their behaviour are, at times, quite bewildering. They are expected to be amiable, accomplished, and discreet, yet also to possess a sufficient degree of spirit to captivate a gentleman’s affections. To be too forward is considered unseemly, yet to be too reserved is to risk being overlooked altogether. It is a delicate balance, indeed, and one which requires a degree of artifice and self-awareness that few possess in their youth. The consequence of a misstep, whether through excessive boldness or undue timidity, can be most unfortunate, leading to ridicule, disappointment, or even social ostracism.",101,ai_mimicked,Austen,Gender Roles
"It is frequently asserted that a woman’s proper sphere is the domestic one, and that her influence is best exerted within the confines of her own home. Whilst the importance of domestic felicity cannot be denied, one cannot help but question whether such a limitation is truly conducive to the happiness or the improvement of the sex. To confine a woman’s ambitions to the management of a household and the care of children is to deny her the opportunity to develop her talents and to contribute to the wider world. Surely, a mind capable of appreciating the beauties of literature and the intricacies of philosophy is not to be wasted upon trivial pursuits, however necessary those pursuits may be.",119,ai_mimicked,Austen,Gender Roles
"It is a truth universally acknowledged, or at least frequently asserted by gentlemen of a certain disposition, that a young lady’s value lies almost entirely in her accomplishments; and yet, one cannot but observe the curious inconsistency with which these accomplishments are regarded. A proficiency in music, drawing, or even a smattering of Italian, is deemed essential, of course, to render a woman agreeable; but should she possess a mind too strongly inclined to independent thought, or a spirit too little subdued to unquestioning obedience, these very graces are rendered suspect, as if a cultivated intellect were a dangerous rival to masculine authority. Indeed, it seems a woman must be pleasingly deficient, possessing just enough sensibility to admire, but not enough understanding to judge, lest she should prove a troublesome companion.",131,ai_mimicked,Austen,Gender Roles
"The expectations placed upon young ladies regarding marriage are, to be sure, a source of endless speculation and, frequently, considerable distress. It is not merely a question of affection, though that is often conveniently disregarded, but rather one of securing a suitable establishment, a comfortable income, and a respectable connection. One hears much of ‘duty’ and ‘propriety’ in these arrangements, as if a woman’s happiness were a secondary consideration, a pleasing consequence, perhaps, but certainly not the primary object. To refuse a match deemed advantageous by one’s family, even if the prospect fills one with aversion, is to risk censure, and to be labelled as headstrong or, worse still, ungrateful.",110,ai_mimicked,Austen,Gender Roles
"Much is made of female delicacy, a quality which, when examined with a discerning eye, appears to consist largely of a carefully cultivated helplessness. A lady is expected to faint at the slightest provocation, to shrink from any exertion beyond the most trivial, and to rely entirely upon the protection of her male relations. It is a curious paradox, that this supposed frailty is often accompanied by a remarkable fortitude in enduring the petty tyrannies and social constraints imposed upon her sex. One wonders if such delicate constitutions would not benefit from a little more fresh air and a little less embroidery, and a greater encouragement to exercise their reason.",110,ai_mimicked,Austen,Gender Roles
"The limited sphere allotted to women naturally fosters a preoccupation with domestic concerns, and whilst there is, undoubtedly, much virtue to be found in the management of a household, it is a lamentable truth that such pursuits are often considered the sum total of a woman’s capabilities. A mind capable of appreciating the finer arts, of engaging in intellectual discourse, or of contributing to the advancement of knowledge, is too often left to languish for want of suitable employment. It is a waste, one cannot help but think, to confine such talents to the arrangement of flowers or the supervision of the kitchen.",103,ai_mimicked,Austen,Gender Roles
"One observes, with a degree of amusement and a touch of concern, the lengths to which ladies will go to secure the attention of a desirable gentleman. The art of flirtation, though often disguised under the guise of innocent conversation, is a practice universally understood, and frequently pursued with a degree of artifice that would do credit to a seasoned politician. It is a delicate game, requiring a careful balance of coyness and encouragement, and a keen understanding of masculine vanity. And yet, one cannot entirely condemn it, for what alternative is offered to a woman who wishes to exert any influence over her own destiny?",106,ai_mimicked,Austen,Gender Roles
"It is a truth universally acknowledged, or at least frequently asserted by gentlemen of a certain disposition, that a young lady’s value lies almost entirely in her accomplishments; and yet, one cannot but observe the curious inconsistency with which these accomplishments are regarded. A proficiency in music, drawing, or even a passable acquaintance with the Italian tongue, is deemed essential, and yet serves, more often than not, merely to render her more agreeable to those whose intentions are far from honourable. For what consequence can such graces possess, if not employed in the securing of a suitable establishment? It is a lamentable truth that a woman, however gifted, must ultimately depend upon the favour of a man, a dependence which, whilst politely disguised, remains a most undeniable reality, and one which too many are content to accept with a resignation bordering on indifference.",143,ai_mimicked,Austen,Gender Roles
"The education of females, as it is commonly pursued, appears to consist largely in the cultivation of those qualities which render them pleasing, rather than those which equip them for the practicalities of life. A delicate sensibility, a refined taste, and a proficiency in all the minor arts of female accomplishment are, undoubtedly, desirable; yet, are they sufficient to navigate the complexities of a household, or to provide for one’s self in the event of unforeseen circumstance? One cannot help but suspect that a greater emphasis on reason and sound judgement would prove far more advantageous, though such a notion is, alas, frequently met with disapproval, as if a woman possessed of too much understanding were a creature to be feared, rather than esteemed.",124,ai_mimicked,Austen,Gender Roles
"Much is spoken of the propriety of female reserve, and indeed, a certain degree of modesty is undoubtedly becoming; yet, it frequently strikes one as a constraint imposed not for the protection of the lady herself, but rather for the convenience of those who would prefer her to remain conveniently silent regarding matters of import. A woman who expresses a decided opinion, or dares to question the established order, is too often dismissed as forward or impertinent, her intelligence considered a fault rather than a virtue. It is a curious paradox, that in striving to preserve her delicacy, society often succeeds only in silencing her voice and diminishing her influence.",110,ai_mimicked,Austen,Gender Roles
"The eagerness with which young ladies are encouraged to secure a husband is a spectacle which never fails to provoke reflection. It is not, of course, that marriage is to be disdained – far from it; a comfortable establishment is a blessing to be earnestly sought. However, the degree to which a woman’s entire existence is defined by her marital prospects is, at times, quite alarming. One observes a frantic pursuit of eligible gentlemen, a constant calculation of fortunes and connections, and a willingness to overlook imperfections which would be deemed intolerable in any other circumstance. Such haste, one fears, can only lead to regrettable consequences, and a life spent in quiet discontent.",113,ai_mimicked,Austen,Gender Roles
"It is frequently asserted that a woman’s sphere is the domestic one, and that her duties lie solely within the confines of her home. Whilst the importance of a well-managed household cannot be denied, one cannot help but question the wisdom of restricting a woman’s ambitions to so narrow a compass. Is her intellect, her capacity for reason, to be considered insufficient for pursuits beyond the nursery and the drawing-room? To confine her to such limitations is not only to diminish her own potential, but also to deprive society of the benefits of her talents and her judgement, a loss which, in the long run, may prove far more significant than is presently acknowledged.",114,ai_mimicked,Austen,Gender Roles
"It is a truth universally acknowledged, or at least frequently asserted by gentlemen of a certain disposition, that a young lady’s value lies almost entirely in her accomplishments; and yet, how often do these very accomplishments – a proficiency in music, a delicate talent for sketching, a passable command of French – serve merely to render her more agreeable, rather than to secure her a suitable establishment? One cannot but observe the curious inconsistency whereby a woman is expected to cultivate her mind, yet is simultaneously discouraged from displaying any evidence of possessing one, lest she appear unfeminine, or, Heaven forbid, opinionated. Such a predicament, it seems, is the inevitable consequence of a society which deems it proper for ladies to be pleasing, rather than powerful.",126,ai_mimicked,Austen,Gender Roles
"The expectations placed upon young women regarding marriage are, to be sure, a source of endless speculation and, frequently, considerable anxiety. It is not merely a question of affection, though sensibility is, of course, considered a desirable quality; rather, it is a matter of securing a comfortable provision, a respectable connection, and a position in society which reflects favourably upon her family. One hears much talk of romantic attachment, but a prudent female will not allow herself to be entirely governed by such fleeting emotions, for a broken heart, though regrettable, is a far less grievous misfortune than a life of genteel poverty. Indeed, to marry without fortune is to invite a host of inconveniences, and to rely solely upon one’s husband’s generosity is a precarious undertaking.",127,ai_mimicked,Austen,Gender Roles
"Much is made of female delicacy, a quality which, when examined with a degree of impartiality, appears to consist largely of a carefully cultivated helplessness. Ladies are encouraged to faint at the slightest provocation, to express an aversion to business, and to generally present themselves as creatures incapable of independent thought or action. It is a curious arrangement, for while gentlemen pride themselves on their reason and fortitude, they simultaneously insist upon the necessity of protecting women from the very realities of life which would necessitate the exercise of those very qualities. One wonders if such protection is truly benevolent, or merely a convenient means of maintaining control.",108,ai_mimicked,Austen,Gender Roles
"The limited sphere allotted to women frequently leads to a degree of artifice which, while perhaps unavoidable, is nonetheless regrettable. Deprived of opportunities for genuine influence or public recognition, ladies are often compelled to exert their power through more subtle means – through the manipulation of social engagements, the careful cultivation of alliances, and the judicious deployment of flattery. It is a game, to be sure, and one in which the stakes are high, for a woman’s reputation is her most valuable possession. To be perceived as lacking in tact or discretion is to risk social ostracism, a consequence which few ladies are willing to endure.",106,ai_mimicked,Austen,Gender Roles
"One cannot help but remark upon the peculiar emphasis placed upon a young lady’s blush, as if a momentary alteration in the complexion could somehow signify the entirety of her character. A modest downcast eye, a delicate flush – these are deemed essential attributes of feminine virtue, and yet, are they not easily feigned? Indeed, a lady skilled in the arts of deception could undoubtedly employ such devices to conceal a multitude of failings. It is a curious notion, that outward appearances should be considered a reliable indicator of inner worth, particularly in a society where propriety often demands the concealment of one’s true sentiments.",105,ai_mimicked,Austen,Gender Roles
"It is a truth universally acknowledged, or at least frequently asserted by gentlemen of a certain age and disposition, that a woman’s sphere is confined to the domestic; a notion, one might observe, conveniently serving to justify their own pursuits and freedoms. Yet, to declare the accomplishments requisite for a wife merely needlework and pianoforte is to betray a lamentable want of comprehension regarding the faculties with which Providence has endowed her sex. For surely, a mind capable of discerning character, of managing a household, and of offering sensible conversation, requires cultivation as much as any masculine intellect, and to deny it is not a protection, but a deprivation – both to the woman herself, and, indeed, to society which loses the benefit of her refined understanding. One cannot help but wonder if such restrictions are born of genuine concern, or merely a fear of being outshone.",147,ai_mimicked,Austen,Gender Roles
"The eagerness with which young ladies are encouraged to secure a husband, often before possessing any true acquaintance with their own hearts, is a spectacle which cannot fail to provoke reflection. It is not, of course, to be imagined that a comfortable establishment is undesirable; far from it. But to present marriage as the *sole* object of a woman’s existence, to measure her worth by her prospects of alliance, is a practice which diminishes her person and fosters a degree of artifice most unbecoming. One observes, with some regret, how quickly sensibility is sacrificed upon the altar of propriety, and genuine affection supplanted by a calculating prudence, all in the pursuit of a title or a fortune. Such a system, one fears, produces less happiness than it promises.",128,ai_mimicked,Austen,Gender Roles
"Much is made of a young lady’s delicacy, a quality which, whilst not entirely without merit, is frequently employed as a convenient excuse for intellectual indolence. To be deemed too fragile to engage in serious discourse, too sensitive to withstand a lively debate, is, in effect, to be rendered powerless. It is a curious paradox that those who most vehemently insist upon female weakness are often the very same who expect women to bear the burdens of family honour and social consequence with unwavering fortitude. One suspects that this ‘delicacy’ is less a natural attribute and more a carefully constructed constraint, designed to maintain the existing order of things.",109,ai_mimicked,Austen,Gender Roles
"The disparity in education afforded to young men and women is a matter deserving of considerable attention. Whilst the former are encouraged to pursue classical learning, to engage in public life, and to cultivate a breadth of knowledge, the latter are generally confined to accomplishments deemed ‘suitable’ – languages, music, drawing – pursuits which, though agreeable enough, scarcely equip them for the complexities of the world. It is not, perhaps, that women are incapable of mastering the higher branches of learning, but rather that society deems it unnecessary, even improper, for them to do so. Such a limitation, however, serves only to perpetuate their dependence and to restrict their opportunities.",110,ai_mimicked,Austen,Gender Roles
"One cannot but observe the peculiar emphasis placed upon a woman’s reputation, a fragile thing easily shattered by a single indiscretion, and yet rebuilt with astonishing difficulty. A gentleman, it seems, may indulge in certain freedoms with a degree of impunity, whilst a lady is held to a standard of impeccable behaviour which borders on the impossible. This unequal application of moral scrutiny is, to say the least, unjust, and it fosters a climate of fear and constraint, wherein women are perpetually anxious to avoid even the *appearance* of impropriety. It is a system which, whilst ostensibly designed to protect, ultimately serves to control.",104,ai_mimicked,Austen,Gender Roles
"It is a truth universally acknowledged, or at least frequently asserted by gentlemen of a certain disposition, that a young lady’s value lies almost entirely in her accomplishments; and yet, one cannot but observe the curious inconsistency with which these accomplishments are regarded. A proficiency in music, drawing, or even a passable skill at the pianoforte, is deemed essential, of course, to render a woman agreeable; but should that same woman possess a mind too keenly engaged with matters beyond the domestic sphere, a taste for independent thought, or – Heaven forfend – an inclination towards rational discourse, she is swiftly labelled as unfeminine, and consequently, undesirable. It seems a woman must be both accomplished *and* agreeably ignorant, a feat requiring a delicate balance, and one which few, alas, manage to achieve to the satisfaction of discerning society.",138,ai_mimicked,Austen,Gender Roles
"The expectations placed upon young ladies regarding matrimony are, to be sure, a source of perpetual amusement, and occasionally, of genuine distress. One is expected to exhibit a delicate sensibility, a willingness to be guided, and a cheerful acquiescence in the arrangements made for her future happiness – arrangements, it must be understood, rarely consulted with the lady herself. To possess a strong preference, or, worse still, to *declare* one, is considered a most unseemly display of forwardness, and a certain impediment to a favourable match. It is a curious paradox, is it not, that a woman should be encouraged to cultivate her affections, yet punished for allowing them to exert any influence upon her judgement?",116,ai_mimicked,Austen,Gender Roles
"Much is made of the necessity for female modesty, and indeed, a degree of reserve is undoubtedly becoming; yet, one cannot help but question the extent to which this modesty serves as a convenient tool for maintaining the existing order. A woman who speaks her mind freely, who dares to challenge convention, or who exhibits an independent spirit, is often dismissed as impertinent or, worse, as lacking in proper decorum. Such accusations, one suspects, are less concerned with genuine breaches of propriety and more with the preservation of a system wherein female agency is viewed with a distinctly unfavourable eye. The consequence, naturally, is a stifling of intellect and a perpetuation of inequality.",113,ai_mimicked,Austen,Gender Roles
"The influence wielded by mothers over their daughters’ prospects is a subject deserving of considerable attention. While a mother’s affection and guidance are, of course, invaluable, it is frequently observed that such influence is exerted with a view to securing advantageous connections, rather than to fostering genuine happiness. A daughter’s inclinations are too often sacrificed upon the altar of social ambition, and her future dictated by considerations of fortune and rank. One cannot but lament the instances where a young lady, possessed of a sweet disposition and amiable qualities, is compelled to unite herself to a man for whom she feels no affection, all in the name of propriety and worldly advantage.",112,ai_mimicked,Austen,Gender Roles
"It is frequently remarked that a woman’s sphere is the home, and that her duties lie in the management of her household and the care of her family. While these are undoubtedly important responsibilities, to suggest that they constitute the entirety of a woman’s capabilities is, to put it mildly, a gross undervaluation. To confine a woman’s intellect and ambition to the domestic sphere is not only unjust, but also a lamentable waste of potential. Surely, a mind capable of discernment, wit, and compassion is not to be relegated solely to the ordering of linen and the supervision of the nursery, but may be employed in pursuits of a more elevated and intellectually stimulating nature, should opportunity allow.",118,ai_mimicked,Austen,Gender Roles
"It is a truth universally acknowledged, or at least frequently asserted by gentlemen of a certain age and disposition, that a woman’s understanding is best employed upon matters of domesticity, and that any inclination towards intellectual pursuits must inevitably lead to a deficiency in those softer graces which render her agreeable to her husband and useful in her household. One observes, however, a curious inconsistency in this pronouncement, for are not the management of an estate, the education of children, and the very ordering of a social evening all tasks demanding a degree of discernment and judgment which might, in a gentleman, be termed ‘reason’? Yet to acknowledge such capacity in a female is, it seems, to threaten the very foundations of established order, a consequence too dreadful to contemplate for those whose comfort relies upon a perceived natural superiority.",140,ai_mimicked,Austen,Gender Roles
"The present age affords a peculiar spectacle in its expectations of young ladies; they are to be accomplished, certainly, in all the refinements of music, drawing, and needlework, yet possessed of a delicacy of constitution which renders them incapable of enduring any exertion beyond a gentle stroll or a brief performance at the pianoforte. A robust health, indicative of an active mind and a vigorous spirit, is viewed with suspicion, as though such qualities might lead to an unwelcome independence of thought, or, heaven forbid, a preference for pursuits deemed unsuitable to their sex. It is a curious paradox, that in striving to cultivate sensibility, we often succeed only in producing a fragility of character, ill-equipped to navigate the inevitable disappointments of life.",123,ai_mimicked,Austen,Gender Roles
"One cannot but remark the frequency with which a young lady’s prospects are discussed solely in relation to her eligibility in the marriage market, as though her person were merely a commodity to be exchanged for fortune or social standing. Her own inclinations, her intellectual capacities, her very character, are frequently deemed of secondary importance, overshadowed by the considerations of a suitable connection. It is a system which, while perhaps ensuring a degree of financial security, does little to encourage the development of genuine affection or mutual respect, and often results in unions founded upon expediency rather than true compatibility – a circumstance which, one suspects, contributes to a considerable amount of domestic unhappiness.",114,ai_mimicked,Austen,Gender Roles
"The notion that a woman’s sphere is confined to the home, while seemingly offering a haven of security, can, in truth, prove a most restrictive prison. To be denied the opportunity to cultivate one’s talents, to exercise one’s judgment upon matters of public concern, is to be rendered intellectually stagnant, and to forfeit a significant portion of one’s potential. It is not, surely, a matter of wishing to usurp the authority of gentlemen, but rather of desiring the freedom to contribute to society in a manner commensurate with one’s abilities, and to find fulfillment beyond the narrow confines of domestic duty, a prospect which, alas, is often met with disapproval.",110,ai_mimicked,Austen,Gender Roles
"Much is made of female modesty, and rightly so, for propriety is the cornerstone of a well-regulated society. Yet, there exists a subtle distinction between genuine virtue and a timidity born of constraint, a difference often overlooked by those eager to enforce conformity. A woman who possesses a lively mind and a strong sense of self-worth is not necessarily deficient in modesty, but rather may express her opinions with a degree of candour which is mistaken for forwardness. To stifle such qualities in the name of decorum is, in effect, to diminish her very essence, and to deprive the world of a valuable and independent spirit – a consequence which, though perhaps unintended, is nonetheless regrettable.",116,ai_mimicked,Austen,Gender Roles
"It is a truth universally acknowledged, or at least frequently asserted by gentlemen of a certain age and disposition, that a woman’s understanding is best employed upon matters of domesticity, and that any inclination towards intellectual pursuits must inevitably lead to a deficiency in those softer graces which render her agreeable to her husband and useful in her household. One observes, however, a curious inconsistency in this pronouncement, for are not the management of estates, the education of children, and the very ordering of a family’s finances exercises demanding of no small degree of reason and discernment? Yet these are tasks entrusted solely to the female sex, and to question their capacity for such responsibilities would be considered, naturally, a most improper and unsettling proposition.",125,ai_mimicked,Austen,Gender Roles
"The eagerness with which young ladies are encouraged to secure a husband, and the almost frantic pursuit of a suitable establishment, does, one cannot help but remark, rather diminish their value in any other sphere. To be accomplished in music, drawing, and perhaps a smattering of French is deemed sufficient preparation for matrimony, as if a cultivated mind and a discerning judgment were wholly unnecessary appendages to a pretty face and a modest fortune. It is a lamentable circumstance that so many are taught to view marriage as their sole ambition, thereby forfeiting the opportunity to develop talents which, were they properly nurtured, might prove a source of both personal satisfaction and, dare one suggest, benefit to society at large.",120,ai_mimicked,Austen,Gender Roles
"Much is made of female delicacy, and indeed, a certain degree of reserve is undoubtedly becoming; yet it frequently appears that this supposed frailty serves as a convenient excuse for restricting a woman’s liberty and denying her access to knowledge. To shield her from every unpleasant sensation, to confine her to a narrow circle of acquaintance, is to render her utterly incapable of navigating the complexities of life, and to leave her at the mercy of any artful or designing individual who might choose to exploit her innocence. Surely, a woman equipped with a sound education and a robust constitution is far better prepared to withstand the inevitable trials of existence than one perpetually languishing in a state of sheltered dependence.",121,ai_mimicked,Austen,Gender Roles
"One cannot but observe the peculiar emphasis placed upon a young lady’s reputation, as if a single indiscretion, however slight, could irrevocably ruin her prospects in life. While propriety is, of course, to be maintained, the severity with which female errors are judged stands in stark contrast to the leniency afforded to gentlemen who engage in similar transgressions. A man’s failings are often dismissed as youthful exuberance or the consequence of unavoidable temptations, whereas a woman’s are viewed as evidence of a fundamental moral deficiency. Such a disparity in judgment is, to say the least, inequitable, and reveals a troubling bias in the prevailing social code.",106,ai_mimicked,Austen,Gender Roles
"The notion that a woman’s happiness is entirely dependent upon her marital state is a sentiment frequently expressed, and one which, though perhaps well-intentioned, is demonstrably false. To believe that a husband is the sole source of contentment is to underestimate the capacity of the female spirit for independent thought and self-reliance. Many a lady finds greater satisfaction in the pursuit of intellectual endeavors, the cultivation of friendships, or the exercise of charitable works than she ever could within the confines of a loveless or ill-suited marriage. It is a consequence of limited opportunity, rather than inherent weakness, that so many resign themselves to a life of domestic servitude.",109,ai_mimicked,Austen,Gender Roles
"It is a truth universally acknowledged, or at least frequently asserted by gentlemen of a certain age and disposition, that a woman’s understanding is best employed upon matters of domesticity, and that any inclination towards intellectual pursuits must inevitably lead to a deficiency in those softer graces which render her agreeable to her husband and useful in her household. One observes, however, a curious inconsistency in this pronouncement, for are not the management of estates, the education of children, and the very ordering of a family’s finances exercises demanding of no small degree of reason and discernment? Yet these are tasks entrusted solely to the female sex, and to question their capacity for such responsibilities would be considered, naturally, a most improper and unsettling proposition.",125,ai_mimicked,Austen,Gender Roles
"The eagerness with which young ladies are encouraged to secure a husband, and the almost frantic pursuit of a suitable establishment, does, one might observe, rather diminish their standing in society than elevate it. For what consequence can accrue to a female whose value is measured solely by the size of her fortune or the rank of her connections? It is a lamentable spectacle to witness accomplishments, which might otherwise serve to refine the mind and cultivate a taste for the finer arts, being sacrificed upon the altar of matrimony, merely to ensure a comfortable provision. One cannot but suspect that such a system, whilst ostensibly designed to protect women, in truth serves only to confine them within a sphere of dependence and limited opportunity.",125,ai_mimicked,Austen,Gender Roles
"Much is made of female delicacy, and indeed, a certain degree of reserve is undoubtedly becoming; yet it frequently appears that this supposed frailty is employed as a convenient excuse for denying women the same freedoms and privileges accorded to their male counterparts. A gentleman may travel unaccompanied, engage in business affairs, and express his opinions without fear of censure, whilst a lady is expected to remain within the confines of her home, her actions constantly scrutinized, and her sentiments carefully guarded. Is it not a curious paradox that the very qualities deemed essential to a woman’s character – modesty, humility, and a gentle disposition – should also serve to render her powerless?",113,ai_mimicked,Austen,Gender Roles
"The influence which a woman may exert, though often subtle and indirect, is by no means to be underestimated. It is frequently asserted that ladies possess no true agency in the affairs of the world, yet who is it that shapes the manners of society, dictates the standards of taste, and inspires the affections of men? A lady, possessing a lively mind and a discerning judgment, may wield a power far greater than any bestowed by wealth or station. However, such influence is rarely acknowledged, and even more rarely employed for purposes beyond the securing of a favourable match, a consequence most regrettable to those who value sensibility and independent thought.",111,ai_mimicked,Austen,Gender Roles
"One cannot help but remark upon the peculiar emphasis placed upon a young lady’s accomplishments, as though proficiency in music, drawing, or needlework could compensate for a deficiency in good sense or a want of moral principle. Whilst such skills are, undoubtedly, agreeable accomplishments, and may serve to render a lady more attractive in the eyes of a suitor, they are, in truth, of little consequence when weighed against the qualities of a well-regulated mind and a virtuous character. It is a sad reflection upon the state of society that so much importance is attached to superficial accomplishments, and so little to the cultivation of genuine worth.",107,ai_mimicked,Austen,Gender Roles
"It is a truth universally acknowledged, or at least frequently asserted by those most invested in the matter of appearances, that a handsome face and a fashionable bonnet are sufficient passports to any degree of esteem. One observes, however, with a degree of quiet contemplation, how readily such advantages are employed to conceal a lamentable deficiency of understanding. Miss Penrose, for instance, possessed a complexion of the most delicate bloom and a talent for arranging ribbons which bordered on the artistic, yet her conversation rarely extended beyond the merits of the last ball or the cut of a gentleman’s coat. To expect from her a thought of consequence on any subject requiring even moderate intellectual exertion would, one fears, be an exercise in the most egregious folly, and yet, such is the power of superficial attractions, she remains perpetually surrounded by admirers, all too willing to overlook her want of substance.",151,ai_mimicked,Austen,Superficiality
"The pursuit of eligibility, it must be confessed, often leads to the most curious distortions of judgement. Lady Beatrice, a woman of undeniable fortune and, one might add, equally undeniable opinion, declared young Mr. Harrington a most promising match, solely on the grounds that his estate boasted a particularly fine view. That the gentleman himself was possessed of a temper bordering on the morose and a conversation consisting almost entirely of agricultural improvements seemed to her of little moment. Indeed, she appeared to consider such qualities as positively advantageous, believing them to indicate a seriousness of purpose which, in her estimation, outweighed any trifling inconvenience to social enjoyment. Such a preference, though perhaps not entirely uncommon, remains a striking illustration of the lengths to which propriety can be stretched in the service of a comfortable establishment.",136,ai_mimicked,Austen,Superficiality
"One cannot but remark the peculiar eagerness with which certain individuals embrace any novelty, however trivial, merely to demonstrate their acquaintance with the latest fashions. Mrs. Ainsworth, having recently returned from a brief sojourn in London, now insists upon serving ices at every meal, regardless of the season or the digestive capabilities of her guests. It is not the ices themselves which are so objectionable, though their chilling effect upon the constitution is undeniable, but rather the ostentatious display of their consumption, as if to proclaim her access to the very pinnacle of refinement. Such affectation, while perhaps intended to impress, serves only to betray a certain insecurity, a desperate need for validation in the eyes of those whose esteem she so ardently seeks.",124,ai_mimicked,Austen,Superficiality
"The art of flattery, though universally acknowledged as a form of deception, continues to flourish in the most respectable circles. Mr. Featherstonehaugh, a gentleman whose fortune far exceeds his wit, is particularly susceptible to its charms, and readily bestows his favour upon any who are willing to echo his own opinions, however ill-founded they may be. He appears to believe that genuine regard is expressed through unreserved agreement, and is quite incapable of distinguishing between sincere admiration and artful compliance. One observes, with a mixture of amusement and concern, how readily he is led by the nose, and how little he suspects the motives of those who so diligently attend to his every utterance. A want of sensibility, perhaps, or merely a surfeit of self-importance.",125,ai_mimicked,Austen,Superficiality
"It is a melancholy truth that the cultivation of the mind is frequently sacrificed upon the altar of social ambition. Young ladies, possessed of considerable talents, are often discouraged from pursuing intellectual pursuits, lest such endeavours should render them less attractive in the marriage market. Their time is instead devoted to accomplishments of a more superficial nature – music, dancing, and the art of polite conversation – all deemed essential for securing a suitable establishment. One cannot help but lament the waste of so much potential, the stifling of so many promising intellects, all in the name of propriety and the relentless pursuit of a husband. The consequence, one fears, is a society populated by amiable, but ultimately unremarkable, women.",120,ai_mimicked,Austen,Superficiality
"It is a truth universally acknowledged, or at least frequently asserted by those most invested in the matter of appearances, that a handsome face and a fashionable bonnet are deemed sufficient qualifications for any degree of esteem. One observes, however, with a degree of quiet contemplation, how readily such superficial attractions command attention, eclipsing, as they so often do, qualities of a far more enduring nature. Miss Penrose, for instance, possessed a complexion of undeniable bloom and a talent for arranging ribbons with a skill bordering on artistry, yet her conversation, when one could penetrate the flutter of compliments and inquiries after the latest millinery, proved remarkably devoid of substance, a circumstance which, though readily overlooked by the gentlemen of her acquaintance, did not escape the notice of those whose judgements were guided by a somewhat stricter principle of discernment.",140,ai_mimicked,Austen,Superficiality
"The pursuit of admiration, it seems, frequently leads young ladies into a most lamentable state of self-deception. To believe oneself captivating merely because one is *considered* so by a succession of eager, and, one suspects, rather short-sighted admirers, is a vanity which rarely fails to produce consequences of a decidedly unpleasant nature. Mrs. Bellingham, with her perpetual simpering and affected airs, was a case in point; convinced of her own irresistible charms, she imagined every glance a declaration, every compliment a proposal, and consequently, found herself perpetually disappointed when gentlemen, after a few polite exchanges, invariably turned their attention to those whose merits extended beyond a pleasing countenance and a talent for embroidery.",113,ai_mimicked,Austen,Superficiality
"One cannot but remark the curious facility with which individuals contrive to mistake activity for accomplishment. To be constantly *doing* something – attending balls, visiting acquaintances, participating in every fashionable amusement – is, it appears, considered a sufficient justification for a lack of genuine intellectual pursuit. Lady Ashworth, for example, flitted from one social engagement to another with an energy that would have done credit to a post-boy, yet her opinions on any subject beyond the latest novelties in dress or the merits of a particular pianoforte player were, to say the least, remarkably shallow, a deficiency she endeavoured to conceal beneath a torrent of cheerful, and entirely inconsequential, chatter.",110,ai_mimicked,Austen,Superficiality
"The importance attached to family connections, while undeniably a feature of our social structure, often leads to an undue elevation of those whose sole claim to distinction rests upon the consequence of their birth. To be descended from a noble line, it is presumed, automatically confers a degree of superiority, regardless of personal merit. Young Mr. Fortescue, though possessed of little fortune and even less sensibility, was treated with a deference quite disproportionate to his actual worth, simply because his grandfather had held a position of some prominence in the previous reign. Such considerations, one fears, frequently obstruct the path of those whose talents and virtues might otherwise secure them a more deserving recognition.",114,ai_mimicked,Austen,Superficiality
"It is a melancholy truth that the art of discerning genuine worth is becoming increasingly rare. The prevalence of flattery, the eagerness to please, and the general desire to avoid giving offence, all contribute to a climate of amiable, yet ultimately deceptive, civility. One finds oneself surrounded by individuals who profess to admire everything and condemn nothing, rendering any attempt at sincere conversation a most arduous undertaking. Miss Elmsworth, with her perpetual assurances of agreement and her carefully neutral expressions, was a perfect example of this unfortunate tendency, a quality which, while undoubtedly securing her a wide circle of acquaintances, did little to inspire either affection or respect.",108,ai_mimicked,Austen,Superficiality
"It is a truth universally acknowledged, or at least frequently asserted by those most invested in the matter of appearances, that a handsome face and a fashionable bonnet are deemed sufficient qualifications for any degree of esteem. One observes, however, with a degree of quiet contemplation, how readily such superficial attractions command attention, eclipsing, as they so often do, qualities of a far more enduring nature. Miss Penrose, for instance, possessed a complexion of undeniable bloom and a talent for arranging ribbons with a skill bordering on artistry, yet her conversation, when one could penetrate the flutter of compliments and inquiries after the latest millinery, proved remarkably devoid of substance, a circumstance which, though readily overlooked by the gentlemen of her acquaintance, did not escape the notice of those whose judgements were guided by a somewhat stricter principle of discernment.",140,ai_mimicked,Austen,Superficiality
"The pursuit of admiration, it seems, frequently leads young ladies into a most lamentable state of self-deception. To believe oneself captivating merely because one is *considered* so by a succession of eager, and, one suspects, rather short-sighted admirers, is a vanity which rarely fails to produce consequences of a decidedly unpleasant nature. Mrs. Bellingham, with her perpetual simpering and affected airs, was a case in point; convinced of her own irresistible charms, she imagined every glance a declaration, every polite enquiry a proposal, and consequently, found herself perpetually disappointed when gentlemen failed to conduct themselves with the ardour she deemed her due. Such a disposition, though perhaps excusable in youth, becomes decidedly tiresome with the passage of time.",118,ai_mimicked,Austen,Superficiality
"One cannot but remark the curious facility with which individuals contrive to mistake politeness for genuine affection, and civility for a settled regard. A gentleman, merely because he offers his arm to a lady during a country dance, or engages her in a brief exchange of pleasantries concerning the weather, is immediately pronounced a most attentive and agreeable companion. It is a delusion, of course, fostered by a willingness to believe the best, and a reluctance to acknowledge the possibility of indifference. Yet, experience teaches that such attentions are often bestowed with the utmost impartiality, and signify little beyond a desire to avoid awkwardness or fulfil the dictates of propriety.",110,ai_mimicked,Austen,Superficiality
"The art of flattery, though universally condemned in principle, remains, in practice, a remarkably effective instrument for gaining favour. It is astonishing how readily even those of the most sensible disposition are susceptible to its influence, particularly when delivered with a degree of artful sincerity. Miss Everly, a young lady possessed of a considerable fortune but a somewhat deficient understanding, was, for example, entirely captivated by Mr. Finch’s elaborate compliments regarding her musical accomplishments, despite the fact that her performance on the pianoforte was, to put it mildly, lacking in precision. One could only conclude that the sweetness of his praise outweighed any consideration of its veracity.",107,ai_mimicked,Austen,Superficiality
"Indeed, the world is replete with examples of individuals who place an undue emphasis upon external accomplishments, neglecting, in their eagerness for applause, the cultivation of those internal virtues which truly merit esteem. To be accomplished in needlework, or to possess a talent for sketching landscapes, is undoubtedly agreeable; but such accomplishments, however pleasing to the eye, are of little consequence without the accompanying qualities of good sense, genuine kindness, and a well-regulated mind. One fears that in the present age, such considerations are too often sacrificed upon the altar of fashion and frivolous amusement, to the detriment of both individual character and societal harmony.",105,ai_mimicked,Austen,Superficiality
"It is a truth universally acknowledged, or at least frequently asserted by those most invested in the matter of appearances, that a handsome face and a fashionable bonnet are deemed sufficient qualifications for any degree of esteem. One observes, however, with a degree of quiet contemplation, how readily such superficial attractions command attention, eclipsing, as they so often do, qualities of a far more enduring nature. Miss Penrose, for instance, possessed a complexion of undeniable bloom and a talent for arranging ribbons with a skill bordering on artistry, yet her conversation, when one could penetrate the flutter of compliments and inquiries after the latest millinery, proved remarkably devoid of substance, a circumstance which, though readily overlooked by the gentlemen of her acquaintance, did not escape the notice of those whose judgements were guided by a somewhat stricter principle of discernment.",140,ai_mimicked,Austen,Superficiality
"The pursuit of admiration, it seems, frequently leads young ladies into a most lamentable state of self-deception. To believe oneself captivating merely because one is *considered* so by a succession of eager, and, one suspects, rather short-sighted admirers, is a vanity which rarely fails to produce consequences of a decidedly unpleasant nature. Mrs. Bellingham, with her incessant display of finery and her carefully cultivated air of languid grace, was a striking example of this folly; she imagined her charms irresistible, whilst those of a more discerning disposition perceived only a desperate attempt to conceal a deficiency of genuine sensibility and a lamentable want of intellectual resources.",106,ai_mimicked,Austen,Superficiality
"One cannot but remark the peculiar facility with which certain individuals contrive to elevate trivial accomplishments into matters of the utmost importance. The ability to execute a particularly intricate piece of needlework, or to perform a sonata with a degree of technical proficiency, is often lauded as evidence of a superior mind, whilst a capacity for sound judgement, or a genuine affection for learning, is frequently dismissed as pedantry or, worse still, a lack of feminine grace. It is a curious inversion of values, and one which speaks volumes regarding the prevailing standards of society, where the *show* of accomplishment is so often preferred to the substance itself.",108,ai_mimicked,Austen,Superficiality
"Indeed, the art of conversation, so essential to the agreeable passing of an evening, is too often sacrificed upon the altar of fashionable topics and empty compliments. To discuss the merits of a new play, or the cut of a gentleman’s coat, may occupy a considerable portion of one’s time, but it scarcely constitutes an exchange of ideas worthy of the name. Miss Everly, though possessed of a considerable fortune and a connection of some consequence, rendered herself remarkably tiresome by her unwavering adherence to such superficialities, leaving one to suspect that a more profound engagement with the world might prove altogether beyond her capacity.",105,ai_mimicked,Austen,Superficiality
"The consequences of valuing outward show above all else are, of course, manifold and rarely beneficial. A young lady who bases her expectations upon the attentions of those captivated by her person alone, rather than upon a genuine understanding of character, is likely to find herself sorely disappointed. For beauty, alas, is a fleeting possession, and a pretty face, however charming in its prime, will inevitably succumb to the ravages of time. It is, therefore, a matter of some importance that young women cultivate those qualities of mind and heart which will endure long after the bloom of youth has faded, and secure for them a degree of respect and affection founded upon something more substantial than mere appearance.",119,ai_mimicked,Austen,Superficiality
"It is a truth universally acknowledged, or at least frequently asserted by those most invested in the matter of appearances, that a handsome face and a fashionable bonnet are deemed sufficient qualifications for any degree of esteem. One observes, however, with a degree of quiet contemplation, how readily such superficial attractions command attention, eclipsing, as they so often do, qualities of a far more enduring nature. Miss Penrose, for instance, possessed a complexion of undeniable bloom and a talent for arranging ribbons with a skill bordering on artistry, yet her conversation, when one could penetrate the flutter of compliments and inquiries after the latest millinery, proved remarkably devoid of substance, a circumstance which, though readily overlooked by the gentlemen of her acquaintance, did not escape the notice of those whose judgements were guided by a somewhat stricter principle of discernment.",140,ai_mimicked,Austen,Superficiality
"The pursuit of admiration, it seems, frequently leads young ladies into a most lamentable state of self-deception. To believe oneself captivating merely because one is *considered* so by a succession of eager, and, one suspects, rather short-sighted admirers, is a vanity which rarely fails to produce consequences of a decidedly unpleasant nature. Mrs. Bellingham, with her perpetual simpering and affected airs, was a case in point; convinced of her own irresistible charms, she imagined every glance a declaration, every compliment a proposal, and consequently, found herself perpetually disappointed when gentlemen, after a few polite exchanges, invariably turned their attention to those whose merits extended beyond a pleasing countenance and a talent for small talk.",114,ai_mimicked,Austen,Superficiality
"One cannot but remark the curious facility with which individuals contrive to mistake activity for accomplishment. To be constantly *doing* something – attending balls, visiting acquaintances, engaging in charitable works – is, it appears, considered a sufficient justification for a lack of genuine intellectual or moral cultivation. Lady Ashworth, for example, flitted from one engagement to another with an energy that would have done credit to a post-boy, yet her opinions on any subject of consequence were invariably borrowed from the last novel she had perused, and her benevolence, though generously displayed, lacked the solid foundation of true understanding. Such busyness, one fears, is often merely a refuge from the discomfort of self-reflection.",113,ai_mimicked,Austen,Superficiality
"The art of discerning true worth amidst a throng of pretenders is, alas, a skill too rarely cultivated. It requires, one might suggest, a degree of sensibility which is frequently sacrificed upon the altar of fashion and convenience. To look beyond the surface, to penetrate the veil of polite conversation and observe the genuine character beneath, demands a degree of patience and discernment which few possess. Mr. Harrington, though possessed of a fortune and a respectable lineage, was universally admired for his affability, yet those who observed his dealings with his tenants and his treatment of his dependents could not fail to perceive a selfishness and a lack of principle which rendered his amiable exterior utterly deceptive.",117,ai_mimicked,Austen,Superficiality
"It is a melancholy truth that the world is often governed less by reason and propriety than by the whims of fashion and the dictates of vanity. The consequence is a society in which genuine merit is frequently overlooked, and superficial accomplishments are held in the highest esteem. Miss Elmsworth, though possessed of a mind cultivated by reading and a disposition naturally inclined to kindness, found herself consistently overshadowed by her sister, whose sole qualifications consisted of a fashionable figure and a talent for attracting the attention of the gentlemen. Such instances, though regrettable, serve as a constant reminder of the imperfections inherent in human judgement and the enduring power of appearances.",112,ai_mimicked,Austen,Superficiality
"It is a truth universally acknowledged, or at least frequently asserted by those most invested in the matter of appearances, that a handsome face and a fashionable bonnet are deemed sufficient qualifications for any degree of esteem. One observes, however, with a degree of quiet contemplation, how readily such superficial attractions command attention, eclipsing, as they so often do, qualities of a far more enduring nature. Miss Penrose, for instance, possessed a complexion of undeniable bloom and a talent for arranging ribbons with a skill bordering on artistry, yet her conversation, when one could penetrate the flutter of compliments and inquiries after the latest millinery, proved remarkably devoid of substance, a circumstance which, though readily overlooked by the gentlemen of her acquaintance, did not escape the notice of those whose judgements were guided by a somewhat stricter principle of discernment.",140,ai_mimicked,Austen,Superficiality
"The pursuit of admiration, it seems, frequently leads young ladies into a most lamentable state of self-deception, wherein they mistake the fleeting compliments of a suitor for genuine regard. To believe oneself captivating merely because another finds it convenient to declare such, is a weakness which, though common, is rarely excused by those who possess a proper understanding of the human heart. Mrs. Bellingham, with her perpetual simpering and artful displays of sensibility, was a prime example of this folly, convinced, as she was, that every glance directed her way signified a declaration of passion, when, in truth, it was more likely prompted by a desire to ascertain the extent of her latest extravagance. Such vanity, one fears, is seldom rewarded with lasting happiness.",124,ai_mimicked,Austen,Superficiality
"One cannot but remark the peculiar emphasis placed upon accomplishments, as though proficiency at the pianoforte or a passable watercolour could compensate for a deficiency in moral character. It is a notion, perhaps, born of a desire to categorize and assess individuals with a minimum of genuine inquiry, for surely a delicate touch upon the keys reveals little of a person’s integrity or kindness. Lady Ashworth, though celebrated for her musical talents, was universally acknowledged to be a woman of the most disagreeable disposition, a fact which, though whispered behind fans, did little to diminish the attendance at her soirees, such is the power of a well-executed sonata to distract from less agreeable qualities.",114,ai_mimicked,Austen,Superficiality
"The eagerness with which some are disposed to judge others by their connections is a source of perpetual amusement, and, indeed, a rather pointed illustration of the prevailing want of true judgement. To be allied to a family of consequence, it appears, is considered a substitute for all personal merit, a notion which, if pursued to its logical conclusion, would render industry and good sense entirely superfluous. Young Mr. Finch, though possessed of neither fortune nor particularly engaging manners, found himself suddenly elevated in the estimation of several eligible young ladies upon the announcement of his uncle’s recent acquisition of a baronetcy, a circumstance which proved, beyond all doubt, the triumph of pedigree over propriety.",115,ai_mimicked,Austen,Superficiality
"It is a melancholy truth that the art of conversation is becoming increasingly neglected, replaced by a series of pronouncements intended more to display one’s own knowledge than to elicit genuine exchange. To listen, truly listen, to another’s thoughts appears to be a faculty lost upon the present generation, who seem to believe that a constant stream of self-regard is the most agreeable form of social interaction. Miss Davenport, with her relentless monologue on the subject of her own health and accomplishments, was a constant offender in this regard, leaving her unfortunate companions little opportunity to contribute to the discourse, or indeed, to escape with any degree of their sensibility intact.",111,ai_mimicked,Austen,Superficiality
"It is a truth universally acknowledged, or at least frequently asserted by those most invested in the matter of appearances, that a handsome face and a fashionable bonnet are sufficient passports to any degree of esteem. One observes, however, with a degree of quiet contemplation, how readily such advantages are employed to conceal a paucity of understanding, and how little genuine merit is required to maintain the illusion. Miss Penrose, for instance, possessed a complexion of undeniable bloom and a talent for arranging ribbons which bordered on the artistic; yet, to engage her in conversation beyond the topics of millinery and the latest pianoforte performance was to discover a mind as barren as a winter field, and a sensibility scarcely extending beyond the discomfort of a misplaced curl. Such accomplishments, though highly valued in the marriage mart, offer little solace in the more substantial concerns of life.",147,ai_mimicked,Austen,Superficiality
"The eagerness with which young ladies pursue the favour of gentlemen, particularly those possessed of fortune, is a spectacle which never fails to provoke a certain degree of amusement, mingled with a touch of concern. It is not, of course, to be expected that considerations of affection should invariably govern their choice; prudence, after all, dictates a degree of calculation. But when one witnesses the frantic efforts to attract attention – the exaggerated displays of wit, the studied graces, the artful arrangement of one’s person – one cannot help but question the sincerity of the sentiments professed. To be agreeable, it seems, is considered a far more pressing obligation than to *be* genuine, and the consequence is a society riddled with artifice and devoid of true connection.",127,ai_mimicked,Austen,Superficiality
"Mrs. Hawthorne, a lady whose reputation for good taste was exceeded only by her determination to uphold it, declared with unwavering conviction that a well-furnished drawing-room was the very foundation of a happy marriage. One might have ventured to suggest that a mutual esteem, a compatibility of temper, or even a modest competence would prove more enduring supports; but such notions were clearly beyond her comprehension. She viewed the domestic sphere as a matter of outward show, a stage upon which one must constantly perform the role of a gracious hostess, and considered any deviation from established propriety as a personal affront. It was a pity, perhaps, that she devoted so much energy to the arrangement of her furniture and so little to the cultivation of her understanding.",128,ai_mimicked,Austen,Superficiality
"The present generation, it is frequently lamented, possesses a lamentable deficiency in the art of letter-writing. Epistolary correspondence, once considered a refined and essential accomplishment, is now reduced to a series of hurried notes, devoid of elegance or thoughtfulness. One receives missives which read more like mercantile accounts than expressions of genuine sentiment, filled with a catalogue of trivial occurrences and lacking any trace of wit or observation. It is a consequence, no doubt, of the increasing pace of life and the diminished value placed upon leisure and reflection. To compose a letter worthy of preservation requires a degree of cultivation and a willingness to engage in the delicate art of self-expression, qualities which, alas, appear to be in increasingly short supply.",122,ai_mimicked,Austen,Superficiality
"To observe the conduct of young men newly come into possession of an estate is often a source of both amusement and apprehension. Flush with fortune and intoxicated by the deference they receive, they are apt to imagine themselves possessed of a superior wisdom and a captivating charm. Mr. Ashworth, for example, having inherited a considerable fortune from a distant uncle, immediately declared his intention of reforming the entire county, beginning with the improvement of the local roads and the establishment of a new subscription library. He failed, of course, to consider that such undertakings require more than mere enthusiasm and a generous purse, and that a degree of humility and a willingness to listen to the advice of others might prove advantageous. His sensibility, it seemed, was entirely consumed by the novelty of his own importance.",137,ai_mimicked,Austen,Superficiality
"It is a truth universally acknowledged, or at least frequently asserted by those most invested in the matter of appearances, that a handsome face and a fashionable bonnet are sufficient passports to any degree of esteem. One observes, however, with a degree of quiet contemplation, how readily such advantages are employed to conceal a paucity of understanding, and how little genuine merit is required to maintain the illusion. Miss Penrose, for instance, possessed a complexion of undeniable bloom and a talent for arranging ribbons which bordered on the artistic; yet, to engage her in conversation beyond the topics of millinery and the latest pianoforte performance was to discover a mind as barren as a winter field, and a sensibility scarcely extending beyond the discomfort of a misplaced curl. Such accomplishments, though highly valued in the marriage mart, offer little solace in the more substantial concerns of life.",147,ai_mimicked,Austen,Superficiality
"The eagerness with which young ladies pursue the favour of gentlemen, particularly those possessed of fortune, is a spectacle which never fails to provoke a certain degree of amusement, mingled with a touch of concern. It is not, of course, to be expected that considerations of affection should invariably govern their choice; prudence, after all, dictates a degree of calculation. But when one witnesses the frantic efforts to attract attention – the exaggerated displays of wit, the studied graces, the artful arrangement of one’s person – one cannot help but question the sincerity of the sentiments professed. To be agreeable, it seems, is considered a far more pressing obligation than to *be* genuine, and the consequence is a society riddled with affectation and devoid of true connection.",127,ai_mimicked,Austen,Superficiality
"Mrs. Hawthorne, a lady whose reputation for good taste was exceeded only by her determination to uphold it, declared with unwavering conviction that a well-furnished drawing-room was the very foundation of a happy marriage. One might have ventured to suggest that a mutual esteem, a compatibility of temper, or even a modest competence would prove more enduring supports; but such notions were clearly beyond her comprehension. She viewed the domestic sphere as a matter of outward show, a stage upon which one must constantly perform the role of a gracious hostess, and considered any deviation from established propriety as a personal affront. It was a pity, perhaps, that she devoted so much energy to the arrangement of her furniture and so little to the cultivation of her understanding.",128,ai_mimicked,Austen,Superficiality
"The art of flattery, so readily employed and so easily received, is a curious phenomenon. One observes how readily individuals are persuaded to believe in their own superiority by the merest whisper of praise, and how little scrutiny they apply to the motives of those who offer it. Sir Reginald, a gentleman not remarkable for his discernment, was particularly susceptible to this weakness, and could be induced to perform the most extravagant acts of generosity by a few well-chosen compliments. His consequence, in his own estimation at least, was vastly inflated by the attentions of those who sought to profit from his vanity, and he remained blissfully unaware of the ridicule to which he was subjected behind his back.",119,ai_mimicked,Austen,Superficiality
"It is a common failing, and one which frequently leads to disappointment, to judge individuals solely upon the basis of their connections. A family of established rank and fortune invariably commands a degree of respect, regardless of the personal qualities of its members. Miss Tremaine, though possessed of neither beauty nor accomplishments, found herself the object of considerable attention simply by virtue of her lineage. Her manners, though decidedly lacking in refinement, were excused as the natural consequence of her elevated station, and her deficiencies of character were conveniently overlooked. Such considerations, though undeniably unjust, are unfortunately too often permitted to outweigh the claims of merit and sensibility.",108,ai_mimicked,Austen,Superficiality
"It is a truth universally acknowledged, or at least frequently asserted by those most invested in the matter of appearances, that a handsome face and a fashionable bonnet are sufficient passports to any degree of esteem. One observes, however, with a degree of quiet contemplation, how readily such advantages are employed to conceal a lamentable deficiency of understanding, or, indeed, of any genuine feeling. Miss Penrose, for instance, possessed a complexion of the most delicate bloom, and a talent for arranging ribbons which bordered on the artistic; yet, to converse with her for more than five minutes was to discover a mind occupied solely with the cut of a gown or the eligibility of a partner for the next country dance, a pursuit which, whilst perfectly permissible, scarcely elevates the soul. Such accomplishments, though highly valued in certain circles, are, one fears, of a fleeting and insubstantial nature.",148,ai_mimicked,Austen,Superficiality
"The eagerness with which young ladies pursue the acquisition of trifling accomplishments, solely with a view to captivating a gentleman’s attention, is a spectacle which never fails to provoke a mixture of amusement and concern. Needlework, pianoforte playing, and a smattering of French – these are deemed essential qualifications, not for the conduct of life, or the cultivation of the mind, but merely for the securing of a husband. It is a curious inversion of propriety, is it not, that a woman should dedicate her energies to rendering herself agreeable, rather than to becoming truly accomplished? One cannot but suspect that such endeavours, however successful in the short term, are founded upon a most precarious basis, and that a gentleman of discernment will eventually perceive the emptiness which lies beneath the glittering surface.",133,ai_mimicked,Austen,Superficiality
"Mrs. Hawthorne, a lady whose fortune far exceeded her sensibility, was particularly devoted to the promotion of superficiality within her acquaintance. She believed, with an unwavering conviction, that the possession of expensive trinkets and a well-appointed carriage were substitutes for all other virtues. Indeed, she frequently declared that a woman of quality had no need of learning or good sense, provided she could display a sufficient degree of elegance and extravagance. It was a sentiment which, though shocking to those of more refined principles, was perfectly consistent with her own character, and served to explain the remarkable success she enjoyed in attracting the admiration of those whose judgment was easily swayed by outward show. The consequence, naturally, was a society steeped in vapidity.",123,ai_mimicked,Austen,Superficiality
"One is perpetually struck by the readiness with which individuals accept the opinions of others, particularly when those opinions are delivered with an air of confidence and authority. It matters little whether the speaker possesses any genuine knowledge or understanding; it is the manner, rather than the matter, which commands attention. Mr. Finch, a gentleman whose intellectual capacity was, to put it mildly, limited, was nevertheless regarded as a man of profound wisdom, simply because he possessed a talent for declaiming upon any subject with an unwavering conviction. His pronouncements, though frequently devoid of sense, were invariably received with respectful silence, a testament, perhaps, to the prevailing preference for conformity over independent thought.",113,ai_mimicked,Austen,Superficiality
"The art of flattery, so readily employed and so easily detected, continues to hold an undue sway over the human heart. It is a weakness to which even the most sensible individuals are occasionally susceptible, and one which is invariably exploited by those who seek to gain an advantage. Miss Elmsworth, though possessed of a considerable fortune and a respectable family connection, was nonetheless remarkably vain, and readily succumbed to the blandishments of any gentleman who happened to praise her complexion or her accomplishments. One could not help observing, with a degree of pity, how easily she was deceived by such transparent artifices, and how little she valued the sincerity of genuine affection.",113,ai_mimicked,Austen,Superficiality
"It is a truth universally acknowledged, or at least frequently asserted by those most invested in the matter of appearances, that a handsome face and a fashionable bonnet are sufficient passports to any degree of esteem. One observes, however, with a degree of quiet contemplation, how readily such advantages are employed to conceal a paucity of understanding, and how little genuine merit is required to maintain the illusion. Miss Penrose, for instance, possessed a complexion of undeniable bloom and a talent for arranging ribbons which bordered on the artistic; yet, to engage her in conversation beyond the topics of millinery and the latest quadrille was to discover a mind as barren as a winter field, and a sensibility scarcely extending beyond the discomfort of a misplaced curl. Such accomplishments, though highly valued in the marriage mart, offer little solace in the more substantial concerns of life, a consequence too often overlooked in the eagerness for a pleasing connection.",158,ai_mimicked,Austen,Superficiality
"The prevalence of superficial judgements is, perhaps, nowhere more evident than in the drawing-room, that carefully constructed arena where reputations are made and broken with equal facility. One might suppose, observing the studied grace with which ladies offer compliments and receive attentions, that sincerity was a virtue entirely discarded, replaced by a delicate art of calculated politeness. Mrs. Featherstonehaugh, a lady whose fortune far exceeded her understanding, was particularly adept at this performance, bestowing praise with a lavish hand upon accomplishments she could not comprehend and expressing concern for ailments she scarcely noticed. It was, one suspected, less a matter of genuine feeling than a demonstration of her own consequence, a subtle assertion of her position within the social hierarchy, and a means of securing reciprocal flattery.",127,ai_mimicked,Austen,Superficiality
"To be admired for one’s possessions, rather than for one’s character, is a misfortune which befalls too many, and one which, it must be confessed, is often actively cultivated. The late Sir Reginald, though possessed of a temper as sour as unripe fruit, enjoyed a considerable degree of respect solely by virtue of his extensive estates and his collection of antique snuffboxes. His neighbours, though perfectly aware of his disagreeable disposition, were nevertheless eager to secure his favour, hoping to benefit from his influence or perhaps to gain access to his library. Such behaviour, while undeniably pragmatic, does little to elevate the tone of society, and encourages a lamentable disregard for genuine worth. Propriety, it seems, is frequently sacrificed upon the altar of self-interest.",124,ai_mimicked,Austen,Superficiality
"It is a curious observation, and one which frequently affords amusement, how readily individuals adopt the opinions of those they deem fashionable, regardless of their own internal convictions. Young Mr. Harrington, a gentleman of moderate intellect but considerable ambition, was, until recently, a staunch advocate for the established order; yet, upon the arrival of Lord Ashworth, a notorious radical, he suddenly discovered a profound sympathy for reform and a previously unsuspected disdain for tradition. One could scarcely believe it was the same man who, but a fortnight prior, had vehemently defended the privileges of the aristocracy. Such a transformation, though perhaps not entirely unexpected, serves as a potent reminder of the fragility of principle and the power of social influence.",120,ai_mimicked,Austen,Superficiality
"The pursuit of admiration, when divorced from any genuine merit, invariably leads to disappointment, though those thus afflicted are seldom quick to recognise the source of their unhappiness. Miss Elmsworth, a lady whose chief accomplishment lay in the art of attracting attention, found herself perpetually surrounded by admirers, yet remained perpetually discontented. She lamented the lack of true affection, the absence of profound understanding, and the general superficiality of those who sought her company, entirely failing to perceive that these very deficiencies were a direct consequence of her own vanity and her relentless pursuit of fleeting praise. A more judicious cultivation of her mind, one might suggest, would have yielded a far more lasting and satisfying reward.",117,ai_mimicked,Austen,Superficiality
"The garret, a wretched chamber scarcely fit for the housing of rats, possessed a singular stillness, broken only by the mournful ticking of a clock – a sound which, to Mr. Silas Cratchit, newly widowed and cast adrift from the bustling currents of life, echoed the hollow beat of his own despairing heart. He had been a man of modest consequence, a clerk of small renown, yet even amongst the thronging streets of London, a multitude pressing ever forward, he now felt himself utterly, irrevocably alone, as though separated by an invisible wall from the warmth of human fellowship, a spectral figure haunting the edges of a world that had moved on without him, leaving him to grapple with a grief so profound it threatened to consume his very soul, a darkness settling upon him like the perpetual fog that clung to the river’s banks.",145,ai_mimicked,Dickens,Social Isolation
"Old Mrs. Hemlock, a woman whose face bore the map of a long and solitary existence, sat perpetually by her window, observing the comings and goings of neighbours she dared not greet. It was not, mind you, a matter of ill-will, but rather a creeping paralysis of the spirit, born of years spent in quietude, a silence so complete it had become a tangible presence in her small, meticulously ordered rooms. Each passing face was a fleeting reminder of connections lost, of opportunities unseized, of a life lived largely within the confines of her own thoughts, a prison of politeness and regret. And so she remained, a silent sentinel, watching the world unfold, yet never truly *within* it, a poignant illustration of how readily the human heart can wither from lack of gentle converse.",134,ai_mimicked,Dickens,Social Isolation
"Young Master Finch, though surrounded by the trappings of wealth and privilege – a grand house, attentive servants, a wardrobe overflowing with fine clothes – suffered a loneliness more acute than any beggar in the alleyways. For his father, a man consumed by ambition and the relentless pursuit of fortune, had deemed affection a weakness, and thus the boy grew up starved of kindness, his days filled with lessons and lectures, his evenings echoing with emptiness. He longed for a companion, a confidante, a single soul to whom he might reveal the anxieties that gnawed at his youthful spirit, but found only cold formality and the stifling weight of expectation, a gilded cage wherein his heart slowly, surely, began to break.",121,ai_mimicked,Dickens,Social Isolation
"The docks, a labyrinth of ropes and timber and the ceaseless cries of gulls, were a place of constant motion, yet for Bartholomew Pike, recently arrived from the countryside, they represented a desolate expanse of unfamiliarity. He had come to London seeking his fortune, brimming with naive hope, but the city, vast and indifferent, had swallowed him whole, leaving him adrift in a sea of faces, each hurrying past with a purpose he could not fathom. He yearned for the familiar fields and friendly faces of his village, for the comforting rhythm of rural life, but found only a bewildering chaos and a profound sense of displacement, a stranger in a strange land, utterly bereft of solace or direction.",119,ai_mimicked,Dickens,Social Isolation
"Miss Eleanor Ainsworth, possessed of a delicate constitution and a sensibility too refined for the coarser realities of the world, had retreated into a self-imposed exile within her own drawing-room. The slightest disturbance – a raised voice, a boisterous laugh – sent tremors through her fragile nerves, and so she avoided society, preferring the company of her books and the melancholic strains of her pianoforte. It was a life of quiet desperation, a slow fading away from the vibrant tapestry of existence, and though she possessed a keen intellect and a generous heart, these gifts lay dormant, unused, obscured by a veil of timidity and a fear of the world’s harsh judgements, a poignant example of how isolation can stifle even the most promising of blooms.",126,ai_mimicked,Dickens,Social Isolation
"The garret, you understand, was not merely a room, but a sepulchre of the spirit, a cramped and airless box wherein young Timothy Cratchit, not the youngest of the Cratchit brood, but burdened nonetheless with a sensibility too keen for this rough world, found himself increasingly confined, not by timbers and plaster alone, but by a silence more dreadful than any clamour. For though the streets below throbbed with the ceaseless pulse of London – the cries of vendors, the rumble of carts, the hurried footsteps of men intent upon their gain – none of it penetrated to his lonely height, none of it offered a hand across the gulf that yawned between his quiet contemplation and the bustling, heedless lives of those below. He watched them, a phantom peering from a shadowed window, and felt himself, with each passing day, diminish into a mere speck, a forgotten atom in the vast, indifferent machinery of the city.",157,ai_mimicked,Dickens,Social Isolation
"Old Mr. Grimshaw, a man whose fortune had been amassed through dealings best left unmentioned, resided in a mansion of such imposing grandeur that it seemed to actively repel approach, a fortress built not of stone alone, but of cold disdain and calculated isolation. He possessed, it was whispered amongst the servants – those few who dared to speak of him at all – a library filled with volumes he never read, a cellar stocked with wines he never tasted, and a heart, one suspected, quite devoid of warmth or human fellowship. His days were spent in solitary perambulations of his vast estate, a spectral figure haunting the manicured lawns and echoing corridors, a living testament to the corrosive power of wealth when divorced from kindness, a chilling illustration of how a man might possess everything and yet be utterly, profoundly alone.",142,ai_mimicked,Dickens,Social Isolation
"Miss Havisham’s peculiar state, as all who knew of it readily acknowledged, was not merely the consequence of a broken heart, though that, assuredly, played its part, but a deliberate, almost architectural construction of solitude. She had, after the cruel abandonment at the altar, elected to freeze time itself, to preserve the moment of her despair in aspic, surrounding herself with the decaying remnants of a wedding feast and the ghostly echoes of a happiness forever lost. And in doing so, she had not simply withdrawn *from* society, but had actively erected barriers *against* it, cultivating a manner so eccentric, so unsettling, that few dared to cross her threshold, leaving her to wander amongst the dust and shadows, a prisoner of her own making, a monument to the perils of unchecked grief.",132,ai_mimicked,Dickens,Social Isolation
"The workhouse, a grim and forbidding edifice, stood as a stark reminder of the precariousness of existence, a place where the unfortunate, the destitute, and the aged were relegated to a state of near-total anonymity. Within its walls, faces blurred into a homogenous mass of suffering, names were replaced by numbers, and the very essence of individuality was systematically eroded. Each inmate, though surrounded by others, existed in a bubble of profound loneliness, cut off from the comforts of family, the solace of friendship, and the dignity of self-respect. It was a place where hope itself withered and died, leaving only a desolate landscape of broken spirits and unacknowledged tears, a chilling spectacle of human disconnection.",116,ai_mimicked,Dickens,Social Isolation
"Consider, if you will, the plight of young Barnaby Rudge, not for his unfortunate entanglement with matters of a decidedly criminal nature, but for the peculiar circumstance of his upbringing, shrouded in secrecy and shielded from the common gaze. His mother, a woman consumed by a grief she dared not articulate, had kept him cloistered away, a fragile bloom protected from the harsh winds of the world, yet, in so doing, had deprived him of the very nourishment his soul required. He knew little of companionship, less of trust, and possessed a halting, awkward manner that marked him as an outsider, a creature apart. And so, though surrounded by the bustling life of London, he remained, in essence, a solitary figure, adrift in a sea of faces, yearning for connection yet unable to bridge the chasm of his isolation.",139,ai_mimicked,Dickens,Social Isolation
"The garret, a wretched chamber scarcely fit for the housing of rats, possessed a singular stillness, broken only by the mournful ticking of a clock – a sound which, to Mr. Silas Cratchit, echoed the hollow beat of his own neglected heart. He had dwelt within its confines these ten years, a voluntary exile from the bustling thoroughfares and convivial gatherings of London, not by decree of law or circumstance, but by a self-imposed severance, a gradual withdrawal into the shadowed corners of his own soul. Each passing day witnessed a further entrenchment within this solitude, a building of walls not of brick and mortar, but of regret and unacknowledged sorrow, until the very air grew thick with the dust of forgotten affections and the chill of unshared tears, and the world outside seemed a vibrant, mocking spectacle viewed through a pane of frosted glass.",145,ai_mimicked,Dickens,Social Isolation
"Old Mrs. Hemlock, a creature of habit and dwindling means, found herself increasingly marooned upon the island of her own recollections, a desolate shore where the tides of present company rarely ventured. Her once-full parlour, a haven for gossiping neighbours and boisterous grandchildren, now stood perpetually draped in a funereal gloom, the polished surfaces reflecting only the spectral image of her own loneliness. Though surrounded by the very fabric of a life richly lived, she existed as a phantom within it, her voice, once a cheerful chime, reduced to a tremulous whisper lost amongst the ticking of grandfather clocks and the rustling of forgotten letters – a poignant testament to the cruel indifference of time and the slow, insidious creep of isolation upon the aged heart.",126,ai_mimicked,Dickens,Social Isolation
"Young Master Finch, possessed of a fortune considerable enough to purchase the affections of many, discovered, to his profound dismay, that gold could not buy genuine companionship. He moved amongst the glittering assemblies of the fashionable world, a solitary figure adorned in silks and jewels, yet utterly devoid of warmth or sincere regard. Each proffered smile felt a calculated gesture, each compliment a hollow echo, and the laughter that surrounded him served only to amplify the aching emptiness within. He longed for a single, honest glance, a word spoken not for gain, but from the heart, yet found himself perpetually adrift in a sea of superficiality, a gilded cage constructed of polite indifference and avaricious intent.",116,ai_mimicked,Dickens,Social Isolation
"The docks, a labyrinth of ropes and timber and the ceaseless cries of gulls, offered little solace to Bartholomew Pike, a mariner returned from the furthest reaches of the globe, yet strangely estranged from his native shore. He walked amongst his fellow countrymen, yet felt a gulf wider than any ocean separating him from their concerns and affections. Years spent battling tempestuous seas and navigating foreign lands had rendered him a stranger in his own home, his tales of adventure met with polite disinterest or outright disbelief. The familiar scent of London fog, once a welcome sign of homecoming, now carried the bitter tang of rejection, a constant reminder of his displacement and the profound loneliness of a soul unmoored.",120,ai_mimicked,Dickens,Social Isolation
"Miss Arabella Croft, a lady of considerable accomplishments and even more considerable reserve, cultivated a garden of solitude around her person with a meticulous and unwavering hand. Her days were spent in the pursuit of scholarly endeavours, her evenings in the quiet contemplation of ancient texts, and her interactions with the outside world reduced to the barest necessities. Though not actively shunned, she remained aloof, a delicate bloom protected by thorns of propriety and a deep-seated fear of vulnerability. And so, she existed, a refined and elegant prisoner within the fortress of her own making, a poignant illustration of how even amidst abundance and privilege, the human heart may wither and fade for want of genuine connection.",117,ai_mimicked,Dickens,Social Isolation
"The garret, sir, was a chamber fit only for the brooding of despair, a dismal attic wherein the very dust motes seemed to dance a melancholy jig with loneliness as their partner; and within its meagre confines resided Old Man Hemlock, a creature so utterly divorced from the bustling currents of humanity that one might have deemed him a phantom, scarcely tethered to this earthly sphere. He had, in his younger days, possessed a trade – a modest one, to be sure, involving the mending of broken toys – but years of quiet neglect, of unreturned civilities and unanswered greetings, had woven around him a shroud of isolation so complete that even the children, once eager for his skilled hand to restore their cherished playthings, now passed his doorway with averted eyes and quickened pace, as though fearing contagion from his sorrow. A dreadful solitude, indeed, and one which gnawed at the very foundations of his being.",157,ai_mimicked,Dickens,Social Isolation
"Mrs. Grimalkin, a widow of some repute – or rather, of a reputation earned through years of unyielding severity and a disposition as sour as unripe gooseberries – found herself, despite the considerable bustle of the market square, strangely and profoundly alone. Surrounded by vendors hawking their wares and customers engaged in lively bartering, she existed as a spectral presence, untouched by the warmth of human interaction. It was not merely the absence of a husband’s hand to clasp, nor the lack of children’s laughter to fill her days, but a self-imposed exile, a deliberate erecting of barriers against all who might offer comfort or companionship. She viewed the world, and all within it, with a jaundiced eye, convinced of its inherent wickedness, and thus, condemned herself to a perpetual winter of the soul, a chilling testament to the perils of a heart grown hard and unforgiving.",147,ai_mimicked,Dickens,Social Isolation
"Young Master Cecil, heir to a considerable fortune yet burdened by a most peculiar affliction – a crippling shyness which rendered him incapable of uttering a coherent sentence in the presence of another – wandered the grand halls of Blackwood Manor as a prisoner within his own privilege. Though surrounded by servants eager to anticipate his every whim, and a family anxious to see him take his place in society, he remained a solitary figure, lost in a labyrinth of unspoken thoughts and unexpressed desires. The very opulence of his surroundings served only to accentuate his isolation, each gilded frame and velvet curtain a mocking reminder of the joys he could not share, the connections he could not forge, a poignant illustration of how wealth, without the balm of human connection, can become a most desolate possession.",137,ai_mimicked,Dickens,Social Isolation
"The fog, sir, that clung to the riverbanks was but a visible manifestation of the miasma of loneliness that enveloped the unfortunate Mr. Peabody, a clerk of the most diligent, yet utterly overlooked, sort. He toiled ceaselessly within the counting-house, his days a monotonous procession of figures and ledgers, his evenings spent in a cramped lodging, devoid of all comfort and cheer. No friendly voice greeted him at the door, no hand offered a warm welcome; he was, in truth, a cipher, a nameless face lost within the teeming multitudes of the great city. And though he yearned, with a quiet desperation, for the simple solace of human companionship, he lacked the courage, or perhaps the skill, to bridge the chasm that separated him from his fellow men, a tragic fate for a soul so earnestly seeking connection.",138,ai_mimicked,Dickens,Social Isolation
"Consider, if you will, the plight of Miss Eleanor Vance, a lady of considerable accomplishments – she possessed a talent for watercolour painting that would have graced the walls of any academy – yet condemned to a life of quiet desperation within the confines of her aunt’s imposing, yet joyless, residence. Her days were filled with the tedious routines of needlework and polite conversation, but her heart, ah, her heart craved something more – a kindred spirit, a sympathetic ear, a hand to hold in the gathering darkness. But her aunt, a woman of rigid propriety and unwavering social convention, deemed such desires unseemly, and thus, Miss Vance remained a prisoner of circumstance, her artistic talents stifled, her affections unrequited, a delicate flower wilting in the shadow of societal expectation, a most lamentable spectacle of enforced solitude.",137,ai_mimicked,Dickens,Social Isolation
"The garret, a wretched chamber scarcely fit for the housing of rats, possessed a singular stillness, broken only by the mournful ticking of a clock – a sound which, to Mr. Silas Grimshaw, echoed the very beat of his solitary heart. He had withdrawn, you see, not by inclination, but by a gradual, insidious process of circumstance, until the bustling thoroughfares of London might as well have been leagues beneath the ocean for all connection he retained with their vibrant, teeming life. Friends, once plentiful as autumn leaves, had drifted away, their calls becoming less frequent, their smiles more strained, until at last, silence descended – a silence more oppressive than any clamour, for it spoke not of peace, but of utter, desolate abandonment, a chilling testament to the ease with which a man may become a phantom in his own time.",142,ai_mimicked,Dickens,Social Isolation
"Old Mrs. Featherstonehaugh, a woman whose face bore the map of a thousand sorrows, sat perpetually by her window, observing the world with eyes that had long ceased to find solace in its spectacle. It was not merely age, though that played its part, which confined her to such a spectral existence, but a profound and aching loneliness, born of a family scattered to the four winds, each pursuing their own fortunes with a heedlessness that pierced her aged heart like slivers of ice. The very sunlight, streaming through the dusty panes, seemed to avoid her, as if even nature recoiled from the weight of her isolation, a poignant illustration of how readily society can cast aside those who no longer contribute to its relentless, forward march, leaving them to wither in the shadows of forgotten affections.",137,ai_mimicked,Dickens,Social Isolation
"Young Master Cecil, though surrounded by the trappings of wealth and privilege – a grand estate, attentive servants, a library overflowing with volumes – suffered a malady of the spirit far more grievous than any physical ailment. He was, in truth, a prisoner within his own grandeur, unable to forge genuine connections with those who sought only his fortune or his station. Their laughter rang hollow, their compliments felt like shackles, and the very air within his opulent halls seemed thick with a suffocating emptiness. Thus, he wandered the corridors, a solitary figure amidst abundance, a living embodiment of the truth that material possessions, however plentiful, can never fill the void left by a lack of true companionship, a most lamentable spectacle indeed.",123,ai_mimicked,Dickens,Social Isolation
"The docks, a labyrinth of ropes and timber and the cries of gulls, offered a strange sort of refuge to Bartholomew Finch, a man whose past was shrouded in a mist of regret and unspoken shame. He sought not companionship, nor even acknowledgement, but merely the anonymity afforded by the ceaseless activity, the constant flux of humanity that allowed him to blend into the background, a shadow amongst shadows. Each face was a stranger, each voice a distant murmur, and in this deliberate obscurity, he found a perverse comfort, a shield against the judgement he so keenly anticipated, a testament to the enduring power of guilt to drive a man into the furthest reaches of self-imposed exile.",117,ai_mimicked,Dickens,Social Isolation
"Miss Arabella Croft, a lady of considerable accomplishments yet possessing a disposition as brittle as spun glass, found herself increasingly confined to the drawing-room, a gilded cage of her own making. Her sharp wit and discerning intellect, once the delight of many a gathering, had, through a series of unfortunate misunderstandings and perceived slights, become weapons of defense, driving away potential friends and leaving her to cultivate a garden of resentments. And so, she sat, surrounded by embroidered cushions and porcelain figurines, a solitary queen upon a crumbling throne, a cautionary tale of how pride, unchecked and untempered by kindness, can blossom into a most desolate and isolating bloom.",109,ai_mimicked,Dickens,Social Isolation
"The garret, sir, was a chamber fit only for the brooding of despair, a dismal attic wherein the very dust motes seemed to dance a melancholy jig with loneliness as their partner; and old Mr. Grimshaw, within its confines, existed as one scarcely existing at all, a spectral presence haunting the edges of a bustling city, yet utterly divorced from its warmth and fellowship. Years had spun themselves into a silken cord of solitude, binding him tighter with each passing season, since the cruel hand of fortune had swept away his family, leaving him naught but echoing memories and the gnawing ache of a heart grown brittle with disuse. He received no callers, sought no company, and the postman, after a time, ceased even the formality of a knock, merely slipping the occasional bill – a grim reminder of his continued, yet spectral, tenancy – beneath the door, as if addressing a ghost rather than a man.",157,ai_mimicked,Dickens,Social Isolation
"Observe, if you will, the figure of young Eliza, flitting through the crowded marketplace like a shadow amongst substance, her eyes downcast, her movements hesitant, as though fearing to intrude upon the joyous commerce of others. Though surrounded by a throng of chattering vendors and bustling shoppers, she remained profoundly, tragically alone, a delicate flower crushed beneath the weight of circumstance and societal indifference. Her father’s ruin, a tale of speculative folly and merciless creditors, had cast her adrift, stripping her of her former station and leaving her to navigate the labyrinthine streets of London with only a threadbare shawl and a heart full of apprehension. Each smiling face was a mirror reflecting her own desolation, each burst of laughter a painful echo of the happiness she had lost, and perhaps, would never regain.",134,ai_mimicked,Dickens,Social Isolation
"It was a peculiar isolation, mind you, not born of poverty alone, though poverty certainly played its part, but rather of a singular, unsettling eccentricity that set Mr. Silas Blackwood apart from his fellow men. He possessed a vast and learned mind, crammed with obscure knowledge and philosophical musings, yet utterly incapable of translating these treasures into the common currency of human interaction. He spoke in riddles and allusions, his conversation a tangled web of erudition that left his listeners bewildered and, ultimately, retreating into the safe harbour of their own simpler thoughts. Thus, he became a voluntary exile, a scholar marooned upon the island of his own intellect, observing the world with a detached curiosity, yet forever barred from its comforting embrace.",123,ai_mimicked,Dickens,Social Isolation
"The workhouse, a grim and forbidding edifice, stood as a monument to the callous indifference of a society that readily cast aside those deemed inconvenient or unproductive, and within its bleak walls, old Mother Hubbard found herself enveloped in a loneliness more profound than any she had previously known. Though surrounded by fellow sufferers, each burdened by their own tales of woe and misfortune, she remained utterly disconnected, a solitary vessel adrift in a sea of despair. The communal meals, the regimented routines, the constant presence of others – all served only to amplify her sense of isolation, reminding her, with each passing hour, of the family she had lost and the life she had left behind, a life now reduced to a fading memory and a hollow ache in her breast.",132,ai_mimicked,Dickens,Social Isolation
"Consider the plight of Captain Harding, a man once accustomed to command and the hearty camaraderie of seafaring life, now reduced to wandering the docks, a spectral figure amongst the bustling activity, his uniform threadbare, his spirit broken. The loss of his ship, a vessel he had captained with pride for twenty years, had not merely deprived him of his livelihood, but had severed him from the very fabric of his existence, leaving him adrift in a world he no longer understood. He sought solace in the familiar sights and smells of the harbour, yet found only a sharper awareness of his own displacement, a poignant reminder of the life that had slipped through his fingers like grains of sand, leaving him stranded on the shores of solitude, a forgotten mariner in a sea of indifference.",136,ai_mimicked,Dickens,Social Isolation
"The garret, a wretched chamber scarcely fit for the housing of rats, possessed a singular stillness, broken only by the mournful ticking of a clock – a sound which, to Mr. Silas Cratchit, newly widowed and cast adrift from the bustling currents of society, echoed the hollow beat of his own despairing heart. He had been a man of modest consequence, a clerk of some diligence, yet now, with the light of his domestic felicity extinguished, he found himself as utterly alone as a ship becalmed upon a trackless ocean. No friendly hand extended to draw him from the shadows, no cheerful voice to penetrate the gloom that had settled upon his soul, only the relentless march of time and the gnawing certainty that he was, for all intents and purposes, invisible to the world beyond his crumbling walls, a phantom haunting the edges of existence.",146,ai_mimicked,Dickens,Social Isolation
"Old Mrs. Hemlock, a creature of habit and rigid observance, resided in a house so crammed with possessions – relics of a bygone era, each imbued with a melancholy significance – that one might have deemed it a repository for forgotten sorrows. Yet, amidst this abundance, she suffered a loneliness more profound than any poverty could inflict, for her wealth, amassed through years of shrewd calculation, had erected a barrier between herself and genuine companionship. Visitors came, of course, drawn by the prospect of advantage or the mere curiosity of witnessing her eccentricities, but none truly *saw* the woman within, the frail, yearning spirit trapped within a fortress of mahogany and faded velvet, forever lamenting the absence of a single, uncalculating affection.",122,ai_mimicked,Dickens,Social Isolation
"The docks, a labyrinth of ropes and timber and the ceaseless clamour of industry, might seem a place of bustling connection, yet young Timothy, newly arrived from the countryside, discovered within its teeming throngs a solitude more acute than any he had known amongst the quiet fields of his youth. Surrounded by faces, each etched with the cares and concerns of their own laborious lives, he remained a stranger, a cipher in a world that offered no welcome, no guidance, no glimmer of understanding. He yearned for a kind word, a shared glance, a simple acknowledgement of his presence, but found only indifference, a chilling testament to the vast, impersonal machinery of the city, grinding relentlessly onward, heedless of the solitary figure lost within its gears.",126,ai_mimicked,Dickens,Social Isolation
"Miss Arabella Featherstonehaugh, possessed of a fortune considerable enough to purchase a small principality, found herself, despite the constant flutter of social engagements and the attentions of numerous suitors, afflicted by a most peculiar and debilitating isolation. For these gentlemen, she perceived with a clarity that bordered on despair, sought not her company, but her coin; their compliments were hollow echoes, their smiles mere masks concealing avarice. She longed for a discourse of the mind, a connection of the soul, a genuine regard untainted by the pursuit of worldly gain, but such a treasure, she feared, was forever beyond her reach, a phantom glimpsed only in the wistful imaginings of a heart grown weary of pretense.",116,ai_mimicked,Dickens,Social Isolation
"The fog, a greasy, yellow shroud, had descended upon London with a particularly oppressive weight, mirroring, as it were, the spiritual desolation that gripped the unfortunate Mr. Ebenezer Pruitt. Dismissed from his position as a bookkeeper – a consequence of a minor, yet unforgivable, error in the ledgers – he wandered the streets, a spectral figure lost in the swirling miasma, utterly divorced from the warmth and conviviality of human interaction. Each passing face was a blur, each sound a distant murmur, as if he were observing life through a pane of glass, unable to participate, unable to connect, a solitary soul adrift in a sea of indifference, condemned to bear the burden of his misfortune in silence and obscurity, a testament to the cruel capriciousness of fate.",128,ai_mimicked,Dickens,Social Isolation
"The garret, a wretched chamber scarcely fit for the housing of rats, possessed a singular stillness, broken only by the mournful ticking of a clock – a sound which, to Mr. Silas Cratchit, newly widowed and cast adrift from the bustling currents of society, echoed the hollow beat of his own despairing heart. He had been a man of modest consequence, a clerk of some diligence, yet now, with the light of his domestic felicity extinguished, he found himself as utterly alone as a ship becalmed upon a trackless ocean. No friendly hand extended to draw him from the shadows, no voice offered solace, only the creeping damp and the gnawing recollection of laughter now forever silenced, a testament to the cruel indifference with which the world regards those who stumble and fall from grace, or merely from comfort.",139,ai_mimicked,Dickens,Social Isolation
"Old Mrs. Hemlock, a creature of habit and rigid observance, resided in a house so crammed with possessions – relics of a bygone era, each imbued with a melancholy significance – that one might have deemed it a repository for lost souls rather than a dwelling for the living. Yet, within those cluttered walls, she existed in a solitude more profound than any desert, for though surrounded by objects, she was utterly devoid of companionship. Her days unfolded with the monotonous regularity of a pendulum’s swing, each hour marked not by joy or connection, but by the aching awareness of faces vanished, of voices stilled, and of a heart grown brittle with the frost of years and the chilling weight of utter, unyielding isolation.",124,ai_mimicked,Dickens,Social Isolation
"The fog, a greasy, yellow miasma, clung to the streets of London like a shroud, mirroring, in its oppressive embrace, the spiritual desolation of young Master Finch. Expelled from school for a youthful indiscretion – a trifling matter, perhaps, yet one which severed him from the only semblance of belonging he had ever known – he wandered aimlessly, a phantom amongst the bustling crowds, unseen and unregarded. He observed the families hurrying home, the shopkeepers attending to their trade, the lovers strolling arm-in-arm, and felt a pang of longing so acute it threatened to overwhelm him, a stark reminder of the warmth and connection from which he was irrevocably estranged, a castaway upon the shores of his own making.",119,ai_mimicked,Dickens,Social Isolation
"Consider, if you will, the plight of Miss Arabella Thorne, a lady of considerable fortune, yet possessed of a temperament so delicate, so prone to melancholy, that she had, by degrees, withdrawn from all social intercourse. Her grand estate, though replete with every luxury, became a gilded cage, its vastness only serving to amplify the emptiness within. Servants flitted about her like shadows, attending to her every whim, yet none dared to penetrate the fortress of her sorrow. She existed, one might say, as a ghost in her own lifetime, a solitary figure haunting the halls of her ancestral home, a poignant illustration of how wealth, without the balm of affection, can prove a most wretched and desolate possession.",119,ai_mimicked,Dickens,Social Isolation
"The docks, a labyrinth of ropes and timbers and the ceaseless cries of gulls, offered a grim spectacle of human disconnection. Amongst the throng of sailors, merchants, and laborers, one might observe, with a heavy heart, the figure of Captain Harding, a man once renowned for his daring voyages and convivial spirit, now reduced to a state of listless apathy. Having lost his ship – and with it, his livelihood and reputation – he drifted amongst the crowds, a forgotten relic of a more glorious past, his eyes vacant, his shoulders stooped, a living embodiment of the crushing weight of misfortune and the isolating power of ruin, a testament to the fragility of fortune and the swiftness with which a man can be cast into the wilderness of solitude.",129,ai_mimicked,Dickens,Social Isolation
"The garret, a wretched chamber scarcely fit for the housing of rats, possessed a singular stillness, broken only by the mournful ticking of a clock – a sound, one might fancy, measuring not the passage of time, but the dwindling of a human spirit within. Old Mr. Grimshaw, a man once esteemed in the counting-houses and convivial gatherings of the city, now sat shrouded in a solitude so complete, so utterly devoid of warmth or fellowship, that it seemed to cling to him like the damp and dust of his neglected surroundings. He had wealth, aye, a considerable fortune amassed through years of diligent, if somewhat unscrupulous, trade, yet what good were guineas and shillings when there was no hand to clasp, no voice to greet him with genuine affection, no eye to reflect the flickering embers of his own declining life? A chilling spectacle it was, to witness a man thus marooned upon the island of his own prosperity, a testament to the cruel irony that riches, so often sought as a bulwark against loneliness, can, in truth, serve only to amplify its desolate power.",186,ai_mimicked,Dickens,Social Isolation
"Mrs. Featherstonehaugh, a lady of delicate sensibilities and a lineage stretching back to respectable, though impoverished, gentry, found herself increasingly confined within the gilded cage of her own drawing-room. Though surrounded by the trappings of comfort – plush velvet, gleaming mahogany, and an abundance of porcelain ornaments – a profound and aching emptiness pervaded her existence. Her husband, a man consumed by the relentless pursuit of social advancement, treated her with a polite indifference, preferring the company of his clubmates and the clamour of political debate to the quiet solace of her presence. And the neighbours, those bustling, gossiping matrons, paid her calls not out of genuine concern, but rather to assess her latest gown or to glean tidbits for their endless, and often malicious, conversations. Thus, she remained, a solitary figure amidst a throng, a prisoner of propriety and the suffocating weight of unspoken expectations, her heart yearning for a connection that seemed forever beyond her reach.",158,ai_mimicked,Dickens,Social Isolation
"Young Timothy Cratchit, though surrounded by the boisterous affections of his family – a family, bless them, overflowing with warmth and good cheer – experienced a peculiar form of isolation, born not of absence, but of difference. Whilst his siblings delighted in games of marbles and the rough-and-tumble of street play, Timothy possessed a quiet disposition and a fondness for books, pursuits deemed effeminate and unbecoming by his more practical-minded companions. He would often retreat to the shadowy corners of the shop, losing himself in tales of faraway lands and heroic deeds, a world far removed from the grime and hardship of their London existence. And though he loved his family dearly, he felt a pang of loneliness, a sense of being an outsider looking in, unable to fully share in their simple joys, a small, silent observer in a world that seemed to move at a pace too swift for his contemplative soul.",154,ai_mimicked,Dickens,Social Isolation
"The docks, a labyrinth of ropes and timber, of shouting stevedores and creaking vessels, might seem a place least likely to foster solitude, yet within that teeming mass of humanity, old Silas Blackwood carried his isolation as a shroud. A former ship’s carpenter, rendered unfit for service by a grievous injury, he now eked out a meagre existence mending nets and performing odd jobs, a ghost haunting the edges of a life he once knew. The men with whom he worked offered a gruff camaraderie, a shared understanding of hardship, but none could penetrate the wall of grief that surrounded his heart – a grief born of lost comrades, of storms weathered and fortunes squandered. He spoke little, and when he did, his voice was a rasping whisper, a testament to years spent battling the elements and the relentless ache of remembrance, a solitary soul adrift in a sea of bustling activity.",152,ai_mimicked,Dickens,Social Isolation
"Miss Araminta Plumtree, a spinster of considerable years and even more considerable fortune, inhabited a mansion so vast and imposing that it seemed to actively repel human contact. She had, in her youth, suffered a disappointment in love – a tale whispered amongst the servants, involving a dashing officer and a broken heart – and had subsequently withdrawn from society, dedicating herself to the cultivation of rare orchids and the meticulous arrangement of her porcelain collection. Her days were governed by a rigid routine, each hour accounted for, each task performed with a precise and unwavering hand. Though attended by a retinue of servants, she remained profoundly alone, her existence a carefully constructed edifice of order and control, designed to ward off the pain of memory and the unsettling prospect of genuine human connection, a lonely queen upon a desolate throne of her own making.",145,ai_mimicked,Dickens,Social Isolation
"The garret, you understand, was not merely a room, but a sepulchre of the spirit, a cramped and airless box wherein young Timothy dwelt, not precisely in poverty – for a crust was always to be had, and a threadbare blanket offered some small defence against the biting winds – but in a solitude so profound it echoed in the very marrow of his bones. He had not, mind you, been *cast* adrift, not precisely; his parents, burdened by circumstance and a lamentable weakness for gin, had simply… ceased to notice him, as one ceases to notice the dust motes dancing in a sunbeam, insignificant and easily overlooked. And so he existed, a phantom amongst the bustling throngs of London, unseen, unheard, a living testament to the cruel indifference of a city that could swallow a soul whole and leave scarcely a ripple in its relentless current.",147,ai_mimicked,Dickens,Social Isolation
"Old Mrs. Grimalkin, a woman whose face bore the map of a thousand sorrows and whose voice was a rusty hinge creaking with disuse, inhabited a small cottage on the outskirts of the village, a dwelling so shrouded in ivy and neglect that it seemed to actively *repel* human contact. Though surrounded by fields and hedgerows, teeming with the life of the countryside, she lived as if marooned upon a desolate island, her only companions the shadows lengthening across her parlour floor and the mournful cooing of pigeons in the eaves. Folks whispered she’d been jilted in her youth, a tale as old as time itself, but the truth, one suspected, was far more intricate, a tangled web of disappointments and unspoken griefs that had woven themselves around her heart, isolating her from all warmth and fellowship.",137,ai_mimicked,Dickens,Social Isolation
"Consider, if you will, the case of Mr. Silas Blackwood, a gentleman of considerable fortune, yet possessed of a disposition so sour and a manner so forbidding that he had, over the course of many years, systematically alienated every friend and acquaintance. His grand house, a monument to his wealth, stood as a chilling symbol of his inner emptiness, its polished floors echoing with the silence of a life devoid of genuine connection. He dined alone, read alone, even *walked* alone, a solitary figure gliding through the streets like a specter, his face perpetually shadowed by a melancholy so deep it seemed to have stained his very soul, a consequence, no doubt, of a heart grown brittle with distrust and a spirit withered by pride.",125,ai_mimicked,Dickens,Social Isolation
"The workhouse, a grim and forbidding edifice, was, in its own way, a breeding ground for isolation, though it masqueraded as a haven for the destitute. Within its cold, stone walls, the inmates, stripped of their names and reduced to numbers, existed in a state of utter anonymity, each lost in their own private despair. Though surrounded by others equally afflicted, there was little solace to be found, for the very system itself discouraged intimacy, fostering instead a climate of suspicion and competition. A shared misery, it seemed, was not necessarily a bond, but rather a further entrenchment in the desolate landscape of the lonely heart, a place where hope itself went to die.",114,ai_mimicked,Dickens,Social Isolation
"Young Eliza, a seamstress with fingers nimble as sparrows and a spirit once bright as a summer’s day, found herself increasingly withdrawn, not through any fault of her own, but by the insidious workings of circumstance. The relentless demands of her trade, the long hours bent over her needle, the constant pressure to provide for her ailing mother – these had gradually eroded her vitality, leaving her a pale and fragile shadow of her former self. She rarely ventured beyond the confines of her small room, and when she did, it was with a downcast gaze and a hurried step, as if fearing to encounter the gaze of others, a consequence of feeling herself, in the grand scheme of things, utterly insignificant and alone, a single stitch in the vast and indifferent tapestry of London life.",136,ai_mimicked,Dickens,Social Isolation
"The small, pinched face of Timothy, scarcely visible amidst the grime and shadows of the workhouse kitchen, bore a testament to sorrows no child ought ever to know; for though his years numbered but seven, the recollection of a mother’s fading smile, snatched away by the fever’s cruel hand, haunted his waking hours and poisoned the very dreams that offered him a fleeting respite from the ceaseless toil. It was not merely the loss itself, grievous as that was, but the manner of it – the hurried whispers, the averted gazes of the matron, the cold, unyielding stone of the pauper’s grave – which had etched itself upon his tender spirit, leaving a mark deeper and more enduring than any physical hardship could inflict, a hollowness within that no amount of gruel, however plentiful, could ever hope to fill.",139,ai_mimicked,Dickens,Childhood Trauma
"Young Eliza, a wisp of a girl scarcely able to bear the weight of the coal-scuttle she was compelled to drag through the labyrinthine passages of the manor house, carried within her a secret, a dreadful burden born of a single, terrifying night. It was a night when the master of the house, a man of considerable fortune and even more considerable temper, had, in a fit of drunken rage, struck her elder brother, leaving him weakened and fearful, forever shadowed by the memory of that brutal assault. Though Eliza herself had escaped physical harm, the sheer terror of witnessing such violence, the helpless anguish of seeing her brother’s spirit broken, had instilled within her a profound and lasting distrust of all those in positions of power, a chilling premonition of future misfortunes.",133,ai_mimicked,Dickens,Childhood Trauma
"Master Cecil, though outwardly the picture of a privileged youth, attended by tutors and clad in velvet, harboured a wound unseen, a consequence of a father’s relentless ambition and utter lack of affection. The boy was subjected to rigorous, unyielding study, not for the sake of enlightenment, but to fulfill his father’s grand designs, to secure a title, a fortune, a place amongst the esteemed. Every childish whim was suppressed, every expression of joy deemed frivolous, and every failure met with scornful rebuke. Thus, the tender shoots of affection withered within him, replaced by a cold, calculating pragmatism, a desperate yearning for a father’s approval that would forever remain tragically unfulfilled, leaving him a hollow shell of a boy.",119,ai_mimicked,Dickens,Childhood Trauma
"Little Bess, abandoned at the gates of the convent as an infant, knew nothing of parental love, and her early years were marked by a gnawing sense of displacement, a perpetual questioning of her own worth. Though the sisters were kind enough in their ministrations, providing her with food and shelter, their charity could not compensate for the absence of a mother’s embrace, a father’s guiding hand. She would spend hours gazing at the portraits of noble families adorning the convent walls, imagining herself amongst them, yet always feeling a profound and unbridgeable gulf separating her from such happiness, a constant reminder of her orphaned state and the mystery of her origins.",112,ai_mimicked,Dickens,Childhood Trauma
"The unfortunate Barnaby, a lad of ten summers, bore the weight of his father’s disgrace, a stain upon the family name that followed him like a shadow. His father, once a respected magistrate, had fallen from grace, accused – rightly or wrongly, the whispers differed – of embezzlement, and subsequently imprisoned, leaving Barnaby and his mother to endure the scorn of their neighbours and the pangs of abject poverty. The boy, though innocent of any wrongdoing, was subjected to taunts and ostracism, his schoolmates shunning him as if his father’s sins were contagious, a cruel lesson in the fragility of reputation and the enduring power of societal judgment, a burden far too heavy for such young shoulders to bear.",119,ai_mimicked,Dickens,Childhood Trauma
"The small, pinched face of Timothy, scarcely visible amidst the grime and shadows of the workhouse kitchen, bore a testament to sorrows no child ought ever to know; for though his years were few, the weight of abandonment and cruel neglect had already etched lines of premature care upon his brow, and dimmed the light in his once-bright eyes. It was not merely the hunger, though that gnawed perpetually at his slight frame, nor the cold, which seeped into his very bones during the long, cheerless nights, but a deeper, more insidious ache – the absence of a kindly word, a gentle touch, a single, fleeting moment of affection, which left him shivering not from the damp, but from a loneliness so profound it threatened to swallow him whole, a darkness wherein hope itself seemed a forgotten fable.",138,ai_mimicked,Dickens,Childhood Trauma
"Young Eliza, a wisp of a girl scarcely seven years of age, carried within her a terror born of a single, dreadful evening, an evening when the booming voice of her father, usually reserved for the stern instruction of apprentices, had descended upon her mother with a fury that shook the very foundations of their modest dwelling. Though the particulars remained shrouded in the mists of a child’s fractured recollection, the image of her mother’s stricken face, the sound of her heartbroken sobs, and the chilling silence that followed, were branded upon Eliza’s soul, a haunting specter that stole her laughter and replaced it with a perpetual, trembling fear, rendering her timid and withdrawn from all companionship.",117,ai_mimicked,Dickens,Childhood Trauma
"Master Cecil, outwardly a picture of youthful privilege, concealed a wound far deeper than any visible bruise, for his mother, a lady of exquisite beauty and refined sensibilities, had succumbed to a melancholic affliction, a wasting sorrow that stole her away piece by piece, leaving the boy to witness her slow decline with a helplessness that festered into a quiet despair. He remembered, with agonizing clarity, the scent of lavender and lilies that clung to her silken gowns, the delicate tremor in her hand as she attempted to read him stories, and the vacant stare that gradually replaced the warmth in her eyes, a loss which no amount of tutors or fine possessions could ever hope to ameliorate.",118,ai_mimicked,Dickens,Childhood Trauma
"Poor Barnaby, a lad of perhaps ten summers, bore the mark of his father’s intemperance not in a blackened eye or a broken limb, but in the constant, gnawing anxiety that shadowed his every waking moment. Each unsteady footstep, each slurred utterance, each outburst of rage directed at his long-suffering wife, was a hammer blow to Barnaby’s fragile sense of security, creating a world perpetually on the brink of collapse. He learned to anticipate the storms, to read the subtle shifts in his father’s mood, to become a small, silent sentinel, forever bracing for the inevitable explosion, a burden no child should be compelled to bear.",106,ai_mimicked,Dickens,Childhood Trauma
"The memory of the fire, though years had passed, remained a searing brand upon little Millicent’s heart, a night of shrieking flames and choking smoke that had consumed not only her family’s humble cottage, but also her beloved elder sister, a girl of surpassing sweetness and gentle disposition. Millicent, rescued by a neighbour at the last possible moment, could never quite reconcile the joyous world she once knew with the desolate landscape of her present existence, haunted by the phantom scent of burning wood and the echoing cries of a sister lost, a grief so profound it threatened to extinguish the very spark of life within her.",107,ai_mimicked,Dickens,Childhood Trauma
"The small, pinched face of Timothy, scarcely visible amidst the grime and shadows of the workhouse kitchen, bore a testament to sorrows no child ought ever to know; for though his years numbered but seven, the recollection of a mother’s fading smile, snatched away by the fever’s cruel hand, clung to him like the damp chill of the stone floor upon which he slept. It was not merely the loss itself, grievous though that was, but the manner of it – the hurried whispers, the averted gazes of those who tended her, the final, desperate clutching at his hand as life ebbed away – which had imprinted upon his tender spirit a darkness that no amount of gruel, however plentiful, could ever hope to dispel, a haunting echo in the chambers of his young heart.",135,ai_mimicked,Dickens,Childhood Trauma
"Miss Elspeth, a creature of delicate frame and even more delicate sensibilities, carried within her a burden far exceeding her ten years, a weight forged in the fires of her father’s capricious temper and her stepmother’s glacial disdain. The drawing-room, though furnished with all the trappings of gentility, had become for her a theatre of anxieties, each polished surface reflecting not comfort, but the looming threat of disapproval. A misplaced embroidery stitch, a hesitant note upon the pianoforte, a too-eager glance towards the window – any such trifling imperfection could unleash a torrent of scorn, leaving her trembling and convinced of her utter worthlessness, a small, fragile vessel tossed upon a sea of adult indifference.",115,ai_mimicked,Dickens,Childhood Trauma
"Young Barnaby’s affliction was of a more visible, and therefore, perhaps, a more readily dismissed nature; a burn, sustained in a moment of youthful carelessness near the forge, had marred the left side of his face, twisting his features into a permanent grimace. Yet, it was not the physical disfigurement itself which caused him the deepest anguish, but the reactions it provoked – the startled recoiling of strangers, the whispered comments behind cupped hands, the pitying, condescending smiles which seemed to say, without uttering a single word, that he was somehow…less. He learned, with a swiftness born of necessity, to anticipate these responses, to shrink into himself, to become a shadow amongst shadows, a living embodiment of misfortune.",118,ai_mimicked,Dickens,Childhood Trauma
"The circumstances surrounding little Flora’s abandonment were shrouded in a mystery as thick and impenetrable as the London fog, a circumstance which, whilst leaving her materially provided for at the Foundling Hospital, left a far deeper wound upon her soul. To be without a name, without a history, without even the faintest recollection of a loving embrace, was to exist in a perpetual state of unmooring, a spectral presence adrift in a world teeming with families and affections she could only observe from afar. She would spend hours gazing at the portraits of benevolent donors, imagining, with a desperate yearning, that one amongst them might be a lost parent, a phantom connection to a past she could never reclaim.",119,ai_mimicked,Dickens,Childhood Trauma
"Master Cecil, though born into a household of considerable wealth and standing, suffered a peculiar torment, a neglect far more insidious than any overt cruelty. His father, a man consumed by mercantile pursuits, scarcely acknowledged his son’s existence, whilst his mother, a lady of fashionable airs and shallow affections, deemed him a disappointment, lacking the robust constitution and boisterous energy she had hoped for. Thus, Cecil grew up surrounded by luxury, yet starved of affection, a lonely figure wandering the echoing halls of his ancestral home, his spirit withering beneath the weight of unspoken expectations and a profound, aching sense of isolation, a gilded cage proving as confining as any pauper’s cell.",112,ai_mimicked,Dickens,Childhood Trauma
"The small, pinched face of Timothy, scarcely visible amidst the grime and shadows of the workhouse kitchen, bore a testament to sorrows no child ought ever to know; for though his years numbered but seven, the recollection of a mother’s fading smile, snatched away by the fever’s cruel hand, clung to him like the damp chill of the stone floor upon which he slept. It was not merely the loss itself, grievous though that was, but the manner of it – the hurried whispers, the averted gazes of those who tended her, the final, desperate clutching at his hand as life ebbed away – which had imprinted upon his tender spirit a darkness that no amount of gruel, however plentiful, could ever hope to dispel, a haunting echo in the chambers of his young heart.",135,ai_mimicked,Dickens,Childhood Trauma
"Miss Elspeth, a creature of delicate frame and even more delicate sensibilities, carried within her a burden far exceeding her ten years, a weight forged in the fires of her father’s capricious temper and her stepmother’s glacial indifference. The drawing-room, though furnished with all the trappings of gentility, had become for her a theatre of anxieties, each polished surface reflecting not comfort, but the looming threat of disapproval. A misplaced embroidery stitch, a hesitant note upon the pianoforte, a too-eager glance towards the window – any such trifling imperfection could unleash a torrent of scorn, leaving her trembling and desolate, convinced of her utter worthlessness in the eyes of those she longed to please, a small, fragile blossom perpetually bowed beneath a winter’s frost.",124,ai_mimicked,Dickens,Childhood Trauma
"Young Barnaby’s affliction was of a more visible, and therefore, perhaps, a more readily dismissed nature; a burn, sustained in a moment of heedless play near the forge, had marred the left side of his face, twisting his features into a permanent grimace that invited stares and whispers wherever he went. But the true injury lay not in the disfigurement itself, dreadful though it was to behold, but in the cruel pronouncements of his uncle, a man whose heart seemed fashioned from the very iron he worked, who declared the boy a “monster” and a “burden,” thus branding him with a shame that ran far deeper than any scar, and isolating him from the affections of a world that valued appearances above all else.",124,ai_mimicked,Dickens,Childhood Trauma
"The circumstances surrounding little Flora’s abandonment were shrouded in a mystery as thick and impenetrable as the London fog, yet the absence of a loving embrace, the echoing emptiness of the foundling hospital, had left an indelible mark upon her soul. She possessed a peculiar habit of collecting discarded ribbons and scraps of lace, arranging them with meticulous care around her meager possessions, as if attempting to reconstruct a lost world of warmth and beauty, a phantom mother’s touch, a vanished home. It was a desperate, silent plea for connection, a yearning for the affection she had never known, manifested in the fragile artistry of a child haunted by the specter of oblivion.",113,ai_mimicked,Dickens,Childhood Trauma
"Master Cecil, though born into privilege and surrounded by every conceivable comfort, suffered a torment of a different, yet equally insidious kind: the utter neglect of his father, a man consumed by ambition and indifferent to the needs of his only son. The grand nursery, filled with costly toys and attended by a succession of governesses, felt less like a haven and more like a gilded cage, for Cecil craved not possessions, but a single moment of genuine connection with the stern, unyielding figure who barely acknowledged his existence. Each unanswered question, each dismissive glance, chipped away at his confidence, leaving him a lonely, introspective boy, convinced that he was unworthy of his father’s regard, a small, forgotten heir in a vast and indifferent estate.",125,ai_mimicked,Dickens,Childhood Trauma
"The small, pinched face of Timothy, scarcely visible amidst the grime and shadows of the workhouse kitchen, bore a testament to sorrows no child ought ever to know; for though his years numbered but seven, the recollection of a mother’s fading smile, snatched away by the fever’s cruel hand, haunted his waking hours and poisoned the very dreams that offered him a fleeting respite from the harsh realities of his existence, a phantom grief clinging to him like the damp chill of the stone floors upon which he slept, a constant, aching reminder of a warmth forever lost, and a tenderness replaced by the gruel-stained indifference of those whose duty it was to care for him, yet whose hearts, alas, appeared quite barren of compassion.",125,ai_mimicked,Dickens,Childhood Trauma
"Young Eliza, a wisp of a girl scarcely stronger than a sparrow, carried within her a secret weight, a burden born of witnessing scenes no innocent eyes should behold; for her father, a man once esteemed amongst his fellows, had fallen prey to the insidious temptations of the gaming table, and the family fortune, once a beacon of comfort and respectability, had dwindled and vanished like mist before the rising sun, leaving them adrift in a sea of debt and despair, and Eliza, forced to observe the slow, agonizing decline of her mother’s spirit as creditors pressed their claims, understood, with a chilling precocity, the devastating power of ruin and the fragility of all earthly possessions.",116,ai_mimicked,Dickens,Childhood Trauma
"Master Cecil, though outwardly adorned with the fine clothes and polished boots befitting a gentleman’s son, harboured a wound far deeper than any visible injury; for his tutor, a man of severe countenance and even severer methods, had instilled within him a crippling fear of failure, a dread so profound that the mere prospect of a mispronounced Latin declension or an incorrectly rendered sum would send tremors through his small frame, and the boy, yearning for a single word of encouragement, a single gesture of approval, found himself instead subjected to a relentless barrage of criticism, a constant erosion of his self-worth, leaving him a hollow shell of the bright, inquisitive child he might have been.",116,ai_mimicked,Dickens,Childhood Trauma
"Little Bess, abandoned at the gates of the convent as an infant, knew nothing of parental affection, and her earliest memories were not of loving embraces but of the cold, impersonal charity of the nuns; though they provided for her physical needs, a gnawing emptiness resided within her heart, a longing for a face to smile upon, a voice to whisper her name with tenderness, and she would often spend hours gazing out the window, watching other children frolic with their mothers, a silent ache blossoming in her breast, a poignant awareness of the love she had been denied, a deprivation that shadowed her every waking moment.",107,ai_mimicked,Dickens,Childhood Trauma
"The plight of young Barnaby, afflicted with a stammer so pronounced as to render him nearly mute, was a sorrow compounded by the cruel mockery of his schoolfellows; each hesitant syllable, each struggle to articulate a simple thought, was met with jeers and laughter, and the boy, shrinking further into himself with every taunt, learned to equate speech with shame, and silence with safety, a tragic isolation descending upon him like a shroud, and the bright spark of intelligence within him, dimmed by the constant humiliation, threatened to be extinguished altogether, leaving him a prisoner within his own tongue.",99,ai_mimicked,Dickens,Childhood Trauma
"The small, pinched face of Timothy, scarcely visible amidst the grime and shadows of the workhouse kitchen, bore a testament to sorrows no child ought ever to know; for though his years numbered but seven, the recollection of a mother’s fading smile, snatched away by the fever’s cruel hand, clung to him like the damp chill of the stone floor upon which he slept. It was not merely the loss itself, grievous though that was, but the manner of it – the hurried whispers, the averted gazes of the matron, the swift and unceremonious burial in the pauper’s ground – which had etched itself upon his tender spirit, leaving a vacancy there, a hollow echo where joy once resided, and a perpetual, unspoken question hanging heavy upon his young heart, a question to which no kindly soul would deign to offer reply.",142,ai_mimicked,Dickens,Childhood Trauma
"Miss Elspeth, a creature of delicate frame and even more delicate sensibilities, suffered a torment far removed from the blunt hardships of the streets, yet no less agonizing for its refinement; for her father, a man of considerable fortune and even more considerable pride, had deemed her too plain of countenance to warrant the attentions of eligible suitors, and thus confined her existence within the gilded cage of their manor house, a prisoner of expectation and unfulfilled longing. Each passing season brought with it a fresh wave of disappointment, each ball a cruel reminder of her perceived deficiencies, until her spirit, once bright and hopeful, began to wither and fade, like a flower deprived of sunlight, leaving her a pale and spectral figure haunting the corridors of her own unhappiness.",130,ai_mimicked,Dickens,Childhood Trauma
"Young Master Cecil, heir to a vast estate and a lineage stretching back to Norman times, bore the weight of a secret shame, a transgression witnessed in the hushed darkness of the nursery, a scene involving his governess and the stable master which, though never spoken of, had poisoned the wellspring of his innocence. He grew to distrust affection, to view kindness with suspicion, and to build around himself a fortress of cold indifference, lest any further vulnerability expose him to the horrors he had glimpsed too soon. The laughter of other boys grated upon his ears, their games seemed frivolous and meaningless, and a perpetual melancholy clung to him, a shadow cast by a memory he could neither escape nor confide.",122,ai_mimicked,Dickens,Childhood Trauma
"The plight of little Bess, abandoned at the steps of the foundling hospital, was a sorrow compounded by the utter lack of knowing; not merely the absence of a mother’s embrace, but the very deprivation of a name, a history, a lineage to claim as her own. She existed as a cipher, a nameless waif adrift in a sea of faces, haunted by a phantom ache for a connection she could not define, a belonging she could not attain. The other children, with their tales of absent parents and distant relatives, possessed at least the comfort of a remembered past, however imperfect; but Bess had nothing, save the cold stone walls and the echoing silence of her orphaned existence, a void that threatened to swallow her whole.",127,ai_mimicked,Dickens,Childhood Trauma
"Old Man Hemlock’s grandson, Thomas, a lad of but ten summers, carried the burden of his grandfather’s failings, a legacy of debt and dissipation which had cast a pall over their humble cottage and reduced his mother to a state of perpetual anxiety. Though the boy himself was innocent of any wrongdoing, he was forced to witness the bailiffs’ visits, the whispered arguments, the slow and agonizing erosion of his mother’s health, all stemming from the old man’s reckless habits. It was a cruel education, a premature immersion in the harsh realities of the world, and it robbed him of his childhood, replacing it with a grim and solemn understanding of the precariousness of fortune and the devastating consequences of folly.",121,ai_mimicked,Dickens,Childhood Trauma
"The small, pinched face of Timothy, scarcely visible amidst the grime and shadows of the workhouse kitchen, bore a testament to sorrows no child ought ever to know; for though his years numbered but seven, the recollection of a mother’s fading smile, snatched away by the fever’s cruel hand, haunted his waking hours and poisoned the very dreams that offered him a fleeting respite from the ceaseless toil. It was not merely the loss itself, grievous as that was, but the manner of it – the hurried whispers, the averted gazes of the matron, the cold, unyielding stone of the pauper’s grave – which had etched itself upon his tender spirit, leaving a mark deeper and more enduring than any physical hardship could inflict, a hollowness within that no amount of gruel, however plentiful, could ever hope to fill.",139,ai_mimicked,Dickens,Childhood Trauma
"Young Eliza, a wisp of a girl scarcely able to bear the weight of the coal-scuttle she was compelled to drag through the labyrinthine passages of the manor house, carried within her a secret, a dreadful burden born of a single, terrifying night. The master’s son, a lad swollen with privilege and devoid of compassion, had pursued her through the rose garden, his laughter echoing like a knell, until cornered amongst the thorns, she had endured a violation of innocence that stole the bloom from her cheeks and replaced it with a perpetual pallor. Now, every shadow held a threat, every approaching footstep sent a tremor through her slight frame, and the scent of roses, once a delight, became a harbinger of unspeakable dread.",124,ai_mimicked,Dickens,Childhood Trauma
"Master Cecil, though outwardly a picture of youthful vigour and privilege, possessed a heart corroded by neglect, a wound inflicted not by outward cruelty, but by the chilling indifference of his own father. A man consumed by ambition and the relentless pursuit of fortune, the elder Cecil had deemed affection a weakness, and bestowed upon his son only cold instruction and harsher reprimands. Thus, the boy, surrounded by luxury yet starved of tenderness, grew up a solitary creature, his spirit withered and stunted, yearning for a single word of praise, a single gesture of warmth, which, alas, were never forthcoming, leaving him adrift in a sea of opulent loneliness.",109,ai_mimicked,Dickens,Childhood Trauma
"Poor Barnaby, a lad whose tongue had been cruelly silenced by a brutal overseer, existed in a world of muffled sounds and unspoken anguish. The punishment, meted out for a trifling infraction – a dropped spool of thread, a moment’s inattention – had left him unable to articulate the terrors that swirled within his mind, the injustices he witnessed daily within the factory’s grim embrace. He could only watch, a mute and helpless observer, as his fellow workers were ground down by the relentless machinery and the avarice of their employer, his silent screams lost in the deafening clamour of the looms, a living testament to the cruelty of unchecked power.",111,ai_mimicked,Dickens,Childhood Trauma
"The little seamstress, Agnes, though nimble of finger and diligent in her task, bore the weight of a family’s desperation upon her frail shoulders. Her father, a veteran broken by war and circumstance, lay bedridden, whilst her mother toiled ceaselessly, yet still the spectre of the workhouse loomed large. Agnes, therefore, sacrificed her own childhood, her own fleeting moments of joy, to contribute to the meagre family purse, her tiny hands pricked and bleeding from the endless stitching, her eyes dimmed by the perpetual gloom of the garret, a miniature martyr to the relentless demands of poverty and the callous indifference of a society that turned a blind eye to such suffering.",112,ai_mimicked,Dickens,Childhood Trauma
"The small, pinched face of Timothy, scarcely visible amidst the grime and shadows of the workhouse kitchen, bore a testament to sorrows no child ought ever to know; for though his years numbered but seven, the recollection of a mother’s fading smile, snatched away by the fever’s cruel hand, haunted his waking hours and poisoned the very dreams that offered him a fleeting respite from the ceaseless toil. It was not merely the loss itself, grievous as that was, but the manner of it – the hurried whispers, the averted gazes of the matron, the cold, unyielding stone of the pauper’s grave – which had etched itself upon his tender spirit, leaving a mark deeper and more enduring than any physical hardship could inflict, a hollowness within that no amount of gruel, however plentiful, could ever hope to fill.",139,ai_mimicked,Dickens,Childhood Trauma
"Young Eliza, a wisp of a girl scarcely stronger than a sparrow, carried within her a burden far exceeding her delicate frame, a consequence of witnessing, in the squalid alleyways of St. Giles, scenes of brutality and despair which would have shaken the stoutest heart. Her father, a man once possessed of honest industry, had succumbed to the insidious embrace of the gin bottle, and with each passing dram, his temper had grown more volatile, his hand more heavy, until the very walls of their wretched lodging seemed to tremble with the force of his rages. Though now departed this life, leaving Eliza orphaned and alone, the echo of his angry shouts, the memory of her mother’s silent tears, remained a constant, chilling presence, a phantom menace lurking in the corners of her mind.",134,ai_mimicked,Dickens,Childhood Trauma
"Master Cecil, outwardly a picture of youthful privilege, concealed a secret anguish, a wound inflicted not by poverty or neglect, but by the cold, calculating ambition of his own father. A man of considerable fortune and even greater pride, Sir Reginald had deemed his son unfit to inherit the family estate, lacking, in his estimation, the requisite ruthlessness and determination. Thus, Cecil was subjected to a regimen of relentless criticism and emotional deprivation, his every effort met with scorn, his every aspiration dismissed as frivolous. The boy, starved of affection and burdened by the weight of his father’s disapproval, withered inwardly, becoming a pale imitation of the robust lad he might have been, a prisoner within the gilded cage of his own misfortune.",123,ai_mimicked,Dickens,Childhood Trauma
"Little Bess, abandoned at the gates of the convent as an infant, knew nothing of parental love, and her early years were marked by a profound and unsettling loneliness, a void within her soul that all the kindness of the nuns could not entirely assuage. Though she was provided with food and shelter, and instructed in the tenets of her faith, she yearned for a connection, a sense of belonging, a face to greet her with a warmth that transcended mere duty. The unanswered questions concerning her origins, the mystery surrounding her parentage, gnawed at her spirit, fostering a deep-seated insecurity and a perpetual sense of displacement, as though she were a ship adrift upon a boundless, unforgiving sea.",119,ai_mimicked,Dickens,Childhood Trauma
"The unfortunate Barnaby, though blessed with a quick wit and a cheerful disposition, bore the invisible scars of a childhood spent in the shadow of his elder brother, a paragon of virtue and accomplishment in the eyes of their stern and unyielding parent. Every triumph Barnaby achieved was diminished, every effort belittled, invariably measured against the unattainable standard set by his sibling. This constant comparison, this perpetual sense of inadequacy, had eroded his self-confidence, leaving him hesitant and unsure, forever striving for a validation that was perpetually withheld. He learned, with a heavy heart, that affection, like a precious commodity, was often distributed unevenly, and that even the most devoted son could find himself cast adrift in a sea of parental disappointment.",122,ai_mimicked,Dickens,Childhood Trauma
"The small, pinched face of Timothy, scarcely visible amidst the grime and shadows of the workhouse kitchen, bore a testament to sorrows no child ought ever to know; for though his years numbered but seven, the recollection of a mother’s fading smile, snatched away by the fever’s cruel hand, haunted his waking hours and poisoned the very dreams that offered him a fleeting respite from the ceaseless toil. It was not merely the loss itself, grievous as that was, but the manner of it – the hurried whispers, the hushed weeping, the cold, indifferent faces of those who attended her final moments – which had etched itself upon his tender spirit, leaving a mark as indelible as the soot that clung to his ragged garments, a constant, aching reminder of a love abandoned to the relentless indifference of fate and circumstance.",141,ai_mimicked,Dickens,Childhood Trauma
"Young Eliza, a creature of delicate frame and even more delicate sensibilities, suffered a blight upon her infancy not from physical hardship, though that was plentiful enough in the rookery where she was born, but from the constant, jarring discord of her father’s temper. A man driven to desperation by misfortune and the gnawing hunger of poverty, he vented his frustrations upon all within reach, and Eliza, being the smallest and most easily intimidated, bore the brunt of his wrath. Each shouted word, each menacing gesture, each broken promise, chipped away at the blossoming joy within her, replacing it with a timid fear that clung to her like a shroud, a premonition of sorrow that shadowed her every movement and dimmed the light in her once-bright eyes.",127,ai_mimicked,Dickens,Childhood Trauma
"Master Cecil, though born to a station somewhat elevated above the common rabble, carried within him a burden of the spirit far heavier than any pauper’s lot. His father, a man of stern countenance and colder heart, demanded perfection in all things, and Cecil, striving to meet such an impossible standard, lived in perpetual dread of rebuke. The slightest imperfection in his Latin declensions, the smallest faltering in his pianoforte practice, brought down upon him a torrent of criticism, delivered with a chilling precision that left the boy trembling and convinced of his utter worthlessness. Thus, a gilded cage became a prison, and privilege a curse, fostering within him a profound and debilitating self-doubt.",114,ai_mimicked,Dickens,Childhood Trauma
"Little Bess, abandoned at the gates of the convent as an infant, knew nothing of parental affection, and though the Sisters were kind in their way, their charity could not fill the void left by a mother’s embrace. She grew up amongst the echoing corridors and solemn rituals, a silent observer of lives lived in devotion, yet always feeling herself an outsider, a creature set apart. The absence of a loving gaze, a comforting word spoken solely to her, created a hollowness within her breast, a yearning for connection that manifested itself in a quiet melancholy, a perpetual wistfulness that clung to her like the scent of incense and old stone.",111,ai_mimicked,Dickens,Childhood Trauma
"The tale of young Barnaby, a lad apprenticed to a cruel and avaricious clockmaker, is one of relentless drudgery and casual brutality. Each tick and tock of the shop’s myriad timepieces served as a mocking reminder of the hours stolen from his youth, the moments lost to endless, repetitive tasks. His master, a man whose heart seemed as cold and intricate as the mechanisms he crafted, delighted in finding fault, administering sharp reprimands and even harsher punishments for the most trifling errors. The boy’s hands, perpetually stained with oil and bearing the marks of countless pinches and burns, were a visible symbol of his stolen childhood, a testament to the callous indifference of a world that valued profit above all else.",121,ai_mimicked,Dickens,Childhood Trauma
"The small, pinched face of Timothy, scarcely visible amidst the grime and shadows of the workhouse kitchen, bore a testament to sorrows no child ought ever to know; for though his years numbered but seven, the recollection of a mother’s fading smile, snatched away by the fever’s cruel hand, haunted his waking hours and poisoned the very dreams that offered him a fleeting respite from the ceaseless toil. It was not merely the loss itself, grievous as that was, but the manner of it – the hurried whispers, the averted gazes of the matron, the cold, unyielding stone that served as a pillow for his grief – which had etched itself upon his tender spirit, leaving a mark as indelible as the branding iron upon the livestock. A hollowness, a dreadful vacancy, had taken root within him, a chilling premonition of further disappointments to come, and a certainty that kindness was a phantom, a cruel jest played upon the vulnerable.",160,ai_mimicked,Dickens,Childhood Trauma
"Young Eliza, a wisp of a girl scarcely able to bear the weight of the shawl wrapped about her shivering frame, carried within her a secret, a dreadful burden of remembrance that clung to her like the damp fog rolling in from the river. Her father, a man of some repute, a clockmaker of considerable skill, had been unjustly accused – a fabrication spun by a neighbour consumed by envy – and transported beyond the seas, leaving Eliza and her mother to face the scorn of the village and the gnawing pangs of poverty. The image of his strong hands, meticulously assembling the delicate mechanisms of time, now twisted into manacles, pursued her relentlessly, a phantom torment that robbed her of appetite and sleep, and instilled within her a distrust of all authority, a conviction that justice was a commodity reserved for those with coin and influence.",147,ai_mimicked,Dickens,Childhood Trauma
"Master Cecil, though outwardly adorned with the finery befitting a gentleman’s son, harboured a wound far deeper than any physical ailment could inflict. His governess, a woman of severe countenance and even severer discipline, had taken it upon herself to eradicate from his nature any inclination towards tenderness or imagination, deeming such qualities effeminate and unbecoming a future man of business. Each outburst of childish glee was met with a stinging rebuke, each attempt at artistic expression stifled with a scornful dismissal, until the boy, once brimming with vivacity, had become a pale imitation of a young man, his spirit crushed beneath the weight of relentless correction, his laughter replaced by a hollow, echoing silence that spoke volumes of the desolation within.",122,ai_mimicked,Dickens,Childhood Trauma
"Little Barnaby, abandoned as an infant upon the steps of the parish church, knew nothing of parental affection, and his early years were a bleak and desolate landscape of neglect and indifference. The parish authorities, burdened with the care of countless others, provided him with the bare necessities of life – a crust of bread, a threadbare blanket, a cold and cheerless room – but offered no solace for his loneliness, no gentle word to ease the ache in his small heart. He learned to subsist on scraps of kindness from the kitchen maid, but even these were fleeting and unreliable, leaving him perpetually yearning for a connection he could scarcely comprehend, a warmth he had never known, and a sense of belonging that remained forever beyond his grasp.",129,ai_mimicked,Dickens,Childhood Trauma
"The plight of young Millicent was a particularly grievous one, for she had witnessed, from the shadowed corner of a public house, a scene of such brutality as would forever stain her innocent mind. Her father, a labourer driven to desperation by want and gin, had engaged in a quarrel with a fellow workman, a dispute escalating into a violent altercation that culminated in a fatal blow. The image of her father, his face contorted with rage, standing over the fallen man, haunted her waking moments and invaded her dreams, transforming him in her eyes from a provider, however flawed, into a monstrous figure of dread. The weight of this knowledge, this terrible secret, pressed upon her small shoulders, stealing her childhood and replacing it with a premature and unbearable burden of guilt and fear.",135,ai_mimicked,Dickens,Childhood Trauma
"The fog, a greasy, yellow miasma, clung to the cobbles like a beggar to a crust, and within its swirling embrace, the contrast between fortunes was rendered all the more ghastly; for whilst the gilded carriages of Mayfair rattled past, their lamps cutting feeble swathes through the gloom, a shivering family huddled in a doorway scarcely a stone’s throw distant, their faces pinched with cold and want, their garments little more than rags against the biting wind. It was a sight to curdle the blood, this juxtaposition of opulent ease and abject misery, a testament to a society which, in its boundless prosperity, could yet turn a blind eye – nay, a deliberately averted gaze – to the suffering of its least fortunate members, content to let them vanish into the shadows as though they were no more substantial than the very fog itself.",144,ai_mimicked,Dickens,Class Disparity
"Old Man Hemlock, a cobbler by trade, though ‘starvation’ was a more accurate description of his daily occupation, possessed a dignity that would have graced a lord, yet his boots were patched and repatched until they resembled a map of hardship, and his fingers, gnarled and stiff with rheumatism, trembled as he attempted to ply his craft. He spoke of better days, of a time when honest labour could provide a decent living, but those days, alas, were lost in the swirling currents of progress, swept away by the relentless tide of industry which favoured the grasping mill-owner over the humble artisan, leaving such as he to wither and decay like forgotten blossoms in a winter garden, a poignant reminder of the price of ambition and the callous indifference of the age.",132,ai_mimicked,Dickens,Class Disparity
"Mrs. Cratchit, a woman whose spirit shone brighter than any hearth fire despite the perpetual gloom of her circumstances, attempted to instill cheer into her little ones with a Christmas goose scarcely larger than a sparrow, yet even her valiant efforts could not entirely mask the hollowness in their bellies or the anxious glances exchanged between herself and her husband. For the shadow of the workhouse loomed large, a dreadful specter threatening to snatch away their meager comforts and dissolve their family into the cold, impersonal machinery of the parish, a fate more terrifying than any phantom conjured by the darkest imagination, and a damning indictment of a system which offered charity only as a last, desperate resort.",118,ai_mimicked,Dickens,Class Disparity
"The grand estates, rising like arrogant monuments to inherited wealth, stood in stark opposition to the rookeries festering in their shadows, those labyrinthine warrens of poverty where disease and despair bred unchecked. Within those stately homes, fortunes were squandered on frivolous entertainments – balls and banquets and baubles of every description – whilst just beyond the garden walls, children scavenged for scraps amongst the refuse, their faces smudged with grime, their eyes haunted by a premature understanding of the world’s cruelties. It was a moral chasm, a gulf so wide and deep that no amount of philanthropic gesture could ever truly bridge it, a festering wound upon the body politic.",110,ai_mimicked,Dickens,Class Disparity
"Consider the plight of young Timothy, a lad scarcely ten years of age, condemned to the soot-stained existence of a chimney sweep, his small frame contorted and blackened, his lungs choked with dust, his future stolen before it had even begun to blossom. He was but one amongst thousands, a nameless, faceless victim of a system which valued profit above all else, which saw children not as precious souls deserving of nurture and education, but as expendable tools to be exploited for the benefit of their masters. And yet, even amidst such degradation, a spark of resilience flickered within him, a stubborn refusal to be entirely extinguished, a testament to the enduring power of the human spirit, however cruelly tested.",120,ai_mimicked,Dickens,Class Disparity
"The fog, a greasy, yellow miasma, clung to the cobbles like a beggar to a crust, and within its swirling embrace, the contrast between fortunes was rendered all the more ghastly; for whilst the gilded carriages of Mayfair rattled past, their lamps cutting feeble swathes through the gloom, a shivering family huddled in a doorway scarcely a stone’s throw distant, their faces pinched with cold and want, their garments little more than rags against the biting wind. It was a sight to curdle the blood, this juxtaposition of opulent ease and abject misery, a testament to a society which, in its boundless prosperity, could yet turn a blind eye – nay, a deliberately averted gaze – to the suffering of its least fortunate members, content to let them vanish into the shadows as though they were no more substantial than the very fog itself.",144,ai_mimicked,Dickens,Class Disparity
"Old Man Hemlock, a cobbler by trade, though more often by necessity than by choice, possessed a workshop so cramped and dismal that even the rats seemed to hold their noses as they scurried within. His fingers, gnarled and stiff with years of labour, moved with a weary precision over the worn leather, each stitch a testament to his dwindling strength and the relentless pressure of his debts. Across the way, however, young Master Featherstonehaugh, scarcely more than a boy, flaunted a pair of boots so exquisitely crafted, so utterly beyond Hemlock’s reach, that they seemed to mock the cobbler’s very existence, a glittering symbol of the chasm that yawned between those who toiled and those who merely enjoyed the fruits of their toil.",124,ai_mimicked,Dickens,Class Disparity
"Mrs. Grimalkin, a woman whose face bore the map of a life spent in hardship, toiled ceaselessly at the laundry, her hands raw and bleeding from the harshness of the soap and water. She scrubbed and rinsed and wrung, all for a pittance that barely kept starvation at bay, whilst the fine linen she so diligently cleansed belonged to ladies who, in their drawing-rooms, discussed the latest fashions with an airy indifference to the sacrifices made to maintain their delicate comforts. It was a cruel irony, indeed, that the very garments which proclaimed their refinement were rendered so by the unseen suffering of those whose lives were consumed by drudgery.",110,ai_mimicked,Dickens,Class Disparity
"The grand ball at Atherton Hall was a spectacle of dazzling brilliance, a swirling kaleidoscope of silks and jewels, of laughter and music, yet even amidst such revelry, a shadow lingered. For the very chandeliers that illuminated the dancers were paid for, in no small part, by the exploitation of those who laboured in the Atherton mines, men and women whose faces were etched with coal dust and whose lungs were choked with its insidious particles. Each waltz, each glittering gown, each glass of champagne, was thus a silent acknowledgement of a debt paid not in coin, but in human misery, a truth conveniently overlooked by those who basked in the glow of their privilege.",115,ai_mimicked,Dickens,Class Disparity
"Consider the plight of young Timothy Cratchit, a lad possessed of a spirit bright enough to pierce the gloomiest of days, yet condemned, by the accident of his birth, to a life of unrelenting hardship. Whilst the sons of wealthy merchants enjoyed the benefits of a proper education, Timothy was forced to scavenge for scraps and endure the scorn of those better-placed in fortune’s favour. It was a system, a monstrous, heartless system, which stifled ambition and crushed hope, condemning countless souls to a perpetual cycle of poverty and despair, all because they lacked the singular advantage of being born into a world already brimming with comfort and ease – a world, it must be said, built upon the backs of such as he.",124,ai_mimicked,Dickens,Class Disparity
"The fog, a greasy, yellow miasma, clung to the cobbles like a shroud, mirroring the despair that settled upon the dwellings of Spitalfields. Within those crumbling brick tenements, families huddled, not against the chill of the November air alone, but against the gnawing hunger and the crushing weight of circumstance. Whilst carriages, gleaming like polished beetles, conveyed ladies in velvet and gentlemen in beaver to opulent balls, children, pale and thin as winter reeds, scavenged for scraps amidst the refuse, their tiny hands reddened and chapped by the cold. It was a spectacle, this juxtaposition of glittering excess and abject poverty, enough to curdle the blood and test the very foundations of a Christian soul, a grim reminder that fortune, in its capricious whims, had cast some into sunlight and others into perpetual shadow.",134,ai_mimicked,Dickens,Class Disparity
"Old Man Hemlock, a cobbler by trade – or rather, a former cobbler, for his failing eyesight and trembling hands had long since rendered him incapable of honest labour – sat upon a rickety stool, a figure of utter desolation. He watched, with eyes dimmed by age and sorrow, as the fine folk of Mayfair strolled past, their laughter echoing like mockery in his ears. They spoke of investments and amusements, of balls and banquets, utterly oblivious to the silent suffering that festered within a stone’s throw of their gilded world. It was not malice, perhaps, that blinded them, but a willful ignorance, a convenient forgetting of the human cost upon which their comforts were built, a callous disregard for the plight of those less favoured by the fickle hand of fate.",132,ai_mimicked,Dickens,Class Disparity
"Mrs. Cratchit, a woman whose spirit, though worn thin by hardship, remained remarkably unbroken, attempted to coax a semblance of cheer from the meagre fare laid upon their threadbare table. A goose, smaller than any seen in respectable households, occupied the centre, its very presence a testament to the family’s ingenuity and thrift. Yet, even as she ladled out the watery gravy, her gaze would drift to the window, where the shadows of grander homes loomed, casting a pall over their humble dwelling. The disparity was not merely one of possessions, but of opportunity, of hope itself, a chasm so vast that it seemed insurmountable, a cruel and unrelenting reminder of the unequal distribution of God’s bounty.",117,ai_mimicked,Dickens,Class Disparity
"The workhouse, a grim and forbidding edifice, stood as a monument to societal indifference, its grey stone walls radiating an aura of despair. Within its confines, the aged and infirm, the orphaned and destitute, were subjected to a regimen of relentless toil and meagre sustenance, their humanity stripped away in the name of economy. To observe the shuffling figures, their faces etched with resignation, was to witness a slow and agonizing erosion of the soul, a living death more terrible than any found in a pauper’s grave. And yet, the gentlemen who administered this institution, secure in their wealth and privilege, spoke of it as a benevolent necessity, a safeguard against the perils of idleness, conveniently overlooking the inherent injustice of a system that condemned so many to lives of quiet desperation.",132,ai_mimicked,Dickens,Class Disparity
"Young Master Cecil, scarcely more than a boy, yet already possessed of an income that could support a dozen families, tossed a crust of bread to a ragged urchin, then recoiled as the child’s grimy hand reached for it. It was not generosity that prompted the gesture, but a fleeting amusement, a condescending display of charity that served only to highlight the gulf between their stations. He spoke of the “dangerous classes” with a chilling detachment, viewing the poor not as fellow human beings, but as a troublesome inconvenience, a stain upon the fabric of society. Such callousness, born of privilege and nurtured by indifference, was a far greater threat to the social order than any uprising of the downtrodden, for it poisoned the heart and extinguished the flame of compassion.",131,ai_mimicked,Dickens,Class Disparity
"The fog, a greasy, yellow miasma, clung to the cobbles like a beggar to a crust, and within its swirling embrace, the contrast between fortunes was rendered all the more ghastly; for whilst within the gilded drawing-rooms of Mayfair, plump gentlemen, their bellies warmed with port and their consciences, perhaps, with something less nourishing, discoursed upon the virtues of industry, just a stone’s throw distant, in the warren of alleys known as Tom’s Alley, children, pale and pinched, huddled for warmth against doorways, their tiny hands outstretched not for learning or amusement, but for the mere sustenance to see another dawn break upon their wretched existence – a spectacle, I assure you, to curdle the blood and shame the very heavens.",121,ai_mimicked,Dickens,Class Disparity
"Old Man Hemlock, a pawnbroker whose face resembled nothing so much as a withered apple, possessed a ledger not merely of pledges – trinkets, watches, and the remnants of better days – but of broken hopes and shattered dreams; for each item surrendered to his grasping hands represented a descent, a yielding to the relentless pressure of circumstance, a family’s slow unraveling thread by thread. He saw them all, the fallen gentlefolk, the struggling tradesmen, the widows with naught but memories and a silver locket, and calculated his profit with a coldness that would have chilled the very soul of a gravedigger, utterly indifferent to the human cost of their desperation, a veritable vulture preying upon misfortune.",117,ai_mimicked,Dickens,Class Disparity
"Consider, if you will, the plight of young Timothy Cratchit, a lad possessed of a spirit bright enough to illuminate the darkest corner, yet condemned, by the accident of his birth, to a life of drudgery within the counting-house of Mr. Scrooge’s nephew, a man scarcely less flinty of heart than his uncle, though more adept at concealing it beneath a veneer of respectability. Whilst the sons of the wealthy frolicked in parks and pursued their studies at esteemed institutions, Timothy toiled from dawn till dusk, his fingers numb with cold, his prospects as bleak as a November sky, a testament to the cruel injustice of a system that valued lineage above merit and privilege above perseverance.",117,ai_mimicked,Dickens,Class Disparity
"The grand ball at the Duke of Ashworth’s residence was a spectacle of dazzling brilliance, a veritable constellation of diamonds and silks, where laughter echoed like the chiming of silver bells and champagne flowed as freely as the Thames itself; yet, even amidst such opulent display, a shadow lurked, for the very carpets upon which the nobility danced were woven by the weary hands of women and children, toiling in dark, damp cellars for a pittance, their youthful vigour stolen by relentless labour, their futures sacrificed upon the altar of aristocratic indulgence – a truth conveniently overlooked by those who waltzed and preened in their finery.",106,ai_mimicked,Dickens,Class Disparity
"Mrs. Grimalkin, a woman whose countenance bore the map of a thousand sorrows, resided in a lodging so cramped and dilapidated that it seemed to weep with despair; her husband, a former shipwright of considerable skill, had been rendered destitute by the introduction of steam-powered machinery, a victim of progress, as some would call it, though to Mrs. Grimalkin it was merely a cruel and heartless displacement. She eked out a meagre existence by taking in washing, her hands raw and chapped, her back bent double with the weight of her burdens, a poignant reminder that the march of innovation often leaves a trail of broken lives in its wake, and that prosperity is rarely shared equally amongst mankind.",119,ai_mimicked,Dickens,Class Disparity
"The fog, a greasy, yellow miasma, clung to the cobbles like a shroud, mirroring the despair that settled upon the dwellings of Spitalfields. Within those crumbling brick tenements, families huddled, not against the November chill so much as against the gnawing emptiness of their bellies, whilst but a stone’s throw distant, in the grand squares of Mayfair, lamps blazed with a profligate cheer, illuminating tables laden with delicacies that would sustain a dozen such households for a week. It was a spectacle, this juxtaposition of wretchedness and abundance, enough to curdle the blood of any man possessed of a compassionate heart, a stark and shameful testament to a society which permitted, nay *encouraged*, such a monstrous imbalance, where the crumbs from the rich man’s table were deemed a sufficient bounty for the starving poor.",134,ai_mimicked,Dickens,Class Disparity
"Old Man Hemlock, a cobbler by trade – or rather, a former cobbler, for his hands, gnarled and trembling with age and privation, could scarcely hold a tool – sat upon a doorstep, a spectral figure in the gloom. He’d once possessed a small shop, a modest livelihood, but the relentless march of progress, in the form of factories and mass-produced boots, had swept his craft away, leaving him to subsist upon the charity of strangers, a charity, it must be confessed, that grew ever more meagre with each passing season. And yet, observe the gentlemen who hurried past, their polished boots gleaming, their coats of finest cloth shielding them from the very damp that seeped into Hemlock’s bones! Did they not see him? Or did they simply choose not to, preferring to avert their gaze from the inconvenient truth of another’s suffering?",143,ai_mimicked,Dickens,Class Disparity
"Mrs. Cratchit, a woman whose spirit, though perpetually burdened by worry, shone with a remarkable fortitude, attempted to coax a semblance of festivity from the meagre offerings of their Christmas table. A goose, smaller than any goose ought rightfully to be, occupied the centre, surrounded by a few potatoes, sadly lacking in butter, and a watery gravy. Yet, she spoke of abundance, of blessings, striving to shield her children from the harsh reality of their circumstances, a reality which pressed upon them with the weight of a thousand sorrows. For even in the midst of such deprivation, the hope for a brighter future, however faint, flickered within the Cratchit household, a testament to the enduring power of familial love in the face of unrelenting hardship.",125,ai_mimicked,Dickens,Class Disparity
"The workhouse, a grim and forbidding edifice, loomed over the landscape like a monstrous sentinel, a repository for the unfortunate, the aged, and the infirm. Within its walls, lives were reduced to a monotonous routine of toil and deprivation, spirits broken, and dignity utterly extinguished. To be cast into the workhouse was to be cast adrift from society, to be deemed unworthy of compassion, to be stripped of all semblance of independence. And yet, the masters, those stern and unyielding custodians of misery, justified their harshness as a necessary deterrent, a means of discouraging idleness and maintaining order – a cruel and heartless philosophy, born of a profound lack of understanding and a callous disregard for human suffering.",118,ai_mimicked,Dickens,Class Disparity
"Consider the grand estates, those sprawling manors and opulent townhouses, built upon fortunes amassed through the exploitation of the very labourers whose toil provided the means for such extravagance. Within those gilded cages, fortunes were squandered on frivolous pursuits – balls, banquets, and baubles – whilst just beyond the garden walls, children scavenged for scraps of food, their faces pale and pinched with hunger. It was a system predicated upon injustice, a societal structure that elevated privilege above necessity, and allowed a select few to luxuriate in comfort whilst the vast majority languished in abject poverty, a moral failing that cried out to Heaven for redress, and threatened, with each passing day, to unravel the very fabric of our nation.",120,ai_mimicked,Dickens,Class Disparity
"The fog, a greasy, yellow miasma, clung to the cobbles like a beggar to a crust, and within its swirling embrace, the contrast between fortunes was rendered all the more ghastly; for whilst within the gilded drawing-rooms of Mayfair, plump gentlemen, their bellies warmed with port and their consciences, perhaps, with something less nourishing, discoursed upon the virtues of industry, just a stone’s throw distant, in the warren of alleys and courts, children, pale and pinched with cold, scavenged for scraps amidst the refuse, their tiny hands blue with the biting chill, a spectacle so commonplace as to scarcely rouse a passing glance from those whose carriages splashed mud upon their threadbare garments – a mud, indeed, symbolic of the very foundations upon which such opulence was built, and the misery upon which it thrived.",135,ai_mimicked,Dickens,Class Disparity
"Old Man Hemlock, a cobbler by trade, though ‘starvation’ would have been a more accurate description of his daily occupation, possessed a dignity, a quiet fortitude, that shone all the brighter for the surrounding squalor; yet even *he*, a man who had known nothing but honest toil, was forced to witness the cruel spectacle of young Master Featherstonehaugh, scarcely more than a boy himself, yet already possessed of an income sufficient to purchase Hemlock’s entire street, flitting past in a gleaming equipage, attended by a liveried footman, his face a mask of bored indifference to the suffering that pressed in upon him from all sides – a boy who had done nothing to *earn* such privilege, save, perhaps, to be born into it, a circumstance which, in this unequal world, proved a more potent advantage than all the skill and industry combined.",142,ai_mimicked,Dickens,Class Disparity
"Mrs. Grimalkin, a widow of exceeding virtue and diminishing means, found herself, despite a lifetime of scrimping and saving, perpetually on the brink of ruin, her small lodgings threatened with eviction by a landlord whose heart, one suspected, was constructed entirely of granite and greed; whilst, simultaneously, the newspapers chronicled the lavish entertainments of Lady Beatrice Bumble, whose diamonds, it was said, could illuminate the darkest night, and whose expenditures on frivolous gewgaws would have sustained Mrs. Grimalkin and her ailing mother for a year – a disparity so monstrous as to provoke not outrage, but a weary resignation in the breasts of those accustomed to such injustices, a silent acceptance of a fate deemed immutable.",116,ai_mimicked,Dickens,Class Disparity
"The workhouse, a grim and forbidding edifice, loomed over the district like a monument to societal indifference, its grey walls echoing with the sighs of the destitute and the lamentations of the forgotten; and within its confines, one observed a heartbreaking irony – for whilst the wealthy lamented the supposed idleness of the poor, these very same poor were compelled to perform arduous tasks for meagre sustenance, their labour enriching those who professed to despise them, a system so perverse as to defy all reason and all compassion, a testament to the callousness of a society that valued profit above human dignity, and convenience above common decency.",107,ai_mimicked,Dickens,Class Disparity
"Consider, if you will, the butcher, Mr. Grimsby, a man of considerable girth and even more considerable fortune, who, whilst dispensing prime cuts of beef to his affluent clientele, turned a blind eye to the gaunt faces pressed against his shop window, the faces of those for whom even a bone, a mere scrap of nourishment, was an unattainable luxury; and observe how he justified his indifference with pronouncements about self-reliance and the necessity of hardship, conveniently forgetting that the very conditions which necessitated such hardship were, in no small measure, a consequence of his own prosperity, a prosperity built upon the exploitation of those less fortunate, a truth he preferred, naturally, not to acknowledge, lest it disturb his comfortable digestion.",121,ai_mimicked,Dickens,Class Disparity
"The fog, a greasy, yellow miasma, clung to the cobbles like a shroud, mirroring the despair that settled upon the dwellings of Spitalfields. Within those crumbling brick tenements, families huddled, not against the November chill so much as against the gnawing emptiness of their bellies, whilst but a stone’s throw distant, in the grand squares of Mayfair, lamps blazed with a vulgar brilliance, illuminating feasts laid out for those whose fortunes were built upon the very privations of these forgotten souls. It was a spectacle, a monstrous, heart-rending spectacle, to observe such proximity of plenty and penury, a testament to a social order so cruelly unbalanced that it seemed to mock the very notion of Christian charity, and to whisper of a reckoning yet to come, a reckoning steeped in sorrow and righteous indignation.",134,ai_mimicked,Dickens,Class Disparity
"Old Man Hemlock, a cobbler by trade – or rather, a former cobbler, for his hands, gnarled and trembling with age and hardship, could scarcely hold a tool – sat upon a doorstep, a spectral figure in the gloom. He’d once possessed a small shop, a modest livelihood, but the relentless march of machinery, that insatiable engine of progress, had rendered his skill obsolete, casting him adrift upon a sea of indifference. And yet, did the gentlemen who strode past in their gleaming boots, purchased from establishments employing these very machines, ever spare a thought for the hands that had once crafted such footwear with pride and painstaking care? Nay, they hurried on, consumed by their own affairs, blind to the human wreckage left in the wake of their relentless pursuit of gain.",133,ai_mimicked,Dickens,Class Disparity
"Mrs. Cratchit, a woman whose spirit, though bowed by circumstance, remained remarkably unbroken, attempted to coax a semblance of cheer from the meagre offerings of their Christmas dinner. A goose, smaller than any seen in more prosperous households, occupied the centre of the table, yet it was surrounded by faces alight with a gratitude that shamed the lavish displays of the wealthy. For whilst those fortunate souls might boast of roasted beef and plum pudding, they lacked the genuine warmth of affection, the simple joy of togetherness, that permeated the humble Cratchit dwelling. It was a poignant contrast, a demonstration that true riches lay not in material possessions, but in the bonds of family and the grace of a contented heart.",121,ai_mimicked,Dickens,Class Disparity
"The workhouse, a grim and forbidding edifice, loomed over the landscape like a monument to societal failure. Within its walls, the aged and infirm, the orphaned and destitute, were subjected to a regimen of relentless toil and meagre sustenance, their individuality stripped away, their spirits crushed beneath the weight of institutional indifference. To witness the shuffling gait of those within, their eyes devoid of hope, was to glimpse the very nadir of human existence, a chilling reminder of the consequences of a system that valued efficiency above compassion, and profit above the dignity of man. It was a place where shadows lingered, and where the echoes of despair reverberated through the cold, stone corridors.",114,ai_mimicked,Dickens,Class Disparity
"Young Master Cecil, scarcely more than a boy, yet already possessed of an air of entitlement and disdain, tossed a crust of bread to a ragged urchin who pleaded for a morsel. The gesture, intended as an act of charity, was in truth a demonstration of condescension, a stark illustration of the chasm that separated the privileged from the impoverished. For the boy did not offer sustenance as a fellow human being, but as one might offer a bone to a dog, a fleeting acknowledgement of existence before turning away with a dismissive shrug. Such casual cruelty, born of unearned advantage, was a blight upon the nation, a festering wound upon the body politic, and a harbinger of unrest.",119,ai_mimicked,Dickens,Class Disparity
"The fog, a greasy, yellow miasma, clung to the cobbles like a beggar to a crust, and within its swirling embrace, the contrast between fortunes was rendered all the more ghastly; for whilst the gilded carriages of Mayfair rattled past, their lamps cutting feeble swathes through the gloom, a shivering family huddled in a doorway scarcely a stone’s throw distant, their faces pinched with cold and want, their garments little more than rags against the biting wind. It was a sight to curdle the blood, this juxtaposition of opulent ease and abject misery, a constant, aching reminder that whilst some feasted on pheasant and claret, others gnawed upon the very bones of despair, their pleas for succour lost in the clamour of a heartless city, a city which, for all its grandeur, possessed a darkness at its core, a darkness born of indifference and fuelled by the relentless pursuit of gain.",151,ai_mimicked,Dickens,Class Disparity
"Old Man Hemlock, a cobbler by trade – or rather, a former cobbler, for his hands, gnarled and trembling with age, could scarcely hold a tool – sat upon an upturned crate, a monument to forgotten industry, watching the bustling throng sweep past his meagre station. He had once possessed a small shop, a haven of leather and wax, but the relentless march of progress, in the form of factories churning out shoddy wares at a pittance, had driven him to this ignominious end. And yet, amidst the swirling skirts and polished boots of those who hurried by, scarcely a glance was cast his way, scarcely a coin offered to alleviate his distress; for in this age of bustling commerce, the aged and infirm were deemed impediments, relics of a bygone era, fit only to be swept aside in the relentless pursuit of profit, a practice most uncharitable and, one might add, profoundly unjust.",154,ai_mimicked,Dickens,Class Disparity
"Mrs. Grimshaw, a woman whose face bore the map of a life etched with hardship, toiled ceaselessly in the laundry, her hands raw and bleeding from the harshness of the soap and water, her back bent double from years of unremitting labour. She worked from dawn till dusk, and often beyond, yet the wages she earned were barely sufficient to keep body and soul together for herself and her ailing husband. And whilst the fine ladies of the city entrusted their delicate linens to her care, oblivious to the suffering that lay behind their pristine whiteness, they little knew the sacrifices made, the hopes deferred, the very lifeblood expended, to maintain their illusion of effortless elegance, a cruel irony indeed, and one which spoke volumes about the callousness of the age.",131,ai_mimicked,Dickens,Class Disparity
"The grand estates, looming like stony giants upon the hills overlooking the city, were filled with a languid opulence that seemed to mock the struggles of those below. Within their gilded halls, fortunes were squandered on frivolous pursuits – balls and banquets and baubles of every description – whilst just beyond their manicured lawns, children scavenged for scraps in the gutters, their bellies aching with hunger. It was a spectacle of profound inequality, a chasm so vast as to seem unbridgeable, and one which bred resentment and despair in equal measure; for how could a just and merciful God permit such a disparity to exist, such a gulf between those who had everything and those who had nothing, a question which haunted the conscience of any man possessed of even a modicum of compassion.",134,ai_mimicked,Dickens,Class Disparity
"Young Timothy Cratchit, a lad barely ten years of age, possessed a spirit bright enough to illuminate the darkest alley, yet even his youthful resilience was being slowly eroded by the weight of his family’s circumstances. His father, a clerk of modest means, struggled valiantly to provide, but the cost of living, ever ascending, pressed upon them with relentless force. Timothy, instead of enjoying the carefree pursuits of boyhood, was forced to assist in the selling of matches upon the street, braving the cold and the scorn of passersby, his small hands numb with the chill, his heart heavy with the knowledge that his efforts, however earnest, were scarcely enough to stave off the spectre of poverty, a burden no child should ever be compelled to bear.",127,ai_mimicked,Dickens,Class Disparity
"The fog, a greasy, yellow miasma, clung to the cobbles like a beggar to a crust, and within its swirling embrace, the contrast between fortunes was rendered all the more ghastly; for whilst within the gilded drawing-rooms of Mayfair, plump gentlemen, their bellies warmed with port and their consciences, perhaps, with something less nourishing, discoursed upon the virtues of industry, just a stone’s throw distant, in the warren of alleys and courts, children, pale and pinched with cold, scavenged for scraps amidst the refuse, their tiny hands blue with the biting chill, a spectacle so commonplace as to scarcely rouse a passing glance from those whose carriages splashed mud upon their threadbare garments – a mud, indeed, symbolic of the very foundations upon which such opulence was built, and the misery upon which it thrived.",135,ai_mimicked,Dickens,Class Disparity
"Old Man Hemlock, a cobbler by trade, though ‘starvation’ would have been a more accurate description of his daily occupation, possessed a dignity, a quiet fortitude, that shone all the brighter for the surrounding gloom; yet even *he*, a man who had known hardship as a constant companion since boyhood, could not entirely shield his youngest, little Bess, from the cruel realities of their station. To witness her, a fragile blossom in a field of thorns, attempting to mend her own worn boots with clumsy fingers, whilst the daughters of the wealthy paraded in silks and satins, was to feel a pang of injustice so acute, so deeply wounding, that it threatened to overwhelm the very soul, and to question the benevolence of Providence itself.",125,ai_mimicked,Dickens,Class Disparity
"Consider, if you will, the grand edifice of Mr. Featherstonehaugh’s mansion, a monument to self-satisfaction and inherited wealth, rising above the squalid rooftops like a defiant fist shaken at the heavens. Within those walls, delicacies were consumed with a profligacy that would have fed a parish for a month, whilst just beyond the iron gates, families huddled together for warmth, their meagre suppers consisting of little more than a crust of bread and a cup of thin, watery gruel. Such a disparity, such a yawning chasm between the ‘haves’ and the ‘have-nots’, was not merely a misfortune, but a moral failing, a stain upon the national character, and a harbinger of discontent.",112,ai_mimicked,Dickens,Class Disparity
"The workhouse, that grim and forbidding institution, stood as a testament to the callous indifference of a society that professed charity whilst practicing neglect. Within its walls, the aged and infirm, the orphaned and destitute, were subjected to a regimen of such austerity and humiliation that it stripped them of their very humanity, reducing them to mere cogs in a heartless machine. And yet, those who administered this bleak existence, those who held the purse strings and dictated the terms of suffering, often justified their actions with pious pronouncements about the virtues of self-reliance, conveniently overlooking the fact that opportunity, like fortune, was rarely distributed with any semblance of fairness.",110,ai_mimicked,Dickens,Class Disparity
"Mrs. Grimalkin, a laundress whose hands were perpetually raw and chapped from the ceaseless toil, possessed a spirit unbroken by adversity, a resilience born of necessity. She toiled from dawn till dusk, scrubbing and rinsing the linens of those who scarcely acknowledged her existence, earning a pittance barely sufficient to keep body and soul together. And yet, she harboured a quiet hope, a fervent belief that her own children might, through education and honest labour, escape the grinding poverty that had been her lot, a hope that flickered like a candle in the wind, threatened by the ever-present darkness of circumstance, and the unyielding weight of a social order that seemed determined to keep them bound to the lowest depths.",120,ai_mimicked,Dickens,Class Disparity
"The fog, a greasy, yellow miasma, clung to the cobbles like a beggar to a crust, and within its swirling embrace, the contrast between fortunes was rendered all the more ghastly; for whilst within the gilded drawing-rooms of Mayfair, plump gentlemen, their bellies warmed with port and their consciences, perhaps, with something less nourishing, discoursed upon the virtues of industry, just a stone’s throw distant, in the warren of alleys and courts, children, pale and pinched with cold, scavenged for scraps amidst the refuse, their tiny hands blue with the biting chill, a spectacle so commonplace as to scarcely rouse a passing glance from those whose carriages splashed mud upon their threadbare garments – a mud, indeed, symbolic of the very foundations upon which such opulence was built, and the depths from which it rose.",135,ai_mimicked,Dickens,Class Disparity
"Old Man Hemlock, a cobbler by trade, though ‘starvation’ would have been a more accurate description of his daily occupation, possessed a dignity, a quiet fortitude, that shone all the brighter for the surrounding squalor; yet even *he*, a man who had known hardship as a constant companion since boyhood, could not entirely shield his granddaughter, little Bess, from the cruel realities of their station. To witness the rosy-cheeked daughters of the merchant princes, parading in silks and ribbons, whilst Bess mended her own patched frock by the flickering candlelight, was a torment not merely to the child, but to the very soul of the grandfather, a constant, aching reminder of the chasm that yawned between those who *had* and those who, through no fault of their own, possessed only the hollow ache of want.",135,ai_mimicked,Dickens,Class Disparity
"Consider, if you will, the grand edifice of Blackwood Manor, a monument to generations of inherited wealth, its stone walls echoing with the laughter of those who had never known a moment’s anxiety regarding the morrow’s provision. And then, cast your gaze upon the rookery that huddled in its shadow, a festering collection of hovels where families, numbering often a dozen souls, were crammed into single rooms, breathing the damp, the disease, and the despair that clung to the very timbers. Such proximity, such a jarring juxtaposition, was not merely an inconvenience, but a deliberate cruelty, a constant, visible proclamation of the unyielding power of birth and fortune, and the utter helplessness of those born beneath a less fortunate star.",120,ai_mimicked,Dickens,Class Disparity
"The charitable donations of the wealthy, whilst lauded in the newspapers and whispered about in polite society, were often little more than a salve to their own consciences, a paltry offering tossed to the multitude like crumbs to starving pigeons. For what good was a single blanket, a single loaf of bread, when the root of the problem lay not in a temporary lack of sustenance, but in a systemic injustice that condemned entire families to a life of unrelenting toil and deprivation? It was a spectacle to make the angels weep, this pretense of benevolence masking a profound and callous indifference to the suffering of their fellow creatures, a suffering born not of idleness, but of circumstance.",118,ai_mimicked,Dickens,Class Disparity
"And yet, amidst this grim tableau of disparity, there existed a peculiar and unsettling complacency, a widespread acceptance of this unequal order as if it were ordained by some divine decree. The very air seemed thick with the notion that those who possessed wealth were somehow *entitled* to it, whilst those who lacked it were deserving of their fate, a notion propagated by those who benefited most from the arrangement. It was a moral failing, a spiritual blight upon the nation, this willingness to turn a blind eye to the plight of the less fortunate, to allow the cries of the suffering to be drowned out by the clinking of glasses and the rustle of silk, a silence more damning than any accusation.",123,ai_mimicked,Dickens,Class Disparity
"The chill November air, it clung to the stones of the churchyard with a persistence most unsettling, a damp and mournful embrace that seemed to seep into the very bones of those who paused to contemplate the rows of grey, tilting markers; and as young Master Thomas, scarcely past his boyhood, traced the lettering on his departed grandmother’s slab, a sudden, dreadful awareness descended upon him, not of grief alone – for grief was a familiar companion – but of the vast, unyielding silence that awaited us all, a silence deeper than any London fog, more absolute than the blackest midnight, a silence from which no voice, however fervent, could ever return, and which rendered all earthly striving, all ambition and petty quarrel, utterly, heartbreakingly, vain.",126,ai_mimicked,Dickens,Mortality Awareness
"Old Mrs. Grimalkin, she who dispensed remedies and whispered prophecies from her cottage choked with herbs and shadowed by ancient apple trees, possessed a knowingness that bordered upon the spectral, and it was she who remarked, with a shake of her grey head and a sigh that seemed to carry the weight of centuries, that the scent of woodsmoke, so comforting in its domesticity, was, in truth, the very breath of Time himself, consuming the years as readily as it warmed the hearth; and that each crackling ember was a fleeting moment, lost forever to the insatiable maw of the past, a truth which, though seldom spoken aloud in polite society, hung heavy in the air of every sickroom and shadowed every festive gathering, a constant, unwelcome guest.",128,ai_mimicked,Dickens,Mortality Awareness
"Consider, if you will, the bustling thoroughfares of London, teeming with life and commerce, a veritable river of humanity flowing ceaselessly towards some unknown destination, each individual preoccupied with their own concerns, their own small triumphs and tribulations; yet, observe them closely, and you will perceive, beneath the veneer of vitality, a subtle tremor of mortality, a fleeting shadow in the eye, a momentary stoop of the shoulders, a premonition, perhaps unconscious, of the inevitable dissolution that awaits even the most robust amongst them, a sobering thought to accompany the clatter of hooves and the cries of street vendors.",99,ai_mimicked,Dickens,Mortality Awareness
"The grandest edifice, the most imposing monument, however skillfully wrought and enduring it may appear, is but a temporary defiance of the relentless march of Time, a fragile bulwark against the encroaching tide of decay; for even the stones themselves, weathered by wind and rain, bear the marks of age, and the gilded ornaments, once gleaming with brilliance, are slowly tarnished by the passage of years, a poignant reminder that all things, however magnificent, are subject to the same immutable law, and that even empires, built upon foundations of stone and sustained by the sweat of countless brows, must ultimately crumble into dust, leaving behind only echoes and regrets.",109,ai_mimicked,Dickens,Mortality Awareness
"And it is not merely in the decline of years, nor in the grip of pestilence, that this solemn truth reveals itself, but in the smallest, most commonplace occurrences; the fading of a rose, the falling of a leaf, the extinguishing of a candle flame – each a miniature allegory of our own fleeting existence, a gentle, yet insistent, reminder that life is a precious and fragile gift, to be cherished and employed with diligence and compassion, lest we find ourselves, upon the final reckoning, lamenting the wasted hours and the opportunities lost, adrift in a sea of remorse with no shore in sight.",104,ai_mimicked,Dickens,Mortality Awareness
"The chill November air, it clung to the stones of the churchyard with a persistence most unsettling, a damp and mournful embrace that seemed to seep into the very bones of those who paused to contemplate the rows of grey, tilting markers; and as young Master Thomas, scarcely past his boyhood, traced the lettering on his departed grandmother’s slab, a sudden, dreadful awareness descended upon him, not of grief alone – for grief was a familiar companion – but of the vast, unyielding silence that awaited us all, a silence deeper than any London fog, more absolute than the blackest midnight, a silence from which no voice, however fervent, could ever return, and which rendered all earthly striving, all ambition and petty quarrel, utterly, heartbreakingly, vain.",126,ai_mimicked,Dickens,Mortality Awareness
"Old Mrs. Grimalkin, she who dispensed remedies and pronouncements with equal measure from her tiny, cluttered shop, possessed a countenance etched with the knowledge of passing years, a map of sorrows and small triumphs, and it was whilst observing her, carefully arranging a posy of withered lavender, that the thought struck me with the force of a physical blow: that even such a fixture of our neighbourhood, such a repository of local lore and quiet kindness, was but a fleeting shadow upon the grand tapestry of time, destined, as surely as the sun descended each evening, to fade into the obscurity from whence she came, leaving behind only the faintest scent of herbs and a lingering echo of her gentle voice.",121,ai_mimicked,Dickens,Mortality Awareness
"The docks, a hive of industry and ceaseless motion, presented a spectacle most curious, for amidst the bustle of loading and unloading, the shouts of sailors and the creaking of ropes, one could not but observe the pallor of the dockworkers, their faces prematurely aged by hardship and exposure, and reflect upon the precariousness of their existence, how easily a misstep, a sudden illness, or a rogue wave could consign them to a watery grave, a fate swift and unforgiving, rendering all their labours, all their hopes for a better morrow, naught but bubbles upon the tide, swiftly broken and lost to the relentless sea.",105,ai_mimicked,Dickens,Mortality Awareness
"Consider, if you will, the grandest mansion, the most opulent drawing-room, adorned with silks and velvets, glittering chandeliers and portraits of ancestors long departed; yet even within those walls, even amidst such displays of wealth and privilege, the spectre of mortality held sway, for the master of the house, however robust his constitution, however assured his position, was but a tenant at will, his days numbered, his inheritance destined to pass to others, and his name, in time, to be but a whisper in the corridors of history, a poignant reminder of the ephemeral nature of all earthly possessions.",99,ai_mimicked,Dickens,Mortality Awareness
"It was during a visit to the workhouse, a grim and forbidding edifice, that the full weight of this truth descended upon me, witnessing the gaunt faces and listless eyes of those within, their bodies worn down by poverty and despair, their spirits broken by misfortune; and as I observed a frail old man, his hands trembling as he attempted to mend a tattered garment, I realised that death, that inevitable visitor, made no distinction between the rich and the poor, the virtuous and the wicked, but claimed all alike, reducing them to dust and ashes, a sobering thought indeed, and one which ought to inspire in us a greater measure of compassion and charity towards our fellow creatures.",119,ai_mimicked,Dickens,Mortality Awareness
"The chill November air, it seemed to carry not merely the damp of the river, but a whisper of the charnel-house, a premonition of dissolution that clung to the very cobblestones and seeped into the marrow of one’s bones; for even amidst the bustling commerce of Cheapside, and the cheerful glow of shop windows promising festive delights, the specter of mortality held court, observing each hurried footstep, each flushed cheek, as if marking down the days allotted to them. Old Man Tiber, they called him, the crossing-sweeper, a figure as weathered and worn as a forgotten tombstone, and to watch him ply his trade, offering a clean passage for a paltry pence, was to contemplate the swift current of time, and the inevitable journey all must undertake, regardless of station or wealth, towards that silent, shadowy shore from whence no traveler returns.",142,ai_mimicked,Dickens,Mortality Awareness
"Mrs. Cratchit, bless her gentle soul, possessed a fortitude born not of robust health, but of a quiet acceptance, a knowing glance towards the inevitable that settled upon her features like the dust of years; and though her frame was slight, and the winter’s cold found easy purchase within her humble dwelling, she bore her burdens with a grace that shamed the stoutest amongst us, for she understood, with a clarity that pierced the veil of everyday concerns, that life itself was but a loan, a fleeting tenancy in a world not truly our own. It was in the stitching of Tiny Tim’s little shirt, in the careful mending of worn garments, that this understanding found its expression, a testament to the preciousness of each remaining moment, and a defiance, however small, against the encroaching darkness.",136,ai_mimicked,Dickens,Mortality Awareness
"The grandest mausoleums in Highgate Cemetery, with their marble angels and imposing obelisks, offered no true solace, no genuine shield against the universal decree; for whilst they might proclaim the virtues and accomplishments of those interred within, they could not, alas, recall a single breath, nor restore a single heartbeat. Indeed, the very opulence of these final resting places seemed a vain attempt to deny the leveling power of death, a desperate clinging to earthly grandeur in the face of an eternity where rank and riches held no sway. One might as well attempt to hold back the tide with a silken handkerchief, so futile was the endeavor to cheat the inevitable embrace of the grave.",116,ai_mimicked,Dickens,Mortality Awareness
"Young Master Havisham, though scarcely more than a babe, had already witnessed a sorrow that would cling to him like a shroud, a preternatural awareness of loss instilled by the peculiar circumstances of his upbringing; and it was a melancholy sight, to observe him wandering the echoing halls of Satis House, a miniature figure lost in a labyrinth of faded grandeur, his eyes reflecting not the innocent joy of childhood, but the somber hues of a world perpetually shadowed by remembrance. He knew, with an intuition beyond his years, that time, like a relentless creditor, demanded its due, and that even the most cherished memories would eventually succumb to the ravages of decay, leaving behind only a lingering ache and the ghostly echo of what once was.",127,ai_mimicked,Dickens,Mortality Awareness
"Consider the lamplighter, a solitary figure traversing the darkened streets, his small flame a fragile beacon against the vastness of the night; and reflect upon the symbolism inherent in his task, for does he not, in a manner of speaking, mimic the brief, flickering existence of humanity itself? Each lamp he kindles represents a life ignited, a spark of consciousness in the overwhelming gloom, yet each flame, however diligently tended, is destined to be extinguished, leaving behind only a wisp of smoke and the encroaching darkness. And so it is with us all, born into a world of shadows, striving to illuminate our fleeting moments, knowing full well that the night, in the end, will claim us all.",118,ai_mimicked,Dickens,Mortality Awareness
"The chill November air, it seemed to carry not merely the damp of the river, but a whisper of the charnel-house, a premonition of that cold accounting to which all flesh must ultimately submit; and even the bustling thoroughfares, choked with vendors and their wares, could not quite drown out the solemn tolling of the bells, each peal a mournful reminder of lives extinguished, of hopes deferred, and of affections left to grieve in the desolate chambers of the heart. For what, indeed, is life but a fleeting shadow, a brief candle flickering in the vast darkness, prone to be snuffed out by the slightest gust of misfortune, leaving behind only memories – precious, perhaps, yet ultimately as insubstantial as the morning mist? One observes it in the pallor of a child, the stoop of an aged labourer, the sudden silence of a once-familiar voice, and the realization descends, heavy and inescapable, that we are all, every one of us, but pilgrims upon a journey with a predetermined, and all too proximate, end.",173,ai_mimicked,Dickens,Mortality Awareness
"Old Man Hemlock, he kept a curiosity shop down by the docks, a veritable museum of forgotten things, and amongst his dusty relics and tarnished silver, he possessed a singular fascination with timepieces – clocks of every description, each ticking away with a relentless, almost menacing precision. He would often remark, whilst polishing a particularly ornate grandfather clock, that each tick was not merely a measure of passing seconds, but a diminution of one’s allotted span, a subtle theft from the grand treasury of existence. And it was a disquieting thought, to consider that with every swing of the pendulum, one drew ever nearer to that final, irrevocable stillness, that cessation of all earthly endeavour. The very mechanism, so ingenious and intricate, served as a constant, albeit unwelcome, memento mori, a reminder that even the most skillfully crafted contrivance is subject to decay and ultimate dissolution.",146,ai_mimicked,Dickens,Mortality Awareness
"The workhouse, a grim and forbidding edifice, stood as a stark testament to the fragility of human existence, a place where the aged and infirm were deposited, not to find solace or comfort, but to await, with dwindling hope, the inevitable summons to the grave. Within those bleak walls, one witnessed a daily parade of mortality, the slow, agonizing decline of bodies worn down by hardship and neglect, the vacant stares of those whose memories had long since faded, and the quiet resignation of souls preparing to embark upon that uncertain voyage from which no traveller ever returns. It was a scene to chill the blood, to curdle the very milk of human kindness, and to provoke a profound and unsettling contemplation of one’s own fleeting mortality, for who amongst us, however fortunate, could claim immunity from the ravages of time and the cruel decrees of fate?",147,ai_mimicked,Dickens,Mortality Awareness
"Mrs. Grimalkin, a widow of considerable years and even more considerable sorrows, possessed a peculiar habit of collecting dried flowers, pressing them between the pages of ancient volumes, and arranging them in elaborate, yet melancholic, displays. She claimed that each petal held a fragment of a lost summer, a whisper of a vanished joy, and that by preserving them, she was, in some small measure, defying the relentless march of time and the inevitable decay of all things beautiful. Yet, even as she tended to her floral relics with such meticulous care, a shadow of sadness lingered in her eyes, a recognition that even the most carefully preserved mementoes could not truly arrest the passage of years, nor restore the bloom of youth, nor resurrect the departed spirits of those she had loved and lost.",135,ai_mimicked,Dickens,Mortality Awareness
"Consider the river, flowing ceaselessly towards the sea, carrying with it flotsam and jetsam, the detritus of a bustling city, and, indeed, a silent allegory of our own mortal passage. Each ripple, each eddy, represents a moment lost, a chance unseized, a memory fading into the mists of the past. And as the river broadens, as it approaches the vast expanse of the ocean, so too does our life expand, only to be ultimately absorbed into the boundless, unknowable depths of eternity. It is a sobering thought, to contemplate the sheer immensity of time and the infinitesimal brevity of our own existence, yet it is a thought that should, perhaps, inspire us to live with greater purpose, to cherish each fleeting moment, and to strive to leave behind a legacy of kindness and compassion, lest we vanish, as so many others have done, without a trace, leaving only a ripple upon the surface of the great, relentless river of time.",160,ai_mimicked,Dickens,Mortality Awareness
"The chill November air, it clung to the stones of the churchyard with a persistence most unsettling, a damp and mournful embrace that seemed to seep into the very bones of those who paused to contemplate the rows of grey, tilting markers; and as young Master Thomas, scarcely past his boyhood, traced the lettering on his departed grandmother’s slab, a sudden, dreadful awareness descended upon him, not of grief alone – for grief was a familiar companion – but of the vast, unyielding silence that awaited us all, a silence deeper than any London fog, more absolute than the blackest midnight, a silence from which no voice, however fervent, could ever return, and which rendered all earthly striving, all ambition and petty quarrel, utterly, heartbreakingly, vain.",126,ai_mimicked,Dickens,Mortality Awareness
"Old Mrs. Grimalkin, she who dispensed remedies and pronouncements with equal measure from her tiny, cluttered shop, possessed a countenance etched with the knowledge of passing years, a map of sorrows and small triumphs, and it was whilst observing her, carefully arranging a posy of withered lavender, that the thought struck me with the force of a physical blow: that even such a fixture of our neighbourhood, such a repository of local lore and quiet kindness, was but a fleeting shadow upon the grand tapestry of time, destined, as surely as the sun descended each evening, to fade and vanish, leaving behind only the faintest scent of remembrance, a whisper in the wind, a gap upon the shelf where her jars and bottles once stood sentinel.",126,ai_mimicked,Dickens,Mortality Awareness
"The docks, a hive of industry and ceaseless motion, presented a spectacle most curious, for amidst the bustle of loading and unloading, the shouts of sailors and the creaking of ropes, one could not but observe the pallor of the stevedores, their faces prematurely aged by hardship and exposure, and reflect upon the precariousness of their existence, how easily a misstep, a sudden illness, or a rogue wave might consign them to the murky depths, their labours forgotten, their names lost amongst the countless others who had toiled and perished in the service of commerce, a grim reminder that life, for many, was a fragile vessel upon a tempestuous sea.",110,ai_mimicked,Dickens,Mortality Awareness
"Consider, if you will, the grandest mansion, the most opulent drawing-room, adorned with silks and velvets, glittering chandeliers and portraits of ancestors long departed; yet even within those walls, amidst such displays of wealth and privilege, the spectre of mortality held sway, for the lady of the house, though draped in jewels and attended by servants, could not escape the creeping advance of age, the subtle betrayals of her own failing body, nor could her lord, despite his power and influence, ward off the inevitable decline, the slow extinguishing of the flame that animated his being, a truth which cast a melancholy shadow upon even the most joyous occasion.",109,ai_mimicked,Dickens,Mortality Awareness
"It was during a visit to the workhouse, a place of such bleakness and despair as to chill the very soul, that the full weight of our shared fate descended upon me, witnessing the gaunt faces and listless eyes of those within, the aged and infirm, the orphaned and abandoned, all awaiting, with a quiet resignation most dreadful to behold, the final summons; and it struck me then, with a force that left me trembling, that rank and fortune, birth and breeding, availed us nothing in the face of such universal dominion, for we were all, rich and poor alike, merely pilgrims on a journey towards that dark and unknown country from whence no traveller ever returns, bound by the same immutable decree.",123,ai_mimicked,Dickens,Mortality Awareness
"The chill November air, it clung to the stones of the churchyard with a persistence most unsettling, a damp and mournful embrace that seemed to seep into the very bones of those who paused to contemplate the rows of silent residents beneath. For what, one might ask, is life but a fleeting shadow cast upon the wall of eternity, a brief and bustling performance enacted before an audience of unyielding stone? Old Man Hemlock, they say, who measured out his days in miserly portions and hoarded his shillings with a grip tighter than death itself, now lies levelled with the dust, his earthly treasures rendered utterly meaningless by the great leveller, Time, who cares not for wealth nor station, but claims us all with an impartial hand, leaving behind only whispers and the rustling of leaves upon a forgotten grave.",140,ai_mimicked,Dickens,Mortality Awareness
"A curious spectacle it is, to observe the bustling thoroughfares of London, teeming with life and ambition, with hopes and anxieties, all rushing headlong towards an inevitable conclusion. Each footstep echoes, though none perceive it, with the cadence of mortality, each laugh rings with a hollow undertone, each tear falls as a testament to the fragility of existence. The very air seems thick with unspoken fears, with the knowledge, however suppressed, that the bloom of youth must fade, the vigour of manhood wane, and the wisdom of age surrender to the long, dark sleep. And yet, they press onward, these souls, oblivious or defiant, as if to outrun the shadow that relentlessly pursues them, a shadow that lengthens with each passing hour.",122,ai_mimicked,Dickens,Mortality Awareness
"Mrs. Cratchit, a woman whose spirit shone brighter than any gas lamp in all of London, bore her burdens with a fortitude that would have humbled a saint, yet even *she* felt the icy finger of apprehension trace its path across her heart when little Tim coughed, a sound so frail it seemed to carry the weight of all the world’s sorrows. For in the sickness of a child, one beholds a miniature reflection of one’s own mortality, a chilling premonition of the grief that awaits all who dare to love. It is a truth most unwelcome, a spectre that haunts the hearth and casts a pall upon the most joyous occasion, reminding us, with cruel precision, that even the sweetest blossoms must eventually wither and fall.",127,ai_mimicked,Dickens,Mortality Awareness
"The docks, a labyrinth of ropes and timber and the ceaseless cries of gulls, presented a particularly stark reminder of life’s precarious hold. Men, hardened by years of toil and exposure, risked their lives daily upon the capricious waves, knowing full well that the ocean, though bountiful, was also a merciless mistress. Each departing vessel carried with it not merely goods and wares, but also the hopes and fears of those left behind, and the ever-present possibility of a watery grave. It was a grim commerce, this, conducted under the shadow of the inevitable, a constant negotiation with fate itself, where a single storm could extinguish a lifetime of endeavour.",110,ai_mimicked,Dickens,Mortality Awareness
"Consider the antique shop, crammed with relics of lives long past – faded portraits, tarnished silver, moth-eaten tapestries – each object a silent witness to joys and sorrows, triumphs and defeats, now rendered into mere curiosities. To handle these remnants is to touch the very fabric of vanished years, to feel the ghostly presence of those who once held them dear. And in that touch, a profound melancholy descends, for it is a stark and undeniable truth that all things, however cherished, must ultimately succumb to the ravages of time, returning to the dust from whence they came, leaving behind only echoes and the faint scent of remembrance.",108,ai_mimicked,Dickens,Mortality Awareness
"The chill November air, it clung to the stones of the churchyard with a persistence most unsettling, a damp and mournful embrace that seemed to seep into the very bones of those who lingered near the freshly turned earth; and as old Silas, the sexton, shuffled amongst the monuments – each a cold, grey testament to lives concluded – one could not but ponder the swift and silent passage of time, how readily it stole away the bloom of youth and the vigour of manhood, leaving behind only these stark reminders of vanished hopes and extinguished fires, a grim procession marching ever onward to that undiscovered country from whose bourn no traveller returns, a truth whispered on the wind and etched upon every crumbling epitaph.",125,ai_mimicked,Dickens,Mortality Awareness
"Mrs. Grimalkin, a widow of some seventy years, and possessed of a countenance as wrinkled and weather-beaten as a winter apple, sat perpetually by her window, observing the comings and goings of the village with a melancholy detachment; for she had buried husband, children, and all her youthful companions, and the weight of years, coupled with the constant presence of absence, had settled upon her spirit like a shroud, reminding her, with each tick of the grandfather clock in the hall, that her own allotted span was dwindling, and that the final, inevitable summons would, in due course, arrive, delivering her into the silent company of those she so keenly mourned, a prospect she faced not with terror, but with a weary resignation.",123,ai_mimicked,Dickens,Mortality Awareness
"Young Master Cecil, though barely turned twenty and possessed of all the arrogance and vitality of his age, was struck, most unexpectedly, with a fever that consumed him with alarming rapidity; and as he lay abed, his once rosy cheeks flushed with a dangerous heat, and his breath coming in ragged gasps, a dreadful awareness descended upon him, a chilling realization that even the most robust constitution was but a fragile vessel, susceptible to the whims of fate and the relentless march of disease, and that the pleasures of life – the laughter, the companionship, the very air he breathed – were all fleeting and ephemeral, destined to vanish like mist before the rising sun.",115,ai_mimicked,Dickens,Mortality Awareness
"The docks, a labyrinth of shadows and swirling fog, held a peculiar fascination for Mr. Barlow, a man whose profession – that of a ship’s chandler – brought him into constant contact with the instruments of both life and death upon the sea; and it was there, amidst the creaking of ropes and the cries of gulls, that he often contemplated the precariousness of human existence, observing how readily a vessel, brimming with hopes and ambitions, could be swallowed by the unforgiving waves, its crew consigned to a watery grave, a stark and sobering reminder that even the most carefully laid plans could be dashed to pieces by the capricious hand of Providence, and that all earthly endeavours were ultimately subject to the dominion of mortality.",126,ai_mimicked,Dickens,Mortality Awareness
"Old Man Hemlock, a recluse of the most pronounced character, lived a solitary existence in a crumbling cottage on the outskirts of the village, shunned by his neighbours and haunted, it was said, by the ghosts of his past; yet even he, hardened by years of isolation and steeped in a profound sense of despair, could not entirely escape the gnawing awareness of his own impending demise, for the autumn leaves, falling like tears from the ancient oaks surrounding his dwelling, served as a constant, melancholy reminder of the cyclical nature of life and death, and the inevitable decay that awaited all things, a truth he acknowledged not with fear, but with a grim and fatalistic acceptance.",117,ai_mimicked,Dickens,Mortality Awareness
"The chill November air, it clung to the stones of the churchyard with a persistence most unsettling, a damp and mournful embrace that seemed to seep into the very bones of those who paused to contemplate the rows of grey, tilting markers; and as young Master Thomas, scarcely past his boyhood, traced the lettering on his departed grandmother’s slab, a sudden, dreadful awareness descended upon him, not of grief alone – for grief was a familiar companion – but of the vast, unyielding silence that awaited all flesh, a silence broken only by the whisper of the wind through the yew trees, a whisper that spoke, not of comfort, but of the inevitable dissolution of all earthly things, a truth as cold and hard as the granite beneath his trembling hand.",131,ai_mimicked,Dickens,Mortality Awareness
"Old Mrs. Grimalkin, she had lived a life measured not in years, but in the accumulation of small sorrows and quiet disappointments, a life spent largely unnoticed in the bustling thoroughfares of the city, yet even *she*, when struck down by a sudden fever, occasioned a tremor of recognition in the hearts of those who knew her, a fleeting acknowledgement of the common fate that binds us all, rich and poor, grand and humble; for death, you see, is a leveller, a stern and impartial judge who cares not for station or circumstance, but claims his due from every soul, leaving behind only memories, fading as the colours of a worn tapestry, and the echoing emptiness of a life concluded.",120,ai_mimicked,Dickens,Mortality Awareness
"It was in the counting-house, amidst the ledgers and the ceaseless ticking of the clock – a clock which, with each measured beat, seemed to mock the fleeting nature of existence – that Mr. Pinchbeck first truly confronted the spectre of his own mortality; not through illness, nor through any particular hardship, but through the simple observation of his aged clerk, Mr. Filch, whose hand trembled so violently as he penned the figures, whose breath came in shallow, rattling gasps, and whose eyes, though still possessing a spark of intelligence, held within them the unmistakable shadow of approaching night, a night from which, Mr. Pinchbeck realised with a sudden, sickening lurch, there would be no awakening.",116,ai_mimicked,Dickens,Mortality Awareness
"The theatre, that glittering palace of illusion, with its painted scenes and passionate portrayals of life and love, offered a curious, and perhaps a cruel, contrast to the grim reality that lay beyond its velvet curtains; for whilst the audience wept at the tragic fate of a fictional heroine, or rejoiced at the triumph of a valiant hero, the very air they breathed was thick with the dust of generations past, with the echoes of laughter and tears long since silenced, a constant reminder that even the most dazzling spectacle must eventually fade, and that all who tread the boards – actors and audience alike – are but players upon a stage destined to fall into ruin and decay.",119,ai_mimicked,Dickens,Mortality Awareness
"Consider the river, flowing ceaselessly towards the sea, carrying with it not only water, but the detritus of the city, the refuse of our lives, and, alas, too often, the silent burdens of our grief; and observe how each ripple, each eddy, each swirling current, represents a moment lost, a chance departed, a life irrevocably altered, and how, in its relentless onward rush, it mirrors the passage of time itself, sweeping us all along towards that vast and unknowable ocean which awaits us at the journey’s end, a destination from which no traveller ever returns, a truth which, though often unacknowledged, hangs heavy upon the heart of every thinking man.",110,ai_mimicked,Dickens,Mortality Awareness
"The chill November air, it seemed to carry not merely the damp of the river, but a whisper of the charnel-house, a premonition of that cold accounting to which all flesh must ultimately submit; and even the bustling thoroughfares, choked with vendors and their wares, could not quite drown out the solemn tolling of the bells, each peal a mournful reminder of lives extinguished, of hopes deferred, and of affections left to grieve in the desolate chambers of the heart. For what, indeed, are we but fleeting shadows upon the grand tapestry of Time, woven with threads of joy and sorrow, destined to fade and unravel with an inevitability that chills the very marrow, leaving behind only echoes and the faint scent of remembrance, a fragile testament to a being that once was, yet is no more?",137,ai_mimicked,Dickens,Mortality Awareness
"Old Man Hemlock, the cobbler, whose fingers, gnarled and knotted as the roots of an ancient oak, had mended countless shoes for the weary travellers of this parish, now lay still, his earthly labours concluded, his shop darkened and silent as a forgotten tomb. It was not the cessation of his trade that struck one so keenly, but the sudden, stark realization that even such a fixture, such a humble and enduring presence, could be swept away by the relentless current of mortality, leaving a void in the very fabric of the neighbourhood, a palpable absence that spoke volumes of the fragility of existence and the swift passage of years, each one a step closer to that final, inevitable reckoning.",120,ai_mimicked,Dickens,Mortality Awareness
"The fever, that insidious and merciless visitant, stalked the rookeries with a grim determination, claiming its victims amongst the young and the old alike, leaving behind a trail of sorrow and despair that clung to the very stones of the alleyways. One could scarcely walk a few paces without encountering the pallid faces of those touched by its icy hand, or hearing the lamentations of families bereft, their grief a raw and aching wound upon the soul. And yet, amidst this widespread suffering, there was a curious indifference amongst those spared, a turning away from the harsh realities of life and death, as if to acknowledge the presence of mortality were to invite its unwelcome embrace.",116,ai_mimicked,Dickens,Mortality Awareness
"Mrs. Cratchit, though possessed of a spirit as bright and unwavering as a winter’s star, could not entirely conceal the tremor in her voice as she spoke of her late sister, a woman whose gentle nature and unwavering kindness had touched the lives of all who knew her. It was not merely the loss of a beloved relative that weighed upon her heart, but the unsettling awareness that even the most virtuous and cherished amongst us are subject to the same fate as the vilest of criminals, that death, that great leveller, respects neither rank nor station, neither goodness nor depravity, but claims all impartially, leaving behind only memories and the lingering ache of what might have been.",118,ai_mimicked,Dickens,Mortality Awareness
"Consider the grandest edifice, the most imposing monument erected by human hands – even these, in the fullness of time, shall crumble and decay, returning to the dust from whence they came, a poignant illustration of the vanity of earthly ambition and the ultimate triumph of mortality. The gilded halls and soaring spires, the intricate carvings and masterful artistry, all shall be reduced to rubble, a silent testament to the ephemeral nature of all things, a stark reminder that even the most enduring creations of mankind are but fleeting shadows against the backdrop of eternity, destined to vanish as though they had never been, leaving only the vast, indifferent silence of the ages.",113,ai_mimicked,Dickens,Mortality Awareness
"The chill November air, it clung to the stones of the churchyard with a persistence most unsettling, a damp and mournful embrace that seemed to seep into the very bones of those who paused to contemplate the rows of grey, tilting markers; and as young Master Thomas, scarcely past his boyhood, traced the lettering on his departed grandmother’s slab, a sudden, dreadful awareness descended upon him, not of grief alone – for grief was a familiar companion – but of the vast, unyielding silence that awaited us all, a silence deeper than any London fog, more absolute than the blackest midnight, a silence from which no voice, however fervent, could ever return, and which rendered all earthly striving, all ambition and petty quarrel, utterly, heartbreakingly, vain.",126,ai_mimicked,Dickens,Mortality Awareness
"Old Mrs. Grimalkin, she who dispensed remedies and whispered prophecies from her cottage choked with herbs and shadowed by ancient apple trees, possessed a knowingness that bordered upon the spectral, and it was she who remarked, with a shake of her head and a sigh that seemed to carry the weight of centuries, that the scent of chrysanthemums, though pleasing to the eye, was, in truth, the very perfume of decay, a gentle, floral reminder that even the most vibrant bloom must inevitably surrender to the frost, and that the robust farmer, boasting of his harvest and his health, was, even as he spoke, drawing ever nearer to that final, inevitable reckoning, a truth which, though unpalatable, was woven into the very fabric of existence, a somber thread running through the brightest tapestry.",133,ai_mimicked,Dickens,Mortality Awareness
"Consider, if you will, the bustling thoroughfares of London, teeming with life and commerce, a swirling vortex of humanity, each individual pursuing his own fleeting desires, oblivious, for the most part, to the shadow that dogged his heels; yet, observe closely, and you will perceive, amidst the clamor and the haste, the pallor of consumption upon a young woman’s cheek, the stoop of age in a burdened porter’s shoulders, the vacant stare of a beggar lost in memories of better days – each a silent testament to the relentless march of time, each a harbinger of that universal fate which, like a patient creditor, demands payment from us all, regardless of station or circumstance, and leaves no soul untouched by its chilling decree.",123,ai_mimicked,Dickens,Mortality Awareness
"The grandest edifice, the most imposing monument, however skillfully wrought and enduring it may appear, is, in the final analysis, but a temporary defiance of the inevitable, a fragile bulwark against the encroaching tide of oblivion; for even the stones themselves, weathered by wind and rain, and scarred by the passage of years, will crumble and return to the dust from whence they came, and the names of kings and emperors, etched upon their surfaces with such pomp and circumstance, will fade and become illegible, swallowed by the relentless maw of time, leaving behind only a whisper, a ghost of remembrance, a poignant echo of what once was, and a stark reminder of what shall be.",116,ai_mimicked,Dickens,Mortality Awareness
"It is a curious thing, is it not, how we cling to trifles, to possessions and vanities, as though they might somehow shield us from the cold breath of mortality? A fine coat, a well-appointed table, a reputation for respectability – these are the comforts to which we attach such importance, yet they are as fleeting as the shadows cast by a passing cloud, offering no true solace when confronted with the stark reality of our own impermanence; for when the final curtain descends, and the earthly stage is left empty, it is not our wealth or our status that will matter, but the kindness we have shown, the love we have given, and the legacy of compassion we leave behind, a legacy, alas, too often overshadowed by the pursuit of worldly gain and the neglect of the enduring virtues.",140,ai_mimicked,Dickens,Mortality Awareness
"The shaping of a soul, one might observe, is not unlike the slow accretion of dust upon a forgotten heirloom, each particle—a kindness received, a harsh word endured, a glimpse of beauty or a brush with squalor—contributing to a surface both concealing and revealing the form beneath; for what are we, after all, but collections of impressions, moulded by circumstance and the capricious whims of fate? Young Master Cecil, for instance, born to privilege yet haunted by a nameless discontent, found his character not in the gilded chambers of his ancestral home, but in the shadowed alleys where he secretly ventured, observing the lives of those less fortunate, a yearning for authenticity blossoming within him like a fragile flower pushing through the cobblestones, a yearning that threatened to dismantle the carefully constructed edifice of his expected station.",137,ai_mimicked,Dickens,Identity Formation
"’Tis a curious thing, is it not, how readily we adopt the masks presented to us by the world, becoming, in effect, mere players upon a stage not of our own devising? Miss Eleanor, a creature of delicate sensibilities and a most unfortunate parentage, discovered, to her profound dismay, that her very identity was deemed malleable, to be bent and shaped according to the desires of those who held sway over her meagre fortunes. First, a governess demanding obedience, then a distant aunt insisting upon propriety, each attempting to imprint upon her a version of herself that bore little resemblance to the trembling, hopeful spirit within; and so she drifted, a phantom in her own life, until a single act of defiance, a small rebellion against expectation, sparked a flicker of self-recognition.",132,ai_mimicked,Dickens,Identity Formation
"The pursuit of one’s true self, dear reader, is seldom a straightforward affair, but rather a labyrinthine journey fraught with false turns and shadowed corridors, wherein the echoes of past disappointments and the whispers of societal censure conspire to lead one astray. Old Man Hemlock, a recluse of considerable repute and even more considerable eccentricity, had spent a lifetime attempting to unravel the tangled skein of his own being, haunted by a youthful indiscretion that had cast a long and unforgiving shadow upon his days. He sought solace in books, in solitude, in the meticulous cataloguing of beetles, yet the core of his identity remained elusive, a phantom limb aching with the memory of what might have been, a testament to the enduring power of regret.",126,ai_mimicked,Dickens,Identity Formation
"Consider the plight of young Timothy Cratchit, not the son of that most deserving family, but a distant cousin, thrust into the bustling, unforgiving world of commerce with naught but a threadbare coat and a heart full of timid aspirations. He found, to his astonishment, that the very act of *earning* his place, of proving his worth through diligence and honesty, began to forge a character quite distinct from the meek and unassuming lad who had first entered the counting house. Each ledger entry, each delivered message, each small kindness extended to a fellow clerk, added a layer to his self-perception, a slow but steady construction of a man determined to rise above his humble beginnings, a testament to the transformative power of labour.",124,ai_mimicked,Dickens,Identity Formation
"And what, pray tell, becomes of those whose identities are *imposed* upon them, not through gentle guidance or circumstance, but through deliberate deception and cruel manipulation? The case of Silas Blackwood, a gentleman of supposed breeding and fortune, was a particularly lamentable one, for he discovered, with a shock that nearly unhinged his reason, that his entire life had been a fabrication, a carefully constructed illusion designed to serve the nefarious purposes of another. Stripped of his name, his inheritance, and his very history, he was left adrift, a vessel emptied of its contents, forced to rebuild himself from the wreckage of a stolen past, a harrowing ordeal that revealed the fragility of selfhood and the enduring strength of the human spirit.",122,ai_mimicked,Dickens,Identity Formation
"The shaping of a soul, one might observe, is not unlike the slow accretion of dust upon a forgotten heirloom, each particle—a kindness received, a harsh word endured, a glimpse of beauty or a brush with squalor—contributing to a surface both concealing and revealing the form beneath; for what are we, after all, but collections of impressions, moulded by circumstance and the capricious whims of fate? Young Master Cecil, for instance, born to privilege yet haunted by a nameless discontent, found his character not in the gilded chambers of his ancestral home, but in the shadowed alleys where he secretly ventured, observing the lives of those less fortunate, a yearning for authenticity blossoming within him like a fragile flower pushing through the cobblestones, a yearning that threatened to dismantle the carefully constructed edifice of his expected station.",137,ai_mimicked,Dickens,Identity Formation
"’Tis a curious thing, is it not, how readily we adopt the masks presented to us by the world, becoming, in effect, mere players upon a stage not of our own devising? Miss Elara, a creature of delicate sensibilities and a most unfortunate parentage, discovered, to her profound dismay, that her very identity was deemed malleable, to be shaped and reshaped according to the desires of those who held sway over her meagre fortunes; first a dutiful daughter, then a compliant ward, and finally, a prospective bride, each role demanding a suppression of her true self, a silencing of the inner voice that whispered of dreams and aspirations far removed from the expectations of polite society, until one wondered if any vestige of the original Elara remained at all, lost amidst the layers of artifice.",135,ai_mimicked,Dickens,Identity Formation
"Consider the unfortunate Mr. Grimshaw, a man whose very name seemed to presage a life of unrelenting gloom, and whose sense of self was so inextricably bound to his professional failings that he scarcely knew who he was when relieved of his duties—a clerk dismissed for a trifling error, reduced to wandering the streets like a phantom, bereft of purpose and recognition; for what is a man, stripped of his occupation, his status, his very usefulness, but a hollow shell, a vessel emptied of its contents? He had defined himself, you see, not by inherent qualities of heart or mind, but by the label affixed to his breast, and when that label was removed, the man himself seemed to dissolve into the fog, a cautionary tale for those who place too much store in worldly designations.",136,ai_mimicked,Dickens,Identity Formation
"The influence of early affections, mark you, is a force not to be underestimated, for the impressions received in childhood often cling to the soul with a tenacity that defies all attempts at eradication; young Timothy, abandoned as an infant and raised amongst a troupe of travelling performers, possessed a spirit as wild and untamed as the very horses he tended, his identity forged not in the quietude of a nursery, but in the boisterous camaraderie of the caravan, a patchwork of borrowed stories and adopted mannerisms, a life lived perpetually on the move, forever seeking a sense of belonging that remained perpetually just beyond his grasp, a restless yearning etched upon his very countenance.",115,ai_mimicked,Dickens,Identity Formation
"And yet, even amidst the most oppressive circumstances, the human spirit possesses a remarkable capacity for self-discovery, a stubborn refusal to be entirely defined by the forces arrayed against it; old Silas, a pauper condemned to the workhouse, initially presented a countenance of utter resignation, a man broken by hardship and despair, yet within the confines of that grim institution, he found solace in the telling of tales, weaving narratives of heroism and resilience that not only captivated his fellow inmates but also, in the very act of creation, resurrected a sense of dignity and purpose within himself, proving that even in the darkest of hours, the flame of individuality may yet flicker and endure.",115,ai_mimicked,Dickens,Identity Formation
"The shaping of a soul, one might observe, is not unlike the slow accretion of dust upon a forgotten heirloom, each particle—a kindness received, a harsh word endured, a glimpse of beauty or a brush with squalor—contributing to a surface both concealing and revealing the form beneath; for what, after all, *is* a person but the sum of these impressions, layered one upon another until the original grain of their being is scarcely discernible? Young Master Cecil, for instance, arrived at our humble boarding establishment a blank slate, as it were, possessing only the faintest outline of character, yet already burdened with the expectations of a lineage he scarcely understood, and thus commenced a most curious experiment in the forging of identity, a process fraught with anxieties and shadowed by the looming specter of disappointment, should he fail to measure up to the phantom ideals of his departed sire.",149,ai_mimicked,Dickens,Identity Formation
"’Tis a melancholy truth, and one which weighs heavily upon the discerning heart, that the very circumstances of one’s birth can serve as both a cradle *and* a cage, determining not merely the station in life to which a person is assigned, but also the very contours of their self-perception; for how can a child, raised amidst the grime and desperation of Seven Dials, conceive of a future beyond the workhouse gates, or believe themselves capable of aspirations loftier than mere survival? Miss Elara, though possessed of a spirit as bright and untamed as a skylark, found her wings clipped by the poverty of her upbringing, her innate goodness perpetually battling against the cynicism bred by necessity, a constant struggle to reconcile the woman she *might* be with the woman society decreed she *must* become, a tragedy enacted daily in the shadowed corners of this great city.",147,ai_mimicked,Dickens,Identity Formation
"The influence of companionship, too, is a force not to be lightly dismissed in this delicate matter of self-discovery, for we are, each of us, mirrors reflecting the qualities—both admirable and base—of those with whom we most closely associate; and a youth, susceptible to flattery and eager for acceptance, is particularly vulnerable to the shaping hand of a dubious friend, readily adopting their mannerisms, echoing their opinions, and even, alas, embracing their vices, as if to prove the sincerity of their newfound bond. Poor Barnaby, so earnest and well-intentioned at the outset, fell prey to the insidious charm of young Mr. Grimshaw, a lad whose polished exterior concealed a heart as black as the coal dust that stained his gloves, and thus began a descent into folly, a gradual erosion of principle, and a most lamentable loss of self.",139,ai_mimicked,Dickens,Identity Formation
"Observe, if you will, the curious phenomenon of the assumed persona, the mask we present to the world, often bearing little resemblance to the trembling, uncertain soul concealed beneath; for it is a common failing, and one to which even the most upright amongst us are prone, to construct an identity tailored to the expectations of others, a carefully crafted façade designed to elicit approval or deflect criticism, rather than to reflect the genuine article within. Old Mr. Featherstonehaugh, a man renowned for his philanthropy, was, in truth, a miser of the most egregious sort, his charitable donations motivated not by compassion, but by a desire to cultivate a reputation for benevolence, a hollow performance enacted for the benefit of his neighbours and, indeed, for his own vanity.",128,ai_mimicked,Dickens,Identity Formation
"And yet, despite the myriad influences—the weight of circumstance, the allure of companionship, the temptation of artifice—there remains, at the very core of each individual, a spark of inherent being, a fundamental truth that stubbornly resists all attempts at suppression or alteration; a whisper of conscience, a flicker of longing, a persistent sense of *self* that refuses to be extinguished, no matter how diligently one may strive to bury it beneath layers of pretense and conformity. For even the most hardened rogue, the most accomplished deceiver, carries within them a secret yearning for authenticity, a desperate hope for redemption, and a profound, if often unacknowledged, awareness of the person they were *meant* to be, a truth that, in the end, will invariably assert itself, like a tenacious bloom pushing through the cracks in the pavement.",135,ai_mimicked,Dickens,Identity Formation
"The shaping of a character, mark ye well, is not a swift and tidy business, like the cutting of a cloth by a skilled tailor, but rather a slow and often agonizing accretion, a layering of circumstance and impulse upon the tender, yielding clay of infancy; for what are we, each and every one, but the sum total of impressions received, of kindnesses bestowed, or, alas, of cruelties endured? A babe arrives into this bustling, bewildering world a blank slate, susceptible to the faintest touch, and upon that slate are etched, by the hands of fortune and the failings of mankind, the lines which define the man – or, more frequently, the unfortunate soul – he is destined to become, a destiny often shadowed by the very influences meant to guide him.",132,ai_mimicked,Dickens,Identity Formation
"’Tis a curious spectacle, indeed, to observe how readily a young person will adopt the mannerisms, the very *speech*, of those with whom they most closely associate, mimicking their virtues – though these are seldom so readily apparent – and, with a disheartening fidelity, their vices as well; for the impressionable spirit, yearning for acceptance and belonging, will contort itself most grievously to fit the mold presented, even if that mold be cracked and flawed beyond repair. One witnesses it in the scullery maid adopting the airs of the lady of the house, in the street urchin aping the swagger of the constable, a pathetic striving for elevation, a desperate grasping at an identity not truly their own, and a lamentable forfeiture of the genuine article.",126,ai_mimicked,Dickens,Identity Formation
"Consider the unfortunate lad, born into poverty and neglect, whose very name is scarcely remembered, whose lineage is lost in the swirling mists of the workhouse and the parish records; what hope has such a creature of forging a self, of cultivating a sense of worth, when the world itself has declared him insignificant? He is, in effect, a phantom, a shadow flitting through the streets, defined not by his own aspirations or inclinations, but by the harsh realities of his station, a living testament to the callous indifference of a society which deems some souls expendable, and thus, denies them the very foundation upon which a true identity might be built.",112,ai_mimicked,Dickens,Identity Formation
"And yet, even amidst the most squalid surroundings, the most crushing adversity, a spark of individuality may stubbornly persist, a flicker of defiance against the forces that seek to extinguish it; for the human spirit, though often bowed, is rarely broken, and will, with a tenacity that is both admirable and profoundly moving, cling to some semblance of self, some cherished belief, some secret hope that distinguishes it from the faceless multitude. This, then, is the paradox of identity – it is both imposed upon us by the world and fiercely guarded within the recesses of the heart, a constant struggle between conformity and the yearning for authenticity.",108,ai_mimicked,Dickens,Identity Formation
"Observe, if you will, the gentleman who has painstakingly constructed a façade of respectability, concealing beneath a veneer of propriety a past riddled with shame and dishonour; he is a master of disguise, a performer upon the grand stage of society, forever haunted by the fear of exposure, forever compelled to maintain the illusion, lest the truth – a truth which might shatter his carefully constructed world – should come to light. Such a man, though outwardly esteemed, is in reality a prisoner of his own making, his identity a fragile construct, perpetually threatened by the weight of his deception, a cautionary tale, indeed, of the perils of self-invention.",109,ai_mimicked,Dickens,Identity Formation
"The shaping of a soul, one might observe, is not unlike the slow accretion of dust upon a forgotten heirloom, each particle—a kindness received, a harsh word endured, a glimpse of beauty or a brush with squalor—contributing to a surface both concealing and revealing the form beneath; for what are we, after all, but collections of impressions, moulded by circumstance and the capricious whims of fate? Young Master Cecil, for instance, believed himself possessed of a noble spirit, a conviction fostered by a comfortable upbringing and the flattering attentions of his elders, yet knew nothing of the grinding poverty that breeds a different sort of fortitude, a resilience born not of privilege, but of sheer necessity, and thus his very notion of self remained, alas, a fragile and untested thing.",130,ai_mimicked,Dickens,Identity Formation
"’Tis a curious spectacle, indeed, to witness a character attempting to define itself against the backdrop of societal expectation, like a lone shrub straining towards the light in the shadow of a towering oak; for the world, with its rigid classifications and unyielding judgements, is ever eager to impose its own definition, to confine the burgeoning spirit within preordained boundaries. Miss Eleanor, burdened by a family name tarnished by scandal, found herself perpetually striving to prove a virtue she scarcely felt, her every action a desperate attempt to outrun the whispers and insinuations that clung to her like a shroud, a performance of respectability masking a heart yearning for genuine connection, and thus, her identity became a carefully constructed façade.",120,ai_mimicked,Dickens,Identity Formation
"Consider the unfortunate Mr. Grimshaw, a man whose very countenance bore the stamp of a life misspent, a testament to opportunities squandered and affections betrayed; for identity, it seems, is not merely *what* one is, but *what* one has become, the sum total of choices made and paths not taken, a narrative etched upon the features and reflected in the weary gaze. He had once harboured ambitions of artistic renown, a youthful fire extinguished by the cold realities of commerce and the crushing weight of familial obligation, leaving him a hollow shell, haunted by the ghost of a self he might have been, a poignant reminder that the failure to cultivate one’s true nature is a fate more dreadful than any poverty.",122,ai_mimicked,Dickens,Identity Formation
"The search for one’s true self, one might venture, is often a journey fraught with deception, a labyrinth of false mirrors and misleading signposts, wherein the traveller is perpetually confronted with reflections that are not entirely their own; for we are all, to a greater or lesser extent, actors upon the stage of life, playing roles dictated by circumstance and the expectations of others. Young Thomas, apprenticed to a stern and unforgiving master, found himself adopting a persona of meek obedience, suppressing his natural exuberance and quick wit, until he scarcely recognised the boy he once was, lost within a carefully constructed mask of conformity, a chilling illustration of how easily the spirit can be subdued.",116,ai_mimicked,Dickens,Identity Formation
"And yet, even amidst the most oppressive circumstances, the inherent dignity of the human spirit persists, a flickering flame refusing to be extinguished, a stubborn refusal to be wholly defined by the misfortunes that befall it; for identity, at its core, is not a fixed and immutable thing, but a fluid and evolving process, a constant negotiation between the self and the world. Old Mrs. Hawthorne, despite a lifetime of hardship and loss, retained a quiet strength, a resilience born of unwavering faith and a deep-seated compassion, a testament to the enduring power of the human heart to forge its own meaning, and thus, to define itself anew, even in the face of utter desolation.",115,ai_mimicked,Dickens,Identity Formation
"The shaping of a soul, one might observe, is not unlike the slow accretion of dust upon a forgotten heirloom, each particle—a kindness received, a harsh word endured, a glimpse of beauty or a brush with squalor—contributing to a patina of character, obscuring the original form yet defining it anew. For what, after all, *is* a person but the sum of these impressions, these fleeting encounters with the world’s vast and varied spectacle? Young Master Cecil, for instance, born to privilege and shielded from the coarser realities of life, believed himself possessed of a fixed and immutable nature, a notion swiftly dispelled by the cruel realities of a London winter spent amongst the destitute, where even the most tender heart might find itself hardened by necessity, and the brightest spirit dimmed by despair. Thus, identity is not *found*, but *forged*, in the crucible of experience.",145,ai_mimicked,Dickens,Identity Formation
"’Tis a curious thing, is it not, how readily we adopt the roles assigned to us by others, becoming, in effect, mere puppets dancing to the tune of societal expectation? Miss Eleanor, a creature of delicate sensibilities and considerable refinement, was perpetually informed that she lacked the fortitude for independent action, that her sphere lay within the domestic confines of hearth and home. And so, she *believed* it, shrinking from any undertaking that might be deemed unladylike, until a circumstance most unforeseen—a family misfortune, involving a villainous solicitor and a misappropriated trust—forced her to discover a strength she never knew she possessed, a resilience born not of inherent quality, but of desperate necessity, proving that even the most carefully constructed façade can crumble before the weight of true adversity.",129,ai_mimicked,Dickens,Identity Formation
"The shadows of our progenitors, one finds, stretch long and dark across the landscape of our own becoming, influencing our inclinations and shaping our destinies with a subtle, yet undeniable, hand. Old Man Hemlock, a miser of the most egregious sort, haunted not only his debtors in life, but continued to exert a spectral influence over his hapless grandson, young Timothy, who, despite a naturally generous disposition, found himself inexplicably drawn to the accumulation of wealth, tormented by anxieties regarding loss and ruin. It was as though the very air he breathed was thick with the scent of counting-house dust and the rustle of ill-gotten gains, a testament to the enduring power of inherited temperament, and the difficulty of escaping the chains of familial legacy.",125,ai_mimicked,Dickens,Identity Formation
"Consider the plight of those unfortunate souls cast adrift from their origins, stripped of their names and histories, and forced to reinvent themselves in the teeming anonymity of the great city! Such was the fate of Mr. Silas Blackwood, a gentleman of breeding reduced to penury by a series of calamitous investments, who, abandoning his former identity, assumed the guise of a humble bookbinder, seeking solace in the quiet industry of his new trade. Yet, the past, like a persistent creditor, refused to be silenced, manifesting in fleeting moments of recognition, in the haunted look in his eyes, and in the lingering echo of a forgotten accent, a constant reminder that one cannot truly escape oneself, however diligently one may attempt to do so.",124,ai_mimicked,Dickens,Identity Formation
"And what of those, pray tell, who construct their identities upon foundations of falsehood, building elaborate castles of deception upon shifting sands? The notorious Madame Evangeline, a purveyor of dubious prophecies and even more dubious remedies, was, in truth, a woman of humble origins, a scullery maid who, through sheer audacity and a talent for theatricality, had transformed herself into a celebrated mystic, captivating the credulous with tales of ancient wisdom and supernatural power. But such artifice, however skillfully executed, is ultimately unsustainable, for the truth, like a relentless tide, will inevitably erode the foundations of deceit, revealing the emptiness and vulnerability that lie beneath, and leaving only wreckage in its wake.",112,ai_mimicked,Dickens,Identity Formation
"The shaping of a soul, one might observe, is not unlike the slow accretion of dust upon a forgotten heirloom, each particle—a kindness received, a harsh word endured, a glimpse of beauty or a brush with squalor—contributing to a surface both concealing and revealing the form beneath; for what are we, after all, but collections of impressions, moulded by circumstance and the capricious whims of fate? Young Master Cecil, for instance, born to privilege yet haunted by a nameless melancholy, found his character not in the gilded chambers of his ancestral home, but in the shadowed alleys where he secretly dispensed alms, discovering a worthiness in the wretched that his tutors had failed to instill, and thus, a self he scarcely knew existed blossoming amidst the grime and despair. It was a curious, and not uncommon, paradox, this finding of oneself in the looking-glass of another’s misfortune.",147,ai_mimicked,Dickens,Identity Formation
"To declare oneself, to *be* oneself, in a world so insistent upon categorization and expectation, is a struggle akin to a small boat battling a tempestuous sea, tossed hither and thither by the winds of societal decree; and poor Miss Elara, burdened by a family name steeped in scandal, discovered this truth with a particularly poignant ache. Though possessed of a spirit as bright and untamed as a skylark, she was perpetually defined by the transgressions of her late father, a shadow clinging to her skirts, whispering accusations in every drawing-room. She attempted, at first, to conform, to smooth the ruffled feathers of polite society, but found such artifice a suffocating weight, and it was only in embracing her perceived failings—her unconventional opinions, her fierce independence—that she began, at long last, to forge an identity truly her own, a beacon against the darkness of reputation.",145,ai_mimicked,Dickens,Identity Formation
"The very notion of a fixed identity, one might venture, is a most fantastical conceit, for are we not, in truth, a shifting kaleidoscope of selves, ever-changing with the passage of time and the influence of those we encounter? Old Man Tiber, the clockmaker, a figure as weathered and intricate as the mechanisms he so lovingly repaired, presented a case most compelling; for he had been, in turn, a sailor, a soldier, a publican, and a pauper, each life leaving its indelible mark upon his countenance and his soul. He claimed, with a twinkle in his eye, that he possessed as many faces as there were hours in the day, and that the true self lay not in any single manifestation, but in the sum total of all experiences, a grand and complicated tapestry woven from the threads of joy and sorrow, triumph and defeat.",145,ai_mimicked,Dickens,Identity Formation
"Consider the plight of young Barnaby, abandoned as an infant upon the steps of the workhouse, a creature utterly devoid of lineage or history, a blank slate upon which the world might inscribe its own narrative. He grew, not into a man defined by inheritance or upbringing, but by the choices he made, the acts of compassion he extended, and the unwavering loyalty he offered to those who showed him kindness. His identity, therefore, was not *given* but *earned*, painstakingly constructed from the raw materials of circumstance, a testament to the enduring power of the human spirit to overcome adversity and to define itself anew, even in the face of utter destitution. A most remarkable, and hopeful, spectacle it was to behold.",122,ai_mimicked,Dickens,Identity Formation
"And yet, even as we strive to shape our own destinies, to mould ourselves into beings of virtue and purpose, there remains a haunting echo of the past, a spectral inheritance that clings to us with a tenacity most unsettling. Mrs. Hawthorne, a woman of considerable fortune and impeccable breeding, found herself perpetually haunted by the memory of her mother, a celebrated actress whose scandalous life had cast a long shadow over the family name. Though she attempted to distance herself from such bohemian associations, to cultivate an air of respectable propriety, the rebellious spirit of her parent lingered within her, manifesting in secret acts of defiance and a yearning for a life less constrained, a constant reminder that identity is not merely a creation of the present, but a dialogue with the ghosts of generations past.",137,ai_mimicked,Dickens,Identity Formation
"The shaping of a soul, one might observe, is not unlike the slow accretion of dust upon a forgotten heirloom, each particle—a kindness received, a harsh word endured, a glimpse of beauty or a brush with squalor—contributing to a surface both concealing and revealing the form beneath; for what are we, after all, but collections of impressions, moulded by circumstance and the capricious whims of fate? Young Master Cecil, for instance, born to privilege yet haunted by a nameless discontent, found his character not in the gilded chambers of his ancestral home, but in the shadowed alleys where he secretly ventured, observing the lives of those less fortunate, a yearning for authenticity blossoming within him like a fragile flower pushing through the cobblestones, a yearning that threatened to overturn the carefully constructed edifice of his expected station.",137,ai_mimicked,Dickens,Identity Formation
"’Tis a curious thing, is it not, how readily we adopt the masks presented to us by the world, becoming, in effect, mere players upon a stage not of our own devising? Miss Elara, a creature of delicate sensibilities and a most unfortunate parentage, discovered, to her profound dismay, that her very identity was deemed malleable, to be shaped and reshaped according to the desires of those who held sway over her meagre fortunes. First, a governess demanding strict obedience, then a calculating aunt insisting upon a marriage of convenience, each attempting to mould her into a reflection of their own ambitions, until, starved of genuine affection and self-expression, she became a pale imitation of a woman, a ghost haunting the corridors of her own existence, longing for a voice that was truly, unequivocally, her own.",136,ai_mimicked,Dickens,Identity Formation
"The notion of a fixed self, a singular and immutable essence, is, I venture to suggest, a most dangerous illusion, for are we not, in truth, a kaleidoscope of shifting perspectives, ever-changing in response to the currents of experience? Old Silas, the clockmaker, a man whose life had been measured in the precise ticking of gears and the relentless march of time, believed himself to be a creature of habit, a steadfast and unyielding soul; yet, the arrival of a young apprentice, brimming with radical ideas and a thirst for innovation, stirred within him a long-dormant spirit of rebellion, revealing a hidden capacity for change, a testament to the enduring power of human connection to dismantle even the most deeply entrenched convictions.",122,ai_mimicked,Dickens,Identity Formation
"Consider the plight of young Timothy, abandoned as an infant upon the steps of the workhouse, his origins shrouded in mystery, his very name a matter of conjecture; a blank slate upon which society, in its infinite indifference, sought to inscribe a narrative of hardship and despair. He knew not his parentage, nor the circumstances of his birth, and thus, was forced to construct an identity from the fragments of kindness and cruelty he encountered, a patchwork of borrowed affections and bitter disappointments. Each act of charity, each instance of scorn, became a brick in the edifice of his self-perception, a testament to the profound influence of external forces upon the formation of the inner man, a man striving to define himself in a world that had already defined him as nothing.",132,ai_mimicked,Dickens,Identity Formation
"And what, pray tell, becomes of a soul when confronted with a falsehood so deeply ingrained that it eclipses all memory of truth? Mr. Hawthorne, a man of considerable standing in the community, discovered, with a shock that threatened to unravel his very being, that the foundations of his life were built upon a deception, his cherished recollections revealed as carefully constructed fabrications. The revelation did not merely challenge his past, but fractured his present, leaving him adrift in a sea of uncertainty, questioning the very nature of his existence, a poignant illustration of how fragile and contingent our sense of self truly is, and how easily it may be shattered by the cruel hand of fate or the deliberate machinations of others.",123,ai_mimicked,Dickens,Identity Formation
"The shaping of a soul, one might observe, is not unlike the slow accretion of dust upon a forgotten heirloom, each particle—a kindness received, a harsh word endured, a glimpse of beauty or a brush with squalor—contributing to a patina of character, obscuring the original form yet defining it anew. For what, after all, *is* a person but the sum of their impressions, the echoes of experiences reverberating within the chambers of the heart? Young Master Cecil, for instance, born to privilege and shielded from the coarser realities of life, possessed a countenance of delicate refinement, yet lacked the steel within, the fortitude born of necessity, remaining, in essence, a blank canvas awaiting the strokes of fortune – or, more likely, misfortune – to reveal the true complexion of his nature. A fragile bloom, indeed, susceptible to the slightest frost.",140,ai_mimicked,Dickens,Identity Formation
"’Tis a curious thing, is it not, how readily we adopt the roles assigned to us by others, becoming, in effect, mere players upon the stage of society, reciting lines not of our own devising? Old Man Hemlock, the cobbler, universally regarded as a miser and a curmudgeon, was, in truth, a man burdened by a sorrow so profound it had calcified around his heart, yet none perceived beyond the gruff exterior, the perpetually downturned mouth. They *saw* a miser, therefore a miser he became, the weight of their expectation pressing upon him until he could scarcely remember the gentle soul he once was, lost beneath layers of assumed misanthropy, a tragic illustration of how readily perception can become a self-fulfilling prophecy, and a man’s very essence be stolen by the judgements of his fellows.",135,ai_mimicked,Dickens,Identity Formation
"The streets themselves, teeming with life and lamentation, serve as a most potent crucible in which identities are forged, or, more often, broken. Consider young Eliza, abandoned to the mercies of London’s underbelly, her innocence swiftly eroded by hardship and want. She entered the world a tender blossom, full of promise, but the relentless grind of poverty, the constant threat of exploitation, and the gnawing hunger within her belly, transformed her into something…harder, sharper, a creature of necessity, her eyes reflecting not the light of hope, but the grim determination of one who has known only struggle. A lamentable metamorphosis, to be sure, yet one born not of inherent wickedness, but of circumstance, a testament to the cruelties inflicted upon the vulnerable.",122,ai_mimicked,Dickens,Identity Formation
"And then there are those whose identities are not *formed* so much as *inherited*, weighty legacies passed down through generations, shaping their destinies before they have even drawn their first breath. Lord Ashworth, burdened by the grandeur – and the attendant responsibilities – of his lineage, found himself trapped within a gilded cage, his every action scrutinized, his every inclination measured against the expectations of his ancestors. He longed for simplicity, for a life unburdened by title and estate, yet the very fabric of his being was woven with the threads of aristocracy, rendering escape an impossibility, a poignant reminder that birth, too, can be a form of imprisonment, a fate more confining than any dungeon.",116,ai_mimicked,Dickens,Identity Formation
"Observe, if you will, the peculiar phenomenon of the assumed name, the deliberate shedding of one identity in favour of another, a desperate attempt to escape the shadows of the past or to reinvent oneself in the light of a brighter future. Mr. Silas Blackwood, formerly known as Thomas Finch, a disgraced clerk fleeing a web of deceit, adopted his new persona with a meticulousness bordering on obsession, crafting a new history, a new manner, a new set of acquaintances, all in service of his deception. Yet, despite his efforts, a certain unease clung to him, a spectral reminder of the man he once was, for can one truly escape oneself, or does the past, like a persistent phantom, forever haunt the present, whispering secrets in the darkest corners of the soul?",132,ai_mimicked,Dickens,Identity Formation
"The shaping of a soul, one might observe, is not unlike the slow accretion of dust upon a forgotten heirloom, each particle—a kindness received, a harsh word endured, a glimpse of beauty or a brush with squalor—contributing to a surface both concealing and revealing the form beneath; for what are we, after all, but collections of impressions, moulded by circumstance and the capricious whims of fate? Young Master Cecil, for instance, born to privilege yet haunted by a nameless discontent, found his character not in the gilded chambers of his ancestral home, but in the shadowed alleys where he secretly ventured, observing the lives of those less fortunate, a yearning for authenticity blossoming within him like a fragile flower pushing through the cobblestones, a yearning that threatened to dismantle the carefully constructed edifice of his expected station.",137,ai_mimicked,Dickens,Identity Formation
"’Tis a curious thing, is it not, how readily we adopt the masks presented to us by the world, becoming, in effect, mere players upon a stage not of our own devising? Miss Elara, a creature of delicate sensibilities and a most unfortunate parentage, discovered, to her profound dismay, that her very identity was deemed malleable, to be bent and shaped according to the desires of those who held sway over her meagre fortunes. First a governess, then a companion, and finally, a reluctant ward, she found herself reflecting back the expectations of each new benefactor, a chameleon shifting hues to avoid the sting of rejection, until, alas, the true Elara—the woman of quiet passions and unexpressed longings—was all but lost within a labyrinth of borrowed personas.",127,ai_mimicked,Dickens,Identity Formation
"The pursuit of self, one finds, is often a journey fraught with peril, a winding path beset by false signposts and treacherous quicksands of delusion; for how can a man know himself when the very air he breathes is thick with the pronouncements of others? Old Silas, a mariner returned from the farthest reaches of the globe, bore within him the weight of countless voyages, yet found himself utterly adrift upon the shores of his own homeland, unable to reconcile the man he had become—weather-beaten, hardened, and haunted by the spectres of the deep—with the dutiful son expected by his aging mother, a chasm opening between expectation and reality that threatened to swallow him whole.",115,ai_mimicked,Dickens,Identity Formation
"Consider the plight of young Timothy, abandoned as an infant upon the steps of the workhouse, a nameless waif cast adrift upon the turbulent currents of London’s underbelly; his identity, or rather, the lack thereof, became a burden heavier than any chain, for without a past, how could he possibly forge a future? He clung to fragments of overheard conversations, to fleeting glimpses of kindness, attempting to construct a self from the detritus of other people’s lives, a patchwork identity stitched together with hope and despair, a desperate attempt to answer the unasked question: who *am* I, in this vast and indifferent city?",103,ai_mimicked,Dickens,Identity Formation
"And yet, perhaps it is in the very act of *becoming* that we truly discover ourselves, for identity is not a fixed and immutable thing, but a fluid and ever-evolving process, shaped by the relentless passage of time and the ceaseless interplay of experience. Mrs. Hawthorne, a widow of considerable fortune but limited prospects, initially defined herself solely by her late husband’s legacy, a shadow clinging to the memory of a grander past; however, through acts of quiet charity and a burgeoning interest in the plight of the city’s orphans, she unearthed a strength and purpose she never knew she possessed, blossoming into a woman of independent spirit and unwavering resolve, proving that even in the twilight of life, a new self may yet be born.",126,ai_mimicked,Dickens,Identity Formation
