text_sample,actual_class,ttr,tree_depth,adj_noun_ratio,flesch_kincaid,semicolon_density,comma_density,pred_tier_a_xgb,pred_tier_b_ffnn,pred_tier_c_transformer,all_correct,deceptive_sample
"And then there was such comfort in the very easy distance of Randalls from Hartfield, so convenient for even solitary female walking, and in Mr. Weston's disposition and circumstances, which would make the approaching season no hindrance to their spending half the evenings in the week together. Her situation was altogether the subject of hours of gratitude to Mrs. Weston, and of moments only of regret; and her satisfaction her more than satisfaction her cheerful enjoyment, was so just and so apparent, that Emma, well as she knew her father, was sometimes taken by surprize at his being still able to pity ‘poor Miss Taylor,' when they left her at Randalls in the centre of every domestic comfort, or saw her go away in the evening attended by her pleasant husband to a carriage of her own.",human,0.73,9.0,0.48,16.45801094890511,1.0,10.0,human,human,human,True,False
"Were she a woman of fortune, I would leave every harmless absurdity to take its chance, I would not quarrel with you for any liberties of manner. Were she your equal in situation but, Emma, consider how far this is from being the case. She is poor; she has sunk from the comforts she was born to; and, if she live to old age, must probably sink more. Her situation should secure your compassion. It was badly done, indeed! You, whom she had known from an infant, whom she had seen grow up from a period when her notice was an honour, to have you now, in thoughtless spirits, and the pride of the moment, laugh at her, humble her and before her niece, too and before others, many of whom (certainly some,) would be entirely guided by your treatment of her.",human,0.73,6.0,0.3181818181818182,9.761126760563382,2.0,17.0,human,human,human,True,False
"Isn't it curious how often we find ourselves performing roles dictated not by genuine desire, but by an internalized script of ‘shoulds’? Social expectations, often unspoken, weave a complex web around individual lives, subtly influencing career choices, relationship dynamics, and even personal hobbies. This isn’t necessarily malicious; frequently, these expectations stem from a desire for communal harmony and predictability. However, the pressure to conform can stifle authenticity, leading to a sense of disconnect and unfulfillment. The modern emphasis on self-discovery ironically clashes with the enduring power of these norms, creating a tension many struggle to navigate. Ultimately, recognizing the source of these expectations – and consciously choosing which to embrace – is crucial for cultivating a life aligned with personal values.",ai_neutral,0.82,7.0,0.4242424242424242,16.339957983193276,1.0,11.0,ai_neutral,ai_neutral,ai_neutral,True,False
"The late Lady Ashworth, a woman of considerable fortune and even more considerable opinion, was, in her final years, entirely governed by a belief in her own prophetic powers. Every minor event – a broken teacup, a late arrival, a particularly vibrant sunset – was interpreted as an omen, a sign of impending good or ill fortune. Her household lived in a state of perpetual anxiety, attempting to decipher the meaning of her cryptic pronouncements and to avert the disasters she so confidently predicted. Though her predictions rarely, if ever, came to pass, she remained steadfast in her conviction, attributing her failures not to any flaw in her gift, but to the inadequacy of those around her to properly understand its subtleties. It was a melancholy spectacle, this clinging to delusion, and a sobering reminder of the lengths to which the human heart will go to preserve its own cherished illusions.",ai_mimicked,0.72,7.8,0.625,16.464214765100667,0.0,15.0,ai_mimicked,ai_mimicked,ai_mimicked,True,False
"The concept of familial duty, when examined through a sociological lens, reveals itself as a powerful mechanism for social cohesion. Across cultures, families serve as the primary units of care, economic support, and the transmission of values. Historically, this was a matter of survival; extended families pooled resources and shared labor. While the necessity may have lessened in industrialized nations, the ingrained expectation persists. This isn’t simply about obligation, but about maintaining a collective identity and ensuring the continuity of traditions. However, this system isn’t without its drawbacks. It can perpetuate inequalities, particularly along gender lines, and stifle individual growth if rigidly enforced. A nuanced understanding acknowledges its benefits while remaining critical of its potential for harm.",ai_neutral,0.78,5.875,0.3714285714285714,14.72229700854701,1.0,11.0,ai_neutral,ai_neutral,ai_neutral,True,False
"After her entrance, Colonel Brandon became more thoughtful and silent than he had been before, and Mrs. Jennings could not prevail on him to stay long. No other visitor appeared that evening, and the ladies were unanimous in agreeing to go early to bed. Marianne rose the next morning with recovered spirits and happy looks. The disappointment of the evening before seemed forgotten in the expectation of what was to happen that day. They had not long finished their breakfast before Mrs. Palmer's barouche stopped at the door, and in a few minutes she came laughing into the room: so delighted to see them all, that it was hard to say whether she received most pleasure from meeting her mother or the Miss Dashwoods again.",human,0.76,7.0,0.5263157894736842,8.649485714285717,0.0,5.0,human,human,human,True,False
"That, they were all in excellent spirits on the road home, and sang, O Lady Fair! Mr. Wopsle taking the bass, and asserting with a tremendously strong voice (in reply to the inquisitive bore who leads that piece of music in a most impertinent manner, by wanting to know all about everybody's private affairs) that he was the man with his white locks flowing, and that he was upon the whole the weakest pilgrim going. Finally, I remember that when I got into my little bedroom, I was truly wretched, and had a strong conviction on me that I should never like Joe's trade.",human,0.72,9.0,0.5555555555555556,14.83576923076923,0.0,9.0,human,human,human,True,False
"To observe the intricate dance of social expectation is to witness a performance of remarkable complexity. Each gesture, each carefully chosen word, each seemingly innocuous compliment, is imbued with a significance far exceeding its surface meaning. A refusal of a hand in marriage is not merely a rejection of an individual, but a disruption of carefully laid plans, a challenge to the established order. Acceptance, conversely, is not necessarily an indication of affection, but rather a pragmatic acknowledgement of duty and consequence. It is a world governed by nuance and implication, where true feelings are often concealed beneath a veneer of politeness, and where the pursuit of happiness is frequently sacrificed upon the altar of social convention.",ai_mimicked,0.71,6.4,0.2,15.320615384615383,0.0,10.0,human,ai_mimicked,ai_mimicked,False,False
"dear, I thought it would have been the death of me! So I said, I was very much obliged to him: you know I could not do less; and then he went back to Elizabeth, and I came round by the stables I believe I did but I hardly knew where I was, or any thing about it. Miss Woodhouse, I would rather done any thing than have it happen: and yet, you know, there was a sort of satisfaction in seeing him behave so pleasantly and so kindly. Miss Woodhouse, do talk to me and make me comfortable again.”",human,0.65,5.8,0.5,9.146,1.0,8.0,human,human,human,True,False
"Reflecting on the concept of familial duty, it becomes clear that it’s inextricably linked to the human need for belonging. From childhood, we are socialized to prioritize family, to seek their approval, and to feel obligated to their wellbeing. This ingrained sense of connection can be a powerful source of strength and support, but it can also be exploited. The fear of ostracism or the guilt of perceived abandonment often drives individuals to fulfill duties they don’t genuinely embrace. Recognizing this psychological underpinning is crucial. It allows for a more critical examination of one’s motivations and a more conscious decision about the extent to which one will allow familial expectations to dictate their life choices.",ai_neutral,0.74,6.666666666666667,0.4230769230769231,12.919782608695655,0.0,5.0,human,ai_neutral,ai_neutral,False,False
"When the ladies withdrew to the drawing-room after dinner, this poverty was particularly evident, for the gentlemen had supplied the discourse with some variety the variety of politics, inclosing land, and breaking horses but then it was all over; and one subject only engaged the ladies till coffee came in, which was the comparative heights of Harry Dashwood, and Lady Middleton's second son William, who were nearly of the same age. Had both the children been there, the affair might have been determined too easily by measuring them at once; but as Harry only was present, it was all conjectural assertion on both sides; and every body had a right to be equally positive in their opinion, and to repeat it over and over again as often as they liked.",human,0.75,11.0,0.28,28.367692307692312,3.0,10.0,human,human,human,True,False
"Frequently, discussions about social inequality center on income, but wealth – the total value of assets minus debts – paints a far more revealing picture. While income can fluctuate, wealth provides a buffer against economic shocks and offers opportunities for advancement. The vast chasm in wealth accumulation, largely inherited and compounded over generations, represents a fundamental injustice. Policies aimed solely at income redistribution often fail to address this underlying imbalance. Meaningful change requires tackling wealth inequality directly, through measures like progressive taxation, inheritance taxes, and policies that promote asset building for marginalized communities.",ai_neutral,,7.4,0.2777777777777778,16.664043956043958,0.0,8.0,ai_neutral,ai_neutral,ai_neutral,True,False
"Consider, if you will, the nursery – that supposed sanctuary of virtue – and observe how readily corruption takes root even there. It is not always in overt acts of cruelty, but in the subtle distortions of truth, the fostering of selfish ambition, the casual disregard for the feelings of others, that the seeds of a depraved character are sown. Young Master Cecil, pampered and indulged beyond all reason, already displays a chilling aptitude for manipulation, twisting the affections of his governess and tormenting the stable boy with equal facility. His mother, a woman consumed by social climbing, encourages these tendencies, believing them to be signs of a ‘strong will.’ Alas, a strong will, untempered by compassion and guided by vanity, is merely a weapon in the hands of a moral bankrupt, destined to inflict pain upon all within its reach.",ai_mimicked,0.79,7.2,0.3513513513513513,14.777179856115108,0.0,16.0,ai_mimicked,ai_mimicked,ai_mimicked,True,False
"Your sister need not have any scruple even of visiting her, which, to say the truth, has been a little the case, and very naturally; for we only knew that Mrs. Jennings was the widow of a man who had got all his money in a low way; and Fanny and Mrs. Ferrars were both strongly prepossessed, that neither she nor her daughters were such kind of women as Fanny would like to associate with. But now I can carry her a most satisfactory account of both.” Mrs. John Dashwood had so much confidence in her husband's judgment, that she waited the very next day both on Mrs. Jennings and her daughter; and her confidence was rewarded by finding even the former, even the woman with whom her sisters were staying, by no means unworthy her notice; and as for Lady Middleton, she found her one of the most charming women in the world!",human,0.77,7.666666666666667,0.375,11.123896103896104,4.0,9.0,human,human,human,True,False
"The responsible duty of making the toast was delegated to the Aged, and that excellent old gentleman was so intent upon it that he seemed to me in some danger of melting his eyes. It was no nominal meal that we were going to make, but a vigorous reality. The Aged prepared such a hay-stack of buttered toast, that I could scarcely see him over it as it simmered on an iron stand hooked on to the top-bar; while Miss Skiffins brewed such a jorum of tea, that the pig in the back premises became strongly excited, and repeatedly expressed his desire to participate in the entertainment.",human,0.71,7.666666666666667,0.5,15.744299065420565,1.0,5.0,human,human,human,True,False
"These parlors are both too small for such parties of our friends as I hope to see often collected here; and I have some thoughts of throwing the passage into one of them with perhaps a part of the other, and so leave the remainder of that other for an entrance; this, with a new drawing room which may be easily added, and a bed-chamber and garret above, will make it a very snug little cottage. I could wish the stairs were handsome. But one must not expect every thing; though I suppose it would be no difficult matter to widen them.",human,0.78,7.0,0.5294117647058824,13.519019607843138,3.0,4.0,human,human,human,True,False
"His first object with her, he acknowledged, had been to persuade her to quit her present disgraceful situation, and return to her friends as soon as they could be prevailed on to receive her, offering his assistance as far as it would go. But he found Lydia absolutely resolved on remaining where she was. She cared for none of her friends; she wanted no help of his; she would not hear of leaving Wickham. She was sure they should be married some time or other, and it did not much signify when. Since such were her feelings, it only remained, he thought, to secure and expedite a marriage, which, in his very first conversation with Wickham, he easily learnt had never been his design.",human,0.69,7.6,0.6153846153846154,10.449741935483877,2.0,11.0,human,human,human,True,False
"At last, when he appealed by name to Monsieur Lorry, an English gentleman then and there present, who, like himself, had been a witness on that English trial and could corroborate his account of it, the Jury declared that they had heard enough, and that they were ready with their votes if the President were content to receive them. At every vote (the Jurymen voted aloud and individually), the populace set up a shout of applause. All the voices were in the prisoner's favour, and the President declared him free. Then, began one of those extraordinary scenes with which the populace sometimes gratified their fickleness, or their better impulses towards generosity and mercy, or which they regarded as some set-off against their swollen account of cruel rage.",human,0.74,7.5,0.375,15.096437007874016,0.0,12.0,ai_mimicked,human,human,False,False
"The hollowness and thinness of his face would have caused them to look large, under his yet dark eyebrows and his confused white hair, though they had been really otherwise; but, they were naturally large, and looked unnaturally so. His yellow rags of shirt lay open at the throat, and showed his body to be withered and worn. He, and his old canvas frock, and his loose stockings, and all his poor tatters of clothes, had, in a long seclusion from direct light and air, faded down to such a dull uniformity of parchment-yellow, that it would have been hard to say which was which.",human,0.71,6.0,0.8421052631578947,13.68095238095238,1.0,12.0,human,human,human,True,False
"“The course of true love never did run smooth,” Shakespeare observed, but the *experience* of that roughness has changed dramatically. Modern communication – constant texting, social media scrutiny – accelerates the disillusionment process. Where previous generations might have navigated early misunderstandings with slower, more deliberate communication, we now have instant access to every perceived inconsistency. This creates a pressure cooker environment where minor disagreements can quickly escalate into existential crises. The curated perfection of online profiles further exacerbates the problem, setting unrealistic standards and fostering a sense of inadequacy. The speed of modern romance often outpaces our capacity for emotional processing.",ai_neutral,,5.833333333333333,0.5333333333333333,16.232878787878786,0.0,6.0,ai_neutral,ai_neutral,ai_neutral,True,False
"The Picture, elegantly framed, came safely to hand soon after Mr. Elton's return, and being hung over the mantelpiece of the common sitting-room, he got up to look at it, and sighed out his half sentences of admiration just as he ought; and as for Harriet's feelings, they were visibly forming themselves into as strong and steady an attachment as her youth and sort of mind admitted. Emma was soon perfectly satisfied of Mr. Martin's being no otherwise remembered, than as he furnished a contrast with Mr. Elton, of the utmost advantage to the latter. Her views of improving her little friend's mind, by a great deal of useful reading and conversation, had never yet led to more than a few first chapters, and the intention of going on to-morrow.",human,0.72,8.0,0.5909090909090909,10.923076923076923,1.0,11.0,human,human,human,True,False
"She wanted to hear many particulars of their engagement repeated again, she wanted more clearly to understand what Lucy really felt for Edward, whether there were any sincerity in her declaration of tender regard for him, and she particularly wanted to convince Lucy, by her readiness to enter on the matter again, and her calmness in conversing on it, that she was no otherwise interested in it than as a friend, which she very much feared her involuntary agitation, in their morning discourse, must have left at least doubtful. That Lucy was disposed to be jealous of her appeared very probable: it was plain that Edward had always spoken highly in her praise, not merely from Lucy's assertion, but from her venturing to trust her on so short a personal acquaintance, with a secret so confessedly and evidently important.",human,0.7,9.5,0.8125,30.615719424460437,0.0,12.0,human,human,human,True,False
"Elinor, this eldest daughter, whose advice was so effectual, possessed a strength of understanding, and coolness of judgment, which qualified her, though only nineteen, to be the counsellor of her mother, and enabled her frequently to counteract, to the advantage of them all, that eagerness of mind in Mrs. Dashwood which must generally have led to imprudence. She had an excellent heart; her disposition was affectionate, and her feelings were strong; but she knew how to govern them: it was a knowledge which her mother had yet to learn; and which one of her sisters had resolved never to be taught.",human,0.67,9.5,0.2631578947368421,15.532079207920791,3.0,11.0,human,human,human,True,False
"It is not every body that would have stood out in such a kind way as she did, and refuse to take Jane's answer; but she positively declared she would not write any such denial yesterday, as Jane wished her; she would wait and, sure enough, yesterday evening it was all settled that Jane should go. Quite a surprize to me! I had not the least idea! Jane took Mrs. Elton aside, and told her at once, that upon thinking over the advantages of Mrs. Smallridge's situation, she had come to the resolution of accepting it. I did not know a word of it till it was all settled.”",human,0.68,5.4,0.2307692307692307,6.829646133682829,2.0,7.0,human,human,human,True,False
"“Class is not simply about income,” Pierre Bourdieu argued, and this observation cuts to the heart of understanding social stratification. Beyond financial wealth, stratification operates through cultural capital – the knowledge, skills, habits, and tastes that signal social status – and social capital – the networks of relationships that provide access to opportunities. Someone from a privileged background possesses not only financial resources but also an understanding of how systems work, the ability to navigate elite spaces, and connections that open doors. These forms of capital are often invisible, yet they wield immense power in shaping life trajectories. Addressing stratification, therefore, requires more than just economic redistribution; it demands a leveling of the playing field in terms of cultural and social access.",ai_neutral,0.78,7.6,0.3888888888888889,16.30040336134454,1.0,11.0,ai_neutral,ai_neutral,ai_neutral,True,False
"I should have been chary of discussing my guardian too freely even with her; but I should have gone on with the subject so far as to describe the dinner in Gerrard Street, if we had not then come into a sudden glare of gas. It seemed, while it lasted, to be all alight and alive with that inexplicable feeling I had had before; and when we were out of it, I was as much dazed for a few moments as if I had been in lightning. So we fell into other talk, and it was principally about the way by which we were travelling, and about what parts of London lay on this side of it, and what on that.",human,0.68,7.333333333333333,0.5833333333333334,15.15818181818182,2.0,7.0,human,human,human,True,False
"In this car of triumph, not even the Doctor's entreaties could prevent his being carried to his home on men's shoulders, with a confused sea of red caps heaving about him, and casting up to sight from the stormy deep such wrecks of faces, that he more than once misdoubted his mind being in confusion, and that he was in the tumbril on his way to the Guillotine. In wild dreamlike procession, embracing whom they met and pointing him out, they carried him on. Reddening the snowy streets with the prevailing Republican colour, in winding and tramping through them, as they had reddened them below the snow with a deeper dye, they carried him thus into the courtyard of the building where he lived.",human,0.7,6.666666666666667,0.4545454545454545,16.80258064516129,0.0,10.0,human,human,human,True,False
"Consider the architecture of a relationship: initially, it’s built with excitement and optimism, foundations laid on shared interests and mutual attraction. But as time passes, cracks begin to appear – differing values, unresolved conflicts, diverging life goals. Romantic disillusionment isn’t the sudden collapse of the structure, but the slow, creeping realization that the foundations were never strong enough to support the weight of expectation. It’s a structural failure, a recognition that the blueprint was flawed from the beginning, and that continued maintenance will only delay the inevitable. The sadness isn’t just about losing the building, but about acknowledging the faulty design.",ai_neutral,0.73,6.8,0.3448275862068966,14.158000000000005,0.0,10.0,ai_neutral,ai_neutral,ai_neutral,True,False
"It is a curious thing, is it not, how readily we accept the notion of ‘deserved’ poverty? How quickly we are to attribute misfortune to personal failings, rather than to the systemic inequities that bind so many to a life of hardship? We speak of industry and thrift as the keys to success, conveniently overlooking the fact that opportunity is not equally distributed. A child born into a slum, with no access to education or healthcare, faces obstacles that no amount of diligence can overcome. To condemn such a soul for their lack of advancement is not merely unjust, it is a profound act of intellectual dishonesty, a comfortable delusion that allows us to absolve ourselves of any responsibility for the suffering around us.",ai_mimicked,0.7,8.0,0.3,14.2561935483871,0.0,8.0,human,ai_mimicked,ai_mimicked,False,False
"The concept of lost innocence frequently centers on childhood, yet its echoes reverberate throughout life. Consider the idealistic college student entering the workforce, quickly confronted by corporate realities and compromised ethics. Or the newlywed couple, whose romantic vision clashes with the mundane challenges of shared living. These aren’t failures of experience, but further stages of disillusionment. Each time we invest trust and encounter betrayal, or witness injustice where we expected fairness, a piece of that initial, untarnished perspective diminishes. This ongoing process isn’t about becoming ‘jaded,’ but about recalibrating expectations and developing a more nuanced understanding of human behavior and systemic flaws.",ai_neutral,0.83,6.833333333333333,0.375,14.871372549019608,0.0,8.0,ai_neutral,ai_neutral,ai_neutral,True,False
"We really must wish you good night.” Jane's alertness in moving, proved her as ready as her aunt had preconceived. She was immediately up, and wanting to quit the table; but so many were also moving, that she could not get away; and Mr. Knightley thought he saw another collection of letters anxiously pushed towards her, and resolutely swept away by her unexamined. She was afterwards looking for her shawl Frank Churchill was looking also it was growing dusk, and the room was in confusion; and how they parted, Mr. Knightley could not tell. He remained at Hartfield after all the rest, his thoughts full of what he had seen; so full, that when the candles came to assist his observations, he must yes, he certainly must, as a friend an anxious friend give Emma some hint, ask her some question.",human,0.74,6.0,0.3888888888888889,9.003302938196555,4.0,12.0,human,human,human,True,False
"‘You must go,' said she. ‘You and I must part. You will have no business here. Let it stay, however,' said she; ‘give it houseroom till Colonel Campbell comes back. I shall talk about it to him; he will settle for me; he will help me out of all my difficulties.' And to this day, I do believe, she knows not whether it was his present or his daughter's.” Now Emma was obliged to think of the pianoforte; and the remembrance of all her former fanciful and unfair conjectures was so little pleasing, that she soon allowed herself to believe her visit had been long enough; and, with a repetition of every thing that she could venture to say of the good wishes which she really felt, took leave.",human,0.71,5.428571428571429,0.4285714285714285,7.14753045404208,5.0,8.0,human,human,human,True,False
"He knew that under the overthrown government he had been a spy upon Saint Antoine and Defarge's wine-shop; had received from the watchful police such heads of information concerning Doctor Manette's imprisonment, release, and history, as should serve him for an introduction to familiar conversation with the Defarges; and tried them on Madame Defarge, and had broken down with them signally. He always remembered with fear and trembling, that that terrible woman had knitted when he talked with her, and had looked ominously at him as her fingers moved. He had since seen her, in the Section of Saint Antoine, over and over again produce her knitted registers, and denounce people whose lives the guillotine then surely swallowed up.",human,0.71,8.0,0.2631578947368421,18.323697478991598,2.0,9.0,human,human,human,True,False
"My thoughts were further distracted by the excessive pride of Mr. and Mrs. Hubble, who were surpassingly conceited and vainglorious in being members of so distinguished a procession. And now the range of marshes lay clear before us, with the sails of the ships on the river growing out of it; and we went into the churchyard, close to the graves of my unknown parents, Philip Pirrip, late of this parish, and Also Georgiana, Wife of the Above. And there, my sister was laid quietly in the earth, while the larks sang high above it, and the light wind strewed it with beautiful shadows of clouds and trees.",human,0.71,9.0,0.4,11.65666666666667,1.0,10.0,human,human,human,True,False
"One might argue, with a certain philosophical detachment, that innocence is merely a state of blissful ignorance, a convenient fiction maintained by those shielded from the harsher realities of existence. Yet, to witness its departure is to observe a diminishment not of knowledge, but of *hope*. Old Man Hemlock, the clockmaker, possessed a grandson, a lad of uncommon sensitivity, who once believed every tick and tock held a secret message from the angels. A single, brutal encounter with the callous indifference of a wealthy patron – a dismissal of the boy’s earnest attempts to repair a cherished timepiece – extinguished that light. He continues to assist his grandfather, mechanically precise, but the joy has fled, replaced by a weary resignation that chills the very soul. Such a loss, I submit, is not progress, but a profound and lamentable decay.",ai_mimicked,0.74,8.166666666666666,0.5142857142857142,12.952956204379564,0.0,16.0,ai_mimicked,ai_mimicked,ai_mimicked,True,False
"I brought it out, and laid it ready for him, and my blood again ran cold when he again took me by both hands to give me good-night. I got away from him, without knowing how I did it, and mended the fire in the room where we had been together, and sat down by it, afraid to go to bed. For an hour or more, I remained too stunned to think; and it was not until I began to think, that I began fully to know how wrecked I was, and how the ship in which I had sailed was gone to pieces.",human,0.65,7.333333333333333,0.7777777777777778,11.885769230769233,1.0,9.0,human,human,human,True,False
"From a psychological perspective, social expectations operate through a complex interplay of reinforcement and punishment. Behaviors that align with societal norms are typically rewarded with acceptance, praise, and opportunities, while deviations are often met with criticism, rejection, or social exclusion. This conditioning process begins in childhood, as individuals internalize the values and beliefs of their families, communities, and cultures. The resulting ‘social scripts’ guide our interactions and shape our perceptions of what is considered appropriate or desirable. Recognizing this conditioning is the first step towards challenging limiting beliefs and cultivating a more autonomous sense of self. It allows for a critical examination of *why* we feel compelled to meet certain expectations.",ai_neutral,0.76,6.5,0.3529411764705882,15.862837837837835,0.0,9.0,ai_neutral,ai_neutral,ai_neutral,True,False
"It was a valued, a precious trust to me; and gladly would I have discharged it in the strictest sense, by watching over her education myself, had the nature of our situations allowed it; but I had no family, no home; and my little Eliza was therefore placed at school. I saw her there whenever I could, and after the death of my brother, (which happened about five years ago, and which left to me the possession of the family property,) she visited me at Delaford. I called her a distant relation; but I am well aware that I have in general been suspected of a much nearer connection with her.",human,0.67,8.0,0.4375,15.955315315315318,4.0,8.0,human,human,human,True,False
"He almost thought that shrouds were for the old and shrunken; and that they never wrapped the young and graceful form in their ghastly folds. A knell from the church bell broke harshly on these youthful thoughts. It was tolling for the funeral service. A group of humble mourners entered the gate: wearing white favours; for the corpse was young. They stood uncovered by a grave; and there was a mother a mother once among the weeping train. But the sun shone brightly, and the birds sang on. Oliver turned homeward, thinking on the many kindnesses he had received from the young lady, and wishing that the time could come again, that he might never cease showing her how grateful and attached he was.",human,0.71,5.428571428571429,0.5416666666666666,6.639539170506914,3.0,4.0,human,human,human,True,False
"The drawing-rooms of our acquaintance are, alas, frequently populated by those who mistake wishful thinking for discernment. Mr. Penhaligon, a man of limited intellect but considerable self-regard, firmly believed himself to be a connoisseur of the arts, despite possessing a taste so vulgar as to be almost offensive. He would pronounce upon paintings and sculptures with an air of authority, entirely unperturbed by the polite, yet unmistakable, stifled laughter of those around him. Such instances are not merely amusing; they reveal a deeper truth about the human condition – a desperate need for validation, and a willingness to embrace delusion rather than confront the humbling reality of one’s own limitations. Propriety, it seems, often demands a façade of knowledge, even when none exists.",ai_mimicked,0.8,7.6,0.4838709677419355,15.204688524590164,1.0,12.0,ai_mimicked,ai_mimicked,ai_mimicked,True,False
"“The line between good and evil is often blurred, and it is in that grey area that most of life takes place,” a sentiment that highlights the complex reality of moral compromise. Corruption doesn’t always manifest as outright villainy; it often stems from a desperate attempt to navigate difficult circumstances. Economic hardship, for example, can drive individuals to engage in dishonest practices simply to survive. While such actions are undeniably unethical, understanding the underlying pressures doesn’t excuse them, but it does illuminate the systemic factors that contribute to moral failings. This perspective emphasizes the importance of addressing societal inequalities as a preventative measure against widespread corruption.",ai_neutral,0.78,7.0,0.6153846153846154,15.721396226415097,1.0,6.0,ai_neutral,ai_neutral,ai_neutral,True,False
"Though I really see no reason why she should have worn it at all; or why, if she did wear it at all, she should not have taken it off, every day of her life. Joe's forge adjoined our house, which was a wooden house, as many of the dwellings in our country were, most of them, at that time. When I ran home from the churchyard, the forge was shut up, and Joe was sitting alone in the kitchen. Joe and I being fellow-sufferers, and having confidences as such, Joe imparted a confidence to me, the moment I raised the latch of the door and peeped in at him opposite to it, sitting in the chimney corner.",human,0.69,7.25,0.3,11.215000000000003,1.0,13.0,human,human,human,True,False
"The room was but small, and the clients seemed to have had a habit of backing up against the wall; the wall, especially opposite to Mr. Jaggers's chair, being greasy with shoulders. I recalled, too, that the one-eyed gentleman had shuffled forth against the wall when I was the innocent cause of his being turned out. I sat down in the cliental chair placed over against Mr. Jaggers's chair, and became fascinated by the dismal atmosphere of the place. I called to mind that the clerk had the same air of knowing something to everybody else's disadvantage, as his master had.",human,0.64,8.75,0.4210526315789473,8.032425742574258,1.0,7.0,human,human,human,True,False
"It was in the chipped porcelain of a doll’s face, abandoned amidst the dust and shadows of a forgotten nursery, that the true tragedy of lost innocence revealed itself – not in any grand, theatrical sorrow, but in the quiet resignation of a painted smile, forever fixed upon a world it could no longer comprehend. The room itself, once vibrant with the clamour of childish glee, now stood a testament to time’s relentless march, the faded wallpaper whispering tales of laughter turned to silence. A single sunbeam, struggling through the grimy windowpane, illuminated motes of dust dancing in the air, each a tiny ghost of vanished joys. One could almost feel the phantom weight of small hands, the echo of whispered secrets, the lingering scent of lavender and lost dreams. Such relics, though seemingly insignificant, possess a power to stir the deepest melancholies, reminding us that even the most radiant bloom must inevitably wither and fall.",ai_mimicked,0.73,7.6,0.425,15.227741935483872,0.0,16.0,ai_mimicked,ai_mimicked,ai_mimicked,True,False
"I was breakfasting at the Ellisons, and her letter, with some others, was brought to me there from my lodgings. It happened to catch Sophia's eye before it caught mine and its size, the elegance of the paper, the hand-writing altogether, immediately gave her a suspicion. Some vague report had reached her before of my attachment to some young lady in Devonshire, and what had passed within her observation the preceding evening had marked who the young lady was, and made her more jealous than ever. Affecting that air of playfulness, therefore, which is delightful in a woman one loves, she opened the letter directly, and read its contents.",human,0.71,6.75,0.2272727272727272,12.57511467889908,0.0,12.0,human,human,human,True,False
"Mrs. Jennings therefore attending her up stairs into the sick chamber, to satisfy herself that all continued right, left her there again to her charge and her thoughts, and retired to her own room to write letters and sleep. The night was cold and stormy. The wind roared round the house, and the rain beat against the windows; but Elinor, all happiness within, regarded it not. Marianne slept through every blast; and the travellers they had a rich reward in store, for every present inconvenience. Had it been ten, Elinor would have been convinced that at that moment she heard a carriage driving up to the house; and so strong was the persuasion that she did, in spite of the almost impossibility of their being already come, that she moved into the adjoining dressing-closet and opened a window shutter, to be satisfied of the truth.",human,0.74,5.4,0.3333333333333333,12.891034482758624,3.0,11.0,human,human,human,True,False
"And for my part, I was all in a fright for fear your sister should ask us for the huswifes she had gave us a day or two before; but, however, nothing was said about them, and I took care to keep mine out of sight. Edward have got some business at Oxford, he says; so he must go there for a time; and after that, as soon as he can light upon a Bishop, he will be ordained. I wonder what curacy he will get! I'd lay my life I know what my cousins will say, when they hear of it.",human,0.76,6.25,0.0,8.121666666666666,3.0,8.0,human,human,human,True,False
"“The only thing necessary for the triumph of evil is for good men to do nothing,” a sentiment often attributed to Edmund Burke, highlights a crucial aspect of moral corruption: the complicity of bystanders. While active perpetrators bear direct responsibility, the silence and inaction of those who witness wrongdoing contribute significantly to its perpetuation. This isn’t merely a matter of cowardice; it often stems from a rationalization of self-preservation – fear of retribution, concern for career prospects, or a belief that intervention is futile. However, this calculated neutrality effectively grants tacit approval, emboldening the corrupt and eroding the moral courage of others. A society that tolerates apathy in the face of injustice is, in effect, complicit in its own moral decline.",ai_neutral,0.76,7.4,0.3783783783783784,16.780000000000005,1.0,9.0,ai_neutral,ai_neutral,ai_neutral,True,False
"The fog, sir, a veritable miasma of moral decay, clung not merely to the cobbled streets and grimy warehouses of this great city, but to the very souls of those who trafficked within them. It was a fog born not of the river’s breath, but of avarice and indifference, thickening with each compromised principle and each neglected plea. Observe, if you will, the merchant, outwardly respectable, yet whose fortunes are built upon the sweat and suffering of the unseen – a gentleman whose conscience, like a neglected hearth, has long since grown cold. He walks amongst us, a phantom draped in respectability, spreading a chill far more penetrating than any winter’s blast, for he embodies the slow, insidious rot that consumes a nation when virtue is sacrificed upon the altar of gain. A dreadful spectacle, indeed, and one too common for comfort.",ai_mimicked,0.75,7.6,0.3939393939393939,13.735659574468084,0.0,18.0,ai_mimicked,ai_mimicked,ai_mimicked,True,False
"“The problem isn’t that Johnny can’t read,” Paulo Freire famously wrote, “the problem is the story Johnny is told.” This sentiment powerfully illustrates how social inequality is reinforced through cultural narratives. Dominant ideologies often normalize existing power structures, portraying success as solely the result of merit and failure as a personal deficiency. This obscures the systemic barriers that prevent many from achieving their full potential. Challenging these narratives requires critical media literacy, promoting diverse representation in education and the arts, and amplifying the voices of those directly impacted by inequality. Only by dismantling these ingrained biases can we begin to foster a more just and equitable society.",ai_neutral,0.78,6.833333333333333,0.3846153846153846,15.51640186915888,0.0,5.0,ai_neutral,ai_neutral,ai_neutral,True,False
"Old Man Tiber, they called him – a creature of the docks, more barnacle than man, his face a roadmap of hardship etched by wind and brine. He’d seen generations rise and fall, witnessed the fortunes made and lost upon the capricious tides of commerce. And what, I ask you, was his observation, distilled from a lifetime spent amongst the flotsam and jetsam of the city? That the ‘better sort,’ as they so readily proclaim themselves, are often those least deserving of their station. Not through merit, nor through industry, but through the sheer accident of birth, they inherit comfort and consequence, whilst those born to toil are shackled by circumstance before they’ve even drawn breath. A cruel lottery, indeed, where the prize is ease and the penalty, perpetual struggle.",ai_mimicked,0.77,7.333333333333333,0.1764705882352941,9.808953488372094,0.0,16.0,human,ai_mimicked,ai_mimicked,False,False
"A dog, which had lain concealed till now, ran backwards and forwards on the parapet with a dismal howl, and collecting himself for a spring, jumped for the dead man's shoulders. Missing his aim, he fell into the ditch, turning completely over as he went; and striking his head against a stone, dashed out his brains. AFFORDING AN EXPLANATION OF MORE MYSTERIES THAN ONE, AND COMPREHENDING A PROPOSAL OF MARRIAGE WITH NO WORD OF SETTLEMENT OR PIN-MONEY The events narrated in the last chapter were yet but two days old, when Oliver found himself, at three o'clock in the afternoon, in a travelling-carriage rolling fast towards his native town.",human,0.81,6.25,0.25,15.79284403669725,1.0,11.0,ai_neutral,human,human,False,False
"The workhouse, a grim and forbidding edifice, stands as a stark testament to our collective failure of compassion. Yet, the corruption it embodies extends far beyond the cruelty of its overseers or the inadequacy of its provisions. It resides in the very system that necessitates its existence – a system that prioritizes profit over people, that deems poverty a moral failing rather than a societal ill. To condemn the unfortunate souls within its walls without addressing the structural injustices that cast them there is a hypocrisy of the most egregious kind. It is a corruption of the spirit, a hardening of the heart, and a betrayal of the fundamental principles of Christian charity. The stones themselves seem to weep with the weight of our indifference.",ai_mimicked,0.68,7.333333333333333,0.3333333333333333,12.929677419354842,0.0,6.0,human,ai_mimicked,ai_mimicked,False,False
"It is a truth universally acknowledged, that a young lady possessed of a comfortable fortune, must be in want of a husband; yet, it is a less frequently observed consequence of a large family, that the daughters, however amiable, must often find their own prospects curtailed by the very necessities of their parents. Miss Eleanor, though possessed of accomplishments sufficient to attract a gentleman of moderate expectations, laboured under the disadvantage of elder siblings whose portions demanded immediate provision. Her mother, a woman of limited fortune and even more limited foresight, viewed Eleanor’s potential alliance not with maternal hope, but as a means to alleviate the burdens imposed by her other children’s demands. Such a disposition, though understandable in its origin, presented a most unromantic prospect for a young lady of sensibility, and one which threatened to confine her future to a degree of quiet desperation.",ai_mimicked,0.75,9.5,0.5277777777777778,19.739520547945208,1.0,14.0,ai_mimicked,ai_mimicked,ai_mimicked,True,False
"Such preparations completed, he moved, backward, towards the door: dragging the dog with him, lest he should soil his feet anew and carry out new evidence of the crime into the streets. He shut the door softly, locked it, took the key, and left the house. He crossed over, and glanced up at the window, to be sure that nothing was visible from the outside. There was the curtain still drawn, which she would have opened to admit the light she never saw again. It lay nearly under there. God, how the sun poured down upon the very spot! It was a relief to have got free of the room.",human,0.76,6.428571428571429,0.3333333333333333,5.556753246753249,0.0,11.0,human,human,human,True,False
"“Do what makes you happy,” the saying goes, but rarely does it acknowledge the weight of societal judgment that often accompanies unconventional choices. The expectation to follow a linear path – education, career, marriage, family – remains remarkably strong, even as alternative lifestyles gain acceptance. Deviating from this script can elicit disapproval, questioning glances, and even outright criticism. This pressure isn’t always overt; it can manifest as subtle discouragement from family members or a lack of understanding from peers. The courage to prioritize personal fulfillment over external validation is, therefore, a radical act, one that requires a strong sense of self and a willingness to navigate potential social consequences.",ai_neutral,0.81,7.6,0.4838709677419355,15.9148785046729,1.0,11.0,ai_neutral,ai_neutral,ai_neutral,True,False
"The man looked fixedly at him when he had given this information, and although he did not withdraw his eyes for some time afterwards, his gaze gradually became vacant and abstracted, and he seemed lost in thought. For some time, he appeared doubtful whether he ought to be relieved or disappointed by the intelligence; but at length he breathed more freely; and withdrawing his eyes, observed that it was no great matter. With that he rose, as if to depart. But Mr. Bumble was cunning enough; and he at once saw that an opportunity was opened, for the lucrative disposal of some secret in the possession of his better half.",human,0.72,6.75,0.4375,12.191363636363636,3.0,7.0,human,human,human,True,False
"The human heart, it is frequently remarked, is a labyrinth of contradictions, and none more perplexing than its capacity for self-deception. Mr. Ainsworth, a man of undeniable vanity, attributed his lack of success in society not to any deficiency in his own character, but to the ill-breeding and lack of discernment amongst his neighbours. He saw himself as a victim of circumstance, a superior being unjustly overlooked. Such a perspective, while affording a measure of comfort, served only to exacerbate his isolation, preventing him from recognizing, and rectifying, the genuine flaws in his own disposition. To remain wilfully blind to one’s imperfections is to condemn oneself to perpetual dissatisfaction.",ai_mimicked,0.74,7.2,0.3,15.21291743119266,0.0,12.0,ai_mimicked,ai_mimicked,ai_mimicked,True,False
"But all this may be explained by such a situation of his affairs as you have supposed. He had just parted from my sister, had seen her leave him in the greatest affliction; and if he felt obliged, from a fear of offending Mrs. Smith, to resist the temptation of returning here soon, and yet aware that by declining your invitation, by saying that he was going away for some time, he should seem to act an ungenerous, a suspicious part by our family, he might well be embarrassed and disturbed. In such a case, a plain and open avowal of his difficulties would have been more to his honour I think, as well as more consistent with his general character; but I will not raise objections against any one's conduct on so illiberal a foundation, as a difference in judgment from myself, or a deviation from what I may think right and consistent.”",human,0.76,8.666666666666666,0.5909090909090909,16.665259740259746,2.0,12.0,human,human,human,True,False
"Elinor joyfully profited by the first of these proposals, and thus by a little of that address which Marianne could never condescend to practise, gained her own end, and pleased Lady Middleton at the same time. Lucy made room for her with ready attention, and the two fair rivals were thus seated side by side at the same table, and, with the utmost harmony, engaged in forwarding the same work. The pianoforte at which Marianne, wrapped up in her own music and her own thoughts, had by this time forgotten that any body was in the room besides herself, was luckily so near them that Miss Dashwood now judged she might safely, under the shelter of its noise, introduce the interesting subject, without any risk of being heard at the card-table.",human,0.65,8.333333333333334,0.5,18.284274809160312,0.0,13.0,human,human,human,True,False
"Colonel Brandon was now as happy, as all those who best loved him, believed he deserved to be; in Marianne he was consoled for every past affliction; her regard and her society restored his mind to animation, and his spirits to cheerfulness; and that Marianne found her own happiness in forming his, was equally the persuasion and delight of each observing friend. Marianne could never love by halves; and her whole heart became, in time, as much devoted to her husband, as it had once been to Willoughby. Willoughby could not hear of her marriage without a pang; and his punishment was soon afterwards complete in the voluntary forgiveness of Mrs. Smith, who, by stating his marriage with a woman of character, as the source of her clemency, gave him reason for believing that had he behaved with honour towards Marianne, he might at once have been happy and rich.",human,0.7,9.666666666666666,0.3461538461538461,16.735000000000003,5.0,12.0,human,human,human,True,False
"It is not, perhaps, the grand displays of opulence that most acutely demonstrate the chasm dividing rich and poor, but rather the subtle, insidious ways in which privilege permeates every aspect of life. Observe the schools, those supposed bastions of enlightenment, where the sons of gentlemen receive instruction in Latin and philosophy, whilst the children of labourers are taught little more than obedience and the rudiments of arithmetic. Note the legal system, where a wealthy man can command the finest counsel, whilst the impoverished are left to navigate its complexities alone, often falling prey to injustice and despair. These are not isolated instances, but threads woven into the very fabric of our society, reinforcing a hierarchy that condemns the many to servitude and elevates the few to unwarranted dominion.",ai_mimicked,0.77,8.25,0.5333333333333333,17.660368217054266,0.0,12.0,ai_mimicked,ai_mimicked,ai_mimicked,True,False
"She had no such object for her lingering thoughts to fix on, she left no creature behind, from whom it would give her a moment's regret to be divided for ever, she was pleased to be free herself from the persecution of Lucy's friendship, she was grateful for bringing her sister away unseen by Willoughby since his marriage, and she looked forward with hope to what a few months of tranquility at Barton might do towards restoring Marianne's peace of mind, and confirming her own. Their journey was safely performed. The second day brought them into the cherished, or the prohibited, county of Somerset, for as such was it dwelt on by turns in Marianne's imagination; and in the forenoon of the third they drove up to Cleveland.",human,0.75,8.0,0.4761904761904761,18.012500000000006,1.0,9.0,human,human,human,True,False
"I thought, feeling my heart shoot as I identified him. I dare say I should have felt a pain in my liver, too, if I had known where it was. I was soon at the Battery after that, and there was the right man, hugging himself and limping to and fro, as if he had never all night left off hugging and limping, waiting for me. He was awfully cold, to be sure. I half expected to see him drop down before my face and die of deadly cold. His eyes looked so awfully hungry too, that when I handed him the file and he laid it down on the grass, it occurred to me he would have tried to eat it, if he had not seen my bundle.",human,0.7,5.833333333333333,0.5454545454545454,6.881821705426358,0.0,11.0,human,human,human,True,False
"There's been overmuch coming back of late years, and I should of a certainty be hanged if took.” Nothing was needed but this; the wretched man, after loading wretched me with his gold and silver chains for years, had risked his life to come to me, and I held it there in my keeping! If I had loved him instead of abhorring him; if I had been attracted to him by the strongest admiration and affection, instead of shrinking from him with the strongest repugnance; it could have been no worse. On the contrary, it would have been better, for his preservation would then have naturally and tenderly addressed my heart.",human,0.65,6.0,0.4666666666666667,11.284752252252256,3.0,7.0,human,human,human,True,False
"They must keep as much together as they could;” and James was talked to, and given a charge to go very slow and wait for the other carriage. Isabella stept in after her father; John Knightley, forgetting that he did not belong to their party, stept in after his wife very naturally; so that Emma found, on being escorted and followed into the second carriage by Mr. Elton, that the door was to be lawfully shut on them, and that they were to have a tête-à-tête drive. It would not have been the awkwardness of a moment, it would have been rather a pleasure, previous to the suspicions of this very day; she could have talked to him of Harriet, and the three-quarters of a mile would have seemed but one.",human,0.7,9.333333333333334,0.4666666666666667,13.216087786259545,4.0,9.0,human,human,human,True,False
"It is a truth universally acknowledged, that a single woman in possession of a comfortable fortune, must be the subject of much speculation; yet, it is a far more common, and infinitely more pitiable, circumstance when a lady possesses only the fortune of her own good opinion. Miss Elmsworth, for instance, convinced herself of a captivating allure which the glass most cruelly contradicted, and attributed the indifference of eligible gentlemen not to any deficiency in her person, but to their lamentable want of discernment. She constructed elaborate narratives of hidden admiration, interpreting polite enquiries as veiled declarations, and casual neglect as the consequence of a too-ardent, yet carefully concealed, passion. Such fancies, indulged without the corrective of honest counsel, serve only to render disappointment more acute, and to confirm a self-regard founded upon the most unstable of foundations – the flattering echoes of one’s own imagination.",ai_mimicked,0.77,9.25,0.5833333333333334,20.51991379310345,1.0,16.0,ai_mimicked,ai_mimicked,ai_mimicked,True,False
"But happening to look up at Mrs. Pocket as she sat reading her book of dignities after prescribing Bed as a sovereign remedy for baby, I thought Well No, I wouldn't. As I had grown accustomed to my expectations, I had insensibly begun to notice their effect upon myself and those around me. Their influence on my own character I disguised from my recognition as much as possible, but I knew very well that it was not all good. I lived in a state of chronic uneasiness respecting my behaviour to Joe. My conscience was not by any means comfortable about Biddy.",human,0.75,6.8,0.5,9.202745098039216,0.0,4.0,human,human,human,True,False
"Mr. Knightley could not be there too often; he should be glad to see him every day; but they did see him every day as it was. Why could not they go on as they had done? Mr. Woodhouse could not be soon reconciled; but the worst was overcome, the idea was given; time and continual repetition must do the rest. To Emma's entreaties and assurances succeeded Mr. Knightley's, whose fond praise of her gave the subject even a kind of welcome; and he was soon used to be talked to by each, on every fair occasion. They had all the assistance which Isabella could give, by letters of the strongest approbation; and Mrs. Weston was ready, on the first meeting, to consider the subject in the most serviceable light first, as a settled, and, secondly, as a good one well aware of the nearly equal importance of the two recommendations to Mr. Woodhouse's mind.",human,0.64,6.6,0.5454545454545454,10.479262672811064,6.0,10.0,human,human,human,True,False
"Mr. Pumblechook's premises in the High Street of the market town, were of a peppercorny and farinaceous character, as the premises of a cornchandler and seedsman should be. It appeared to me that he must be a very happy man indeed, to have so many little drawers in his shop; and I wondered when I peeped into one or two on the lower tiers, and saw the tied-up brown paper packets inside, whether the flower-seeds and bulbs ever wanted of a fine day to break out of those jails, and bloom. It was in the early morning after my arrival that I entertained this speculation.",human,0.74,7.0,0.4090909090909091,14.692380952380956,1.0,6.0,ai_neutral,human,human,False,False
"After some discussion, in which all three took an active part, it was decided that Nancy should repair to the Jew's next evening when the night had set in, and bring Oliver away with her; Fagin craftily observing, that, if he evinced any disinclination to the task, he would be more willing to accompany the girl who had so recently interfered in his behalf, than anybody else. It was also solemnly arranged that poor Oliver should, for the purposes of the contemplated expedition, be unreservedly consigned to the care and custody of Mr. William Sikes; and further, that the said Sikes should deal with him as he thought fit; and should not be held responsible by the Jew for any mischance or evil that might be necessary to visit him: it being understood that, to render the compact in this respect binding, any representations made by Mr. Sikes on his return should be required to be confirmed and corroborated, in all important particulars, by the testimony of flash Toby Crackit.",human,0.75,10.0,0.4285714285714285,19.65676470588236,3.0,14.0,human,human,human,True,False
"It can be allowable only as the thought of the moment.” Somebody said that Miss Gilbert was expected at her brother's, and must be invited with the rest. Somebody else believed Mrs. Gilbert would have danced the other evening, if she had been asked. A word was put in for a second young Cox; and at last, Mr. Weston naming one family of cousins who must be included, and another of very old acquaintance who could not be left out, it became a certainty that the five couple would be at least ten, and a very interesting speculation in what possible manner they could be disposed of.",human,0.72,6.0,0.6153846153846154,8.458457943925236,1.0,6.0,human,human,human,True,False
"I should not have thought it possible you could forget what passed in this very room about court-plaister, one of the very last times we ever met in it! It was but a very few days before I had my sore throat just before Mr. and Mrs. John Knightley came I think the very evening. Do not you remember his cutting his finger with your new penknife, and your recommending court-plaister? But, as you had none about you, and knew I had, you desired me to supply him; and so I took mine out and cut him a piece; but it was a great deal too large, and he cut it smaller, and kept playing some time with what was left, before he gave it back to me.",human,0.69,7.75,0.6666666666666666,9.236187500000003,2.0,8.0,human,human,human,True,False
"It was soon done, and the boat was brought round to the Temple stairs, and lay where I could reach her within a minute or two. Then, I began to go out as for training and practice: sometimes alone, sometimes with Herbert. I was often out in cold, rain, and sleet, but nobody took much note of me after I had been out a few times. At first, I kept above Blackfriars Bridge; but as the hours of the tide changed, I took towards London Bridge. It was Old London Bridge in those days, and at certain states of the tide there was a race and fall of water there which gave it a bad reputation.",human,0.68,6.8,0.2777777777777778,7.902827586206897,1.0,10.0,human,human,human,True,False
"Often overlooked is the internal dimension of moral corruption: the gradual desensitization to suffering. Repeated exposure to violence, injustice, or hardship – whether through media consumption, personal experience, or professional demands – can numb our empathetic responses. This emotional detachment doesn’t necessarily lead to active wrongdoing, but it creates a climate of indifference, where unethical behavior is tolerated, and even normalized. The ability to rationalize harm, to distance oneself from the consequences of one’s actions, is a hallmark of this insidious form of corruption. Reclaiming our capacity for empathy, actively seeking to understand the experiences of others, is crucial in combating this internal erosion of morality.",ai_neutral,0.78,7.4,0.3870967741935484,18.277769230769227,0.0,11.0,ai_neutral,ai_neutral,ai_neutral,True,False
"The officers of the ----shire were in general a very creditable, gentlemanlike set and the best of them were of the present party; but Mr, Wickham was as far beyond them all in person, countenance, air, and walk, as they were superior to the broad-faced stuffy uncle Philips, breathing port wine, who followed them into the room. ] Mr. Wickham was the happy man towards whom almost every female eye was turned, and Elizabeth was the happy woman by whom he finally seated himself; and the agreeable manner in which he immediately fell into conversation, though it was only on its being a wet night, and on the probability of a rainy season, made her feel that the commonest, dullest, most threadbare topic might be rendered interesting by the skill of the speaker.",human,0.7,13.5,0.8,28.65454545454546,2.0,14.0,human,human,human,True,False
"The concept of familial duty shifts dramatically across cultures, yet a common thread persists: the prioritization of kinship. In many societies, particularly collectivist ones, individual identity is inextricably linked to the family unit. This isn’t necessarily oppressive; it provides a robust safety net, ensuring support during hardship and celebrating successes collectively. However, this interconnectedness can also mean limited personal agency, especially regarding life choices like career, marriage, or location. The needs of the family – financial stability, maintaining social standing, or caring for vulnerable members – often supersede individual aspirations. Understanding this cultural context is crucial; what appears as constraint to an outsider may be perceived as natural obligation within the family’s framework.",ai_neutral,0.86,5.666666666666667,0.4444444444444444,17.670045045045047,2.0,10.0,ai_neutral,ai_neutral,ai_neutral,True,False
"It hid in doorways too, rubbing its horrible shoulders against doors, and drawing them up to its ears, as if it were laughing. It got into shadows on the road, and lay cunningly on its back to trip him up. All this time it was incessantly hopping on behind and gaining on him, so that when the boy got to his own door he had reason for being half dead. And even then it would not leave him, but followed him upstairs with a bump on every stair, scrambled into bed with him, and bumped down, dead and heavy, on his breast when he fell asleep.",human,0.72,7.0,0.4,9.773301886792456,0.0,10.0,human,human,human,True,False
"though we have suffered dreadfully, we are both quite well now, and as happy as we must always be in one another's love. We have had great trials, and great persecutions, but however, at the same time, gratefully acknowledge many friends, yourself not the least among them, whose great kindness I shall always thankfully remember, as will Edward too, who I have told of it. Poor Anne was much to blame for what she did, but she did it for the best, so I say nothing; hope Mrs. Jennings won't think it too much trouble to give us a call, should she come this way any morning, 'twould be a great kindness, and my cousins would be proud to know her.",human,0.76,6.333333333333333,1.0,11.518243801652892,1.0,15.0,human,human,human,True,False
"However, I temporized with myself, of course for, was I not wavering between right and wrong, when the thing is always done? and resolved to make a full disclosure if I should see any such new occasion as a new chance of helping in the discovery of the assailant. The Constables and the Bow Street men from London for, this happened in the days of the extinct red-waistcoated police were about the house for a week or two, and did pretty much what I have heard and read of like authorities doing in other such cases. They took up several obviously wrong people, and they ran their heads very hard against wrong ideas, and persisted in trying to fit the circumstances to the ideas, instead of trying to extract ideas from the circumstances.",human,0.74,9.0,0.5217391304347826,14.766973684210528,0.0,9.0,human,human,human,True,False
"She has the reputation of being remarkably sensible and clever; but I rather believe she derives part of her abilities from her rank and fortune, part from her authoritative manner, and the rest from the pride of her nephew, who chooses that everyone connected with him should have an understanding of the first class.” Elizabeth allowed that he had given a very rational account of it, and they continued talking together with mutual satisfaction till supper put an end to cards, and gave the rest of the ladies their share of Mr. Wickham's attentions. There could be no conversation in the noise of Mrs. Philips's supper party, but his manners recommended him to everybody.",human,0.74,9.333333333333334,0.2307692307692307,14.674122807017543,1.0,6.0,human,human,human,True,False
"Emma felt that her own note had deserved something better; but it was impossible to quarrel with words, whose tremulous inequality shewed indisposition so plainly, and she thought only of how she might best counteract this unwillingness to be seen or assisted. In spite of the answer, therefore, she ordered the carriage, and drove to Mrs. Bates's, in the hope that Jane would be induced to join her but it would not do; Miss Bates came to the carriage door, all gratitude, and agreeing with her most earnestly in thinking an airing might be of the greatest service and every thing that message could do was tried but all in vain.",human,0.71,8.5,0.3333333333333333,15.636396396396396,2.0,8.0,human,human,human,True,False
"I do not say that it is in our power to offer you peace of heart and mind, for that must come as you seek it; but a quiet asylum, either in England, or, if you fear to remain here, in some foreign country, it is not only within the compass of our ability but our most anxious wish to secure you. Before the dawn of morning, before this river wakes to the first glimpse of day-light, you shall be placed as entirely beyond the reach of your former associates, and leave as utter an absence of all trace behind you, as if you were to disappear from the earth this moment.",human,0.71,8.5,0.2857142857142857,22.26428571428572,1.0,10.0,human,human,human,True,False
"Certainly she had often, especially of late, thought his manners to herself unnecessarily gallant; but it had passed as his way, as a mere error of judgment, of knowledge, of taste, as one proof among others that he had not always lived in the best society, that with all the gentleness of his address, true elegance was sometimes wanting; but, till this very day, she had never, for an instant, suspected it to mean any thing but grateful respect to her as Harriet's friend. To Mr. John Knightley was she indebted for her first idea on the subject, for the first start of its possibility.",human,0.73,8.5,0.3809523809523809,22.304047619047623,2.0,13.0,human,human,human,True,False
"They have brought the whole coach full of playthings for the children. How can you be so cross as not to come? Why they are your cousins, you know, after a fashion. You are my cousins, and they are my wife's, so you must be related.” But Sir John could not prevail. He could only obtain a promise of their calling at the Park within a day or two, and then left them in amazement at their indifference, to walk home and boast anew of their attractions to the Miss Steeles, as he had been already boasting of the Miss Steeles to them.",human,0.69,5.0,0.2307692307692307,5.998203883495147,0.0,7.0,human,human,human,True,False
"I say awakened, because time and London, business and dissipation, had in some measure quieted it, and I had been growing a fine hardened villain, fancying myself indifferent to her, and chusing to fancy that she too must have become indifferent to me; talking to myself of our past attachment as a mere idle, trifling business, shrugging up my shoulders in proof of its being so, and silencing every reproach, overcoming every scruple, by secretly saying now and then, ‘I shall be heartily glad to hear she is well married.' But this note made me know myself better. I felt that she was infinitely dearer to me than any other woman in the world, and that I was using her infamously.",human,0.77,7.333333333333333,0.625,18.27884297520661,1.0,13.0,ai_neutral,human,human,False,False
"Observe the public houses, those dimly lit sanctuaries of the dispossessed. Within their smoky confines, one finds not merely solace in drink, but a desperate attempt to escape the gnawing reality of existence. Old Silas, a former carpenter, now reduced to begging, recounts tales of better days, his voice thick with regret and a lingering sense of injustice. Mrs. Gable, widowed and burdened with children, seeks a moment’s respite from the relentless demands of survival. These are not merely ‘cases’ to be catalogued by charitable societies, but individuals, each with a story, a dignity, and a right to a life free from the crushing weight of poverty. To ignore their plight, to dismiss their suffering as inevitable, is to betray the very principles upon which a civilized society ought to be founded – a moral failing of the gravest consequence.",ai_mimicked,0.76,7.5,0.4166666666666667,13.055071942446045,0.0,15.0,ai_mimicked,ai_mimicked,ai_mimicked,True,False
"The drawing-room at Hartfield, though usually a scene of cheerful occupation, bore witness to a particularly egregious instance of self-deception that afternoon. Mrs. Bellingham, lamenting the lack of suitable matches for her daughters, declared their virtues so numerous as to be almost overwhelming to any gentleman of sense. “Indeed,” she confided to Miss Woodhouse, with a significant glance, “it is a trial to them, I assure you, to be so universally admired. They are accustomed to a degree of attention which, whilst flattering, must inevitably lead to a certain…discrimination in their judgements.” One could scarcely suppress a smile, observing that the daughters in question possessed neither accomplishments nor fortune sufficient to warrant such lofty expectations, and that their mother’s pronouncements were clearly designed to bolster her own consequence in the eyes of the company.",ai_mimicked,0.79,8.0,0.34375,15.732149253731349,0.0,13.0,ai_mimicked,ai_mimicked,ai_mimicked,True,False
"The fog, a greasy, yellow shroud, clung to the cobbles of Bleak Street not merely as a meteorological phenomenon, but as a visible manifestation of the moral miasma that permeated the city – a miasma born of disparities so vast they threatened to swallow whole the hopes of those born beneath a less fortunate star. Observe, if you will, the pinched faces pressed against the bakery windows, the hollow coughs echoing in the alleyways, the threadbare garments offering scant protection against the November chill. These are not isolated instances of misfortune, but symptoms of a systemic ill, a societal arrangement wherein some feast upon abundance whilst others scrabble for the crumbs that fall from their tables. It is a spectacle to chill the very soul, and one which demands, not pious lamentation, but resolute action, lest the foundations of our civilization crumble beneath the weight of such injustice.",ai_mimicked,0.72,9.0,0.4615384615384615,18.489438775510205,0.0,14.0,ai_mimicked,ai_mimicked,ai_mimicked,True,False
"Reflecting on my own upbringing, I realize how much of my trajectory was shaped by factors entirely outside my control. Social class isn’t an abstract concept; it’s a lived experience, a set of unspoken rules and expectations that permeate every aspect of life. It influences our aspirations, our relationships, and our sense of belonging. Recognizing this inherent inequality isn’t about assigning blame, but about fostering empathy and understanding. It’s about acknowledging that success isn’t solely the result of hard work and determination, but also a product of privilege and opportunity. A truly just society must strive to dismantle the systemic barriers that perpetuate class divisions and create a more equitable playing field for all.",ai_neutral,0.73,7.166666666666667,0.2727272727272727,14.48842105263158,1.0,6.0,ai_neutral,ai_neutral,ai_neutral,True,False
"Any other situation would have been much less in character. The naïveté of Miss Smith's manners and altogether Oh, it is most admirable! I cannot keep my eyes from it. I never saw such a likeness.” The next thing wanted was to get the picture framed; and here were a few difficulties. It must be done directly; it must be done in London; the order must go through the hands of some intelligent person whose taste could be depended on; and Isabella, the usual doer of all commissions, must not be applied to, because it was December, and Mr. Woodhouse could not bear the idea of her stirring out of her house in the fogs of December.",human,0.74,5.0,0.3888888888888889,7.771306471306474,4.0,5.0,human,human,human,True,False
"He has had great faults, faults of inconsideration and thoughtlessness; and I am very much of his opinion in thinking him likely to be happier than he deserves: but still as he is, beyond a doubt, really attached to Miss Fairfax, and will soon, it may be hoped, have the advantage of being constantly with her, I am very ready to believe his character will improve, and acquire from hers the steadiness and delicacy of principle that it wants. And now, let me talk to you of something else. I have another person's interest at present so much at heart, that I cannot think any longer about Frank Churchill.",human,0.73,7.0,0.3333333333333333,15.79284403669725,1.0,10.0,ai_neutral,human,human,False,False
"And not only was there time for these convictions, with all their glow of attendant happiness; there was time also to rejoice that Harriet's secret had not escaped her, and to resolve that it need not, and should not. It was all the service she could now render her poor friend; for as to any of that heroism of sentiment which might have prompted her to entreat him to transfer his affection from herself to Harriet, as infinitely the most worthy of the two or even the more simple sublimity of resolving to refuse him at once and for ever, without vouchsafing any motive, because he could not marry them both, Emma had it not.",human,0.66,9.5,0.3076923076923077,23.86804347826088,2.0,7.0,human,human,human,True,False
"“Do as I say, not as I do” – a phrase embodying the hypocrisy often inherent in the transmission of social expectations. Parents, educators, and community leaders frequently uphold standards they themselves don’t consistently meet, creating a dissonance that can be profoundly confusing for those coming of age. This isn’t necessarily intentional deceit, but rather a reflection of the internal conflicts many adults experience between their ideals and their realities. The resulting mixed messages can erode trust and foster cynicism, leading individuals to question the validity of all authority. A more effective approach involves acknowledging imperfections and modeling vulnerability, demonstrating that striving for improvement is more valuable than achieving unattainable perfection.",ai_neutral,0.81,8.4,0.3666666666666666,17.55545454545455,0.0,7.0,ai_neutral,ai_neutral,ai_neutral,True,False
"His own father did not long survive mine; and within half a year from these events Mr. Wickham wrote to inform me that, having finally resolved against taking orders, he hoped I should not think it unreasonable for him to expect some more immediate pecuniary advantage, in lieu of the preferment, by which he could not be benefited. He had some intention, he added, of studying the law, and I must be aware that the interest of one thousand pounds would be a very insufficient support therein. I rather wished than believed him to be sincere; but, at any rate, was perfectly ready to accede to his proposal.",human,0.79,9.666666666666666,0.5333333333333333,12.749259259259262,2.0,9.0,human,human,human,True,False
"Imprudent as a marriage between Mr. Wickham and our poor Lydia would be, we are now anxious to be assured it has taken place, for there is but too much reason to fear they are not gone to Scotland. Colonel Forster came yesterday, having left Brighton the day before, not many hours after the express. Though Lydia's short letter to Mrs. F. gave them to understand that they were going to Gretna Green, something was dropped by Denny expressing his belief that W. never intended to go there, or to marry Lydia at all, which was repeated to Colonel F., who, instantly taking the alarm, set off from B., intending to trace their route.",human,0.81,8.333333333333334,0.4545454545454545,7.460482456140351,0.0,11.0,human,human,human,True,False
"No additional agitation should be thrown at this period among those she loved and the evil should not act on herself by anticipation before the appointed time. A fortnight, at least, of leisure and peace of mind, to crown every warmer, but more agitating, delight, should be hers. She soon resolved, equally as a duty and a pleasure, to employ half an hour of this holiday of spirits in calling on Miss Fairfax. She ought to go and she was longing to see her; the resemblance of their present situations increasing every other motive of goodwill. It would be a secret satisfaction; but the consciousness of a similarity of prospect would certainly add to the interest with which she should attend to any thing Jane might communicate.",human,0.73,7.0,0.1851851851851851,12.805763779527563,2.0,8.0,human,human,human,True,False
"As he quitted the room, Elizabeth felt how improbable it was that they should ever see each other again on such terms of cordiality as had marked their several meetings in Derbyshire; and as she threw a retrospective glance over the whole of their acquaintance, so full of contradictions and varieties, sighed at the perverseness of those feelings which would now have promoted its continuance, and would formerly have rejoiced in its termination. If gratitude and esteem are good foundations of affection, Elizabeth's change of sentiment will be neither improbable nor faulty. But if otherwise, if the regard springing from such sources is unreasonable or unnatural, in comparison of what is so often described as arising on a first interview with its object, and even before two words have been exchanged, nothing can be said in her defence, except that she had given somewhat of a trial to the latter method, in her partiality for Wickham, and that its ill success might, perhaps, authorize her to seek the other less interesting mode of attachment.",human,0.78,9.666666666666666,0.53125,26.018505747126444,1.0,14.0,human,human,human,True,False
"Elinor would not argue upon the propriety of overcoming such feelings; she only endeavoured to counteract them by working on others; represented it, therefore, as a measure which would fix the time of her returning to that dear mother, whom she so much wished to see, in a more eligible, more comfortable manner, than any other plan could do, and perhaps without any greater delay. From Cleveland, which was within a few miles of Bristol, the distance to Barton was not beyond one day, though a long day's journey; and their mother's servant might easily come there to attend them down; and as there could be no occasion of their staying above a week at Cleveland, they might now be at home in little more than three weeks' time.",human,0.78,11.0,0.4761904761904761,26.67042635658915,4.0,11.0,human,human,human,True,False
"But, whatever may be their own wishes, it is very unlikely they should have opposed their brother's. What sister would think herself at liberty to do it, unless there were something very objectionable? If they believed him attached to me they would not try to part us; if he were so, they could not succeed. By supposing such an affection, you make everybody acting unnaturally and wrong, and me most unhappy. Do not distress me by the idea. I am not ashamed of having been mistaken--or, at least, it is slight, it is nothing in comparison of what I should feel in thinking ill of him or his sisters.",human,0.74,6.0,1.125,8.491330275229359,1.0,9.0,human,human,human,True,False
"AND IN WHICH THE NARRATIVE REVERTS TO THE MERRY OLD GENTLEMAN AND HIS YOUTHFUL FRIENDS. The coach rattled away, over nearly the same ground as that which Oliver had traversed when he first entered London in company with the Dodger; and, turning a different way when it reached the Angel at Islington, stopped at length before a neat house, in a quiet shady street near Pentonville. Here, a bed was prepared, without loss of time, in which Mr. Brownlow saw his young charge carefully and comfortably deposited; and here, he was tended with a kindness and solicitude that knew no bounds.",human,0.73,7.0,0.3333333333333333,11.431757425742576,2.0,8.0,human,human,human,True,False
"It is Frank Churchill's duty to pay this attention to his father. He knows it to be so, by his promises and messages; but if he wished to do it, it might be done. A man who felt rightly would say at once, simply and resolutely, to Mrs. Churchill ‘Every sacrifice of mere pleasure you will always find me ready to make to your convenience; but I must go and see my father immediately. I know he would be hurt by my failing in such a mark of respect to him on the present occasion. I shall, therefore, set off to-morrow.'",human,0.73,6.2,0.2,7.214603960396037,2.0,6.0,human,human,human,True,False
"At last, when the night was slow to creep on towards two o'clock, I felt that I absolutely could no longer bear the place as a place to lie down in, and that I must get up. I therefore got up and put on my clothes, and went out across the yard into the long stone passage, designing to gain the outer courtyard and walk there for the relief of my mind. But I was no sooner in the passage than I extinguished my candle; for I saw Miss Havisham going along it in a ghostly manner, making a low cry.",human,0.69,7.333333333333333,0.3333333333333333,12.26079207920792,1.0,6.0,human,human,human,True,False
"It is a truth universally acknowledged, that a young lady possessed of a comfortable fortune, must be in want of a husband; yet, it is a less frequently observed consequence of a comfortable fortune, that her brothers, however deficient in personal merit, should feel themselves entitled to dictate the terms of her felicity. Such was the case with Mr. Thomas Ashworth, whose sense of familial duty, oddly mingled with a degree of self-importance quite disproportionate to his achievements, led him to view his sister, Miss Eleanor, as a means of solidifying an advantageous connection for the entire family. He spoke, of course, of securing her happiness, but one detected a distinct emphasis on the *establishment* such a match would afford, and a regrettable lack of consideration for Miss Eleanor’s own inclinations. A dutiful daughter, she felt the weight of his expectations, and the subtle pressure to sacrifice personal preference upon the altar of family advancement.",ai_mimicked,0.74,9.5,0.4473684210526316,16.978709677419356,1.0,17.0,ai_mimicked,ai_mimicked,ai_mimicked,True,False
"I have something of consequence to inform you of, which I was on the point of communicating by paper. I am charged with a most agreeable office (breathing rather faster than usual as she spoke.) Colonel Brandon, who was here only ten minutes ago, has desired me to say, that understanding you mean to take orders, he has great pleasure in offering you the living of Delaford now just vacant, and only wishes it were more valuable. Allow me to congratulate you on having so respectable and well-judging a friend, and to join in his wish that the living it is about two hundred a-year were much more considerable, and such as might better enable you to as might be more than a temporary accommodation to yourself such, in short, as might establish all your views of happiness.”",human,0.75,9.0,0.7058823529411765,15.736014492753622,0.0,10.0,human,human,human,True,False
"In the morning, with my tools upon my shoulder, eating my morsel of black bread as I go, I make a circuit by the prison, on my way to my work. There I see him, high up, behind the bars of a lofty iron cage, bloody and dusty as last night, looking through. He has no hand free, to wave to me; I dare not call to him; he regards me like a dead man.” Defarge and the three glanced darkly at one another. The looks of all of them were dark, repressed, and revengeful, as they listened to the countryman's story; the manner of all of them, while it was secret, was authoritative too.",human,0.72,6.8,0.6842105263157895,8.360869565217392,3.0,14.0,human,human,human,True,False
"Lucy's marriage, the unceasing and reasonable wonder among them all, formed of course one of the earliest discussions of the lovers; and Elinor's particular knowledge of each party made it appear to her in every view, as one of the most extraordinary and unaccountable circumstances she had ever heard. How they could be thrown together, and by what attraction Robert could be drawn on to marry a girl, of whose beauty she had herself heard him speak without any admiration, a girl too already engaged to his brother, and on whose account that brother had been thrown off by his family it was beyond her comprehension to make out.",human,0.72,8.5,0.3157894736842105,23.852155963302756,1.0,7.0,human,human,human,True,False
"Not that it was Mr. Giles's habit to admit to too great familiarity the humbler servants: towards whom it was rather his wont to deport himself with a lofty affability, which, while it gratified, could not fail to remind them of his superior position in society. But, death, fires, and burglary, make all men equals; so Mr. Giles sat with his legs stretched out before the kitchen fender, leaning his left arm on the table, while, with his right, he illustrated a circumstantial and minute account of the robbery, to which his hearers (but especially the cook and housemaid, who were of the party) listened with breathless interest.",human,0.72,10.5,0.25,13.077037037037035,1.0,13.0,human,human,human,True,False
"The late Mr. Harrington, a man of rigid principles and considerable estate, had instilled in his children a sense of obligation so profound it bordered on the oppressive. It was not merely affection, though affection existed, that bound his offspring to his wishes, but a deeply ingrained belief that they were stewards of his legacy, entrusted with its preservation and advancement. His youngest son, Frederick, a gentleman of decidedly artistic temperament, found himself, much to his chagrin, compelled to enter the law, a profession utterly devoid of appeal, solely to secure the family’s holdings against a distant, and perhaps imaginary, threat. One overheard him lamenting to a friend, with a sigh most dramatic, that his muse was sacrificed upon the altar of ‘establishment’ and ‘propriety’. The irony, of course, was not lost on those who knew the elder Harrington’s own youthful aspirations, long since abandoned for the more practical concerns of land and lineage.",ai_mimicked,0.75,7.6,0.3421052631578947,14.342077922077925,0.0,20.0,ai_mimicked,ai_mimicked,ai_mimicked,True,False
"It was so clearly beyond hope to reason with him, or try to restore him, that--as if by agreement--they each put a hand upon his shoulder, and soothed him to sit down before the fire, with a promise that he should have his work presently. He sank into the chair, and brooded over the embers, and shed tears. As if all that had happened since the garret time were a momentary fancy, or a dream, Mr. Lorry saw him shrink into the exact figure that Defarge had had in keeping. Affected, and impressed with terror as they both were, by this spectacle of ruin, it was not a time to yield to such emotions.",human,0.7,7.25,0.1904761904761904,9.138842105263162,0.0,11.0,human,human,human,True,False
"I should not like a man who is so soon discomposed by a hot morning. Harriet's sweet easy temper will not mind it.” He was gone long enough to have had a very comfortable meal, and came back all the better grown quite cool and, with good manners, like himself able to draw a chair close to them, take an interest in their employment; and regret, in a reasonable way, that he should be so late. He was not in his best spirits, but seemed trying to improve them; and, at last, made himself talk nonsense very agreeably. They were looking over views in Swisserland.",human,0.77,5.6,0.8333333333333334,8.22095238095238,2.0,9.0,human,human,human,True,False
"Like half the rest of the world, if more than half there be that are clever and good, Marianne, with excellent abilities and an excellent disposition, was neither reasonable nor candid. She expected from other people the same opinions and feelings as her own, and she judged of their motives by the immediate effect of their actions on herself. Thus a circumstance occurred, while the sisters were together in their own room after breakfast, which sunk the heart of Mrs. Jennings still lower in her estimation; because, through her own weakness, it chanced to prove a source of fresh pain to herself, though Mrs. Jennings was governed in it by an impulse of the utmost goodwill.",human,0.77,8.0,0.7619047619047619,10.852827586206896,1.0,10.0,human,human,human,True,False
"Consider the subtle ways systemic injustice breeds moral compromise. When individuals are consistently denied opportunities or subjected to unfair treatment, the temptation to circumvent the rules – to engage in acts of petty theft, fraud, or even violence – can become overwhelming. This isn’t to excuse such behavior, but to understand it as a consequence of a broken system that fails to provide equitable pathways to success. The moral calculus shifts; what might be considered wrong in a just society becomes a necessary act of survival. This doesn’t absolve individual responsibility, but highlights the societal factors that contribute to, and even encourage, the erosion of ethical standards.",ai_neutral,0.77,7.4,0.5925925925925926,15.07619047619048,1.0,7.0,ai_neutral,ai_neutral,ai_neutral,True,False
"You are in a melancholy humour, and fancy that any one unlike yourself must be happy. But remember that the pain of parting from friends will be felt by every body at times, whatever be their education or state. You want nothing but patience or give it a more fascinating name, call it hope. Your mother will secure to you, in time, that independence you are so anxious for; it is her duty, and it will, it must ere long become her happiness to prevent your whole youth from being wasted in discontent. How much may not a few months do?”",human,0.74,5.8,0.4210526315789473,8.761267326732675,1.0,7.0,human,human,human,True,False
"Waiving that point, however, and supposing her to be, as you describe her, only pretty and good-natured, let me tell you, that in the degree she possesses them, they are not trivial recommendations to the world in general, for she is, in fact, a beautiful girl, and must be thought so by ninety-nine people out of an hundred; and till it appears that men are much more philosophic on the subject of beauty than they are generally supposed; till they do fall in love with well-informed minds instead of handsome faces, a girl, with such loveliness as Harriet, has a certainty of being admired and sought after, of having the power of chusing from among many, consequently a claim to be nice.",human,0.74,14.0,0.5555555555555556,49.399836065573766,2.0,16.0,human,human,human,True,False
"“The only thing necessary for the triumph of evil is for good men to do nothing,” a quote often attributed to Edmund Burke, highlights a crucial aspect of moral corruption: passive complicity. While active participation in unethical acts is undeniably damaging, the silence and inaction of those who recognize wrongdoing can be equally destructive. This isn’t merely a matter of individual conscience; systemic corruption thrives on a culture of fear and self-preservation, where whistleblowers are ostracized and accountability is lacking. The pressure to conform, to avoid rocking the boat, often outweighs the moral imperative to speak out. Consequently, corruption festers in the shadows, shielded by the silence of those who know better.",ai_neutral,0.76,7.6,0.4482758620689655,14.954928571428573,1.0,8.0,human,ai_mimicked,ai_neutral,False,False
"How she should begin how she should express herself in her note to Edward, was now all her concern. The particular circumstances between them made a difficulty of that which to any other person would have been the easiest thing in the world; but she equally feared to say too much or too little, and sat deliberating over her paper, with the pen in her hand, till broken in on by the entrance of Edward himself. He had met Mrs. Jennings at the door in her way to the carriage, as he came to leave his farewell card; and she, after apologising for not returning herself, had obliged him to enter, by saying that Miss Dashwood was above, and wanted to speak with him on very particular business.",human,0.72,8.666666666666666,0.3529411764705882,13.7603125,2.0,9.0,human,human,human,True,False
"The concept of social class frequently operates as a self-fulfilling prophecy, shaping not only opportunities but also perceptions and behaviors. Individuals internalize the expectations associated with their perceived class position, influencing their aspirations, risk tolerance, and even their sense of self-worth. Those from lower socioeconomic backgrounds may experience “stereotype threat,” underperforming due to the fear of confirming negative societal biases. Conversely, those from privileged backgrounds may exhibit a sense of entitlement, hindering their development of empathy and resilience. This internalization isn’t conscious malice, but a deeply ingrained psychological effect of navigating a stratified society, demonstrating how class isn’t merely economic, but profoundly psychological.",ai_neutral,0.76,6.8,0.375,19.251766990291262,0.0,10.0,ai_neutral,ai_neutral,ai_neutral,True,False
"on this subject; and it was but the very Saturday night before I left Hunsford,--between our pools at quadrille, while Mrs. Jenkinson was arranging Miss De Bourgh's footstool,--that she said, ‘Mr. Collins, you must marry. A clergyman like you must marry. Choose properly, choose a gentlewoman for my sake, and for your own; let her be an active, useful sort of person, not brought up high, but able to make a small income go a good way. Find such a woman as soon as you can, bring her to Hunsford, and I will visit her.' Allow me, by the way, to observe, my fair cousin, that I do not reckon the notice and kindness of Lady Catherine de Bourgh as among the least of the advantages in my power to offer.",human,0.8,6.2,0.5263157894736842,7.74215921483097,2.0,16.0,human,human,human,True,False
"He told her all he had meant to do, to hide her shame, if he had lived, and prayed her, if he died, not to curse his memory, or think the consequences of their sin would be visited on her or their young child; for all the guilt was his. He reminded her of the day he had given her the little locket and the ring with her christian name engraved upon it, and a blank left for that which he hoped one day to have bestowed upon her prayed her yet to keep it, and wear it next her heart, as she had done before and then ran on, wildly, in the same words, over and over again, as if he had gone distracted.",human,0.6,11.0,0.3571428571428571,22.850600000000004,1.0,13.0,human,human,human,True,False
"She sat by the drawing-room fire after tea, till the moment of Lady Middleton's arrival, without once stirring from her seat, or altering her attitude, lost in her own thoughts, and insensible of her sister's presence; and when at last they were told that Lady Middleton waited for them at the door, she started as if she had forgotten that any one was expected. They arrived in due time at the place of destination, and as soon as the string of carriages before them would allow, alighted, ascended the stairs, heard their names announced from one landing-place to another in an audible voice, and entered a room splendidly lit up, quite full of company, and insufferably hot.",human,0.72,7.5,0.28,24.67286324786325,1.0,13.0,human,human,human,True,False
"Consider the bustling marketplace of New Bailey, a scene teeming with life and, alas, with opportunities for the young and unwary to be led astray. Young Thomas, sent with a shilling for his mother’s medicine, found himself captivated by the gaudy displays of a travelling showman, a fellow whose promises were as hollow as his painted backdrops. The shilling vanished, swallowed by the glittering illusion of fortune and delight, and returned Thomas home empty-handed, burdened not merely by his mother’s illness, but by the weight of his own foolish transgression. The cries of the vendors, the laughter of the crowd, the very air itself seemed to mock his naiveté, a harsh lesson learned amidst the vibrant chaos of the city.",ai_mimicked,0.67,9.25,0.4,14.400000000000002,0.0,13.0,human,ai_mimicked,ai_mimicked,False,False
"well, that must be infinitely provoking! I have quite a horror of upstarts. Maple Grove has given me a thorough disgust to people of that sort; for there is a family in that neighbourhood who are such an annoyance to my brother and sister from the airs they give themselves! Your description of Mrs. Churchill made me think of them directly. People of the name of Tupman, very lately settled there, and encumbered with many low connexions, but giving themselves immense airs, and expecting to be on a footing with the old established families. A year and a half is the very utmost that they can have lived at West Hall; and how they got their fortune nobody knows.",human,0.73,6.166666666666667,0.3333333333333333,7.996302521008403,2.0,5.0,human,human,human,True,False
"Had my mother given me some active profession when I was removed at eighteen from the care of Mr. Pratt, I think, nay, I am sure, it would never have happened; for though I left Longstaple with what I thought, at the time, a most unconquerable preference for his niece, yet had I then had any pursuit, any object to engage my time and keep me at a distance from her for a few months, I should very soon have outgrown the fancied attachment, especially by mixing more with the world, as in such case I must have done. But instead of having any thing to do, instead of having any profession chosen for me, or being allowed to chuse any myself, I returned home to be completely idle; and for the first twelvemonth afterwards I had not even the nominal employment, which belonging to the university would have given me; for I was not entered at Oxford till I was nineteen.",human,0.74,9.0,0.5263157894736842,22.00456790123457,3.0,15.0,human,human,human,True,False
"Consider the subtle ways power imbalances contribute to moral corruption. When individuals or groups possess disproportionate influence – whether political, economic, or social – they are often shielded from the consequences of their actions. This creates a sense of impunity, fostering a belief that the usual rules don’t apply to them. The temptation to exploit their position for personal gain becomes increasingly difficult to resist, particularly when accountability mechanisms are weak or compromised. This isn’t simply about individual failings; it’s a structural problem rooted in the unequal distribution of power. Addressing moral corruption, therefore, requires not only punishing wrongdoing but also dismantling the systems that enable and protect it.",ai_neutral,0.79,6.5,0.5384615384615384,15.736962616822428,1.0,6.0,ai_neutral,ai_neutral,ai_neutral,True,False
"The human brain, remarkably efficient, often prioritizes emotional consistency over factual accuracy. Consequently, self-deception frequently manifests as confirmation bias – the tendency to seek out information that validates pre-existing beliefs, while dismissing evidence to the contrary. Consider the investor who clings to a losing stock, continually rationalizing its decline with optimistic projections, or the individual in a failing relationship who focuses solely on fleeting moments of connection. This isn’t stupidity; it’s the brain attempting to minimize cognitive dissonance, the psychological discomfort of holding conflicting ideas. The longer this pattern persists, the more entrenched the deception becomes, creating a self-fulfilling prophecy.",ai_neutral,0.82,6.4,0.4482758620689655,18.830989898989905,1.0,9.0,ai_neutral,ai_neutral,ai_neutral,True,False
"Two gaolers, who had been standing there, went out, and the prisoner was brought in, and put to the bar. Everybody present, except the one wigged gentleman who looked at the ceiling, stared at him. All the human breath in the place, rolled at him, like a sea, or a wind, or a fire. Eager faces strained round pillars and corners, to get a sight of him; spectators in back rows stood up, not to miss a hair of him; people on the floor of the court, laid their hands on the shoulders of the people before them, to help themselves, at anybody's cost, to a view of him--stood a-tiptoe, got upon ledges, stood upon next to nothing, to see every inch of him.",human,0.68,6.75,0.1481481481481481,11.725806451612904,2.0,19.0,human,human,human,True,False
"Elizabeth most thankfully consented, and a servant was despatched to Longbourn, to acquaint the family with her stay, and bring back a supply of clothes. At five o'clock the two ladies retired to dress, and at half-past six Elizabeth was summoned to dinner. To the civil inquiries which then poured in, and amongst which she had the pleasure of distinguishing the much superior solicitude of Mr. Bingley, she could not make a very favourable answer. Jane was by no means better. The sisters, on hearing this, repeated three or four times how much they were grieved, how shocking it was to have a bad cold, and how excessively they disliked being ill themselves; and then thought no more of the matter: and their indifference towards Jane, when not immediately before them, restored Elizabeth to the enjoyment of all her original dislike.",human,0.76,7.2,0.4761904761904761,11.400531914893625,1.0,12.0,human,human,human,True,False
"Elizabeth found that nothing was beneath this great lady's attention which could furnish her with an occasion for dictating to others. In the intervals of her discourse with Mrs. Collins, she addressed a variety of questions to Maria and Elizabeth, but especially to the latter, of whose connections she knew the least, and who, she observed to Mrs. Collins, was a very genteel, pretty kind of girl. She asked her at different times how many sisters she had, whether they were older or younger than herself, whether any of them were likely to be married, whether they were handsome, where they had been educated, what carriage her father kept, and what had been her mother's maiden name?",human,0.72,9.666666666666666,0.5882352941176471,11.48813675213675,0.0,13.0,ai_mimicked,human,human,False,False
"Some change of countenance was necessary for each gentleman as they walked into Mrs. Weston's drawing-room; Mr. Elton must compose his joyous looks, and Mr. John Knightley disperse his ill-humour. Mr. Elton must smile less, and Mr. John Knightley more, to fit them for the place. Emma only might be as nature prompted, and shew herself just as happy as she was. To her it was real enjoyment to be with the Westons. Mr. Weston was a great favourite, and there was not a creature in the world to whom she spoke with such unreserve, as to his wife; not any one, to whom she related with such conviction of being listened to and understood, of being always interesting and always intelligible, the little affairs, arrangements, perplexities, and pleasures of her father and herself.",human,0.68,8.2,0.5454545454545454,8.0047263681592,2.0,12.0,human,human,human,True,False
"One could scarcely attend a ball without observing the delicate dance of social maneuvering, the subtle assessments of lineage and fortune that governed every interaction. A young lady, though possessed of a pleasing countenance and a modest dowry, might find herself overlooked in favour of one whose family boasted a title, however obscure. It was not, perhaps, a matter of deliberate unkindness, but rather a consequence of ingrained habit, a subconscious adherence to the established order. The gentlemen, naturally, were expected to consider such matters with a degree of discretion, to weigh the advantages of a suitable alliance against the potential for social embarrassment. And the ladies, for their part, were expected to accept these limitations with a graceful resignation, lest they be deemed unfeminine or, worse, ambitious.",ai_mimicked,0.75,7.6,0.6,15.597125000000002,0.0,16.0,ai_mimicked,ai_mimicked,ai_mimicked,True,False
"Is it truly possible to believe in a meritocracy when the starting lines are so drastically different for everyone? Social stratification, the hierarchical arrangement of individuals and groups in societies, isn’t simply about individual achievement; it’s a system built on inherited advantage and disadvantage. Access to quality education, healthcare, and even nutritious food are powerfully correlated with socioeconomic status, creating a self-perpetuating cycle. Those born into privilege often have opportunities unavailable to others, not necessarily due to superior talent, but due to the resources at their disposal. This isn’t to diminish hard work, but to acknowledge the systemic barriers that prevent upward mobility for many. Consequently, social stratification impacts not just economic outcomes, but also health, lifespan, and overall well-being, demonstrating its pervasive influence.",ai_neutral,0.81,6.666666666666667,0.4594594594594595,18.0683870967742,1.0,13.0,ai_neutral,ai_neutral,ai_neutral,True,False
"The concept of social stratification often feels abstract, yet its impact is intensely personal, manifesting in everyday experiences. Consider the subtle biases in hiring practices, the geographical concentration of resources leading to unequal school funding, or the disproportionate representation of certain groups within the criminal justice system. These aren’t isolated incidents, but rather symptoms of a larger pattern. A stratified society isn’t necessarily *unfair* in intent, but it inevitably produces unequal outcomes. The challenge lies in acknowledging these disparities, understanding their root causes – historical injustices, discriminatory policies, and unconscious biases – and actively working towards a more equitable distribution of power and resources. Ignoring these realities only solidifies existing hierarchies.",ai_neutral,0.81,6.0,0.59375,18.66747706422019,0.0,9.0,ai_neutral,ai_neutral,ai_neutral,True,False
"The gentleman walked on with them by the officer's side; and as many of the crowd as could achieve the feat, got a little ahead, and stared back at Oliver from time to time. The boys shouted in triumph; and on they went. TREATS OF MR. FANG THE POLICE MAGISTRATE; AND FURNISHES A SLIGHT SPECIMEN OF HIS MODE OF ADMINISTERING JUSTICE The offence had been committed within the district, and indeed in the immediate neighborhood of, a very notorious metropolitan police office. The crowd had only the satisfaction of accompanying Oliver through two or three streets, and down a place called Mutton Hill, when he was led beneath a low archway, and up a dirty court, into this dispensary of summary justice, by the back way.",human,0.69,6.4,0.2857142857142857,12.312603174603176,3.0,9.0,human,human,human,True,False
"What I had meant was, that when I came into my property and was able to do something for Joe, it would have been much more agreeable if he had been better qualified for a rise in station. He was so perfectly innocent of my meaning, however, that I thought I would mention it to Biddy in preference. So, when we had walked home and had had tea, I took Biddy into our little garden by the side of the lane, and, after throwing out in a general way for the elevation of her spirits, that I should never forget her, said I had a favour to ask of her.",human,0.66,7.666666666666667,0.4615384615384615,14.586363636363636,0.0,10.0,human,human,human,True,False
"I will not admit that one speech or one action of this inestimable man is incapable of being reconciled with reality, and I should not wonder if many of these words and actions are historically true. But the greatness of Mr. Collins could not have been so satisfactorily exhibited if his creatress had not adjusted so artfully to him the figures of Mr. Bennet and of Lady Catherine de Bourgh. The latter, like Mr. Collins himself, has been charged with exaggeration. There is, perhaps, a very faint shade of colour for the charge; but it seems to me very faint indeed.",human,0.72,5.5,0.5384615384615384,8.02922206506365,1.0,5.0,human,human,human,True,False
"What was Oliver's horror and alarm as he stood a few paces off, looking on with his eyelids as wide open as they would possibly go, to see the Dodger plunge his hand into the old gentleman's pocket, and draw from thence a handkerchief! To see him hand the same to Charley Bates; and finally to behold them, both running away round the corner at full speed! In an instant the whole mystery of the hankerchiefs, and the watches, and the jewels, and the Jew, rushed upon the boy's mind. He stood, for a moment, with the blood so tingling through all his veins from terror, that he felt as if he were in a burning fire; then, confused and frightened, he took to his heels; and, not knowing what he did, made off as fast as he could lay his feet to the ground.",human,0.7,7.0,0.3076923076923077,13.684051724137934,3.0,15.0,human,human,human,True,False
"He was declared to be in debt to every tradesman in the place, and his intrigues, all honoured with the title of seduction, had been extended into every tradesman's family. Everybody declared that he was the wickedest young man in the world; and everybody began to find out that they had always distrusted the appearance of his goodness. Elizabeth, though she did not credit above half of what was said, believed enough to make her former assurance of her sister's ruin still more certain; and even Jane, who believed still less of it, became almost hopeless, more especially as the time was now come, when, if they had gone to Scotland, which she had never before entirely despaired of, they must in all probability have gained some news of them.",human,0.7,8.666666666666666,0.3157894736842105,18.828461538461543,2.0,12.0,human,human,human,True,False
"Scattered wits take a long time picking up; and often before I had got them well together, they would be dispersed in all directions by one stray thought, that perhaps after all Miss Havisham was going to make my fortune when my time was out. If my time had run out, it would have left me still at the height of my perplexities, I dare say. It never did run out, however, but was brought to a premature end, as I proceed to relate. It was in the fourth year of my apprenticeship to Joe, and it was a Saturday night.",human,0.7,6.25,0.2857142857142857,9.44561881188119,1.0,8.0,human,human,human,True,False
"On Edward's side, more particularly, there was a deficiency of all that a lover ought to look and say on such an occasion. He was confused, seemed scarcely sensible of pleasure in seeing them, looked neither rapturous nor gay, said little but what was forced from him by questions, and distinguished Elinor by no mark of affection. Marianne saw and listened with increasing surprise. She began almost to feel a dislike of Edward; and it ended, as every feeling must end with her, by carrying back her thoughts to Willoughby, whose manners formed a contrast sufficiently striking to those of his brother elect.",human,0.8,8.2,0.25,12.438907766990294,1.0,9.0,human,human,human,True,False
"A bear-leader, a popular street character of the time, was impressed as an additional ornament, before the cavalcade had gone far down the Strand; and his bear, who was black and very mangy, gave quite an Undertaking air to that part of the procession in which he walked. Thus, with beer-drinking, pipe-smoking, song-roaring, and infinite caricaturing of woe, the disorderly procession went its way, recruiting at every step, and all the shops shutting up before it. Its destination was the old church of Saint Pancras, far off in the fields. It got there in course of time; insisted on pouring into the burial-ground; finally, accomplished the interment of the deceased Roger Cly in its own way, and highly to its own satisfaction.",human,0.74,7.0,0.2857142857142857,14.39188524590164,3.0,15.0,human,human,human,True,False
"Consider the subtle, yet pervasive, expectations surrounding grief. While empathy and support are often offered, there’s an underlying societal pressure to ‘move on’ within a prescribed timeframe. Individuals are frequently encouraged to appear strong and resilient, potentially suppressing the natural and necessary process of mourning. This expectation disregards the deeply personal and unpredictable nature of loss, forcing individuals to navigate their pain within the confines of external judgment. Allowing space for authentic emotional expression, without the pressure of societal timelines, is crucial for healthy healing and genuine recovery.",ai_neutral,,6.4,0.8571428571428571,15.812636363636363,0.0,7.0,ai_neutral,ai_neutral,ai_neutral,True,False
"The weight of familial duty, one might suppose, falls most heavily upon the eldest son, destined as he is to inherit and perpetuate the family establishment. However, to observe the conduct of Mr. Harrington, a gentleman recently burdened with the care of a widowed sister and her numerous offspring, revealed a truth less readily acknowledged: that such obligations can prove equally debilitating to a man of leisure. He had, prior to this misfortune, entertained a lively pursuit of the arts and a considerable acquaintance with London society. Now, his evenings were consumed with accounts and settlements, his conversation dominated by the price of provisions and the intricacies of poor laws. One could scarcely recognise in him the polished gentleman of former years, so completely had his existence been absorbed by the demands of kinship.",ai_mimicked,0.76,8.4,0.28125,13.461791044776117,0.0,11.0,ai_mimicked,ai_mimicked,ai_mimicked,True,False
"Even the Cock-lane ghost had been laid only a round dozen of years, after rapping out its messages, as the spirits of this very year last past (supernaturally deficient in originality) rapped out theirs. Mere messages in the earthly order of events had lately come to the English Crown and People, from a congress of British subjects in America: which, strange to relate, have proved more important to the human race than any communications yet received through any of the chickens of the Cock-lane brood. France, less favoured on the whole as to matters spiritual than her sister of the shield and trident, rolled with exceeding smoothness down hill, making paper money and spending it.",human,0.74,11.666666666666666,0.52,17.521739130434785,0.0,8.0,human,human,human,True,False
"Whatever were Mr. Bumble's intentions, however (and no doubt they were of the best): it unfortunately happened, as has been twice before remarked, that the table was a round one; consequently Mr. Bumble, moving his chair by little and little, soon began to diminish the distance between himself and the matron; and, continuing to travel round the outer edge of the circle, brought his chair, in time, close to that in which the matron was seated. Indeed, the two chairs touched; and when they did so, Mr. Bumble stopped. Now, if the matron had moved her chair to the right, she would have been scorched by the fire; and if to the left, she must have fallen into Mr. Bumble's arms; so (being a discreet matron, and no doubt foreseeing these consequences at a glance)",human,0.67,6.666666666666667,0.2857142857142857,9.879814814814818,5.0,15.0,human,human,human,True,False
"Elizabeth particularly, who knew that her mother owed to the latter the preservation of her favourite daughter from irremediable infamy, was hurt and distressed to a most painful degree by a distinction so ill applied. Darcy, after inquiring of her how Mr. and Mrs. Gardiner did--a question which she could not answer without confusion--said scarcely anything. He was not seated by her: perhaps that was the reason of his silence; but it had not been so in Derbyshire. There he had talked to her friends when he could not to herself. But now several minutes elapsed, without bringing the sound of his voice; and when occasionally, unable to resist the impulse of curiosity, she raised her eyes to his face, she as often found him looking at Jane as at herself, and frequently on no object but the ground.",human,0.72,7.2,0.3,11.52701438848921,2.0,8.0,human,human,human,True,False
"She never stopt till she had gone through the whole; and though it was impossible not to feel that he had been wrong, yet he had been less wrong than she had supposed and he had suffered, and was very sorry and he was so grateful to Mrs. Weston, and so much in love with Miss Fairfax, and she was so happy herself, that there was no being severe; and could he have entered the room, she must have shaken hands with him as heartily as ever. She thought so well of the letter, that when Mr. Knightley came again, she desired him to read it.",human,0.64,6.5,1.6,9.550660377358492,2.0,8.0,human,human,human,True,False
"Moral corruption frequently manifests not as active wrongdoing, but as passive complicity. Remaining silent in the face of injustice, failing to challenge unethical behavior, or simply turning a blind eye to wrongdoing all contribute to a climate where corruption flourishes. This inaction stems from a variety of factors – fear of retribution, a desire to maintain social harmony, or a belief that one individual cannot make a difference. However, such passivity effectively condones the corrupt actions of others, normalizing unethical behavior and emboldening perpetrators. True moral integrity demands not only avoiding wrongdoing oneself, but actively opposing it in all its forms.",ai_neutral,0.76,5.8,0.4444444444444444,15.928,0.0,8.0,ai_neutral,ai_neutral,ai_neutral,True,False
"It is a common fallacy, perpetuated by those who dwell in comfort, to attribute the misfortunes of the lower orders to personal failings – to a lack of industry, thrift, or moral rectitude. Yet, a closer examination reveals a far more insidious truth: that the system itself is rigged against them, a labyrinth of circumstance designed to perpetuate their subjugation. Young Timothy Cratchit, for example, possessed of a keen intellect and a willingness to learn, is denied access to education, condemned to a life of drudgery simply by virtue of his birth. To blame the boy for his fate is akin to blaming the flower for failing to bloom in barren soil. The fault, dear reader, lies not within the individual, but within the very structure of our society.",ai_mimicked,0.72,8.4,0.3333333333333333,13.753375000000002,0.0,13.0,ai_mimicked,ai_mimicked,ai_mimicked,True,False
"Mrs. Featherstonehaugh, a woman whose pronouncements on the subject of connections were invariably delivered with the air of one imparting a vital secret, confided in Miss Bingley that the present generation displayed a shocking disregard for the established order. “It is not enough,” she declared, stirring her tea with a decisive hand, “to *have* fortune; one must know *what* to do with it! These tradesmen, grown rich beyond their deserts, believe a handsome house and a glittering carriage will suffice to purchase acceptance. They fail to comprehend that society is a delicate fabric, woven with threads of ancestry and mutual obligation. To tear at those threads with their uncouth ambition is to risk unraveling the whole.” Miss Bingley, though privately amused by the older woman’s vehemence, could not entirely dismiss her concerns, for she herself had witnessed the awkward attempts of several parvenus to infiltrate circles to which they were clearly not entitled.",ai_mimicked,0.78,8.166666666666666,0.375,13.79029411764706,1.0,11.0,ai_mimicked,ai_mimicked,ai_mimicked,True,False
"One cannot but observe, with a degree of detached amusement, the regularity with which young persons mistake enthusiasm for attachment. The fervour of a temporary admiration, fuelled by shared pursuits or a pleasing countenance, is so often mistaken for the solid, enduring affection upon which a lasting connection ought to be built. Mr. Harrington, having spent a fortnight in animated discussion with Miss Penrose regarding the merits of Mr. Wordsworth’s poetry, declared himself irrevocably attached. Yet, upon the subject of household management – a matter of considerably more consequence to a wife – their opinions proved irreconcilable, revealing the shallowness of a passion founded upon intellectual camaraderie alone. It is a lesson, though frequently learned, seldom anticipated.",ai_mimicked,0.77,6.8,0.2592592592592592,14.869347826086962,0.0,11.0,ai_neutral,ai_mimicked,ai_mimicked,False,False
"I can remember no symptom of affection on either side; and had anything of the kind been perceptible, you must be aware that ours is not a family on which it could be thrown away. When first he entered the corps, she was ready enough to admire him; but so we all were. Every girl in or near Meryton was out of her senses about him for the first two months: but he never distinguished her by any particular attention; and, consequently, after a moderate period of extravagant and wild admiration, her fancy for him gave way, and others of the regiment, who treated her with more distinction, again became her favourites.”",human,0.79,7.666666666666667,0.4736842105263157,16.77535714285715,3.0,8.0,human,human,human,True,False
"Some portion of respect for herself, however, in spite of all these demerits some concern for her own appearance, and a strong sense of justice by Harriet (there would be no need of compassion to the girl who believed herself loved by Mr. Knightley but justice required that she should not be made unhappy by any coldness now,) gave Emma the resolution to sit and endure farther with calmness, with even apparent kindness. For her own advantage indeed, it was fit that the utmost extent of Harriet's hopes should be enquired into; and Harriet had done nothing to forfeit the regard and interest which had been so voluntarily formed and maintained or to deserve to be slighted by the person, whose counsels had never led her right.",human,0.74,13.0,0.3043478260869565,18.480629921259844,1.0,7.0,human,human,human,True,False
"They must be a great loss to your family.” In Darcy's presence she dared not mention Wickham's name: but Elizabeth instantly comprehended that he was uppermost in her thoughts; and the various recollections connected with him gave her a moment's distress; but, exerting herself vigorously to repel the ill-natured attack, she presently answered the question in a tolerably disengaged tone. While she spoke, an involuntary glance showed her Darcy with a heightened complexion, earnestly looking at her, and his sister overcome with confusion, and unable to lift up her eyes. Had Miss Bingley known what pain she was then giving her beloved friend, she undoubtedly would have refrained from the hint; but she had merely intended to discompose Elizabeth, by bringing forward the idea of a man to whom she believed her partial, to make her betray a sensibility which might injure her in Darcy's opinion, and, perhaps, to remind the latter of all the follies and absurdities by which some part of her family were connected with that corps.",human,0.77,8.75,0.3,19.93441176470589,3.0,12.0,human,human,human,True,False
"I thought what a blessed fortune it was, that he had found another name for me than Pip. It is impossible to express with what acuteness I felt the convict's breathing, not only on the back of my head, but all along my spine. The sensation was like being touched in the marrow with some pungent and searching acid, it set my very teeth on edge. He seemed to have more breathing business to do than another man, and to make more noise in doing it; and I was conscious of growing high-shouldered on one side, in my shrinking endeavours to fend him off.",human,0.7,6.75,0.3684210526315789,10.207692307692309,1.0,6.0,human,human,human,True,False
"Imagine a sculptor meticulously chipping away at a block of marble, but refusing to acknowledge the flaws within the stone. They might attempt to disguise imperfections with elaborate ornamentation, or simply ignore them altogether, convinced of the sculpture’s inherent perfection. This is analogous to how we often approach self-improvement. Rather than confronting our weaknesses directly, we may focus on superficial enhancements or engage in distracting activities. True growth, however, requires a willingness to acknowledge our limitations, to embrace vulnerability, and to actively work towards genuine self-awareness. Only then can we begin to sculpt ourselves into the people we aspire to be, flaws and all.",ai_neutral,0.82,7.166666666666667,0.2608695652173913,13.975769230769234,0.0,9.0,ai_neutral,ai_neutral,ai_neutral,True,False
"and by the means of this continual though gentle vent, was able not only to see the Miss Dashwoods from the first without the smallest emotion, but very soon to see them without recollecting a word of the matter; and having thus supported the dignity of her own sex, and spoken her decided censure of what was wrong in the other, she thought herself at liberty to attend to the interest of her own assemblies, and therefore determined (though rather against the opinion of Sir John) that as Mrs. Willoughby would at once be a woman of elegance and fortune, to leave her card with her as soon as she married.",human,0.7,12.0,0.5625,23.06400900900901,1.0,6.0,human,human,human,True,False
"The wretchedness of a scheme to Box Hill was in Emma's thoughts all the evening. How it might be considered by the rest of the party, she could not tell. They, in their different homes, and their different ways, might be looking back on it with pleasure; but in her view it was a morning more completely misspent, more totally bare of rational satisfaction at the time, and more to be abhorred in recollection, than any she had ever passed. A whole evening of back-gammon with her father, was felicity to it. There, indeed, lay real pleasure, for there she was giving up the sweetest hours of the twenty-four to his comfort; and feeling that, unmerited as might be the degree of his fond affection and confiding esteem, she could not, in her general conduct, be open to any severe reproach.",human,0.67,7.2,0.4814814814814814,12.312964539007094,2.0,15.0,human,human,human,True,False
"I am afraid his circumstances may be bad. The estate at Delaford was never reckoned more than two thousand a year, and his brother left everything sadly involved. I do think he must have been sent for about money matters, for what else can it be? I wonder whether it is so. I would give anything to know the truth of it. Perhaps it is about Miss Williams and, by the bye, I dare say it is, because he looked so conscious when I mentioned her. May be she is ill in town; nothing in the world more likely, for I have a notion she is always rather sickly.",human,0.73,5.0,0.6363636363636364,5.855334207077327,1.0,6.0,human,human,human,True,False
"Except the Sucklings and Bragges, there is not such another nursery establishment, so liberal and elegant, in all Mrs. Elton's acquaintance. Mrs. Smallridge, a most delightful woman! A style of living almost equal to Maple Grove and as to the children, except the little Sucklings and little Bragges, there are not such elegant sweet children anywhere. Jane will be treated with such regard and kindness! It will be nothing but pleasure, a life of pleasure. I really cannot venture to name her salary to you, Miss Woodhouse. Even you, used as you are to great sums, would hardly believe that so much could be given to a young person like Jane.”",human,0.69,5.285714285714286,0.8666666666666667,8.02851994851995,0.0,10.0,human,human,human,True,False
"Observe, if you will, the young chimney sweep, Thomas, his face smudged with soot, his small hands raw and bleeding. Not in any grand tragedy, nor through a sudden, shocking event, does his innocence depart, but rather through a thousand tiny erosions. Each climb up the narrow flue, each breath of acrid smoke, each gruel-thin meal, chips away at the bright, untarnished spirit with which he was born. It is a gradual process, a slow surrender to the grim realities of his station, a hardening of the heart necessitated by survival. There is no dramatic fall from grace, no single moment of revelation, only the quiet, relentless extinguishing of a flame, leaving behind a residue of weary resignation. And who amongst us, witnessing such a fate, can claim to remain wholly untouched by the stain of complicity?",ai_mimicked,0.81,6.833333333333333,0.5555555555555556,11.40259124087591,0.0,21.0,ai_mimicked,ai_mimicked,ai_mimicked,True,False
"But in the general tumbling up of the family, his tumbling out in life somewhere, was a thing to transact itself somehow. In the meantime Mr. Pocket grew greyer, and tried oftener to lift himself out of his perplexities by the hair. While Mrs. Pocket tripped up the family with her footstool, read her book of dignities, lost her pocket-handkerchief, told us about her grandpapa, and taught the young idea how to shoot, by shooting it into bed whenever it attracted her notice. As I am now generalising a period of my life with the object of clearing my way before me, I can scarcely do so better than by at once completing the description of our usual manners and customs at Barnard's Inn.",human,0.68,9.5,0.1153846153846153,12.067483870967743,0.0,9.0,human,human,human,True,False
"He promises fairly; and I hope among different people, where they may each have a character to preserve, they will both be more prudent. I have written to Colonel Forster, to inform him of our present arrangements, and to request that he will satisfy the various creditors of Mr. Wickham in and near Brighton with assurances of speedy payment, for which I have pledged myself. And will you give yourself the trouble of carrying similar assurances to his creditors in Meryton, of whom I shall subjoin a list, according to his information? He has given in all his debts; I hope at least he has not deceived us.",human,0.69,7.75,0.5833333333333334,10.643259259259263,2.0,7.0,human,human,human,True,False
"Imagine two children, identical in intelligence and drive, but raised in drastically different environments. One attends well-funded schools, enjoys enriching extracurricular activities, and has a network of supportive, highly-educated professionals as role models. The other attends an under-resourced school, lacks access to extracurriculars, and grows up surrounded by limited opportunities. To suggest their outcomes will be equivalent is not only unrealistic but actively ignores the profound impact of social class on life trajectories. This isn’t about lowering expectations; it’s about acknowledging the uneven playing field and advocating for policies that address systemic inequalities, such as equitable school funding and affordable healthcare.",ai_neutral,0.88,8.0,0.5357142857142857,17.173148514851487,1.0,8.0,ai_neutral,ai_neutral,ai_neutral,True,False
"“The problem isn’t that there are differences, but that these differences are systematically unequal,” a sentiment echoing through sociological discourse. Social stratification isn’t a natural phenomenon; it’s a social construct, actively maintained through laws, policies, and cultural norms. Historically, justifications for stratification have ranged from divine right to pseudo-scientific theories of racial superiority. Today, while overt discrimination is less common, systemic inequalities persist. Tax policies, housing regulations, and access to capital all contribute to the widening gap between the wealthy and the rest. Challenging these structures requires a critical examination of the power dynamics that underpin our society and a commitment to creating more equitable systems.",ai_neutral,0.77,7.166666666666667,0.5142857142857142,17.126415094339624,1.0,10.0,ai_neutral,ai_neutral,ai_neutral,True,False
"This must be a fancy of her own. I see nobody else looking like her! I must go and ask her whether it is an Irish fashion. Yes, I will I declare I will and you shall see how she takes it; whether she colours.” He was gone immediately; and Emma soon saw him standing before Miss Fairfax, and talking to her; but as to its effect on the young lady, as he had improvidently placed himself exactly between them, exactly in front of Miss Fairfax, she could absolutely distinguish nothing. Before he could return to his chair, it was taken by Mrs. Weston.",human,0.7,5.333333333333333,0.5,7.735384615384614,3.0,6.0,human,human,human,True,False
"Self-deception frequently operates as a defense against existential anxieties. The awareness of our own mortality, the inherent meaninglessness of the universe, and the fragility of life can be deeply unsettling. Rather than grapple with these profound truths, we construct belief systems, pursue distractions, and cling to illusions of control. This isn’t necessarily pathological; it’s a fundamental coping mechanism. However, the long-term consequences can be a life lived in avoidance, a refusal to fully engage with the present moment. True courage, then, isn’t the absence of fear, but the willingness to confront reality, however uncomfortable, without the protective shield of self-deception.",ai_neutral,0.76,5.833333333333333,0.4516129032258064,14.274,1.0,12.0,ai_neutral,ai_neutral,ai_neutral,True,False
"In short, must leave it alone, like or no like. Sometimes, he gets up in the dead of the night, and will be heard, by us overhead there, walking up and down, walking up and down, in his room. Ladybird has learnt to know then that his mind is walking up and down, walking up and down, in his old prison. She hurries to him, and they go on together, walking up and down, walking up and down, until he is composed. But he never says a word of the true reason of his restlessness, to her, and she finds it best not to hint at it to him.",human,0.59,6.2,0.375,7.093651376146791,0.0,16.0,human,human,human,True,False
"It is, perhaps, too readily assumed that a young man’s duty to his family extends solely to providing for their material needs. Yet, there exists a more subtle, and often more demanding, obligation – the preservation of the family’s reputation. Mr. Thomas Bellingham, upon discovering his sister’s imprudent attachment to a gentleman of questionable character, found himself compelled to intervene, not from any personal dislike of the man, but from a fear of the scandal that would inevitably ensue. The Bellingham name, carefully cultivated over generations, was a valuable asset, and he considered it his duty to protect it, even at the cost of his sister’s happiness. Such a course of action, though undeniably harsh, was, in his estimation, a necessary evil, a sacrifice demanded by the weight of establishment and the relentless scrutiny of society.",ai_mimicked,0.72,8.0,0.303030303030303,16.442222222222224,0.0,18.0,ai_mimicked,ai_mimicked,ai_mimicked,True,False
"The initial rush of infatuation often functions as a powerful filter, smoothing over imperfections and amplifying desirable traits. Consequently, romantic disillusionment frequently arrives not with a bang, but with a slow, creeping awareness of inconsistencies. Small cracks appear in the idealized facade – a recurring pattern of thoughtlessness, a subtle disregard for boundaries, a quiet selfishness masked by charm. These aren’t necessarily dramatic failings, but their cumulative effect is devastating. It’s the erosion of trust, the gradual understanding that the person you’re with isn’t a partner in genuine reciprocity, but someone who takes more than they give, leaving you emotionally depleted and questioning the authenticity of the connection.",ai_neutral,0.81,7.2,0.5357142857142857,16.13543925233645,0.0,10.0,ai_neutral,ai_neutral,ai_neutral,True,False
"There was too much to be thought, and felt, and said, for attention to any other objects. She soon learnt that they were indebted for their present good understanding to the efforts of his aunt, who did call on him in her return through London, and there relate her journey to Longbourn, its motive, and the substance of her conversation with Elizabeth; dwelling emphatically on every expression of the latter, which, in her Ladyship's apprehension, peculiarly denoted her perverseness and assurance, in the belief that such a relation must assist her endeavours to obtain that promise from her nephew which she had refused to give.",human,0.74,11.0,0.3,23.20309523809524,1.0,11.0,human,human,human,True,False
"Of the conduct of the worldly minded Pumblechook while this was doing, I desire to say no more than it was all addressed to me; and that even when those noble passages were read which remind humanity how it brought nothing into the world and can take nothing out, and how it fleeth like a shadow and never continueth long in one stay, I heard him cough a reservation of the case of a young gentleman who came unexpectedly into large property. When we got back, he had the hardihood to tell me that he wished my sister could have known I had done her so much honour, and to hint that she would have considered it reasonably purchased at the price of her death.",human,0.75,12.0,0.4,24.833,1.0,5.0,human,human,human,True,False
"This was the handsome offer with which Mr. Grimwig backed and confirmed nearly every assertion he made; and it was the more singular in his case, because, even admitting for the sake of argument, the possibility of scientific improvements being brought to that pass which will enable a gentleman to eat his own head in the event of his being so disposed, Mr. Grimwig's head was such a particularly large one, that the most sanguine man alive could hardly entertain a hope of being able to get through it at a sitting to put entirely out of the question, a very thick coating of powder.",human,0.7,17.0,0.5263157894736842,15.928571428571429,1.0,6.0,human,human,human,True,False
"Consider the plight of the curate’s wife, a position fraught with peculiar difficulties. She is expected to possess the refinement and accomplishments of a lady of rank, yet is denied the security and independence that rank affords. Her social standing is entirely dependent upon the goodwill of her parishioner, and her sphere of influence limited by her modest means. A woman of true sensibility, she must navigate a delicate balance between humility and dignity, offering assistance to those less fortunate whilst maintaining a proper distance from those of superior station. It is a role demanding considerable tact and forbearance, and one which, too often, goes unrewarded. One cannot help but wonder if such a position, however well-intentioned, does not ultimately serve to reinforce the very inequalities it purports to alleviate.",ai_mimicked,0.71,8.0,0.40625,14.372307692307697,0.0,10.0,ai_mimicked,ai_mimicked,ai_mimicked,True,False
"She felt that she should like to have had the power of refusal; and afterwards, as the idea of the party to be assembled there, consisting precisely of those whose society was dearest to her, occurred again and again, she did not know that she might not have been tempted to accept. Harriet was to be there in the evening, and the Bateses. They had been speaking of it as they walked about Highbury the day before, and Frank Churchill had most earnestly lamented her absence. Might not the evening end in a dance? had been a question of his.",human,0.6,6.0,0.0833333333333333,8.612000000000002,1.0,6.0,human,human,human,True,False
"Imagine a scenario: a talented artist, pressured to join the family law firm. This conflict encapsulates the core tension within familial duty – the clash between inherited expectations and personal fulfillment. While respecting one’s lineage is important, blindly accepting a predetermined path can lead to profound dissatisfaction. The ethical question isn’t whether to fulfill duty, but *how* to fulfill it. Perhaps the artist could leverage their creative skills within the firm, or negotiate a compromise that allows for both professional obligation and artistic expression. True fulfillment of familial duty, therefore, isn’t about sacrificing oneself, but about finding a way to integrate personal passions with family values, creating a legacy that honors both heritage and individuality.",ai_neutral,0.75,6.5,0.4242424242424242,15.420000000000002,0.0,8.0,ai_neutral,ai_neutral,ai_neutral,True,False
"But it was a matter of great consolation to her, that what brought evil to herself would bring good to her sister; and Elinor, on the other hand, suspecting that it would not be in her power to avoid Edward entirely, comforted herself by thinking, that though their longer stay would therefore militate against her own happiness, it would be better for Marianne than an immediate return into Devonshire. Her carefulness in guarding her sister from ever hearing Willoughby's name mentioned, was not thrown away. Marianne, though without knowing it herself, reaped all its advantage; for neither Mrs. Jennings, nor Sir John, nor even Mrs. Palmer herself, ever spoke of him before her.",human,0.74,7.0,0.4615384615384615,11.707185840707965,2.0,12.0,human,human,human,True,False
"That they might have met without ill consequence is, perhaps, probable; but his regard did not appear to me enough extinguished for him to see her without some danger. Perhaps this concealment, this disguise, was beneath me. It is done, however, and it was done for the best. On this subject I have nothing more to say, no other apology to offer. If I have wounded your sister's feelings, it was unknowingly done; and though the motives which governed me may to you very naturally appear insufficient, I have not yet learnt to condemn them.--With respect to that other, more weighty accusation, of having injured Mr. Wickham, I can only refute it by laying before you the whole of his connection with my family.",human,0.7,6.2,0.5333333333333333,9.01857142857143,2.0,12.0,human,human,human,True,False
"’Tis a curious thing, is it not, how readily we ascribe corruption to the lower orders, whilst conveniently overlooking its presence in the very institutions designed to uphold virtue? Consider the workhouse, ostensibly a haven for the destitute, yet frequently a breeding ground for cruelty and exploitation. The beadle, puffed with self-importance, dispensing meagre rations with a miserly hand; the master, driven by a relentless pursuit of efficiency, indifferent to the suffering of those under his charge; and the guardians, men of property and standing, more concerned with reducing rates than alleviating distress. Such a system, born of good intentions perhaps, becomes, through negligence and avarice, a monstrous engine of moral degradation, corrupting not only those it seeks to aid, but also those who administer it.",ai_mimicked,0.78,7.75,0.3142857142857143,17.57912698412699,2.0,17.0,human,ai_mimicked,ai_mimicked,False,False
"He married--an English lady--and I was one of the trustees. His affairs, like the affairs of many other French gentlemen and French families, were entirely in Tellson's hands. In a similar way I am, or I have been, trustee of one kind or other for scores of our customers. These are mere business relations, miss; there is no friendship in them, no particular interest, nothing like sentiment. I have passed from one to another, in the course of my business life, just as I pass from one of our customers to another in the course of my business day; in short, I have no feelings; I am a mere machine.",human,0.64,6.8,0.4230769230769231,9.61727272727273,3.0,10.0,human,human,human,True,False
"The pursuit of power, unchecked by ethical considerations, frequently reveals the corrosive nature of moral corruption. Individuals driven solely by ambition often view others as instruments to be manipulated, their needs and rights secondary to personal advancement. This instrumentalization extends beyond individuals to encompass institutions and societal norms, which are bent and twisted to serve the powerful’s agenda. Consequently, transparency suffers, accountability vanishes, and a culture of impunity takes root. The resulting damage isn’t merely the abuse of power itself, but the systemic erosion of trust and the weakening of the very structures designed to prevent such abuses.",ai_neutral,0.77,7.2,0.34375,16.256040816326532,0.0,8.0,ai_neutral,ai_neutral,ai_neutral,True,False
"how ashamed I should be of not being married before three-and-twenty! My aunt Philips wants you so to get husbands you can't think. She says Lizzy had better have taken Mr. Collins; but I do not think there would have been any fun in it. how I should like to be married before any of you! and then I would chaperon you about to all the balls. we had such a good piece of fun the other day at Colonel Forster's! Kitty and me were to spend the day there, and Mrs. Forster promised to have a little dance in the evening; (by-the-bye, Mrs. Forster and me are such friends!)",human,0.67,5.714285714285714,0.4166666666666667,3.825454545454544,2.0,2.0,human,human,human,True,False
"The late Mr. Harrington, a man of considerable estate and even more considerable obstinacy, had, in his will, stipulated a most peculiar condition regarding his youngest son, Frederick. Unless Frederick remained unmarried and devoted to the management of the family’s dwindling agricultural interests, the bulk of the estate would revert not to his siblings, but to a distant, and frankly disagreeable, cousin. Frederick, a gentleman of decidedly literary tastes and a penchant for London society, found himself in a most vexing predicament. To pursue happiness, to indulge his own sensibilities, would be to condemn his brothers and sisters to a reduced fortune. One could scarcely blame him for the melancholy that settled upon his features, though one might question the wisdom of a father who placed such a burden upon a son’s affections.",ai_mimicked,0.67,7.6,0.4333333333333333,13.727180451127818,0.0,14.0,human,ai_mimicked,ai_mimicked,False,False
"He had not asked the prisoner to take the handy fellow as an act of charity--never thought of such a thing. He began to have suspicions of the prisoner, and to keep an eye upon him, soon afterwards. In arranging his clothes, while travelling, he had seen similar lists to these in the prisoner's pockets, over and over again. He had taken these lists from the drawer of the prisoner's desk. He had not put them there first. He had seen the prisoner show these identical lists to French gentlemen at Calais, and similar lists to French gentlemen, both at Calais and Boulogne.",human,0.58,5.333333333333333,0.2857142857142857,7.945776699029128,0.0,7.0,human,human,human,True,False
"The grand edifice of Society, viewed from the cobbled streets and shadowed alleyways of London, presents a spectacle not of harmonious construction, but of precarious piling – a monstrous, teetering tower built upon the bowed backs and calloused hands of those whose very existence is deemed a necessary inconvenience. Observe, if you will, the merchant prince, swathed in velvet and reeking of imported spices, scarcely glancing at the shivering newsboy who proffers his evening paper; a transaction, no doubt, conducted with a dismissive flick of the wrist and a barely-uttered word. Such is the gulf, widening daily, between those who possess and those who merely *are*, a chasm filled not with compassion, but with the echoing indifference of privilege. It is a system sustained by habit, by law, and, most damningly, by the tacit acceptance of its own inherent injustice, a slow rot consuming the very foundations of our nation.",ai_mimicked,0.77,8.0,0.4,18.181795302013423,1.0,19.0,ai_mimicked,ai_mimicked,ai_mimicked,True,False
"Consider the peculiar predicament of those who, having allowed themselves to dream of a future with a gentleman of superior standing, are subsequently forced to confront the limitations imposed by social propriety. Amelia Harding, having enjoyed a clandestine correspondence with Mr. Thornton – a man, alas, already engaged to another – found herself in a position of considerable delicacy. To pursue her affections openly would be to invite scandal and ruin her prospects entirely. Yet, to suppress her feelings altogether proved an exercise in agonizing restraint. She was left, therefore, to navigate a course between hope and despair, a silent sufferer in a world that rewards conformity and punishes deviation. The consequence, one fears, will be a quiet resignation, a life lived in the shadow of what might have been, a testament to the power of circumstance over the dictates of the heart.",ai_mimicked,0.77,8.5,0.2352941176470588,13.355075987841946,0.0,13.0,ai_mimicked,ai_mimicked,ai_mimicked,True,False
"Miss Hawkins was the youngest of the two daughters of a Bristol merchant, of course, he must be called; but, as the whole of the profits of his mercantile life appeared so very moderate, it was not unfair to guess the dignity of his line of trade had been very moderate also. Part of every winter she had been used to spend in Bath; but Bristol was her home, the very heart of Bristol; for though the father and mother had died some years ago, an uncle remained in the law line nothing more distinctly honourable was hazarded of him, than that he was in the law line; and with him the daughter had lived.",human,0.68,8.5,0.2608695652173913,22.431521739130435,4.0,7.0,human,human,human,True,False
"Reflecting on the pervasive nature of social inequality, it becomes clear that it’s not merely an economic problem, but a moral one. The concentration of power and resources in the hands of a few creates a society where empathy and compassion are often overshadowed by self-interest and indifference. This isn’t simply about charity; it’s about recognizing the inherent dignity and worth of every human being. A commitment to social justice demands a willingness to challenge existing power structures, dismantle discriminatory practices, and create a society where everyone has the opportunity to thrive, regardless of their background or circumstances. It requires a fundamental shift in perspective, from viewing inequality as an inevitable outcome to recognizing it as a preventable injustice.",ai_neutral,0.73,7.8,0.40625,17.391159663865547,1.0,6.0,human,ai_neutral,ai_neutral,False,False
"She had suffered very much from cramp after dancing, and her first attempt to mount the bank brought on such a return of it as made her absolutely powerless and in this state, and exceedingly terrified, she had been obliged to remain. How the trampers might have behaved, had the young ladies been more courageous, must be doubtful; but such an invitation for attack could not be resisted; and Harriet was soon assailed by half a dozen children, headed by a stout woman and a great boy, all clamorous, and impertinent in look, though not absolutely in word. More and more frightened, she immediately promised them money, and taking out her purse, gave them a shilling, and begged them not to want more, or to use her ill.",human,0.75,9.0,0.55,17.735937500000002,2.0,14.0,human,human,human,True,False
"“Blood is thicker than water,” the old adage proclaims, yet this sentiment often simplifies a far more nuanced reality. Familial duty isn’t automatically conferred by genetics; it’s actively cultivated through consistent effort, shared experiences, and mutual respect. A dysfunctional family, riddled with conflict and negativity, doesn’t automatically warrant unwavering loyalty. In such circumstances, prioritizing one’s own well-being – even if that means establishing emotional distance – can be a necessary act of self-preservation. Duty, in this context, shifts from blind obedience to a conscious decision about the kind of relationships one chooses to nurture, recognizing that healthy boundaries are essential for personal growth.",ai_neutral,0.85,7.2,0.5925925925925926,16.822653465346537,1.0,10.0,ai_neutral,ai_neutral,ai_neutral,True,False
"Patches of poor rye where corn should have been, patches of poor peas and beans, patches of most coarse vegetable substitutes for wheat. On inanimate nature, as on the men and women who cultivated it, a prevalent tendency towards an appearance of vegetating unwillingly--a dejected disposition to give up, and wither away. Monsieur the Marquis in his travelling carriage (which might have been lighter), conducted by four post-horses and two postilions, fagged up a steep hill. A blush on the countenance of Monsieur the Marquis was no impeachment of his high breeding; it was not from within; it was occasioned by an external circumstance beyond his control--the setting sun.",human,0.72,7.5,0.3448275862068966,13.549426605504587,2.0,7.0,human,human,human,True,False
"There exists, within the bustling heart of London, a peculiar trade – the purveyors of false memories. Not outright fabrications, understand, but carefully curated trinkets and tales designed to evoke a longing for a simpler, more innocent past. A chipped teacup, purportedly belonging to a beloved grandmother; a faded photograph of a rural village, promising idyllic tranquility. These merchants prey upon the adult’s regret, offering a fleeting solace in the illusion of recaptured youth. Yet, the very act of seeking such artificial comfort betrays the depth of the loss. For true innocence, once departed, cannot be purchased or recreated, only mourned – a phantom limb aching with the memory of what once was, and can never be again.",ai_mimicked,0.8,7.0,0.5925925925925926,12.396551724137932,1.0,13.0,ai_mimicked,ai_mimicked,ai_mimicked,True,False
"Consider the modern phenomenon of ‘influencer’ culture; it presents a fascinating case study in the commodification of morality. While not inherently corrupt, the relentless pursuit of validation through likes and sponsorships can incentivize the presentation of a curated, often inauthentic, self. Ethical boundaries blur when personal values are sacrificed for financial gain, and endorsements are given to products or services without genuine belief in their merit. This isn’t simply individual dishonesty, but a systemic pressure to prioritize profit over integrity, subtly shaping consumer expectations and normalizing a transactional approach to authenticity. The long-term consequences for societal values remain to be seen.",ai_neutral,0.82,6.6,0.4242424242424242,17.523643564356437,1.0,6.0,ai_neutral,ai_neutral,ai_neutral,True,False
"On the way home, if I had been in a humour for talking, the talk must have been all on my side, for Mr. Wopsle parted from us at the door of the Jolly Bargemen, and Joe went all the way home with his mouth wide open, to rinse the rum out with as much air as possible. But I was in a manner stupefied by this turning up of my old misdeed and old acquaintance, and could think of nothing else. My sister was not in a very bad temper when we presented ourselves in the kitchen, and Joe was encouraged by that unusual circumstance to tell her about the bright shilling.",human,0.7,8.0,0.4444444444444444,10.88236725663717,0.0,7.0,human,human,human,True,False
"Is it truly possible to believe in a meritocracy when the starting lines are so drastically different for everyone? Social stratification, the hierarchical arrangement of individuals and groups in societies, isn’t simply about individual achievement; it’s a system built on inherited advantage and systemic disadvantage. Access to quality education, healthcare, and even nutritious food are powerfully correlated with socioeconomic status, creating a self-perpetuating cycle. Those born into privilege often have opportunities unavailable to others, not necessarily due to superior talent, but due to the resources at their disposal. This isn’t to diminish hard work, but to acknowledge that the playing field is fundamentally uneven, and upward mobility, while possible, remains statistically challenging for those at the bottom. The illusion of equal opportunity masks a deeply ingrained structural inequality.",ai_neutral,0.81,6.666666666666667,0.5142857142857142,18.0815625,1.0,11.0,ai_neutral,ai_neutral,ai_neutral,True,False
"The second, was his having sat talking with her nearly half an hour before Emma came back from her visit, the very last morning of his being at Hartfield though, when he first came in, he had said that he could not stay five minutes and his having told her, during their conversation, that though he must go to London, it was very much against his inclination that he left home at all, which was much more (as Emma felt) than he had acknowledged to her. The superior degree of confidence towards Harriet, which this one article marked, gave her severe pain.",human,0.71,8.5,0.5,20.611764705882354,0.0,10.0,human,human,human,True,False
"But I am willing to hope the best, and that his character has been misunderstood. Thoughtless and indiscreet I can easily believe him, but this step (and let us rejoice over it) marks nothing bad at heart. His choice is disinterested at least, for he must know my father can give her nothing. Our poor mother is sadly grieved. My father bears it better. How thankful am I, that we never let them know what has been said against him; we must forget it ourselves. They were off Saturday night about twelve, as is conjectured, but were not missed till yesterday morning at eight.",human,0.74,4.714285714285714,0.7272727272727273,6.429285714285715,1.0,6.0,human,human,human,True,False
"It is a truth universally acknowledged, that a young lady possessed of a romantic disposition must, at some point, encounter a disappointment to her affections. Not, perhaps, a total absence of return, for that would be too easily discerned and avoided; but a return so qualified, so tempered by prudence or circumstance, as to leave the heart strangely unsatisfied. Miss Elmsworth, for instance, had captivated Captain Fenton with her vivacity and accomplishments, yet found his attentions curtailed by the necessity of maintaining his position within society – a position which, it seemed, could not comfortably accommodate a wife of modest fortune. The consequence was a lingering regret, not for a lost love precisely, but for the vanished possibility of a happiness perpetually deferred, a state of being far more painful than outright rejection. Such delicate wounds, one suspects, are far more common than the dramatic tragedies favoured by novelists.",ai_mimicked,0.77,9.0,0.3939393939393939,16.524270270270268,1.0,18.0,ai_mimicked,ai_mimicked,ai_mimicked,True,False
"D'Aulnais is the name of his mother's family.” Madame Defarge knitted steadily, but the intelligence had a palpable effect upon her husband. Do what he would, behind the little counter, as to the striking of a light and the lighting of his pipe, he was troubled, and his hand was not trustworthy. The spy would have been no spy if he had failed to see it, or to record it in his mind. Having made, at least, this one hit, whatever it might prove to be worth, and no customers coming in to help him to any other, Mr. Barsad paid for what he had drunk, and took his leave: taking occasion to say, in a genteel manner, before he departed, that he looked forward to the pleasure of seeing Monsieur and Madame Defarge again.",human,0.72,7.2,0.4285714285714285,9.267962962962963,0.0,15.0,human,human,human,True,False
"The injury to his chest (which rendered his breathing extremely painful) he thought he had received against the side of the galley. He added that he did not pretend to say what he might or might not have done to Compeyson, but that, in the moment of his laying his hand on his cloak to identify him, that villain had staggered up and staggered back, and they had both gone overboard together, when the sudden wrenching of him (Magwitch) out of our boat, and the endeavour of his captor to keep him in it, had capsized us. He told me in a whisper that they had gone down fiercely locked in each other's arms, and that there had been a struggle under water, and that he had disengaged himself, struck out, and swum away.",human,0.64,9.0,0.1875,17.416567164179103,0.0,11.0,human,human,human,True,False
"The relentless pursuit of curated online personas highlights a particularly modern facet of social expectations. Platforms designed for connection frequently foster comparison, prompting individuals to present idealized versions of themselves. This isn’t simply vanity; it’s a response to perceived social pressures – the expectation of constant happiness, success, and aesthetic perfection. Consequently, authenticity suffers, replaced by a performance designed to garner validation in the form of likes and followers. This cycle can be deeply damaging, contributing to anxiety, depression, and a distorted sense of self-worth. Breaking free requires a conscious effort to prioritize genuine connection over superficial approval, and to recognize that the highlight reels of others rarely reflect the full complexity of lived experience.",ai_neutral,0.79,8.5,0.4571428571428571,16.144561403508774,1.0,9.0,ai_neutral,ai_neutral,ai_neutral,True,False
"My character has ever been celebrated for its sincerity and frankness; and in a cause of such moment as this, I shall certainly not depart from it. A report of a most alarming nature reached me two days ago. I was told, that not only your sister was on the point of being most advantageously married, but that you--that Miss Elizabeth Bennet would, in all likelihood, be soon afterwards united to my nephew--my own nephew, Mr. Darcy. Though I know it must be a scandalous falsehood, though I would not injure him so much as to suppose the truth of it possible, I instantly resolved on setting off for this place, that I might make my sentiments known to you.”",human,0.74,8.0,0.3529411764705882,13.121666666666666,1.0,9.0,human,human,human,True,False
"She must not flatter herself that he thought of her dancing, but if he were criticising her behaviour, she did not feel afraid. There was nothing like flirtation between her and her partner. They seemed more like cheerful, easy friends, than lovers. That Frank Churchill thought less of her than he had done, was indubitable. The anxious cares, the incessant attentions of Mrs. Weston, were not thrown away. Every body seemed happy; and the praise of being a delightful ball, which is seldom bestowed till after a ball has ceased to be, was repeatedly given in the very beginning of the existence of this.",human,0.73,6.333333333333333,0.7142857142857143,7.563901098901102,1.0,9.0,human,human,human,True,False
"My father thought you would get on more agreeably through to-morrow with me than with him, and might like to take a walk about London. I am sure I shall be very happy to show London to you. As to our table, you won't find that bad, I hope, for it will be supplied from our coffee-house here, and (it is only right I should add) at your expense, such being Mr. Jaggers's directions. As to our lodging, it's not by any means splendid, because I have my own bread to earn, and my father hasn't anything to give me, and I shouldn't be willing to take it, if he had.",human,0.74,6.0,0.5833333333333334,10.646914414414416,0.0,11.0,human,human,human,True,False
"But, to any mind, I thought, the connection here was clear and straight. What more could I hope to do by prolonging the interview? I had succeeded on behalf of Herbert, Miss Havisham had told me all she knew of Estella, I had said and done what I could to ease her mind. No matter with what other words we parted; we parted. Twilight was closing in when I went downstairs into the natural air. I called to the woman who had opened the gate when I entered, that I would not trouble her just yet, but would walk round the place before leaving.",human,0.69,5.666666666666667,0.5,6.373846153846156,1.0,7.0,human,human,human,True,False
"If I wanted any further proof of the strictly philosophical nature of the conduct of these young gentlemen in their very delicate predicament, I should at once find it in the fact (also recorded in a foregoing part of this narrative), of their quitting the pursuit, when the general attention was fixed upon Oliver; and making immediately for their home by the shortest possible cut. Although I do not mean to assert that it is usually the practice of renowned and learned sages, to shorten the road to any great conclusion (their course indeed being rather to lengthen the distance, by various circumlocutions and discursive staggerings, like unto those in which drunken men under the pressure of a too mighty flow of ideas, are prone to indulge); still, I do mean to say, and do say distinctly, that it is the invariable practice of many mighty philosophers, in carrying out their theories, to evince great wisdom and foresight in providing against every possible contingency which can be supposed at all likely to affect themselves.",human,0.74,13.0,0.6333333333333333,37.5319540229885,2.0,12.0,human,human,human,True,False
"One observes, with a degree of detached amusement, the lengths to which individuals will go to justify their own actions, particularly when those actions are demonstrably imprudent. Mr. Ashworth, having squandered a considerable portion of his inheritance upon speculative ventures, now attributes his financial difficulties not to his own recklessness, but to the machinations of unscrupulous merchants and the general instability of the market. He speaks of misfortune with the air of a martyr, entirely absolving himself of any responsibility. It is a curious phenomenon, this capacity for self-exculpation, and one which speaks volumes about the human tendency to preserve a favourable opinion of oneself, even in the face of overwhelming evidence to the contrary.",ai_mimicked,0.73,8.25,0.4,18.299021739130435,0.0,10.0,human,ai_mimicked,ai_mimicked,False,False
"She must laugh at such a close! Such an end of the doleful disappointment of five weeks back! Such a heart such a Harriet! Now there would be pleasure in her returning Every thing would be a pleasure. It would be a great pleasure to know Robert Martin. High in the rank of her most serious and heartfelt felicities, was the reflection that all necessity of concealment from Mr. Knightley would soon be over. The disguise, equivocation, mystery, so hateful to her to practise, might soon be over. She could now look forward to giving him that full and perfect confidence which her disposition was most ready to welcome as a duty.",human,0.66,6.0,0.5263157894736842,6.541904761904764,0.0,5.0,human,human,human,True,False
"“The problem is not that we are striving to be more equal,” as John Rawls argued, “but that we are not striving enough.” This sentiment highlights a crucial point: acknowledging social inequality isn’t about demanding identical outcomes, but about ensuring a baseline level of dignity and opportunity for all. The current level of disparity isn’t merely an economic issue; it’s a moral one. Extreme wealth concentration, coupled with widespread precarity, creates a society fractured by distrust and instability. A more equitable distribution of resources isn’t about punishing success, but about investing in human potential and fostering a more resilient and inclusive society.",ai_neutral,0.75,6.0,0.5833333333333334,15.271882352941176,1.0,6.0,ai_neutral,ai_neutral,ai_neutral,True,False
"Neither would Mr. Knightley's downright, decided, commanding sort of manner, though it suits him very well; his figure, and look, and situation in life seem to allow it; but if any young man were to set about copying him, he would not be sufferable. On the contrary, I think a young man might be very safely recommended to take Mr. Elton as a model. Mr. Elton is good-humoured, cheerful, obliging, and gentle. He seems to me to be grown particularly gentle of late. I do not know whether he has any design of ingratiating himself with either of us, Harriet, by additional softness, but it strikes me that his manners are softer than they used to be.",human,0.73,6.6,0.75,8.880708180708183,2.0,13.0,human,human,human,True,False
"Emma hung about him affectionately, and smiled, and said it must be so; and that he must not class her with Isabella and Mrs. Weston, whose marriages taking them from Hartfield, had, indeed, made a melancholy change: but she was not going from Hartfield; she should be always there; she was introducing no change in their numbers or their comforts but for the better; and she was very sure that he would be a great deal the happier for having Mr. Knightley always at hand, when he were once got used to the idea. Did he not love Mr. Knightley very much?",human,0.7,6.5,0.625,8.793450980392159,4.0,7.0,human,human,human,True,False
"The goodness of the minor characters in Pride and Prejudice has been already alluded to, and it makes a detailed dwelling on their beauties difficult in any space, and impossible in this. Mrs. Bennet we have glanced at, and it is not easy to say whether she is more exquisitely amusing or more horribly true. Much the same may be said of Kitty and Lydia; but it is not every author, even of genius, who would have differentiated with such unerring skill the effects of folly and vulgarity of intellect and disposition working upon the common weaknesses of woman at such different ages.",human,0.74,9.333333333333334,0.7058823529411765,16.70291262135922,1.0,5.0,human,human,human,True,False
"In such a situation as that, where there seemed nothing to tempt the avarice or the vanity of any living creature, how could I suppose, when she so earnestly, so warmly insisted on sharing my fate, whatever it might be, that any thing but the most disinterested affection was her inducement? And even now, I cannot comprehend on what motive she acted, or what fancied advantage it could be to her, to be fettered to a man for whom she had not the smallest regard, and who had only two thousand pounds in the world. She could not foresee that Colonel Brandon would give me a living.”",human,0.71,7.666666666666667,0.1333333333333333,15.192897196261685,0.0,10.0,human,human,human,True,False
"One often hears it said that merit will out, that true worth will inevitably be recognised, regardless of birth or fortune. A pleasing sentiment, to be sure, and one which undoubtedly appeals to the romantic inclinations of youth. Yet, a more sober observation of society reveals a rather different truth. A man of genuine talent, lacking the advantages of a good connection, may well struggle for years, his abilities unappreciated, his efforts thwarted by the prejudices of those in power. Whilst a gentleman of mediocre intellect, but possessing a venerable lineage and a substantial estate, will find doors opening before him with remarkable ease. It is a harsh reality, but one which any sensible observer must acknowledge.",ai_mimicked,0.77,6.166666666666667,0.5185185185185185,12.891923076923078,0.0,12.0,ai_mimicked,ai_mimicked,ai_mimicked,True,False
"It was a dark winter day, and what with the shadows within, and what with the shadows without, he could but dimly discern the others who were brought there to have their arms bound. Some were standing; some seated. Some were lamenting, and in restless motion; but, these were few. The great majority were silent and still, looking fixedly at the ground. As he stood by the wall in a dim corner, while some of the fifty-two were brought in after him, one man stopped in passing, to embrace him, as having a knowledge of him. It thrilled him with a great dread of discovery; but the man went on.",human,0.65,5.333333333333333,0.4375,6.578181818181818,3.0,10.0,human,human,human,True,False
"The subject was a suggestive one to me, and I thought about it in silence. Mr. Wopsle, as the ill-requited uncle of the evening's tragedy, fell to meditating aloud in his garden at Camberwell. Orlick, with his hands in his pockets, slouched heavily at my side. It was very dark, very wet, very muddy, and so we splashed along. Now and then, the sound of the signal cannon broke upon us again, and again rolled sulkily along the course of the river. I kept myself to myself and my thoughts. Mr. Wopsle died amiably at Camberwell, and exceedingly game on Bosworth Field, and in the greatest agonies at Glastonbury.",human,0.67,5.714285714285714,0.2941176470588235,8.453499344692005,0.0,12.0,human,human,human,True,False
"The curated perfection displayed across social media platforms exemplifies a particularly insidious facet of contemporary social expectations. What was once a relatively private pursuit of self-improvement has morphed into a public performance, judged by metrics of likes and followers. This constant visibility fosters a climate of comparison, where individuals feel compelled to present an idealized version of themselves, masking vulnerabilities and struggles. Consequently, genuine connection suffers, replaced by a superficial exchange of carefully constructed narratives. The expectation to ‘have it all’ – a thriving career, a fulfilling relationship, a picture-perfect family – becomes a source of anxiety and inadequacy, particularly for those whose realities deviate from this narrow standard.",ai_neutral,0.79,8.0,0.40625,18.230766355140197,0.0,8.0,ai_neutral,ai_neutral,ai_neutral,True,False
"Boys have generally excellent appetites. Oliver Twist and his companions suffered the tortures of slow starvation for three months: at last they got so voracious and wild with hunger, that one boy, who was tall for his age, and hadn't been used to that sort of thing (for his father had kept a small cook-shop), hinted darkly to his companions, that unless he had another basin of gruel per diem, he was afraid he might some night happen to eat the boy who slept next him, who happened to be a weakly youth of tender age. He had a wild, hungry eye; and they implicitly believed him.",human,0.72,6.666666666666667,0.5,14.531214953271029,1.0,8.0,ai_neutral,human,human,False,False
"It is a truth universally acknowledged, that a young lady of fortune must be in want of a husband – or, at the very least, a suitable establishment wherein to exercise her accomplishments. Yet, the precise *nature* of that suitability is a matter of perpetual debate, and often dictated less by genuine affection than by the cold calculations of family consequence. One observes, with a degree of detached amusement, the frantic efforts expended to secure a match which promises not happiness, perhaps, but security; a comfortable income being deemed a far more reliable foundation for contentment than any romantic sensibility. The young lady herself, frequently possessing little agency in the matter, is expected to suppress any inconvenient inclinations and embrace the prospect of a connection advantageous to her parents, a sacrifice deemed necessary for the preservation of family honour and the avoidance of social disgrace.",ai_mimicked,0.78,8.5,0.4615384615384615,20.575,1.0,12.0,ai_mimicked,ai_mimicked,ai_mimicked,True,False
"Among the echoes then, there would arise the sound of footsteps at her own early grave; and thoughts of the husband who would be left so desolate, and who would mourn for her so much, swelled to her eyes, and broke like waves. That time passed, and her little Lucie lay on her bosom. Then, among the advancing echoes, there was the tread of her tiny feet and the sound of her prattling words. Let greater echoes resound as they would, the young mother at the cradle side could always hear those coming. They came, and the shady house was sunny with a child's laugh, and the Divine friend of children, to whom in her trouble she had confided hers, seemed to take her child in his arms, as He took the child of old, and made it a sacred joy to her.",human,0.64,6.2,0.3793103448275862,10.004559440559444,1.0,14.0,human,human,human,True,False
"I always said it must be so, at last. I was sure you could not be so beautiful for nothing! I remember, as soon as ever I saw him, when he first came into Hertfordshire last year, I thought how likely it was that you should come together. Oh, he is the handsomest young man that ever was seen!” Wickham, Lydia, were all forgotten. Jane was beyond competition her favourite child. At that moment she cared for no other. Her younger sisters soon began to make interest with her for objects of happiness which she might in future be able to dispense.",human,0.75,5.0,1.0,5.347205882352942,0.0,7.0,human,human,human,True,False
"It was the always-vain endeavour to discharge my poor mother's trust that first brought my fatal presence near you. Good could never come of such evil, a happier end was not in nature to so unhappy a beginning. Be comforted, and forgive me. As he was drawn away, his wife released him, and stood looking after him with her hands touching one another in the attitude of prayer, and with a radiant look upon her face, in which there was even a comforting smile. As he went out at the prisoners' door, she turned, laid her head lovingly on her father's breast, tried to speak to him, and fell at his feet.",human,0.79,6.0,0.3809523809523809,9.054928571428572,0.0,10.0,human,human,human,True,False
"The pervasive social media highlight reel significantly complicates modern romantic disillusionment. Where past generations might have grieved privately, today’s heartbreak often plays out against a backdrop of curated happiness. Seeing an ex move on, seemingly effortlessly, through filtered photos and carefully worded updates can exacerbate feelings of inadequacy and rejection. This isn’t necessarily indicative of their actual emotional state, but the constant exposure to a performative version of reality fuels comparison and hinders genuine healing. The pressure to present a ‘strong’ and ‘independent’ front further isolates individuals, preventing them from fully processing the pain and vulnerability inherent in loss. It’s a uniquely 21st-century grief, amplified by the digital echo chamber.",ai_neutral,0.87,6.666666666666667,0.5714285714285714,16.34,0.0,6.0,ai_neutral,ai_neutral,ai_neutral,True,False
"And now let me have a look at my gentleman agen.” Once more, he took me by both hands and surveyed me with an air of admiring proprietorship: smoking with great complacency all the while. It appeared to me that I could do no better than secure him some quiet lodging hard by, of which he might take possession when Herbert returned: whom I expected in two or three days. That the secret must be confided to Herbert as a matter of unavoidable necessity, even if I could have put the immense relief I should derive from sharing it with him out of the question, was plain to me.",human,0.78,8.5,0.4,11.384288990825684,0.0,4.0,human,human,human,True,False
"He had, by that time, realised an easy competence enough to secure the purchase of a little estate adjoining Highbury, which he had always longed for enough to marry a woman as portionless even as Miss Taylor, and to live according to the wishes of his own friendly and social disposition. It was now some time since Miss Taylor had begun to influence his schemes; but as it was not the tyrannic influence of youth on youth, it had not shaken his determination of never settling till he could purchase Randalls, and the sale of Randalls was long looked forward to; but he had gone steadily on, with these objects in view, till they were accomplished.",human,0.64,13.0,0.4705882352941176,24.1196551724138,2.0,8.0,human,human,human,True,False
"HE ENCOUNTERS ON THE ROAD A STRANGE SORT OF YOUNG GENTLEMAN Oliver reached the stile at which the by-path terminated; and once more gained the high-road. It was eight o'clock now. Though he was nearly five miles away from the town, he ran, and hid behind the hedges, by turns, till noon, fearing that he might be pursued and overtaken. Then he sat down to rest by the side of the milestone, and began to think, for the first time, where he had better go and try to live. The stone by which he was seated, bore, in large characters, an intimation that it was just seventy miles from that spot to London.",human,0.71,6.4,0.3,8.365592920353983,1.0,11.0,human,human,human,True,False
"Mrs. Hurst and her sister allowed it to be so; but still they admired her and liked her, and pronounced her to be a sweet girl, and one whom they should not object to know more of. Miss Bennet was therefore established as a sweet girl; and their brother felt authorized by such commendation to think of her as he chose. ] Within a short walk of Longbourn lived a family with whom the Bennets were particularly intimate. Sir William Lucas had been formerly in trade in Meryton, where he had made a tolerable fortune, and risen to the honour of knighthood by an address to the king during his mayoralty.",human,0.7,7.0,0.5,11.762272727272729,2.0,4.0,human,human,human,True,False
"Consider the insidious nature of manufactured romance – the curated online personas, the grand gestures designed for social media validation, the pressure to conform to unrealistic relationship ideals. Disillusionment in the modern age is often compounded by the awareness that much of what we perceive as “love” is performative. The gap between the projected image and the lived reality can be particularly jarring, leading to a sense of betrayal not just by a partner, but by the very concept of romance itself. This breeds cynicism and a reluctance to invest emotionally, fearing further disappointment. Breaking free from this cycle requires a conscious effort to prioritize authenticity and genuine connection over superficial displays of affection.",ai_neutral,0.76,7.4,0.5333333333333333,15.779752212389385,0.0,5.0,ai_neutral,ai_neutral,ai_neutral,True,False
"Lucy was naturally clever; her remarks were often just and amusing; and as a companion for half an hour Elinor frequently found her agreeable; but her powers had received no aid from education: she was ignorant and illiterate; and her deficiency of all mental improvement, her want of information in the most common particulars, could not be concealed from Miss Dashwood, in spite of her constant endeavour to appear to advantage. Elinor saw, and pitied her for, the neglect of abilities which education might have rendered so respectable; but she saw, with less tenderness of feeling, the thorough want of delicacy, of rectitude, and integrity of mind, which her attentions, her assiduities, her flatteries at the Park betrayed; and she could have no lasting satisfaction in the company of a person who joined insincerity with ignorance; whose want of instruction prevented their meeting in conversation on terms of equality, and whose conduct toward others made every show of attention and deference towards herself perfectly valueless.",human,0.72,12.5,0.2558139534883721,37.03833333333334,7.0,13.0,human,human,human,True,False
"The situation of the house was good. High hills rose immediately behind, and at no great distance on each side; some of which were open downs, the others cultivated and woody. The village of Barton was chiefly on one of these hills, and formed a pleasant view from the cottage windows. The prospect in front was more extensive; it commanded the whole of the valley, and reached into the country beyond. The hills which surrounded the cottage terminated the valley in that direction; under another name, and in another course, it branched out again between two of the steepest of them.",human,0.66,6.2,0.3478260869565217,9.579089108910892,3.0,6.0,human,human,human,True,False
"One might be tempted to believe that moral corruption is solely the province of the wealthy and powerful, a disease bred in the hothouses of privilege. Yet, a closer examination reveals its insidious tendrils reaching into the humblest dwellings, twisting the hearts of those already burdened by hardship. Consider the widow, driven to desperate measures by the relentless demands of creditors, or the young lad, tempted by the allure of easy money through petty theft. Are these not also victims of a system that offers little hope and less opportunity? The fault, then, lies not merely in individual failings, but in a societal structure that breeds despair and compels the vulnerable to compromise their integrity simply to survive. A chilling thought, is it not, that poverty itself can be a breeding ground for vice?",ai_mimicked,0.76,8.166666666666666,0.4848484848484848,12.493134328358211,0.0,11.0,ai_mimicked,ai_mimicked,ai_mimicked,True,False
"“The only thing necessary for the triumph of evil is for good men to do nothing,” a sentiment often attributed to Edmund Burke, highlights a crucial facet of moral corruption: passive complicity. While active wrongdoing is readily condemned, the silence and inaction of those who witness injustice are equally damaging. This isn’t simply about failing to intervene in dramatic events; it’s about accepting minor transgressions, failing to challenge harmful norms, and prioritizing personal comfort over ethical responsibility. This passive acceptance creates a climate where corruption flourishes, emboldening perpetrators and normalizing unethical behavior. The weight of moral responsibility isn’t solely on those who act wrongly, but on all who stand by and allow it to continue.",ai_neutral,0.77,7.2,0.64,16.261739130434787,1.0,7.0,ai_neutral,ai_neutral,ai_neutral,True,False
"It is a curious phenomenon, is it not, how often we mistake our wishes for our judgements? Young Mr. Harrington, newly come into his inheritance, fancied himself possessed of a remarkable talent for landscape gardening, despite possessing no practical knowledge of the subject whatsoever. He directed the rearrangement of the grounds at Ashworth with an air of absolute authority, dismissing the advice of experienced gardeners with a condescending smile. He envisioned vistas and cascades, terraces and grottoes, all conceived in the abstract, and bearing little relation to the actual contours of the land. The consequence, predictably, was a scene of considerable disorder and expense, a testament to the dangers of allowing enthusiasm to outstrip competence, and a clear illustration of how easily one may be deceived by the flattering image of one’s own imagined abilities.",ai_mimicked,0.76,7.8,0.3714285714285714,16.791851851851856,0.0,13.0,ai_mimicked,ai_mimicked,ai_mimicked,True,False
"Wherever you and Jane are known, you must be respected and valued; and you will not appear to less advantage for having a couple of--or I may say, three--very silly sisters. We shall have no peace at Longbourn if Lydia does not go to Brighton. Colonel Forster is a sensible man, and will keep her out of any real mischief; and she is luckily too poor to be an object of prey to anybody. At Brighton she will be of less importance even as a common flirt than she has been here. The officers will find women better worth their notice.",human,0.74,5.6,0.6153846153846154,8.761267326732675,2.0,3.0,human,human,human,True,False
"The noise of Charley's laughter, and the voice of Miss Betsy, who opportunely arrived to throw water over her friend, and perform other feminine offices for the promotion of her recovery, might have kept many people awake under more happy circumstances than those in which Oliver was placed. But he was sick and weary; and he soon fell sound asleep. OLIVER'S DESTINY CONTINUING UNPROPITIOUS, BRINGS A GREAT MAN TO LONDON TO INJURE HIS REPUTATION It is the custom on the stage, in all good murderous melodramas, to present the tragic and the comic scenes, in as regular alternation, as the layers of red and white in a side of streaky bacon.",human,0.78,6.75,0.8095238095238095,17.124684684684684,1.0,9.0,ai_neutral,human,human,False,False
"He was still a pale young gentleman, and had a certain conquered languor about him in the midst of his spirits and briskness, that did not seem indicative of natural strength. He had not a handsome face, but it was better than handsome: being extremely amiable and cheerful. His figure was a little ungainly, as in the days when my knuckles had taken such liberties with it, but it looked as if it would always be light and young. Whether Mr. Trabb's local work would have sat more gracefully on him than on me, may be a question; but I am conscious that he carried off his rather old clothes much better than I carried off my new suit.",human,0.7,7.0,1.2666666666666666,12.274684873949584,1.0,6.0,human,human,human,True,False
"Mr. Noah Claypole: receiving a free pardon from the Crown in consequence of being admitted approver against Fagin: and considering his profession not altogether as safe a one as he could wish: was, for some little time, at a loss for the means of a livelihood, not burdened with too much work. After some consideration, he went into business as an informer, in which calling he realises a genteel subsistence. His plan is, to walk out once a week during church time attended by Charlotte in respectable attire. The lady faints away at the doors of charitable publicans, and the gentleman being accommodated with three-penny worth of brandy to restore her, lays an information next day, and pockets half the penalty.",human,0.76,8.5,0.2758620689655172,15.224028925619836,0.0,9.0,human,human,human,True,False
"After waiting here some time, he was joined by that young gentleman, who had prudently abstained from showing himself until he had looked carefully abroad from a snug retreat, and ascertained that his new friend had not been followed by any impertinent person. The two hastened back together, to bear to Mr. Fagin the animating news that the Dodger was doing full justice to his bringing-up, and establishing for himself a glorious reputation. THE TIME ARRIVES FOR NANCY TO REDEEM HER PLEDGE TO ROSE MAYLIE. Adept as she was, in all the arts of cunning and dissimulation, the girl Nancy could not wholly conceal the effect which the knowledge of the step she had taken, wrought upon her mind.",human,0.75,7.5,0.3,11.342420168067228,0.0,8.0,human,human,human,True,False
"To speak of ‘classes’ is, perhaps, to lend a false legitimacy to a condition born of accident and maintained by injustice. For what inherent quality distinguishes the scion of a noble house from the lad who toils in a factory? Is it intellect? Nay, for brilliance may bloom in the most unlikely soil. Is it virtue? Alas, vice knows no lineage. It is merely the happenstance of birth, the capricious hand of fortune, that determines whether one shall feast at a laden table or sup upon crusts in a garret. And yet, this arbitrary division is enforced with a severity that would shame even the most tyrannical of monarchs, condemning generations to a predetermined fate, stifling ambition, and extinguishing the flame of hope in countless hearts. A most grievous wrong, and one that cries out for redress.",ai_mimicked,0.74,6.333333333333333,0.40625,8.778783454987838,0.0,11.0,human,ai_mimicked,ai_mimicked,False,False
"It is a truth universally acknowledged, that a single man in possession of a good fortune must be the object of every young lady’s regard; yet, to dwell solely upon the lady’s ambition is to present but half the picture. For the gentleman’s fortune, whilst undoubtedly attractive, serves primarily to define the boundaries of his station, and consequently, the limitations placed upon the connections deemed acceptable by his family. One observes, with a degree of quiet resignation, how frequently affection is sacrificed upon the altar of propriety, how many a promising match is rendered impossible by the simple disparity of income or lineage. The consequences of such rigid adherence to established order are, of course, a perpetuation of the very inequalities it seeks to maintain, leaving those born without advantage to navigate a world where opportunity is as elusive as genuine esteem.",ai_mimicked,0.7,8.5,0.4054054054054054,19.694436619718317,1.0,12.0,human,ai_mimicked,ai_mimicked,False,False
"“We are all born with a certain amount of innocence,” writes Joan Didion, “and it is our task to lose it.” This perspective reframes the concept not as a tragedy, but as an inevitable, even necessary, stage of development. Losing innocence isn’t about becoming *worse*, but about becoming *aware*. It’s the acquisition of knowledge – about suffering, injustice, and the inherent imperfections of humanity – that fundamentally alters our perception of the world. This awareness, while often painful, is crucial for moral growth and responsible citizenship. To remain perpetually innocent is to remain willfully ignorant, shielded from the realities that demand our attention and action. The loss, therefore, is a prerequisite for genuine engagement with the world.",ai_neutral,0.73,6.285714285714286,0.4482758620689655,12.980621118012426,0.0,13.0,ai_mimicked,ai_neutral,ai_neutral,False,False
"Lady Lucas could not be insensible of triumph on being able to retort on Mrs. Bennet the comfort of having a daughter well married; and she called at Longbourn rather oftener than usual to say how happy she was, though Mrs. Bennet's sour looks and ill-natured remarks might have been enough to drive happiness away. Between Elizabeth and Charlotte there was a restraint which kept them mutually silent on the subject; and Elizabeth felt persuaded that no real confidence could ever subsist between them again. Her disappointment in Charlotte made her turn with fonder regard to her sister, of whose rectitude and delicacy she was sure her opinion could never be shaken, and for whose happiness she grew daily more anxious, as Bingley had now been gone a week, and nothing was heard of his return.",human,0.78,10.0,0.5714285714285714,13.498882352941177,2.0,5.0,human,human,human,True,False
"With my heart thumping like a blacksmith at Joe's broad shoulder, I looked all about for any sign of the convicts. I could see none, I could hear none. Mr. Wopsle had greatly alarmed me more than once, by his blowing and hard breathing; but I knew the sounds by this time, and could dissociate them from the object of pursuit. I got a dreadful start, when I thought I heard the file still going; but it was only a sheep-bell. The sheep stopped in their eating and looked timidly at us; and the cattle, their heads turned from the wind and sleet, stared angrily as if they held us responsible for both annoyances; but, except these things, and the shudder of the dying day in every blade of grass, there was no break in the bleak stillness of the marshes.",human,0.74,6.6,0.15625,10.555517730496454,4.0,10.0,human,human,human,True,False
"The calm and polite unconcern of Lady Middleton on the occasion was a happy relief to Elinor's spirits, oppressed as they often were by the clamorous kindness of the others. It was a great comfort to her to be sure of exciting no interest in one person at least among their circle of friends: a great comfort to know that there was one who would meet her without feeling any curiosity after particulars, or any anxiety for her sister's health. Every qualification is raised at times, by the circumstances of the moment, to more than its real value; and she was sometimes worried down by officious condolence to rate good-breeding as more indispensable to comfort than good-nature.",human,0.74,10.666666666666666,0.5769230769230769,18.17726495726496,1.0,4.0,human,human,human,True,False
"At first, while I supposed you satisfied that Colonel Campbell was the giver, I saw it only as paternal kindness, and thought it the most natural thing in the world. But when you mentioned Mrs. Dixon, I felt how much more probable that it should be the tribute of warm female friendship. And now I can see it in no other light than as an offering of love.” There was no occasion to press the matter farther. The conviction seemed real; he looked as if he felt it. She said no more, other subjects took their turn; and the rest of the dinner passed away; the dessert succeeded, the children came in, and were talked to and admired amid the usual rate of conversation; a few clever things said, a few downright silly, but by much the larger proportion neither the one nor the other nothing worse than everyday remarks, dull repetitions, old news, and heavy jokes.",human,0.72,6.5,0.8461538461538461,9.541856232939036,4.0,12.0,human,human,human,True,False
"Some mothers might have encouraged the intimacy from motives of interest, for Edward Ferrars was the eldest son of a man who had died very rich; and some might have repressed it from motives of prudence, for, except a trifling sum, the whole of his fortune depended on the will of his mother. But Mrs. Dashwood was alike uninfluenced by either consideration. It was enough for her that he appeared to be amiable, that he loved her daughter, and that Elinor returned the partiality. It was contrary to every doctrine of hers that difference of fortune should keep any couple asunder who were attracted by resemblance of disposition; and that Elinor's merit should not be acknowledged by every one who knew her, was to her comprehension impossible.",human,0.68,6.25,0.2307692307692307,15.653917322834648,2.0,7.0,human,human,human,True,False
"Yet, he must leave them at the end of a week, in spite of their wishes and his own, and without any restraint on his time. Elinor placed all that was astonishing in this way of acting to his mother's account; and it was happy for her that he had a mother whose character was so imperfectly known to her, as to be the general excuse for every thing strange on the part of her son. Disappointed, however, and vexed as she was, and sometimes displeased with his uncertain behaviour to herself, she was very well disposed on the whole to regard his actions with all the candid allowances and generous qualifications, which had been rather more painfully extorted from her, for Willoughby's service, by her mother.",human,0.68,9.333333333333334,0.4545454545454545,18.10897637795276,1.0,11.0,human,human,human,True,False
"Isn't it curious how readily we construct narratives that shield us from uncomfortable truths? Self-deception isn’t necessarily a conscious lie, but rather a subtle reframing of reality to maintain a preferred self-image. This often manifests as minimizing failures, exaggerating successes, or attributing negative outcomes to external factors beyond our control. The human brain, remarkably efficient at preserving emotional equilibrium, prioritizes psychological comfort over objective accuracy. This isn’t always malicious; sometimes it’s a necessary coping mechanism. However, chronic self-deception can stunt personal growth, erode trust in relationships, and ultimately prevent us from addressing genuine flaws or making meaningful changes. It’s a delicate balance between self-compassion and honest self-assessment.",ai_neutral,0.85,6.142857142857143,0.6451612903225806,16.838718291054736,1.0,8.0,ai_neutral,ai_neutral,ai_neutral,True,False
"Miss Elmsworth, though possessed of a modest fortune and a passable degree of beauty, found herself perpetually overlooked in favour of those whose lineage boasted a longer and more illustrious history. She possessed a sensibility, certainly, and a talent for the pianoforte which would have charmed in a less rigidly defined society, but alas, her grandfather had been merely a successful tradesman, a circumstance which, though perfectly respectable in itself, proved an insurmountable barrier to the attentions of the truly eligible. It was a cruel irony, she often reflected, that merit should be so consistently overshadowed by birth, and that the accident of one’s parentage should dictate the course of one’s life with such unwavering authority.",ai_mimicked,0.77,9.666666666666666,0.4347826086956521,20.34344827586207,0.0,12.0,ai_mimicked,ai_mimicked,ai_mimicked,True,False
"“Class is not about having a fancy car or a big house,” the sociologist Pierre Bourdieu argued, “it’s about having a particular set of tastes and dispositions.” This observation highlights the often-invisible ways social class manifests itself in everyday life. Beyond material possessions, class shapes our preferences – in music, art, food, and even leisure activities. These “cultural capital” distinctions, while seemingly superficial, function as markers of belonging and exclusion. Individuals from different classes may interpret the same situation differently, possess varying levels of comfort in certain social settings, and even communicate using distinct linguistic styles. This subtle but pervasive influence reinforces social boundaries and contributes to a sense of “otherness,” making genuine social mobility more challenging.",ai_neutral,0.82,7.0,0.5675675675675675,15.956896551724135,0.0,11.0,ai_neutral,ai_neutral,ai_neutral,True,False
"And then they stood about, as soldiers do; now, with their hands loosely clasped before them; now, resting a knee or a shoulder; now, easing a belt or a pouch; now, opening the door to spit stiffly over their high stocks, out into the yard. All these things I saw without then knowing that I saw them, for I was in an agony of apprehension. But beginning to perceive that the handcuffs were not for me, and that the military had so far got the better of the pie as to put it in the background, I collected a little more of my scattered wits.",human,0.7,6.666666666666667,0.3529411764705882,13.456190476190478,4.0,9.0,human,human,human,True,False
"The grindstone had a double handle, and, turning at it madly were two men, whose faces, as their long hair flapped back when the whirlings of the grindstone brought their faces up, were more horrible and cruel than the visages of the wildest savages in their most barbarous disguise. False eyebrows and false moustaches were stuck upon them, and their hideous countenances were all bloody and sweaty, and all awry with howling, and all staring and glaring with beastly excitement and want of sleep. As these ruffians turned and turned, their matted locks now flung forward over their eyes, now flung backward over their necks, some women held wine to their mouths that they might drink; and what with dropping blood, and what with dropping wine, and what with the stream of sparks struck out of the stone, all their wicked atmosphere seemed gore and fire.",human,0.68,9.666666666666666,0.3939393939393939,19.23109589041096,1.0,14.0,human,human,human,True,False
"These days of confinement would have been, but for her private perplexities, remarkably comfortable, as such seclusion exactly suited her brother, whose feelings must always be of great importance to his companions; and he had, besides, so thoroughly cleared off his ill-humour at Randalls, that his amiableness never failed him during the rest of his stay at Hartfield. He was always agreeable and obliging, and speaking pleasantly of every body. But with all the hopes of cheerfulness, and all the present comfort of delay, there was still such an evil hanging over her in the hour of explanation with Harriet, as made it impossible for Emma to be ever perfectly at ease.",human,0.75,8.0,0.5,17.934285714285718,1.0,11.0,human,human,human,True,False
"Let us speak plainly of the laws themselves, those intricate webs of statutes and precedents which, ostensibly designed to uphold justice, serve more often to protect the interests of the wealthy and powerful. A man may steal a loaf of bread to feed his starving family and be condemned to transportation, whilst another may defraud hundreds with elaborate schemes and escape with a mere reprimand, thanks to the influence of his connections. The scales are weighted, the game rigged, and the poor are left to bear the brunt of a system that is fundamentally unjust. It is a festering wound upon the body politic, a source of resentment and unrest, and one that will, unless addressed with courage and compassion, ultimately lead to ruin.",ai_mimicked,0.7,8.0,0.2333333333333333,14.390322580645162,0.0,11.0,human,ai_mimicked,ai_mimicked,False,False
"The discomfort experienced by Mr. Harrison upon discovering his newly acquired wife’s humble origins was, perhaps, less a matter of wounded pride than a pragmatic calculation. He had secured a woman of amiable disposition and considerable accomplishments, but her lack of a substantial dowry, and the inevitable introduction of less-refined relations, threatened to disrupt the carefully constructed edifice of his social standing. It is a curious phenomenon, this anxiety surrounding the mingling of classes, as if the very fabric of society might unravel should those deemed inferior dare to encroach upon the privileges of their betters. One cannot help but wonder if such fears are not, at root, a manifestation of insecurity – a desperate attempt to cling to a fading sense of importance in a world undergoing rapid change.",ai_mimicked,0.79,8.25,0.4242424242424242,16.516961240310085,0.0,9.0,ai_neutral,ai_mimicked,ai_mimicked,False,False
"Is it possible to truly un-know something, to erase the imprint of a cherished illusion? Romantic disillusionment isn’t simply the end of a relationship; it’s the shattering of a carefully constructed narrative, a dismantling of future projections. We invest in partners not just as they *are*, but as we *believe* they can be, projecting onto them qualities that soothe our own insecurities or fulfill unmet needs. When reality inevitably clashes with this idealized image – the dependable protector reveals selfishness, the free spirit demonstrates irresponsibility – the pain isn’t just loss, but a grief for a potential self that will now remain unrealized. This process often triggers a crisis of trust, not just in romantic partners, but in one’s own judgment and capacity for discernment.",ai_neutral,0.78,6.2,0.3636363636363636,15.30156097560976,1.0,8.0,ai_neutral,ai_neutral,ai_neutral,True,False
"a companion whose judgment would guide, whose attendance must relieve, and whose friendship might soothe her! as far as the shock of such a summons could be lessened to her, his presence, his manners, his assistance, would lessen it. He, meanwhile, whatever he might feel, acted with all the firmness of a collected mind, made every necessary arrangement with the utmost despatch, and calculated with exactness the time in which she might look for his return. Not a moment was lost in delay of any kind. The horses arrived, even before they were expected, and Colonel Brandon only pressing her hand with a look of solemnity, and a few words spoken too low to reach her ear, hurried into the carriage.",human,0.74,6.8,0.1538461538461538,11.011636363636368,0.0,15.0,human,human,human,True,False
"To imagine oneself the heroine of a tale of passionate devotion is, alas, a common failing of youth. Young ladies, having perused novels of improbable circumstance, are too readily persuaded that their own lives must follow a similar course. Miss Penrose, having read and re-read *The Sorrows of Werther* with an excess of sensibility, declared Captain Armitage to be a man of profound melancholy and hidden depths. He, in truth, was merely a gentleman of limited conversation and an unfortunate tendency towards gout. The consequence was a protracted period of self-pity, and a complete inability to appreciate the attentions of a far more sensible, though less dramatically afflicted, suitor.",ai_mimicked,0.74,7.0,0.4814814814814814,14.130348623853212,0.0,11.0,ai_mimicked,ai_mimicked,ai_mimicked,True,False
"If I had often thought before, with something allied to shame, of my companionship with the fugitive whom I had once seen limping among those graves, what were my thoughts on this Sunday, when the place recalled the wretch, ragged and shivering, with his felon iron and badge! My comfort was, that it happened a long time ago, and that he had doubtless been transported a long way off, and that he was dead to me, and might be veritably dead into the bargain. No more low, wet grounds, no more dikes and sluices, no more of these grazing cattle, though they seemed, in their dull manner, to wear a more respectful air now, and to face round, in order that they might stare as long as possible at the possessor of such great expectations, farewell, monotonous acquaintances of my childhood, henceforth I was for London and greatness; not for smith's work in general, and for you!",human,0.72,11.0,0.5862068965517241,20.75375796178344,1.0,22.0,human,human,human,True,False
"She stopt to blush and laugh at her own relapse, and then resumed a more serious, more dispiriting cogitation upon what had been, and might be, and must be. The distressing explanation she had to make to Harriet, and all that poor Harriet would be suffering, with the awkwardness of future meetings, the difficulties of continuing or discontinuing the acquaintance, of subduing feelings, concealing resentment, and avoiding eclat, were enough to occupy her in most unmirthful reflections some time longer, and she went to bed at last with nothing settled but the conviction of her having blundered most dreadfully. To youth and natural cheerfulness like Emma's, though under temporary gloom at night, the return of day will hardly fail to bring return of spirits.",human,0.7,6.666666666666667,0.375,19.562258064516133,0.0,14.0,ai_mimicked,human,human,False,False
"One cannot but reflect upon the peculiar nature of youthful expectation. It is a period of such intense feeling, such unbridled hope, that the inevitable disappointments of life appear, at the time, as catastrophes of the highest order. Yet, with the passage of years, these early sorrows often diminish to mere recollections, serving as gentle reminders of a former self. Lady Ashworth, recounting her own youthful infatuation with a dashing, but ultimately faithless, officer, remarked with a wry smile, “I once believed my world would end with his departure. Now, I scarcely remember his features.” Such is the resilience of the human spirit, and the comforting power of time’s relentless march.",ai_mimicked,0.75,5.833333333333333,0.5862068965517241,11.610585585585586,0.0,14.0,ai_mimicked,ai_mimicked,ai_mimicked,True,False
"His attachment excited gratitude, his general character respect: but she could not approve him; nor could she for a moment repent her refusal, or feel the slightest inclination ever to see him again. In her own past behaviour, there was a constant source of vexation and regret: and in the unhappy defects of her family, a subject of yet heavier chagrin. They were hopeless of remedy. Her father, contented with laughing at them, would never exert himself to restrain the wild giddiness of his youngest daughters; and her mother, with manners so far from right herself, was entirely insensible of the evil.",human,0.76,6.0,0.5909090909090909,13.327549019607844,2.0,8.0,human,human,human,True,False
"IN WHICH A MYSTERIOUS CHARACTER APPEARS UPON THE SCENE; AND MANY THINGS, INSEPARABLE FROM THIS HISTORY, ARE DONE AND PERFORMED The old man had gained the street corner, before he began to recover the effect of Toby Crackit's intelligence. He had relaxed nothing of his unusual speed; but was still pressing onward, in the same wild and disordered manner, when the sudden dashing past of a carriage: and a boisterous cry from the foot passengers, who saw his danger: drove him back upon the pavement. Avoiding, as much as was possible, all the main streets, and skulking only through the by-ways and alleys, he at length emerged on Snow Hill.",human,0.76,9.0,0.4285714285714285,16.41,2.0,10.0,human,human,human,True,False
"She might never have thought of him but for me; and certainly never would have thought of him with hope, if I had not assured her of his attachment, for she is as modest and humble as I used to think him. that I had been satisfied with persuading her not to accept young Martin. There I was quite right. That was well done of me; but there I should have stopped, and left the rest to time and chance. I was introducing her into good company, and giving her the opportunity of pleasing some one worth having; I ought not to have attempted more.",human,0.62,6.4,1.1428571428571428,7.771428571428572,3.0,4.0,human,human,human,True,False
"It is a truth universally acknowledged, that a single man in possession of a good fortune must be the object of every young lady’s regard; yet, to dwell solely upon the lady’s ambition is to misunderstand the more subtle workings of the establishment. For it is not merely the prospect of advantageous alliance which dictates behaviour, but the intricate web of dependencies woven by inherited circumstance. Those born to estates, however modest, possess a quiet power, a claim upon deference which no newly acquired wealth can entirely replicate. Miss Penrose, though possessed of a considerable dowry from a mercantile father, found herself perpetually on the periphery of the truly eligible circle, her manners, though perfectly correct, lacking the ease born of generations accustomed to command. Such distinctions, though rarely spoken of directly, formed the bedrock of provincial society, influencing every ball, every visit, every whispered confidence.",ai_mimicked,0.75,7.8,0.3888888888888889,17.78156164383562,1.0,16.0,ai_mimicked,ai_mimicked,ai_mimicked,True,False
"You may guess how readily he came into my wishes; and having his approbation, I made my way directly to Miss Bates, to assure her that the carriage would be at her service before it took us home; for I thought it would be making her comfortable at once. she was as grateful as possible, you may be sure. ‘Nobody was ever so fortunate as herself!' but with many, many thanks ‘there was no occasion to trouble us, for Mr. Knightley's carriage had brought, and was to take them home again.' I was quite surprized; very glad, I am sure; but really quite surprized.",human,0.72,5.6,1.25,7.5084615384615425,4.0,7.0,human,human,human,True,False
"Then, falling upon his knees, he prayed Heaven to spare him from such deeds; and rather to will that he should die at once, than be reserved for crimes, so fearful and appalling. By degrees, he grew more calm, and besought, in a low and broken voice, that he might be rescued from his present dangers; and that if any aid were to be raised up for a poor outcast boy who had never known the love of friends or kindred, it might come to him now, when, desolate and deserted, he stood alone in the midst of wickedness and guilt.",human,0.74,9.5,0.7857142857142857,18.82579207920792,2.0,12.0,human,human,human,True,False
"The advantages of Bath to the young are pretty generally understood. It would be a charming introduction for you, who have lived so secluded a life; and I could immediately secure you some of the best society in the place. A line from me would bring you a little host of acquaintance; and my particular friend, Mrs. Partridge, the lady I have always resided with when in Bath, would be most happy to shew you any attentions, and would be the very person for you to go into public with.” It was as much as Emma could bear, without being impolite.",human,0.68,6.25,0.6923076923076923,9.69592079207921,2.0,6.0,human,human,human,True,False
"Mrs. Weston, kind-hearted and musical, was particularly interested by the circumstance, and Emma could not help being amused at her perseverance in dwelling on the subject; and having so much to ask and to say as to tone, touch, and pedal, totally unsuspicious of that wish of saying as little about it as possible, which she plainly read in the fair heroine's countenance. They were soon joined by some of the gentlemen; and the very first of the early was Frank Churchill. In he walked, the first and the handsomest; and after paying his compliments en passant to Miss Bates and her niece, made his way directly to the opposite side of the circle, where sat Miss Woodhouse; and till he could find a seat by her, would not sit at all.",human,0.73,10.666666666666666,0.9333333333333332,18.286666666666665,4.0,11.0,human,human,human,True,False
"Observing intergenerational patterns reveals how familial duty can become deeply ingrained, almost unconsciously enacted. Children often internalize the sacrifices their parents made, feeling compelled to replicate that level of devotion in their own lives. This creates a cyclical pattern of obligation, where individuals prioritize family needs above their own, often without consciously questioning the rationale. Breaking this cycle requires self-awareness – recognizing the inherited expectations and consciously choosing whether to perpetuate them. It’s about acknowledging the past while forging a future defined by personal autonomy and a more balanced approach to familial responsibility, one that prioritizes mutual support *and* individual flourishing.",ai_neutral,0.82,8.0,0.44,18.052000000000003,0.0,5.0,ai_neutral,ai_neutral,ai_neutral,True,False
"It was hardly right; but it had been so strong an idea, that it would escape her, and his submission to all that she told, was a compliment to her penetration, which made it difficult for her to be quite certain that she ought to have held her tongue. The other circumstance of regret related also to Jane Fairfax; and there she had no doubt. She did unfeignedly and unequivocally regret the inferiority of her own playing and singing. She did most heartily grieve over the idleness of her childhood and sat down and practised vigorously an hour and a half.",human,0.66,7.75,0.4,11.66542079207921,2.0,4.0,human,human,human,True,False
"I wanted to make Joe less ignorant and common, that he might be worthier of my society and less open to Estella's reproach. The old Battery out on the marshes was our place of study, and a broken slate and a short piece of slate-pencil were our educational implements: to which Joe always added a pipe of tobacco. I never knew Joe to remember anything from one Sunday to another, or to acquire, under my tuition, any piece of information whatever. Yet he would smoke his pipe at the Battery with a far more sagacious air than anywhere else, even with a learned air, as if he considered himself to be advancing immensely.",human,0.72,6.75,0.5,13.910685840707966,0.0,7.0,ai_neutral,human,human,False,False
"After breakfast, Joe brought out my indentures from the press in the best parlour, and we put them in the fire, and I felt that I was free. With all the novelty of my emancipation on me, I went to church with Joe, and thought perhaps the clergyman wouldn't have read that about the rich man and the kingdom of Heaven, if he had known all. After our early dinner, I strolled out alone, purposing to finish off the marshes at once, and get them done with. As I passed the church, I felt (as I had felt during service in the morning) a sublime compassion for the poor creatures who were destined to go there, Sunday after Sunday, all their lives through, and to lie obscurely at last among the low green mounds.",human,0.65,6.25,0.45,12.97350746268657,0.0,13.0,human,human,human,True,False
"“Do what everyone else is doing, and you’ll never stand out,” a cynical voice might whisper, highlighting a paradox inherent in social expectations. While conformity offers safety and acceptance, it simultaneously demands a sacrifice of individuality. This isn’t simply about rebellious teenagers or artistic bohemians; it’s a fundamental tension experienced by everyone. The desire to be liked, to be valued, to be part of a group is deeply ingrained. Yet, true innovation, progress, and personal fulfillment often require challenging the status quo. Navigating this requires a delicate balance – understanding the social landscape while retaining the courage to forge one’s own path, even if it deviates from the norm.",ai_neutral,0.78,6.5,0.5,13.718888888888891,1.0,10.0,ai_neutral,ai_neutral,ai_neutral,True,False
"One other short call in Harley Street, in which Elinor received her brother's congratulations on their travelling so far towards Barton without any expense, and on Colonel Brandon's being to follow them to Cleveland in a day or two, completed the intercourse of the brother and sisters in town; and a faint invitation from Fanny, to come to Norland whenever it should happen to be in their way, which of all things was the most unlikely to occur, with a more warm, though less public, assurance, from John to Elinor, of the promptitude with which he should come to see her at Delaford, was all that foretold any meeting in the country.",human,0.7,9.0,0.4375,45.26321428571429,1.0,11.0,human,human,human,True,False
"“The world is a beautiful place,” a child might declare, and genuinely believe it. But exposure to suffering, injustice, and cruelty inevitably complicates that assessment. The loss of innocence, in this context, isn’t about becoming aware of evil – children understand conflict – but about internalizing its pervasiveness. It’s the shift from seeing isolated incidents of harm to recognizing systemic patterns of oppression. This realization can be paralyzing, leading to apathy or despair. However, it can also be a catalyst for action, fueling a desire to dismantle the structures that perpetuate suffering. The weight of knowing, then, becomes a responsibility, a call to advocate for a more equitable world.",ai_neutral,0.75,6.428571428571429,0.1515151515151515,12.75834445927904,0.0,12.0,ai_mimicked,ai_neutral,ai_neutral,False,False
"The fog, a greasy, yellow shroud, clung to the cobbled streets not merely as a meteorological phenomenon, but as a visible manifestation of the moral miasma that seeped from the very stones of the city. It was in the pinched faces of the clerks, hurrying to their dismal counting-houses, in the furtive glances exchanged between pawnbrokers and their desperate clientele, and most chillingly, in the opulent carriages that rattled past, bearing their occupants to pleasures purchased with the sweat and sorrow of others. For what, after all, is a city but a vast and intricate engine of temptation, grinding virtue beneath its wheels and spewing forth a noxious vapour of deceit? The very air tasted of compromised principles, a bitter draught swallowed daily by all, rich and poor alike, until the soul itself grew coated with a film of indifference, and the cries of the suffering became but a distant, unwelcome hum.",ai_mimicked,0.7,9.75,0.5128205128205128,17.939210526315794,0.0,17.0,ai_mimicked,ai_mimicked,ai_mimicked,True,False
"It has been, and is, and probably will always be a heavy misfortune to me, that I have had no necessary business to engage me, no profession to give me employment, or afford me any thing like independence. But unfortunately my own nicety, and the nicety of my friends, have made me what I am, an idle, helpless being. We never could agree in our choice of a profession. I always preferred the church, as I still do. But that was not smart enough for my family. That was a great deal too smart for me. The law was allowed to be genteel enough; many young men, who had chambers in the Temple, made a very good appearance in the first circles, and drove about town in very knowing gigs.",human,0.69,5.571428571428571,0.5454545454545454,8.354395604395606,1.0,13.0,human,human,human,True,False
"It is a curious thing, is it not, how readily the comfortable classes convince themselves of the inherent virtue of their station? They speak of industry and thrift, as though these qualities alone were sufficient to elevate a man from the depths of poverty. Yet, I have known men of the most diligent habits, possessed of a spirit unbroken by adversity, who, despite their best efforts, have been relentlessly defeated by circumstance. Old Silas, the cobbler, for instance, a man whose hands were miracles of dexterity, yet forced to sell his tools and beg in the streets when a new factory, churning out shoddy boots at a fraction of the cost, rendered his craft obsolete. Such instances are legion, and they serve to expose the hollowness of the prevailing narrative – a narrative designed to justify inequality and absolve the conscience of the fortunate.",ai_mimicked,0.75,9.6,0.2702702702702703,14.212951048951052,0.0,15.0,ai_mimicked,ai_mimicked,ai_mimicked,True,False
"The two first dances, however, brought a return of distress: they were dances of mortification. Mr. Collins, awkward and solemn, apologizing instead of attending, and often moving wrong without being aware of it, gave her all the shame and misery which a disagreeable partner for a couple of dances can give. The moment of her release from him was ecstasy. She danced next with an officer, and had the refreshment of talking of Wickham, and of hearing that he was universally liked. When those dances were over, she returned to Charlotte Lucas, and was in conversation with her, when she found herself suddenly addressed by Mr. Darcy, who took her so much by surprise in his application for her hand, that, without knowing what she did, she accepted him.",human,0.7,7.8,0.3,11.181046511627908,0.0,15.0,ai_mimicked,human,human,False,False
"Howsoever that may be, you are grievously to be pitied; in which opinion I am not only joined by Mrs. Collins, but likewise by Lady Catherine and her daughter, to whom I have related the affair. They agree with me in apprehending that this false step in one daughter will be injurious to the fortunes of all the others: for who, as Lady Catherine herself condescendingly says, will connect themselves with such a family? And this consideration leads me, moreover, to reflect, with augmented satisfaction, on a certain event of last November; for had it been otherwise, I must have been involved in all your sorrow and disgrace.",human,0.74,8.333333333333334,0.3846153846153846,13.514074074074076,2.0,10.0,human,human,human,True,False
"His want of spirits, of openness, and of consistency, were most usually attributed to his want of independence, and his better knowledge of Mrs. Ferrars's disposition and designs. The shortness of his visit, the steadiness of his purpose in leaving them, originated in the same fettered inclination, the same inevitable necessity of temporizing with his mother. The old well-established grievance of duty against will, parent against child, was the cause of all. She would have been glad to know when these difficulties were to cease, this opposition was to yield, when Mrs. Ferrars would be reformed, and her son be at liberty to be happy.",human,0.65,6.5,0.2692307692307692,10.452142857142857,0.0,12.0,human,human,human,True,False
"What the two drank together, between Hilary Term and Michaelmas, might have floated a king's ship. Stryver never had a case in hand, anywhere, but Carton was there, with his hands in his pockets, staring at the ceiling of the court; they went the same Circuit, and even there they prolonged their usual orgies late into the night, and Carton was rumoured to be seen at broad day, going home stealthily and unsteadily to his lodgings, like a dissipated cat. At last, it began to get about, among such as were interested in the matter, that although Sydney Carton would never be a lion, he was an amazingly good jackal, and that he rendered suit and service to Stryver in that humble capacity.",human,0.77,7.333333333333333,0.4210526315789473,17.188617886178864,1.0,15.0,ai_mimicked,human,human,False,False
"It was true that her friend was going only half a mile from them; but Emma was aware that great must be the difference between a Mrs. Weston, only half a mile from them, and a Miss Taylor in the house; and with all her advantages, natural and domestic, she was now in great danger of suffering from intellectual solitude. She dearly loved her father, but he was no companion for her. He could not meet her in conversation, rational or playful. The evil of the actual disparity in their ages (and Mr. Woodhouse had not married early) was much increased by his constitution and habits; for having been a valetudinarian all his life, without activity of mind or body, he was a much older man in ways than in years; and though everywhere beloved for the friendliness of his heart and his amiable temper, his talents could not have recommended him at any time.",human,0.66,7.75,0.4137931034482758,12.299193548387098,4.0,9.0,human,human,human,True,False
"Why should a man scrape himself to that extent, before he could consider himself full dressed? Why should he suppose it necessary to be purified by suffering for his holiday clothes? Then he fell into such unaccountable fits of meditation, with his fork midway between his plate and his mouth; had his eyes attracted in such strange directions; was afflicted with such remarkable coughs; sat so far from the table, and dropped so much more than he ate, and pretended that he hadn't dropped it; that I was heartily glad when Herbert left us for the City. I had neither the good sense nor the good feeling to know that this was all my fault, and that if I had been easier with Joe, Joe would have been easier with me.",human,0.73,6.75,0.875,13.39624045801527,4.0,6.0,human,human,human,True,False
"But I could not submit to be thrown off in that way, and I made a passionate, almost an indignant appeal, to him to be more frank and manly with me. I reminded him of the false hopes into which I had lapsed, the length of time they had lasted, and the discovery I had made: and I hinted at the danger that weighed upon my spirits. I represented myself as being surely worthy of some little confidence from him, in return for the confidence I had just now imparted. I said that I did not blame him, or suspect him, or mistrust him, but I wanted assurance of the truth from him.",human,0.67,7.0,0.5,11.300066371681416,0.0,9.0,human,human,human,True,False
"On the evening of the very night when the object of her jealousy was strangled as I tell you, the young woman presented herself before Provis for one moment, and swore that she would destroy the child (which was in her possession), and he should never see it again; then she vanished. There's the worst arm comfortably in the sling once more, and now there remains but the right hand, which is a far easier job. I can do it better by this light than by a stronger, for my hand is steadiest when I don't see the poor blistered patches too distinctly.",human,0.73,7.333333333333333,0.5333333333333333,13.380582524271848,1.0,6.0,human,human,human,True,False
"Assured of the love of such a woman the disinterested love, for Jane Fairfax's character vouches for her disinterestedness; every thing in his favour, equality of situation I mean, as far as regards society, and all the habits and manners that are important; equality in every point but one and that one, since the purity of her heart is not to be doubted, such as must increase his felicity, for it will be his to bestow the only advantages she wants. A man would always wish to give a woman a better home than the one he takes her from; and he who can do it, where there is no doubt of her regard, must, I think, be the happiest of mortals.",human,0.67,7.5,0.2692307692307692,25.22295081967213,3.0,11.0,human,human,human,True,False
"The Fellow of Delicacy Mr. Stryver having made up his mind to that magnanimous bestowal of good fortune on the Doctor's daughter, resolved to make her happiness known to her before he left town for the Long Vacation. After some mental debating of the point, he came to the conclusion that it would be as well to get all the preliminaries done with, and they could then arrange at their leisure whether he should give her his hand a week or two before Michaelmas Term, or in the little Christmas vacation between it and Hilary. As to the strength of his case, he had not a doubt about it, but clearly saw his way to the verdict.",human,0.74,7.666666666666667,0.2105263157894736,12.155961538461543,0.0,6.0,human,human,human,True,False
"“We create the people we love,” a sentiment often romanticized, holds a darker truth when that creation proves unsustainable. Disillusionment arises when the idealized version we’ve built clashes with the messy, flawed reality of the individual. We project our desires, our needs, our unfulfilled potential onto another, and then grieve when they fail to embody that projection. This isn’t necessarily a fault of the other person, but a consequence of our own emotional labor. The process of deconstructing this idealized image is often agonizing, requiring a brutal honesty with oneself about the role one played in fostering the illusion and the subsequent disappointment.",ai_neutral,0.73,7.4,0.5217391304347826,15.012932038834958,0.0,8.0,human,ai_neutral,ai_neutral,False,False
"With the next morning, there came a rumour, that two men and a boy were in the cage at Kingston, who had been apprehended over night under suspicious circumstances; and to Kingston Messrs. Blathers and Duff journeyed accordingly. The suspicious circumstances, however, resolving themselves, on investigation, into the one fact, that they had been discovered sleeping under a haystack; which, although a great crime, is only punishable by imprisonment, and is, in the merciful eye of the English law, and its comprehensive love of all the King's subjects, held to be no satisfactory proof, in the absence of all other evidence, that the sleeper, or sleepers, have committed burglary accompanied with violence, and have therefore rendered themselves liable to the punishment of death; Messrs. Blathers and Duff came back again, as wise as they went.",human,0.72,11.0,0.52,16.62731481481482,3.0,20.0,human,human,human,True,False
"“We fall in love with potential,” a common sentiment, perfectly encapsulates the core vulnerability at the heart of romantic disillusionment. The initial stages of a relationship are fueled by what *could be*, by the imagined future rather than the present reality. When that potential remains unrealized, or worse, actively contradicts the person’s true nature, the resulting disappointment can be devastating. It’s not necessarily about the other person’s failings, but about the failure of *your own* projections. This realization forces a confrontation with personal desires and the tendency to seek completion in another, rather than cultivating self-sufficiency. The sting isn’t just heartbreak; it’s a reckoning with the idealized self you hoped to become *through* them.",ai_neutral,0.76,6.0,0.3939393939393939,14.074385964912285,1.0,8.0,ai_neutral,ai_neutral,ai_neutral,True,False
"This observation would not have prevented her from trying to talk to the latter, had they not been seated at an inconvenient distance; but she was not sorry to be spared the necessity of saying much: her own thoughts were employing her. She expected every moment that some of the gentlemen would enter the room: she wished, she feared, that the master of the house might be amongst them; and whether she wished or feared it most, she could scarcely determine. After sitting in this manner a quarter of an hour, without hearing Miss Bingley's voice, Elizabeth was roused by receiving from her a cold inquiry after the health of her family.",human,0.73,9.333333333333334,0.375,16.24857142857143,2.0,6.0,human,human,human,True,False
"I wrote, however, to Mr. Trabb by next day's post, to say that Mr. Pip must decline to deal further with one who could so far forget what he owed to the best interests of society, as to employ a boy who excited Loathing in every respectable mind. The coach, with Mr. Jaggers inside, came up in due time, and I took my box-seat again, and arrived in London safe, but not sound, for my heart was gone. As soon as I arrived, I sent a penitential codfish and barrel of oysters to Joe (as reparation for not having gone myself), and then went on to Barnard's Inn.",human,0.74,8.333333333333334,0.4375,7.600370370370371,0.0,12.0,human,human,human,True,False
"That the place could possibly be, without her, was something my mind seemed unable to compass; and whereas she had seldom or never been in my thoughts of late, I had now the strangest ideas that she was coming towards me in the street, or that she would presently knock at the door. In my rooms too, with which she had never been at all associated, there was at once the blankness of death and a perpetual suggestion of the sound of her voice or the turn of her face or figure, as if she were still alive and had been often there.",human,0.64,7.5,0.2857142857142857,19.846456310679617,1.0,7.0,human,human,human,True,False
"Observe, if you will, the meticulous Mr. Grimshaw, a clerk of unimpeachable respectability, whose life unfolded with the precision of a watchmaker’s craft. Yet, even within that ordered existence, a subtle rot had taken hold. It began, perhaps, with a slight exaggeration in his expense accounts – a matter of shillings, easily justified as recompense for long hours. Then came the quiet acceptance of a small bribe from a grateful client, followed by the deliberate overlooking of irregularities in the firm’s ledgers. He did not descend into outright criminality, mind you; his corruption was of a quieter, more insidious sort, a gradual erosion of integrity masked by a veneer of propriety. And so it is, dear reader, that the most dangerous forms of moral decay often flourish not in the gutters, but within the counting houses and respectable drawing rooms of our society.",ai_mimicked,0.79,7.333333333333333,0.4,13.012977867203222,1.0,16.0,ai_mimicked,ai_mimicked,ai_mimicked,True,False
"Nothing could be more expressive of attachment to them all, than Willoughby's behaviour. To Marianne it had all the distinguishing tenderness which a lover's heart could give, and to the rest of the family it was the affectionate attention of a son and a brother. The cottage seemed to be considered and loved by him as his home; many more of his hours were spent there than at Allenham; and if no general engagement collected them at the park, the exercise which called him out in the morning was almost certain of ending there, where the rest of the day was spent by himself at the side of Marianne, and by his favourite pointer at her feet.",human,0.64,7.666666666666667,0.3181818181818182,16.160170940170943,2.0,5.0,human,human,human,True,False
"He then told her of Georgiana's delight in her acquaintance, and of her disappointment at its sudden interruption; which naturally leading to the cause of that interruption, she soon learnt that his resolution of following her from Derbyshire in quest of her sister had been formed before he quitted the inn, and that his gravity and thoughtfulness there had arisen from no other struggles than what such a purpose must comprehend. She expressed her gratitude again, but it was too painful a subject to each to be dwelt on farther. After walking several miles in a leisurely manner, and too busy to know anything about it, they found at last, on examining their watches, that it was time to be at home.",human,0.73,8.333333333333334,0.3,17.873278688524596,1.0,8.0,human,human,human,True,False
"If Oliver were behindhand in these respects, he knew where the best were to be found; and morning after morning they scoured the country together, and brought home the fairest that blossomed. The window of the young lady's chamber was opened now; for she loved to feel the rich summer air stream in, and revive her with its freshness; but there always stood in water, just inside the lattice, one particular little bunch, which was made up with great care, every morning. Oliver could not help noticing that the withered flowers were never thrown away, although the little vase was regularly replenished; nor, could he help observing, that whenever the doctor came into the garden, he invariably cast his eyes up to that particular corner, and nodded his head most expressively, as he set forth on his morning's walk.",human,0.78,7.666666666666667,0.2962962962962963,19.967769784172663,4.0,13.0,human,human,human,True,False
"When he did return, he sought out the child and took notice of her. He was a married man, with only one living child, a girl, about Jane's age: and Jane became their guest, paying them long visits and growing a favourite with all; and before she was nine years old, his daughter's great fondness for her, and his own wish of being a real friend, united to produce an offer from Colonel Campbell of undertaking the whole charge of her education. It was accepted; and from that period Jane had belonged to Colonel Campbell's family, and had lived with them entirely, only visiting her grandmother from time to time.",human,0.7,8.666666666666666,0.3181818181818182,15.122727272727271,2.0,10.0,human,human,human,True,False
"During their walk, it was resolved that Mr. Bennet's consent should be asked in the course of the evening: Elizabeth reserved to herself the application for her mother's. She could not determine how her mother would take it; sometimes doubting whether all his wealth and grandeur would be enough to overcome her abhorrence of the man; but whether she were violently set against the match, or violently delighted with it, it was certain that her manner would be equally ill adapted to do credit to her sense; and she could no more bear that Mr. Darcy should hear the first raptures of her joy, than the first vehemence of her disapprobation.",human,0.68,8.5,0.2777777777777778,12.666734234234236,3.0,4.0,human,human,human,True,False
"Her mind was inevitably at liberty; her thoughts could not be chained elsewhere; and the past and the future, on a subject so interesting, must be before her, must force her attention, and engross her memory, her reflection, and her fancy. From a reverie of this kind, as she sat at her drawing-table, she was roused one morning, soon after Edward's leaving them, by the arrival of company. She happened to be quite alone. The closing of the little gate, at the entrance of the green court in front of the house, drew her eyes to the window, and she saw a large party walking up to the door.",human,0.67,6.75,0.2,11.059518348623858,2.0,13.0,human,human,human,True,False
"The matter of filial duty, one might observe, is rarely so straightforward as a simple equation of obedience and reward. Consider the case of Mr. Harrington, a gentleman of independent means, whose aged father, a man of notoriously eccentric habits, insisted upon residing within the family home, despite causing considerable disruption to the established order. To remove the elder Harrington would be deemed a breach of all propriety, yet to endure his constant complaints and unpredictable demands tested the patience of even the most devoted son. It was a situation fraught with quiet desperation, a daily performance of respect masking a profound weariness. One suspected Mr. Harrington found solace only in the meticulous arrangement of his library, a small kingdom where he might exert some semblance of control.",ai_mimicked,0.78,8.0,0.53125,13.021116071428573,0.0,10.0,ai_mimicked,ai_mimicked,ai_mimicked,True,False
"The quiet village of Highwood, though possessing its share of amiable residents, was not entirely devoid of instances where filial duty had been stretched to the point of absurdity. Old Mr. Grimshaw, a man of considerable, and recently acquired, wealth, insisted upon keeping his eldest daughter, a woman of forty summers, entirely at his beck and call, preventing any possibility of a marriage which might offer her a degree of independence. He justified this arrangement, naturally, as an act of affection, claiming she was too delicate to manage a household alone. Yet, those who observed the situation with a discerning eye suspected a more selfish motive – a desire to retain her companionship and, perhaps, to control the disposition of his fortune. Such instances, though regrettable, served as a cautionary tale, demonstrating the potential for familial obligation to become a form of subtle tyranny.",ai_mimicked,0.8,9.8,0.4,16.936027972027976,0.0,18.0,ai_mimicked,ai_mimicked,ai_mimicked,True,False
"He was a broadshouldered loose-limbed swarthy fellow of great strength, never in a hurry, and always slouching. He never even seemed to come to his work on purpose, but would slouch in as if by mere accident; and when he went to the Jolly Bargemen to eat his dinner, or went away at night, he would slouch out, like Cain or the Wandering Jew, as if he had no idea where he was going and no intention of ever coming back. He lodged at a sluice-keeper's out on the marshes, and on working-days would come slouching from his hermitage, with his hands in his pockets and his dinner loosely tied in a bundle round his neck and dangling on his back.",human,0.65,7.0,0.1818181818181818,15.93834710743802,1.0,9.0,human,human,human,True,False
"I wish I could say, for the sake of her family, that the accomplishment of her earnest desire in the establishment of so many of her children produced so happy an effect as to make her a sensible, amiable, well-informed woman for the rest of her life; though, perhaps, it was lucky for her husband, who might not have relished domestic felicity in so unusual a form, that she still was occasionally nervous and invariably silly. Mr. Bennet missed his second daughter exceedingly; his affection for her drew him oftener from home than anything else could do. He delighted in going to Pemberley, especially when he was least expected.",human,0.75,7.666666666666667,0.6875,17.524954128440374,2.0,9.0,human,human,human,True,False
"They must not do less than others, or she should be exposed to odious suspicions, and imagined capable of pitiful resentment. A dinner there must be. After Emma had talked about it for ten minutes, Mr. Woodhouse felt no unwillingness, and only made the usual stipulation of not sitting at the bottom of the table himself, with the usual regular difficulty of deciding who should do it for him. The persons to be invited, required little thought. Besides the Eltons, it must be the Westons and Mr. Knightley; so far it was all of course and it was hardly less inevitable that poor little Harriet must be asked to make the eighth: but this invitation was not given with equal satisfaction, and on many accounts Emma was particularly pleased by Harriet's begging to be allowed to decline it.",human,0.69,5.833333333333333,0.8333333333333334,10.995672877846792,1.0,8.0,human,human,human,True,False
"But however this remonstrance might have staggered or delayed his determination, I do not suppose that it would ultimately have prevented the marriage, had it not been seconded by the assurance, which I hesitated not in giving, of your sister's indifference. He had before believed her to return his affection with sincere, if not with equal, regard. But Bingley has great natural modesty, with a stronger dependence on my judgment than on his own. To convince him, therefore, that he had deceived himself was no very difficult point. To persuade him against returning into Hertfordshire, when that conviction had been given, was scarcely the work of a moment.",human,0.78,6.8,0.4375,11.735851851851852,0.0,11.0,ai_mimicked,human,human,False,False
"Towards that small and ghostly hour, he rose up from his chair, took a key out of his pocket, opened a locked cupboard, and brought forth a sack, a crowbar of convenient size, a rope and chain, and other fishing tackle of that nature. Disposing these articles about him in skilful manner, he bestowed a parting defiance on Mrs. Cruncher, extinguished the light, and went out. Young Jerry, who had only made a feint of undressing when he went to bed, was not long after his father. Under cover of the darkness he followed out of the room, followed down the stairs, followed down the court, followed out into the streets.",human,0.73,7.75,0.25,9.332864864864865,0.0,15.0,human,human,human,True,False
"I say, Jane, what a perfect character you and I should make, if we could be shaken together. My liveliness and your solidity would produce perfection. Not that I presume to insinuate, however, that some people may not think you perfection already. not a word, if you please.” It seemed an unnecessary caution; Jane was wanting to give her words, not to Mrs. Elton, but to Miss Woodhouse, as the latter plainly saw. The wish of distinguishing her, as far as civility permitted, was very evident, though it could not often proceed beyond a look. Mr. Elton made his appearance.",human,0.74,4.0,0.3076923076923077,7.457000000000001,1.0,12.0,human,human,human,True,False
"He is the kind of man, indeed, to whom I should never dare refuse anything, which he condescended to ask. I now give it to you, if you are resolved on having him. But let me advise you to think better of it. I know your disposition, Lizzy. I know that you could be neither happy nor respectable, unless you truly esteemed your husband, unless you looked up to him as a superior. Your lively talents would place you in the greatest danger in an unequal marriage. You could scarcely escape discredit and misery. My child, let me not have the grief of seeing you unable to respect your partner in life.",human,0.73,5.875,0.5384615384615384,6.621785714285718,0.0,8.0,human,human,human,True,False
"His pride, in that direction, may be of service, if not to himself, to many others, for it must deter him from such foul misconduct as I have suffered by. I only fear that the sort of cautiousness to which you, I imagine, have been alluding, is merely adopted on his visits to his aunt, of whose good opinion and judgment he stands much in awe. His fear of her has always operated, I know, when they were together; and a good deal is to be imputed to his wish of forwarding the match with Miss de Bourgh, which I am certain he has very much at heart.”",human,0.73,9.333333333333334,0.375,14.183333333333334,1.0,12.0,human,human,human,True,False
"He seemed really anxious to accommodate them and the whole of his letter was written in so friendly a style as could not fail of giving pleasure to his cousin; more especially at a moment when she was suffering under the cold and unfeeling behaviour of her nearer connections. She needed no time for deliberation or inquiry. Her resolution was formed as she read. The situation of Barton, in a county so far distant from Sussex as Devonshire, which, but a few hours before, would have been a sufficient objection to outweigh every possible advantage belonging to the place, was now its first recommendation.",human,0.75,8.75,0.4,13.384615384615389,1.0,5.0,human,human,human,True,False
"Never, even in the company of his dear friends at Netherfield, or his dignified relations at Rosings, had she seen him so desirous to please, so free from self-consequence or unbending reserve, as now, when no importance could result from the success of his endeavours, and when even the acquaintance of those to whom his attentions were addressed, would draw down the ridicule and censure of the ladies both of Netherfield and Rosings. Their visitors stayed with them above half an hour; and when they arose to depart, Mr. Darcy called on his sister to join him in expressing their wish of seeing Mr. and Mrs. Gardiner, and Miss Bennet, to dinner at Pemberley, before they left the country.",human,0.71,10.5,0.2,13.464600840336136,1.0,12.0,human,human,human,True,False
"He had frightened her a little about Mr. Elton; but when she considered that Mr. Knightley could not have observed him as she had done, neither with the interest, nor (she must be allowed to tell herself, in spite of Mr. Knightley's pretensions) with the skill of such an observer on such a question as herself, that he had spoken it hastily and in anger, she was able to believe, that he had rather said what he wished resentfully to be true, than what he knew any thing about. He certainly might have heard Mr. Elton speak with more unreserve than she had ever done, and Mr. Elton might not be of an imprudent, inconsiderate disposition as to money matters; he might naturally be rather attentive than otherwise to them; but then, Mr. Knightley did not make due allowance for the influence of a strong passion at war with all interested motives.",human,0.67,11.0,0.625,9.209473684210526,3.0,10.0,human,human,human,True,False
"The insistence upon propriety, so deeply ingrained within our social fabric, often appears a curiously fragile construct. It demands adherence to a multitude of unspoken rules, governing everything from the length of a morning call to the appropriate degree of mourning. Yet, a single indiscretion, a momentary lapse in judgment, can shatter a reputation irrevocably. One wonders, not without a touch of cynicism, whether such stringent regulations are truly intended to safeguard morality, or merely to maintain the established order. For it is invariably those of superior rank and fortune who are most zealous in their enforcement, and who benefit most from the preservation of the status quo. To question these conventions is, of course, unthinkable; to defy them, a social catastrophe.",ai_mimicked,0.79,6.0,0.4193548387096774,14.005573770491804,1.0,13.0,ai_mimicked,ai_mimicked,ai_mimicked,True,False
"Mrs. John Dashwood saw the packages depart with a sigh: she could not help feeling it hard that as Mrs. Dashwood's income would be so trifling in comparison with their own, she should have any handsome article of furniture. Mrs. Dashwood took the house for a twelvemonth; it was ready furnished, and she might have immediate possession. No difficulty arose on either side in the agreement; and she waited only for the disposal of her effects at Norland, and to determine her future household, before she set off for the west; and this, as she was exceedingly rapid in the performance of everything that interested her, was soon done.",human,0.72,8.0,0.4117647058823529,13.00814220183486,3.0,6.0,human,human,human,True,False
"Consider the subtle, yet pervasive, expectations surrounding emotional expression based on gender. Historically, and continuing in many contexts today, men are discouraged from displaying vulnerability, while women are often penalized for expressing assertiveness. These ingrained norms aren’t biological imperatives, but socially constructed limitations that restrict the full range of human experience. The consequences are far-reaching, impacting mental health, relationships, and professional opportunities. Challenging these expectations requires a conscious dismantling of harmful stereotypes and a fostering of emotional literacy – the ability to understand and articulate feelings without judgment, regardless of gender identity.",ai_neutral,,6.6,0.4482758620689655,19.25745054945055,0.0,10.0,ai_neutral,ai_neutral,ai_neutral,True,False
"As for society, he was carried every other day into the hall where the boys dined, and there sociably flogged as a public warning and example. And so far from being denied the advantages of religious consolation, he was kicked into the same apartment every evening at prayer-time, and there permitted to listen to, and console his mind with, a general supplication of the boys, containing a special clause, therein inserted by authority of the board, in which they entreated to be made good, virtuous, contented, and obedient, and to be guarded from the sins and vices of Oliver Twist: whom the supplication distinctly set forth to be under the exclusive patronage and protection of the powers of wickedness, and an article direct from the manufactory of the very Devil himself.",human,0.7,13.0,0.4444444444444444,29.59164122137405,0.0,14.0,human,human,human,True,False
"“Blood is thicker than water,” the old adage proclaims, yet the reality of familial duty is often far more complex than simple loyalty. Consider the ethical dilemmas that arise when a family member’s actions are morally reprehensible. Does duty demand unwavering support, or does it necessitate a principled stand, even if it means estrangement? This is where the abstract notion of obligation collides with individual conscience. The pressure to protect one’s own can be immense, fueled by a desire to avoid shame or maintain a facade of familial harmony. However, enabling harmful behavior ultimately undermines the very values a family should uphold. True duty, perhaps, lies not in blind allegiance, but in challenging and correcting wrongdoing, even within the family circle.",ai_neutral,0.8,6.428571428571429,0.53125,12.996056670602126,0.0,10.0,ai_neutral,ai_neutral,ai_neutral,True,False
"You must allow me to tell you how ardently I admire and love you.” Elizabeth's astonishment was beyond expression. She stared, coloured, doubted, and was silent. This he considered sufficient encouragement, and the avowal of all that he felt and had long felt for her immediately followed. He spoke well; but there were feelings besides those of the heart to be detailed, and he was not more eloquent on the subject of tenderness than of pride. His sense of her inferiority, of its being a degradation, of the family obstacles which judgment had always opposed to inclination, were dwelt on with a warmth which seemed due to the consequence he was wounding, but was very unlikely to recommend his suit.",human,0.74,6.666666666666667,0.2631578947368421,10.303333333333338,1.0,9.0,human,human,human,True,False
"At length, however, Mrs. Bennet had no more to say; and Lady Lucas, who had been long yawning at the repetition of delights which she saw no likelihood of sharing, was left to the comforts of cold ham and chicken. Elizabeth now began to revive. But not long was the interval of tranquillity; for when supper was over, singing was talked of, and she had the mortification of seeing Mary, after very little entreaty, preparing to oblige the company. By many significant looks and silent entreaties did she endeavour to prevent such a proof of complaisance,--but in vain; Mary would not understand them; such an opportunity of exhibiting was delightful to her, and she began her song.",human,0.71,7.0,0.3181818181818182,12.496683760683762,4.0,10.0,human,human,human,True,False
"A young lady who faints, must be recovered; questions must be answered, and surprizes be explained. Such events are very interesting, but the suspense of them cannot last long. A few minutes made Emma acquainted with the whole. Miss Smith, and Miss Bickerton, another parlour boarder at Mrs. Goddard's, who had been also at the ball, had walked out together, and taken a road, the Richmond road, which, though apparently public enough for safety, had led them into alarm. About half a mile beyond Highbury, making a sudden turn, and deeply shaded by elms on each side, it became for a considerable stretch very retired; and when the young ladies had advanced some way into it, they had suddenly perceived at a small distance before them, on a broader patch of greensward by the side, a party of gipsies.",human,0.8,6.8,0.3703703703703703,10.678093525179856,2.0,18.0,human,human,human,True,False
"Looking beyond purely economic measures, social stratification also operates through the distribution of power and prestige. Certain professions – doctors, lawyers, CEOs – consistently command higher social status, regardless of individual merit. This isn’t solely about income; it’s about the perceived value society places on different types of work. This hierarchy influences not only career aspirations but also social interactions and access to influence. Those in positions of power often have the ability to shape policies and norms in ways that benefit themselves and maintain the existing social order, further solidifying their position within the stratified system. This dynamic highlights the complex interplay between economic resources, social status, and political power.",ai_neutral,0.8,7.333333333333333,0.4166666666666667,15.96105504587156,1.0,7.0,ai_neutral,ai_neutral,ai_neutral,True,False
"The fog, clinging to the cobbled streets of London like a shroud, seemed to possess a peculiar affinity for lost things – lost coins, lost reputations, and, most poignantly, lost innocence. It was in such a miasma that young Jo, the crossing-sweeper, eked out a miserable existence, his very being a testament to societal neglect. He knew nothing of childhood’s joys, of parental affection, of the simple comforts taken for granted by those more fortunate. His innocence was not so much *lost* as it was *never possessed* – a blank slate upon which the harsh realities of life were written in indelible ink. To speak of its recovery is a cruel jest; for what can be restored that was never, for a single moment, truly his?",ai_mimicked,0.75,6.8,0.4814814814814814,12.067483870967743,1.0,13.0,human,ai_mimicked,ai_mimicked,False,False
"The pursuit of power, unchecked by ethical considerations, invariably leads to moral corruption. This isn’t a judgment on ambition itself, but on the willingness to sacrifice integrity for advancement. When individuals or institutions prioritize outcomes over principles, the ends begin to justify increasingly questionable means. Transparency becomes a liability, accountability a nuisance, and empathy a weakness. Systems designed to prevent abuse are subtly undermined, replaced by networks of loyalty and self-preservation. The corruption isn’t merely personal; it becomes systemic, infecting the very structures meant to uphold justice and fairness. The long-term consequences are a loss of public trust, a weakening of democratic institutions, and a culture where self-interest reigns supreme.",ai_neutral,0.76,6.571428571428571,0.25,15.211298701298698,1.0,10.0,ai_neutral,ai_neutral,ai_neutral,True,False
"She was not sorry, however, to have the recital of them interrupted by the entrance of the lady from whom they sprang. it was melancholy to leave her to such society! But she had chosen it with her eyes open; and though evidently regretting that her visitors were to go, she did not seem to ask for compassion. Her home and her housekeeping, her parish and her poultry, and all their dependent concerns, had not yet lost their charms. At length the chaise arrived, the trunks were fastened on, the parcels placed within, and it was pronounced to be ready.",human,0.68,6.6,0.3529411764705882,8.73,1.0,9.0,human,human,human,True,False
"Lady Elliott was delighted with the thought. We measured the dining-room, and found it would hold exactly eighteen couple, and the affair was arranged precisely after my plan. So that, in fact, you see, if people do but know how to set about it, every comfort may be as well enjoyed in a cottage as in the most spacious dwelling.” Elinor agreed to it all, for she did not think he deserved the compliment of rational opposition. As John Dashwood had no more pleasure in music than his eldest sister, his mind was equally at liberty to fix on any thing else; and a thought struck him during the evening, which he communicated to his wife, for her approbation, when they got home.",human,0.83,6.8,0.217391304347826,11.080422764227643,1.0,11.0,human,human,human,True,False
"From a practical standpoint, acknowledging familial duty often involves careful financial planning. Many individuals find themselves contributing to the support of parents or other relatives, whether through direct monetary assistance, providing housing, or covering healthcare costs. This can significantly impact personal financial goals, delaying retirement, limiting investment opportunities, or requiring lifestyle adjustments. Proactive conversations about long-term care, estate planning, and realistic expectations are crucial. Ignoring these responsibilities can lead to resentment and financial strain for all involved. A transparent and collaborative approach, involving all relevant family members, is essential for navigating these challenges effectively and ensuring everyone’s needs are addressed.",ai_neutral,0.86,6.333333333333333,0.6129032258064516,17.696,0.0,11.0,ai_neutral,ai_neutral,ai_neutral,True,False
"Rendered in a manner desperate, by her state and by the beckoning of their conductor, he drew over his neck the arm that shook upon his shoulder, lifted her a little, and hurried her into the room. He sat her down just within the door, and held her, clinging to him. Defarge drew out the key, closed the door, locked it on the inside, took out the key again, and held it in his hand. All this he did, methodically, and with as loud and harsh an accompaniment of noise as he could make. Finally, he walked across the room with a measured tread to where the window was.",human,0.65,6.2,0.2631578947368421,8.067963302752297,0.0,13.0,human,human,human,True,False
"In the first place, he must make such an agreement for tithes as may be beneficial to himself and not offensive to his patron. He must write his own sermons; and the time that remains will not be too much for his parish duties, and the care and improvement of his dwelling, which he cannot be excused from making as comfortable as possible. And I do not think it of light importance that he should have attentive and conciliatory manners towards everybody, especially towards those to whom he owes his preferment. I cannot acquit him of that duty; nor could I think well of the man who should omit an occasion of testifying his respect towards anybody connected with the family.”",human,0.68,9.75,0.5555555555555556,13.858739669421492,2.0,4.0,human,human,human,True,False
"It is in the nurseries, perhaps, that the seeds of this inequity are most insidiously sown. Observe the pampered children of privilege, surrounded by an abundance of toys and attended by a retinue of servants, their futures assured before they have even learned to speak. Contrast this with the urchins scavenging for scraps in the gutters, their education consisting solely of the harsh lessons of survival. The former are taught to believe in their inherent superiority, the latter to accept their predetermined fate. And so, the cycle perpetuates itself, generation after generation, a grim inheritance of advantage and disadvantage, a moral blight upon the national character, and a stain that time, it seems, will struggle to remove.",ai_mimicked,0.71,7.0,0.3,13.706940170940168,0.0,13.0,ai_mimicked,ai_mimicked,ai_mimicked,True,False
"When I had been in Mr. Pocket's family a month or two, Mr. and Mrs. Camilla turned up. Camilla was Mr. Pocket's sister. Georgiana, whom I had seen at Miss Havisham's on the same occasion, also turned up. She was a cousin, an indigestive single woman, who called her rigidity religion, and her liver love. These people hated me with the hatred of cupidity and disappointment. As a matter of course, they fawned upon me in my prosperity with the basest meanness. Towards Mr. Pocket, as a grown-up infant with no notion of his own interests, they showed the complacent forbearance I had heard them express.",human,0.71,6.0,0.2727272727272727,7.371257861635222,0.0,9.0,human,human,human,True,False
"The distinction had, perhaps, been felt too strongly. It had given him a disgust to his business and to his residence in a small market town; and, quitting them both, he had removed with his family to a house about a mile from Meryton, denominated from that period Lucas Lodge; where he could think with pleasure of his own importance, and, unshackled by business, occupy himself solely in being civil to all the world. For, though elated by his rank, it did not render him supercilious; on the contrary, he was all attention to everybody. By nature inoffensive, friendly, and obliging, his presentation at St. James's had made him courteous.",human,0.71,6.75,0.4736842105263157,11.440909090909091,3.0,14.0,human,human,human,True,False
"Consider the case of young Master Alistair Finch, a lad of considerable promise, blessed with fortune and education. Yet, even within the sheltered confines of his privileged existence, the insidious tendrils of corruption found purchase. Not through any deliberate act of wickedness, but through a gradual surrender to apathy, a wilful blindness to the suffering around him. He learned to view the less fortunate not as fellow human beings deserving of compassion, but as inconvenient blemishes upon the landscape of his comfortable life. A shrug of the shoulders, a dismissive remark, a refusal to acknowledge their plight – these small acts of indifference, repeated daily, eroded his moral fibre, leaving him hollow and devoid of genuine feeling. A chilling illustration of how easily privilege can breed moral bankruptcy.",ai_mimicked,0.74,7.333333333333333,0.6875,13.570511811023623,0.0,12.0,ai_mimicked,ai_mimicked,ai_mimicked,True,False
"The drawing-room at Hartfield was, as usual, a scene of polite conversation, though beneath the surface of amiable discourse flowed currents of concealed vanity and carefully cultivated illusion. Mrs. Bennett, lamenting the lack of eligible gentlemen in the neighbourhood, declared her eldest daughter, Lydia, possessed of a sensibility far exceeding that of her sisters, conveniently omitting any mention of Lydia’s notorious flirtations and questionable judgement. It was not, however, a deliberate falsehood, but rather a softening of the truth, a delicate reshaping of reality to preserve a more flattering image – both of Lydia herself, and of Mrs. Bennett’s skill as a mother. Such instances abound, demonstrating how readily we prioritize self-regard over honest assessment, and how easily the mind can be persuaded to accept a pleasing fiction.",ai_mimicked,0.73,8.75,0.40625,16.986866141732282,0.0,15.0,ai_mimicked,ai_mimicked,ai_mimicked,True,False
"One might be tempted to locate the loss of innocence in a singular, defining moment – a stolen coin, a broken promise, a cruel jest. But such a notion, I submit, is far too simplistic. It is, rather, a slow and insidious process, akin to the gradual fading of a cherished portrait. Each passing year adds a layer of varnish, obscuring the original vibrancy, softening the sharp edges of youthful idealism. The world, with its complexities and contradictions, relentlessly chips away at the naive certainties of childhood, replacing them with a more nuanced, and often more disheartening, understanding. It is a necessary, though lamentable, transformation, for only through the loss of innocence can true wisdom – and, alas, a measure of sorrow – be attained.",ai_mimicked,0.74,6.833333333333333,0.5666666666666667,12.458032786885244,0.0,20.0,ai_mimicked,ai_mimicked,ai_mimicked,True,False
"Is it possible to truly un-see the flaws in someone you once idealized? Romantic disillusionment isn’t simply the end of affection; it’s the jarring realization that the carefully constructed image we held – often built on projection and wishful thinking – doesn’t align with the reality of the person. This cognitive dissonance creates a unique kind of grief, a mourning not just for the lost relationship, but for the lost *illusion* of the other. The pain stems from the dismantling of a future envisioned with someone who, it turns out, was never truly capable of fulfilling that vision. It’s a humbling, and often brutal, lesson in the fallibility of human perception and the dangers of placing expectations onto another being. Accepting this discrepancy is the first, agonizing step toward genuine self-awareness.",ai_neutral,0.74,8.0,0.5,13.65081395348837,1.0,7.0,human,ai_neutral,ai_neutral,False,False
"She was quite amazed at her own discomposure; but, amongst other causes of disquiet, she dreaded lest the partiality of the brother should have said too much in her favour; and, more than commonly anxious to please, she naturally suspected that every power of pleasing would fail her. She retreated from the window, fearful of being seen; and as she walked up and down the room, endeavouring to compose herself, saw such looks of inquiring surprise in her uncle and aunt as made everything worse. Miss Darcy and her brother appeared, and this formidable introduction took place. With astonishment did Elizabeth see that her new acquaintance was at least as much embarrassed as herself.",human,0.76,6.25,0.6842105263157895,13.94956140350877,3.0,8.0,human,human,human,True,False
"The allure of power frequently acts as a catalyst for moral corruption, not necessarily through overt villainy, but through the subtle distortion of perspective. Individuals ascending to positions of authority often become insulated from the consequences of their actions, surrounded by those incentivized to reinforce their beliefs rather than challenge them. This echo chamber can foster a sense of entitlement and invulnerability, leading to decisions based on self-preservation or ambition rather than ethical considerations. The gradual erosion of empathy, coupled with the belief that rules apply differently to those ‘in charge,’ creates a breeding ground for abuses that, while perhaps not illegal, are profoundly damaging to public trust and societal fairness.",ai_neutral,0.79,10.0,0.28125,18.088355855855852,0.0,8.0,human,ai_neutral,ai_neutral,False,False
"The girl's life had been squandered in the streets, and among the most noisome of the stews and dens of London, but there was something of the woman's original nature left in her still; and when she heard a light step approaching the door opposite to that by which she had entered, and thought of the wide contrast which the small room would in another moment contain, she felt burdened with the sense of her own deep shame, and shrunk as though she could scarcely bear the presence of her with whom she had sought this interview. But struggling with these better feelings was pride, the vice of the lowest and most debased creatures no less than of the high and self-assured.",human,0.68,10.0,0.5217391304347826,23.28852459016393,1.0,6.0,human,human,human,True,False
"But unfortunately in bestowing these embraces, a pin in her ladyship's head dress slightly scratching the child's neck, produced from this pattern of gentleness such violent screams, as could hardly be outdone by any creature professedly noisy. The mother's consternation was excessive; but it could not surpass the alarm of the Miss Steeles, and every thing was done by all three, in so critical an emergency, which affection could suggest as likely to assuage the agonies of the little sufferer. She was seated in her mother's lap, covered with kisses, her wound bathed with lavender-water, by one of the Miss Steeles, who was on her knees to attend her, and her mouth stuffed with sugar plums by the other.",human,0.76,9.333333333333334,0.2857142857142857,17.92705882352941,1.0,11.0,human,human,human,True,False
"Long, very long, she felt she had been first; for, having no female connexions of his own, there had been only Isabella whose claims could be compared with hers, and she had always known exactly how far he loved and esteemed Isabella. She had herself been first with him for many years past. She had not deserved it; she had often been negligent or perverse, slighting his advice, or even wilfully opposing him, insensible of half his merits, and quarrelling with him because he would not acknowledge her false and insolent estimate of her own but still, from family attachment and habit, and thorough excellence of mind, he had loved her, and watched over her from a girl, with an endeavour to improve her, and an anxiety for her doing right, which no other creature had at all shared.",human,0.67,7.333333333333333,0.7058823529411765,19.45841726618705,2.0,16.0,human,human,human,True,False
"He helped him so far to arouse the rocking figure before the dying embers, as to get a cloak and hat put upon it, and to tempt it forth to find where the bench and work were hidden that it still moaningly besought to have. He walked on the other side of it and protected it to the courtyard of the house where the afflicted heart--so happy in the memorable time when he had revealed his own desolate heart to it--outwatched the awful night. He entered the courtyard and remained there for a few moments alone, looking up at the light in the window of her room.",human,0.67,10.666666666666666,0.4444444444444444,13.869532710280378,0.0,3.0,human,human,human,True,False
"“The only thing necessary for the triumph of evil is for good men to do nothing,” a quote often attributed to Edmund Burke, highlights a crucial aspect of moral corruption: passive complicity. While active participation in unethical acts is undeniably damaging, the silence and inaction of those who recognize wrongdoing can be equally destructive. This isn’t merely a matter of individual conscience; systemic corruption thrives in environments where whistleblowers are silenced, dissent is discouraged, and accountability is lacking. A culture of fear, where challenging authority carries significant personal risk, effectively shields perpetrators and allows corruption to flourish unchecked. Therefore, combating moral decay requires not only identifying and punishing wrongdoers but also fostering a climate of courage and ethical responsibility.",ai_neutral,0.79,7.4,0.5806451612903226,17.986117647058823,1.0,8.0,ai_neutral,ai_neutral,ai_neutral,True,False
"Emma heard that Frank wrote in the highest spirits of this arrangement, and seemed most fully to appreciate the blessing of having two months before him of such near neighbourhood to many dear friends for the house was taken for May and June. She was told that now he wrote with the greatest confidence of being often with them, almost as often as he could even wish. Emma saw how Mr. Weston understood these joyous prospects. He was considering her as the source of all the happiness they offered. She hoped it was not so. Two months must bring it to the proof.",human,0.72,6.166666666666667,0.5384615384615384,6.187406380027742,0.0,2.0,human,human,human,True,False
"She might have been unconsciously sucking in the sad poison, while a sharer of his conversation with her friend; and from the best, the purest of motives, might now be denying herself this visit to Ireland, and resolving to divide herself effectually from him and his connexions by soon beginning her career of laborious duty. Upon the whole, Emma left her with such softened, charitable feelings, as made her look around in walking home, and lament that Highbury afforded no young man worthy of giving her independence; nobody that she could wish to scheme about for her. These were charming feelings but not lasting.",human,0.76,7.666666666666667,0.5625,16.310769230769232,2.0,8.0,human,human,human,True,False
"Removing with him and the old housekeeper to within a mile of the parsonage-house, where his dear friends resided, he gratified the only remaining wish of Oliver's warm and earnest heart, and thus linked together a little society, whose condition approached as nearly to one of perfect happiness as can ever be known in this changing world. Soon after the marriage of the young people, the worthy doctor returned to Chertsey, where, bereft of the presence of his old friends, he would have been discontented if his temperament had admitted of such a feeling; and would have turned quite peevish if he had known how.",human,0.72,10.0,0.6666666666666666,22.41642857142857,1.0,8.0,human,human,human,True,False
"She was, indeed; for, when candles were brought, they saw that in the very short time which had elapsed since their return home, the hue of her countenance had changed to a marble whiteness. Its expression had lost nothing of its beauty; but it was changed; and there was an anxious haggard look about the gentle face, which it had never worn before. Another minute, and it was suffused with a crimson flush: and a heavy wildness came over the soft blue eye. Again this disappeared, like the shadow thrown by a passing cloud; and she was once more deadly pale.",human,0.76,6.75,0.5882352941176471,9.912945544554455,4.0,7.0,human,human,human,True,False
"“The world is a beautiful place,” we tell children, a sentiment that feels increasingly difficult to uphold as they mature. The loss of innocence, therefore, isn’t simply about discovering darkness, but about confronting the coexistence of beauty and brutality. It’s understanding that joy and suffering are inextricably linked, that kindness can be met with cruelty, and that even the most idyllic settings harbor hidden vulnerabilities. This realization can be paralyzing, leading to cynicism or withdrawal. However, it can also foster a deeper appreciation for the preciousness of life and a stronger commitment to creating positive change. Recognizing the fragility of goodness doesn’t negate its value; it amplifies it.",ai_neutral,0.77,6.833333333333333,0.2592592592592592,13.718888888888891,1.0,9.0,ai_neutral,ai_neutral,ai_neutral,True,False
"His circumstances are now unembarrassed he suffers from no evil of that kind; and he thinks only that he has married a woman of a less amiable temper than yourself. But does it follow that had he married you, he would have been happy? The inconveniences would have been different. He would then have suffered under the pecuniary distresses which, because they are removed, he now reckons as nothing. He would have had a wife of whose temper he could make no complaint, but he would have been always necessitous always poor; and probably would soon have learned to rank the innumerable comforts of a clear estate and good income as of far more importance, even to domestic happiness, than the mere temper of a wife.”",human,0.63,6.0,0.7058823529411765,11.750698412698412,2.0,6.0,human,human,human,True,False
"She almost ran out of the room, and as soon as the door was closed, burst into tears of joy, which at first she thought would never cease. Edward, who had till then looked any where, rather than at her, saw her hurry away, and perhaps saw or even heard, her emotion; for immediately afterwards he fell into a reverie, which no remarks, no inquiries, no affectionate address of Mrs. Dashwood could penetrate, and at last, without saying a word, quitted the room, and walked out towards the village leaving the others in the greatest astonishment and perplexity on a change in his situation, so wonderful and so sudden; a perplexity which they had no means of lessening but by their own conjectures.",human,0.74,8.0,0.238095238095238,17.95609756097561,2.0,16.0,human,human,human,True,False
"When these points were settled, and so far carried out as that I had begun to work in earnest, it occurred to me that if I could retain my bedroom in Barnard's Inn, my life would be agreeably varied, while my manners would be none the worse for Herbert's society. Mr. Pocket did not object to this arrangement, but urged that before any step could possibly be taken in it, it must be submitted to my guardian. I felt that this delicacy arose out of the consideration that the plan would save Herbert some expense, so I went off to Little Britain and imparted my wish to Mr. Jaggers.",human,0.7,7.666666666666667,0.1333333333333333,15.251559633027526,0.0,7.0,human,human,human,True,False
"I will answer for the gentleman's indifference.” She spoke with a confidence which staggered, with a satisfaction which silenced, Mr. Knightley. She was in gay spirits, and would have prolonged the conversation, wanting to hear the particulars of his suspicions, every look described, and all the wheres and hows of a circumstance which highly entertained her: but his gaiety did not meet hers. He found he could not be useful, and his feelings were too much irritated for talking. That he might not be irritated into an absolute fever, by the fire which Mr. Woodhouse's tender habits required almost every evening throughout the year, he soon afterwards took a hasty leave, and walked home to the coolness and solitude of Donwell Abbey.",human,0.74,7.2,0.25,10.81377049180328,0.0,10.0,human,human,human,True,False
"The prevalence of novels, particularly those of the Gothic persuasion, has, in recent years, done little to fortify young minds against the inevitable disappointments of affection. Young ladies, having devoured tales of passionate declarations and heroic rescues, approach the realities of the marriage market with an entirely unrealistic sensibility. They anticipate Byronic heroes, and find themselves offered merely worthy, if somewhat dull, esquires. It is not that these esquires are necessarily deficient in character, but rather that they lack the dramatic flair so readily available between the covers of a circulating library book. The consequence is a pervasive discontent, a feeling that life itself is somehow lacking in the requisite degree of romance. A dangerous tendency, surely, and one which threatens the very stability of the establishment.",ai_mimicked,0.79,7.333333333333333,0.5625,15.15003937007874,0.0,13.0,ai_mimicked,ai_mimicked,ai_mimicked,True,False
"Their visitors, except those from Barton Park, were not many; for, in spite of Sir John's urgent entreaties that they would mix more in the neighbourhood, and repeated assurances of his carriage being always at their service, the independence of Mrs. Dashwood's spirit overcame the wish of society for her children; and she was resolute in declining to visit any family beyond the distance of a walk. There were but few who could be so classed; and it was not all of them that were attainable. About a mile and a half from the cottage, along the narrow winding valley of Allenham, which issued from that of Barton, as formerly described, the girls had, in one of their earliest walks, discovered an ancient respectable looking mansion which, by reminding them a little of Norland, interested their imagination and made them wish to be better acquainted with it.",human,0.74,9.0,0.5217391304347826,16.964268707482997,3.0,13.0,human,human,human,True,False
"It was to herself an amusing and a very welcome piece of news, as proving that Mr. Elton could not have suffered long; but she was sorry for Harriet: Harriet must feel it and all that she could hope was, by giving the first information herself, to save her from hearing it abruptly from others. It was now about the time that she was likely to call. If she were to meet Miss Bates in her way! and upon its beginning to rain, Emma was obliged to expect that the weather would be detaining her at Mrs. Goddard's, and that the intelligence would undoubtedly rush upon her without preparation.",human,0.7,6.75,0.4545454545454545,8.491330275229359,1.0,5.0,human,human,human,True,False
"In the same moment, I saw the steersman of the galley lay his hand on his prisoner's shoulder, and saw that both boats were swinging round with the force of the tide, and saw that all hands on board the steamer were running forward quite frantically. Still, in the same moment, I saw the prisoner start up, lean across his captor, and pull the cloak from the neck of the shrinking sitter in the galley. Still in the same moment, I saw that the face disclosed, was the face of the other convict of long ago. Still, in the same moment, I saw the face tilt backward with a white terror on it that I shall never forget, and heard a great cry on board the steamer, and a loud splash in the water, and felt the boat sink from under me.",human,0.53,8.25,0.28125,12.880352112676055,0.0,14.0,human,human,human,True,False
"The fog, a greasy, yellow shroud, clung to the cobbled streets not merely as a meteorological phenomenon, but as a visible manifestation of the moral miasma that seeped from the very stones of the city. It was in the pinched faces of the clerks, hurrying to their ledgers with souls already mortgaged to ambition; in the furtive glances exchanged between those who trafficked in shadows and secrets; and most chillingly, in the vacant eyes of children, robbed of innocence before they’d tasted joy. For what is a city, but a vast and intricate machine, grinding the hopeful into dust, and rewarding the unscrupulous with glittering prizes? And what, pray, is the source of such a perversion, if not a slow, insidious decay of principle, a willingness to sacrifice honour upon the altar of expediency, until even the air itself reeks of compromise?",ai_mimicked,0.73,8.0,0.3783783783783784,17.284577464788736,2.0,16.0,human,ai_mimicked,ai_mimicked,False,False
"The concept of social class frequently evokes images of wealth and poverty, but its impact extends far beyond financial considerations, deeply shaping individual psychology. Individuals internalize their perceived class position, influencing their self-worth, aspirations, and even their health. Those consistently facing economic hardship may develop a sense of learned helplessness, limiting their willingness to take risks or pursue opportunities. Conversely, those from privileged backgrounds may exhibit inflated confidence and a sense of entitlement. This internalized class consciousness isn’t merely a personal issue; it contributes to broader societal divisions and reinforces existing inequalities. Breaking down these psychological barriers requires fostering empathy, promoting inclusive narratives, and challenging the stigmas associated with different class backgrounds.",ai_neutral,0.83,6.0,0.4,17.71321428571429,1.0,9.0,ai_neutral,ai_neutral,ai_neutral,True,False
"If you love Mr. Darcy half so well as I do my dear Wickham, you must be very happy. It is a great comfort to have you so rich; and when you have nothing else to do, I hope you will think of us. I am sure Wickham would like a place at court very much; and I do not think we shall have quite money enough to live upon without some help. Any place would do of about three or four hundred a year; but, however, do not speak to Mr. Darcy about it, if you had rather not.",human,0.66,5.75,0.7142857142857143,5.306000000000001,3.0,5.0,human,human,human,True,False
"Miss Elmsworth, having just completed her eighteenth year, found herself subjected to a particularly rigorous regimen of social calls, each visit a subtle, yet pointed, inquiry into her prospects. It was not, however, the gentlemen themselves who proved the most vexing aspect of these encounters, but rather the pronouncements of their mothers, or, indeed, their aunts. “A delicate constitution, my dear,” Mrs. Featherstonehaugh declared, scrutinizing Miss Elmsworth’s complexion with alarming intensity, “requires a country residence, and a husband with a robust estate.” As if a young lady’s health were solely dependent upon the acreage of her future spouse! Such pronouncements, delivered with an air of benevolent concern, served only to highlight the mercenary nature of the marriage market, and the utter disregard for individual inclination. One could scarcely breathe without being reminded of one’s duty to secure a future, a future invariably defined by the expectations of others.",ai_mimicked,0.81,7.0,0.4324324324324324,13.784092664092665,0.0,20.0,ai_mimicked,ai_mimicked,ai_mimicked,True,False
"We must hold up our heads and fight low, as my brother Solomon used to say. Now, Mr. Cruncher!--Don't you move, Ladybird!” They went out, leaving Lucie, and her husband, her father, and the child, by a bright fire. Mr. Lorry was expected back presently from the Banking House. Miss Pross had lighted the lamp, but had put it aside in a corner, that they might enjoy the fire-light undisturbed. Little Lucie sat by her grandfather with her hands clasped through his arm: and he, in a tone not rising much above a whisper, began to tell her a story of a great and powerful Fairy who had opened a prison-wall and let out a captive who had once done the Fairy a service.",human,0.8,5.833333333333333,0.25,8.552258064516128,0.0,12.0,human,human,human,True,False
"Observing the daily realities of life across different socioeconomic strata reveals a stark truth: social inequality manifests not just in financial terms, but in lived experiences. It’s the difference between choosing organic produce and relying on food banks, between preventative healthcare and emergency room visits, between safe commutes and navigating dangerous streets. These aren’t abstract concepts; they are concrete realities that shape individuals’ life chances and overall well-being. Ignoring these disparities isn’t simply a matter of indifference; it’s a form of active participation in a system that perpetuates suffering and limits human potential.",ai_neutral,,8.0,0.46875,17.585026881720434,2.0,3.0,ai_neutral,ai_neutral,ai_neutral,True,False
"But as to my letting her marry Robert Martin, it is impossible; she has refused him, and so decidedly, I think, as must prevent any second application. She must abide by the evil of having refused him, whatever it may be; and as to the refusal itself, I will not pretend to say that I might not influence her a little; but I assure you there was very little for me or for any body to do. His appearance is so much against him, and his manner so bad, that if she ever were disposed to favour him, she is not now.",human,0.67,7.333333333333333,1.1666666666666667,14.213137254901962,3.0,9.0,human,human,human,True,False
"Moral corruption, at its core, represents a failure of imagination – an inability to fully grasp the consequences of one’s actions on others. It’s a narrowing of perspective, a self-centeredness that blinds individuals to the shared humanity that binds us together. This isn’t simply a matter of lacking empathy, but a more fundamental disconnect from the interconnectedness of all things. When we fail to see the human cost of our choices, we become capable of justifying actions that would otherwise be unthinkable. Rebuilding moral integrity, therefore, requires a conscious effort to cultivate compassion, expand our understanding of diverse perspectives, and recognize our responsibility to the wider community.",ai_neutral,0.75,7.4,0.3448275862068966,15.832716981132076,0.0,9.0,ai_neutral,ai_neutral,ai_neutral,True,False
"It was owing to him, to his reserve and want of proper consideration, that Wickham's character had been so misunderstood, and consequently that he had been received and noticed as he was. Perhaps there was some truth in this; though I doubt whether his reserve, or anybody's reserve can be answerable for the event. But in spite of all this fine talking, my dear Lizzy, you may rest perfectly assured that your uncle would never have yielded, if we had not given him credit for another interest in the affair. When all this was resolved on, he returned again to his friends, who were still staying at Pemberley; but it was agreed that he should be in London once more when the wedding took place, and all money matters were then to receive the last finish.",human,0.74,6.75,0.238095238095238,14.328823529411768,2.0,10.0,human,human,human,True,False
"Imagine a game of chess where one player begins with all the pieces, while the other starts with only a pawn. This stark analogy illustrates the fundamental unfairness inherent in social inequality. It’s not about a lack of effort or ambition on the part of those who are disadvantaged; it’s about a rigged system that stacks the odds against them from the outset. Intergenerational wealth transfer plays a crucial role, allowing advantages to accumulate within families while simultaneously perpetuating disadvantage for others. Breaking these cycles requires proactive policies like progressive taxation, affordable housing initiatives, and robust social safety nets – interventions designed to level the playing field and provide genuine opportunities for all.",ai_neutral,0.83,8.2,0.4375,15.692428571428575,1.0,4.0,ai_neutral,ai_neutral,ai_neutral,True,False
"How it would be a weakness in the government to break down in this attempt to practise for popularity on the lowest national antipathies and fears, and therefore Mr. Attorney-General had made the most of it; how, nevertheless, it rested upon nothing, save that vile and infamous character of evidence too often disfiguring such cases, and of which the State Trials of this country were full. But, there my Lord interposed (with as grave a face as if it had not been true), saying that he could not sit upon that Bench and suffer those allusions. Mr. Stryver then called his few witnesses, and Mr. Cruncher had next to attend while Mr. Attorney-General turned the whole suit of clothes Mr. Stryver had fitted on the jury, inside out; showing how Barsad and Cly were even a hundred times better than he had thought them, and the prisoner a hundred times worse.",human,0.75,9.0,0.65,10.17120151371807,2.0,10.0,human,human,human,True,False
"It is a truth universally acknowledged, that a single man in possession of a good fortune must be the object of every young lady’s regard; yet, to dwell solely upon the lady’s ambition is to present but half the picture. For the gentleman, too, is constrained by the delicate machinery of the establishment, bound to seek a wife not merely of amiable disposition, but of suitable connections. A disparity of fortune, whilst perhaps not insurmountable, introduces a host of practical inconveniences, and a more grievous impediment still lies in the differing habits and expectations bred by vastly unequal circumstances. One observes, with a degree of melancholy, how often genuine affection is sacrificed upon the altar of propriety, and how readily a comfortable, if uninspired, alliance is preferred to the uncertainties of a passionate, yet imprudent, match. The consequence, too often, is a society stratified not by merit, but by the accident of birth and inheritance.",ai_mimicked,0.7,7.8,0.3947368421052631,17.968387096774197,1.0,19.0,ai_mimicked,ai_mimicked,ai_mimicked,True,False
"“But he wrote me verses, Mama!” cried Miss Beatrice, her voice trembling with indignation. “Such verses! Full of rapturous imagery and declarations of eternal esteem!” Mrs. Ainsworth, a woman of considerable experience in the vagaries of the human heart, merely sighed. “My dear,” she observed, with a calmness born of long-suffering, “verses are easily composed, and even more easily forgotten. A gentleman may flatter a lady with poetic flourishes, whilst simultaneously engaging the affections of her cousin.” The truth, though unwelcome, was undeniable. Mr. Thornton’s verses, whilst undeniably flattering, were accompanied by a marked attention to Miss Eleanor, a circumstance Beatrice had conveniently overlooked in her romantic reveries. Propriety, it seemed, was a casualty of poetic license.",ai_mimicked,0.78,6.0,0.4285714285714285,12.374017094017097,0.0,16.0,ai_mimicked,ai_mimicked,ai_mimicked,True,False
"It is a truth universally acknowledged, that a young lady possessed of a comfortable fortune, must be in want of a husband; yet, it is a less frequently observed consequence of a large family, that the daughters, however amiable, must often find their own prospects curtailed by the very necessities of their parents. Miss Eleanor, though possessed of accomplishments sufficient to attract a gentleman of moderate expectations, laboured under the disadvantage of elder brothers whose fortunes, though respectable, were not such as to permit of generous settlements for all. Her mother, a woman of limited discernment, viewed this as a mere inconvenience, easily remedied by a particularly advantageous match; Eleanor, however, perceived the subtle pressure, the unspoken expectation that she must, in essence, provide for the deficiencies of others, a burden far heavier than any dowry could alleviate. Such is the quiet sacrifice demanded by familial duty, and so often borne with a fortitude deserving of greater recognition.",ai_mimicked,0.73,9.0,0.6285714285714286,21.174493670886083,2.0,20.0,human,ai_mimicked,ai_mimicked,False,False
"Is it possible to truly un-see the flaws in someone you once idealized? Romantic disillusionment isn’t simply the end of affection; it’s the jarring realization that the carefully constructed image we held – often built on projection and wishful thinking – doesn’t align with the reality of the person. This cognitive dissonance creates a peculiar grief, a mourning not just for the lost relationship, but for the lost *illusion* of the other. The initial sting is often followed by a period of self-recrimination, questioning our own judgment and susceptibility to fantasy. Ultimately, navigating this disillusionment requires a brutal honesty with ourselves, acknowledging the gap between expectation and actuality, and accepting that even cherished connections can crumble under the weight of truth.",ai_neutral,0.75,7.6,0.4193548387096774,16.49872268907563,1.0,6.0,ai_neutral,ai_neutral,ai_neutral,True,False
"It is frequently asserted that the primary object of female education is to render women more accomplished, and therefore more desirable in the eyes of potential husbands. Yet, what is the true consequence of such training? A young lady may excel in music, drawing, and needlework, but these accomplishments, however pleasing, do little to cultivate the intellect or strengthen the character. Indeed, they often serve merely to enhance her superficial attractions, rendering her a more alluring, but not necessarily a more discerning, companion. The emphasis on external accomplishments, rather than internal cultivation, perpetuates a system wherein women are valued primarily for their appearance and their ability to provide social grace, rather than for their capacity for independent thought or meaningful contribution. A regrettable state of affairs, and one which demands, perhaps, a more enlightened approach to the education of the fairer sex.",ai_mimicked,0.77,7.0,0.6060606060606061,15.494929577464791,0.0,17.0,ai_mimicked,ai_mimicked,ai_mimicked,True,False
"You must give me leave to judge for myself, and pay me the compliment of believing what I say. I wish you very happy and very rich, and by refusing your hand, do all in my power to prevent your being otherwise. In making me the offer, you must have satisfied the delicacy of your feelings with regard to my family, and may take possession of Longbourn estate whenever it falls, without any self-reproach. This matter may be considered, therefore, as finally settled.” And rising as she thus spoke, she would have quitted the room, had not Mr. Collins thus addressed her,--",human,0.74,5.4,0.1333333333333333,8.508627450980391,0.0,11.0,human,human,human,True,False
"“We are all wounded,” as Carl Jung observed, and often, the deepest wounds stem from the loss of innocence regarding those we trust most. The betrayal of a parent, the cruelty of a friend, or the dishonesty of a mentor can shatter a child’s foundational belief in the safety of their world. This isn’t simply about the specific act of betrayal, but the dismantling of a core assumption: that those who are supposed to protect and nurture will always act in your best interest. Rebuilding trust after such a violation is a long and arduous process, often requiring professional guidance and a conscious effort to redefine healthy relationships. The scar tissue remains, a constant reminder of vulnerability.",ai_neutral,0.71,7.2,0.3928571428571428,12.799247863247867,0.0,8.0,human,ai_neutral,ai_neutral,False,False
"The folly of expecting perfection in a partner, a failing to which the novels of the day undoubtedly contribute, is a source of endless unhappiness. Mrs. Beaumont, having imbibed a romantic sensibility from a surfeit of circulating library volumes, found her husband, a perfectly respectable man of business, utterly lacking in the heroic qualities she had anticipated. He was not, alas, a dashing officer or a brooding poet, but a practical, sensible individual concerned with ledgers and the price of wheat. Her complaints, delivered with a delicate air of suffering, were met with a bewildered silence, for Mr. Beaumont could not comprehend why a comfortable home and a secure establishment should not be sufficient to ensure a wife’s contentment. It is a lamentable truth that the imagination, once indulged, is difficult to restrain.",ai_mimicked,0.75,8.0,0.40625,14.170789473684213,0.0,15.0,ai_mimicked,ai_mimicked,ai_mimicked,True,False
"She declared them to be very agreeable girls indeed, which for her ladyship was enthusiastic admiration. Sir John's confidence in his own judgment rose with this animated praise, and he set off directly for the cottage to tell the Miss Dashwoods of the Miss Steeles' arrival, and to assure them of their being the sweetest girls in the world. From such commendation as this, however, there was not much to be learned; Elinor well knew that the sweetest girls in the world were to be met with in every part of England, under every possible variation of form, face, temper and understanding.",human,0.7,9.0,0.35,15.71705882352941,1.0,8.0,human,human,human,True,False
"I brought it to the table near the fire, and asked him what he would have? He touched one of the bottles without looking at it or speaking, and I made him some hot rum and water. I tried to keep my hand steady while I did so, but his look at me as he leaned back in his chair with the long draggled end of his neckerchief between his teeth evidently forgotten made my hand very difficult to master. When at last I put the glass to him, I saw with amazement that his eyes were full of tears.",human,0.69,5.75,0.375,8.674000000000003,0.0,4.0,human,human,human,True,False
"“Oh, Mama, must I?” Amelia’s voice, though subdued, carried a distinct note of protest. Her mother, however, remained unmoved. “It is your duty, my dear, to accompany your Aunt Agatha to Brighton. She is, as you know, quite incapable of managing such a journey alone.” Amelia, who had eagerly anticipated a fortnight of sketching and country walks with her friend, Miss Beaumont, found her hopes dashed. The prospect of enduring Aunt Agatha’s endless complaints and tedious anecdotes filled her with dismay. Yet, to disobey her mother would be unthinkable. Such a display of independence, however justifiable, would be deemed a grave breach of decorum. It was a small sacrifice, perhaps, but one which underscored the pervasive power of familial expectation, and the limitations placed upon a young lady’s agency.",ai_mimicked,0.74,5.0,0.4444444444444444,8.924720930232564,0.0,19.0,ai_mimicked,ai_mimicked,ai_mimicked,True,False
"Some scruples and some reluctance the widower-father may be supposed to have felt; but as they were overcome by other considerations, the child was given up to the care and the wealth of the Churchills, and he had only his own comfort to seek, and his own situation to improve as he could. A complete change of life became desirable. He quitted the militia and engaged in trade, having brothers already established in a good way in London, which afforded him a favourable opening. It was a concern which brought just employment enough. He had still a small house in Highbury, where most of his leisure days were spent; and between useful occupation and the pleasures of society, the next eighteen or twenty years of his life passed cheerfully away.",human,0.71,7.6,0.4074074074074074,11.977692307692312,2.0,7.0,human,human,human,True,False
"Do you call yourself a mother, and not know that a mother's first duty is to blow her boy out?” This touched Young Jerry on a tender place; who adjured his mother to perform her first duty, and, whatever else she did or neglected, above all things to lay especial stress on the discharge of that maternal function so affectingly and delicately indicated by his other parent. Thus the evening wore away with the Cruncher family, until Young Jerry was ordered to bed, and his mother, laid under similar injunctions, obeyed them. Mr. Cruncher beguiled the earlier watches of the night with solitary pipes, and did not start upon his excursion until nearly one o'clock.",human,0.75,7.75,0.4090909090909091,13.681630434782608,1.0,9.0,human,human,human,True,False
"Joe gave it me, but was thoughtful. I, for my part, was thoughtful too; for, how best to check this growing change in Joe was a great perplexity to my remorseful thoughts. That I was ashamed to tell him exactly how I was placed, and what I had come down to, I do not seek to conceal; but I hope my reluctance was not quite an unworthy one. He would want to help me out of his little savings, I knew, and I knew that he ought not to help me, and that I must not suffer him to do it.",human,0.59,5.25,1.1428571428571428,8.277301980198022,2.0,9.0,human,human,human,True,False
"These, and a thousand looks and smiles, and turns of thought and speech I would fain recall them every one. How Mr. Brownlow went on, from day to day, filling the mind of his adopted child with stores of knowledge, and becoming attached to him, more and more, as his nature developed itself, and showed the thriving seeds of all he wished him to become how he traced in him new traits of his early friend, that awakened in his own bosom old remembrances, melancholy and yet sweet and soothing how the two orphans, tried by adversity, remembered its lessons in mercy to others, and mutual love, and fervent thanks to Him who had protected and preserved them these are all matters which need not to be told.",human,0.73,10.5,0.3076923076923077,25.410625,0.0,14.0,human,human,human,True,False
"He resorted to his pint of wine for consolation, drank it all in a few minutes, and fell asleep on his arms, with his hair straggling over the table, and a long winding-sheet in the candle dripping down upon him. The Jackal Those were drinking days, and most men drank hard. So very great is the improvement Time has brought about in such habits, that a moderate statement of the quantity of wine and punch which one man would swallow in the course of a night, without any detriment to his reputation as a perfect gentleman, would seem, in these days, a ridiculous exaggeration.",human,0.74,7.333333333333333,0.375,14.83576923076923,0.0,10.0,ai_mimicked,human,human,False,False
"She sighed for the air, the liberty, the quiet of the country; and fancied that if any place could give her ease, Barton must do it. Elinor was hardly less anxious than herself for their removal, and only so much less bent on its being effected immediately, as that she was conscious of the difficulties of so long a journey, which Marianne could not be brought to acknowledge. She began, however, seriously to turn her thoughts towards its accomplishment, and had already mentioned their wishes to their kind hostess, who resisted them with all the eloquence of her good-will, when a plan was suggested, which, though detaining them from home yet a few weeks longer, appeared to Elinor altogether much more eligible than any other.",human,0.75,9.666666666666666,0.4210526315789473,18.7848,1.0,14.0,ai_mimicked,human,human,False,False
"The concept of lost innocence frequently surfaces in discussions of trauma, but its roots extend far beyond singular, catastrophic events. Consider the subtle impact of constant exposure to negative news cycles, the relentless stream of conflict and suffering broadcast globally. For contemporary children, growing up in a hyper-connected world, a certain level of awareness regarding global issues is unavoidable. While fostering empathy, this constant bombardment can prematurely strip away the protective shield of childhood optimism. They are forced to confront realities – climate change, political polarization, systemic inequality – before they’ve fully developed the emotional tools to process them, leading to a kind of collective, accelerated loss of innocence.",ai_neutral,0.85,6.2,0.5454545454545454,16.686841121495323,0.0,10.0,ai_neutral,ai_neutral,ai_neutral,True,False
"Frank's was the first idea; and his the greatest zeal in pursuing it; for the lady was the best judge of the difficulties, and the most solicitous for accommodation and appearance. But still she had inclination enough for shewing people again how delightfully Mr. Frank Churchill and Miss Woodhouse danced for doing that in which she need not blush to compare herself with Jane Fairfax and even for simple dancing itself, without any of the wicked aids of vanity to assist him first in pacing out the room they were in to see what it could be made to hold and then in taking the dimensions of the other parlour, in the hope of discovering, in spite of all that Mr. Weston could say of their exactly equal size, that it was a little the largest.",human,0.72,9.5,0.5555555555555556,14.762647058823529,2.0,5.0,human,human,human,True,False
"One might be tempted to attribute the chasm between the opulent and the impoverished to mere misfortune, to a capricious fate that bestows blessings upon some and hardship upon others. Yet, to accept such a facile explanation is to abdicate all moral responsibility. For what, pray tell, of the systems – the laws, the customs, the very structures of commerce – that actively perpetuate this imbalance? Consider the workhouses, those grim repositories of human despair, where honest toil is rewarded with starvation rations and the crushing weight of humiliation. Are these not deliberate instruments of control, designed to keep the lower orders in a state of perpetual subservience? No, the suffering we witness is not accidental; it is the direct consequence of a deliberate and callous indifference to the plight of our fellow creatures, a societal arrangement built upon exploitation and sustained by apathy.",ai_mimicked,0.76,8.666666666666666,0.4473684210526316,14.663943661971835,1.0,11.0,human,ai_mimicked,ai_mimicked,False,False
"Impatient in this situation to be doing something that might lead to her sister's relief, Elinor resolved to write the next morning to her mother, and hoped by awakening her fears for the health of Marianne, to procure those inquiries which had been so long delayed; and she was still more eagerly bent on this measure by perceiving after breakfast on the morrow, that Marianne was again writing to Willoughby, for she could not suppose it to be to any other person. About the middle of the day, Mrs. Jennings went out by herself on business, and Elinor began her letter directly, while Marianne, too restless for employment, too anxious for conversation, walked from one window to the other, or sat down by the fire in melancholy meditation.",human,0.72,8.0,0.3809523809523809,19.4875,1.0,12.0,human,human,human,True,False
"And so well was she able to answer her own expectations, that when she joined them at dinner only two hours after she had first suffered the extinction of all her dearest hopes, no one would have supposed from the appearance of the sisters, that Elinor was mourning in secret over obstacles which must divide her for ever from the object of her love, and that Marianne was internally dwelling on the perfections of a man, of whose whole heart she felt thoroughly possessed, and whom she expected to see in every carriage which drove near their house. The necessity of concealing from her mother and Marianne, what had been entrusted in confidence to herself, though it obliged her to unceasing exertion, was no aggravation of Elinor's distress.",human,0.74,11.0,0.1818181818181818,27.254375,0.0,9.0,human,human,human,True,False
"He advised that they should let the time go by until the regular breakfast-hour, and should then meet the Doctor as if nothing unusual had occurred. If he appeared to be in his customary state of mind, Mr. Lorry would then cautiously proceed to seek direction and guidance from the opinion he had been, in his anxiety, so anxious to obtain. Miss Pross, submitting herself to his judgment, the scheme was worked out with care. Having abundance of time for his usual methodical toilette, Mr. Lorry presented himself at the breakfast-hour in his usual white linen, and with his usual neat leg.",human,0.7,5.75,0.5263157894736842,9.08705882352941,0.0,8.0,human,human,human,True,False
"It is a truth universally acknowledged, that a young lady of fortune must be in want of a husband – or, at the very least, a suitable establishment wherein to exercise her accomplishments. Yet, the precise *nature* of that suitability is a matter of perpetual debate, and one frequently dictated less by affection or compatibility than by the cold calculations of family consequence. A modest income, while sufficient for a spinster’s quietude, rarely attracts the attention of gentlemen possessed of ambition; and a lady, however amiable, finds her prospects diminished should her connections lack the requisite standing. One observes, with a degree of melancholy, how often genuine happiness is sacrificed upon the altar of social advancement, and how readily young hearts are bartered for the security of a comfortable provision. The fault, perhaps, lies not with the individuals, but with a system which prioritizes wealth and lineage above all else.",ai_mimicked,0.74,7.4,0.3658536585365853,17.335355704697992,1.0,15.0,ai_mimicked,ai_mimicked,ai_mimicked,True,False
"His gravity and thoughtfulness returned on him in their fullest extent and he sat for some time silent and dull. Elinor saw, with great uneasiness the low spirits of her friend. His visit afforded her but a very partial satisfaction, while his own enjoyment in it appeared so imperfect. It was evident that he was unhappy; she wished it were equally evident that he still distinguished her by the same affection which once she had felt no doubt of inspiring; but hitherto the continuance of his preference seemed very uncertain; and the reservedness of his manner towards her contradicted one moment what a more animated look had intimated the preceding one.",human,0.73,6.75,0.7777777777777778,14.155022522522524,3.0,2.0,human,human,human,True,False
"His opinion, however, made some little amends for his delay, for though acknowledging a very unexpected and unpleasant alteration in his patient, he would not allow the danger to be material, and talked of the relief which a fresh mode of treatment must procure, with a confidence which, in a lesser degree, was communicated to Elinor. He promised to call again in the course of three or four hours, and left both the patient and her anxious attendant more composed than he had found them. With strong concern, and with many reproaches for not being called to their aid, did Mrs. Jennings hear in the morning of what had passed.",human,0.72,9.666666666666666,0.5263157894736842,12.727727272727275,0.0,11.0,human,human,human,True,False
"The narrative often focuses on individual failings as explanations for poverty, but this obscures a crucial truth: opportunity isn’t evenly distributed. Consider the geographical lottery of birth – a child growing up in a well-funded school district with access to extracurricular activities possesses advantages unavailable to a peer in an under-resourced community. This isn’t about inherent ability; it’s about systemic barriers. Furthermore, the increasing concentration of wealth at the top exacerbates the problem, creating a feedback loop where economic power translates into political influence, further solidifying existing inequalities. Breaking this cycle demands a shift in perspective, recognizing that social mobility isn’t solely a matter of personal effort, but a product of the systems we create.",ai_neutral,0.82,7.0,0.3333333333333333,18.76515789473685,1.0,6.0,ai_neutral,ai_neutral,ai_neutral,True,False
"Consider, for a moment, the education – or rather, the lamentable *lack* thereof – afforded to the children of the workhouses. Not merely the absence of Latin and Euclid, though grievous enough, but the systematic denial of any instruction that might elevate the mind, foster ambition, or instill a sense of self-worth. They are taught obedience, yes, and the rote performance of menial tasks, preparing them not for advancement, but for a life of perpetual servitude. It is a deliberate crippling, a pruning of potential, ensuring that these unfortunate waifs remain firmly rooted in the soil of their birth, unable to climb towards the sunlight of opportunity. And what, pray tell, is the justification for such a barbarity? Simply that poverty is a vice, and ignorance its fitting reward? A most unchristian doctrine, and one that speaks volumes about the heartlessness of our age.",ai_mimicked,0.73,7.571428571428571,0.3783783783783784,12.265090543259555,0.0,18.0,ai_mimicked,ai_mimicked,ai_mimicked,True,False
"Mr. Fagin laid great stress on the fact of his having taken Oliver in, and cherished him, when, without his timely aid, he might have perished with hunger; and he related the dismal and affecting history of a young lad whom, in his philanthropy, he had succoured under parallel circumstances, but who, proving unworthy of his confidence and evincing a desire to communicate with the police, had unfortunately come to be hanged at the Old Bailey one morning. Mr. Fagin did not seek to conceal his share in the catastrophe, but lamented with tears in his eyes that the wrong-headed and treacherous behaviour of the young person in question, had rendered it necessary that he should become the victim of certain evidence for the crown: which, if it were not precisely true, was indispensably necessary for the safety of him (Mr. Fagin) and a few select friends.",human,0.71,13.5,0.625,21.982585034013606,1.0,13.0,human,human,human,True,False
"There was nobody inside but a miserable shoeless criminal, who had been taken up for playing the flute, and who, the offence against society having been clearly proved, had been very properly committed by Mr. Fang to the House of Correction for one month; with the appropriate and amusing remark that since he had so much breath to spare, it would be more wholesomely expended on the treadmill than in a musical instrument. He made no answer: being occupied mentally bewailing the loss of the flute, which had been confiscated for the use of the county: so Nancy passed on to the next cell, and knocked there.",human,0.74,11.5,0.375,16.07514018691589,1.0,7.0,human,human,human,True,False
"It seemed like wilful ill-nature, or a voluntary penance; for on these occasions it was not merely a few formal inquiries and an awkward pause and then away, but he actually thought it necessary to turn back and walk with her. He never said a great deal, nor did she give herself the trouble of talking or of listening much; but it struck her in the course of their third encounter that he was asking some odd unconnected questions--about her pleasure in being at Hunsford, her love of solitary walks, and her opinion of Mr. and Mrs. Collins's happiness; and that in speaking of Rosings, and her not perfectly understanding the house, he seemed to expect that whenever she came into Kent again she would be staying there too.",human,0.76,12.0,0.7058823529411765,18.74279069767442,3.0,7.0,human,human,human,True,False
"They might advance rapidly if they would, however; they must advance somehow or other whether they would or no. She hardly wished to have more leisure for them. There are people, who the more you do for them, the less they will do for themselves. Mr. and Mrs. John Knightley, from having been longer than usual absent from Surry, were exciting of course rather more than the usual interest. Till this year, every long vacation since their marriage had been divided between Hartfield and Donwell Abbey; but all the holidays of this autumn had been given to sea-bathing for the children, and it was therefore many months since they had been seen in a regular way by their Surry connexions, or seen at all by Mr. Woodhouse, who could not be induced to get so far as London, even for poor Isabella's sake; and who consequently was now most nervously and apprehensively happy in forestalling this too short visit.",human,0.73,7.0,0.7222222222222222,11.814182389937107,3.0,10.0,human,human,human,True,False
"His present pursuit could not make him forget that Elizabeth had been the first to excite and to deserve his attention, the first to listen and to pity, the first to be admired; and in his manner of bidding her adieu, wishing her every enjoyment, reminding her of what she was to expect in Lady Catherine de Bourgh, and trusting their opinion of her--their opinion of everybody--would always coincide, there was a solicitude, an interest, which she felt must ever attach her to him with a most sincere regard; and she parted from him convinced, that, whether married or single, he must always be her model of the amiable and pleasing.",human,0.67,15.0,0.9090909090909092,45.66576576576577,2.0,11.0,human,human,human,True,False
"Once, it had seemed to me that when I should at last roll up my shirt-sleeves and go into the forge, Joe's 'prentice, I should be distinguished and happy. Now the reality was in my hold, I only felt that I was dusty with the dust of small-coal, and that I had a weight upon my daily remembrance to which the anvil was a feather. There have been occasions in my later life (I suppose as in most lives) when I have felt for a time as if a thick curtain had fallen on all its interest and romance, to shut me out from anything save dull endurance any more.",human,0.69,7.333333333333333,0.4285714285714285,13.835454545454542,0.0,6.0,human,human,human,True,False
"The scent of sandalwood, once inextricably linked with warmth and intimacy, can become a painful trigger after romantic disillusionment. This isn’t merely about missing the person; it’s about the erosion of a shared world. Every song, every inside joke, every familiar place transforms into a stark reminder of what *was*, and more importantly, what will never be. The emotional landscape shifts, becoming littered with the debris of broken promises and unmet needs. It’s a process of deconstruction, dismantling the carefully curated narrative of ‘us’ and confronting the uncomfortable truth that compatibility isn’t guaranteed, and love, in itself, isn’t always enough to sustain a connection.",ai_neutral,0.73,7.0,0.3571428571428571,14.533538461538466,1.0,11.0,ai_neutral,ai_neutral,ai_neutral,True,False
"It must not be: and yet the danger of a renewal of the acquaintance ! After much thinking, she could determine on nothing better, than Harriet's returning the visit; but in a way that, if they had understanding, should convince them that it was to be only a formal acquaintance. She meant to take her in the carriage, leave her at the Abbey Mill, while she drove a little farther, and call for her again so soon, as to allow no time for insidious applications or dangerous recurrences to the past, and give the most decided proof of what degree of intimacy was chosen for the future.",human,0.74,9.333333333333334,0.3529411764705882,15.333396226415095,1.0,9.0,human,human,human,True,False
"Mrs. Featherstonehaugh, a woman whose pronouncements on propriety were as numerous as her ribbons, declared to Miss Elmsworth that a refusal of Mr. Grimshaw was “quite beyond comprehension.” The young lady, though possessed of a tolerable fortune and a passable countenance, had dared to decline a match which promised to elevate her family’s standing. “Such sensibility!” Mrs. Featherstonehaugh exclaimed, fanning herself dramatically. “To reject a man of consequence merely because his conversation lacks…spark! It is a most unsettling example.” Miss Elmsworth, privately convinced that Mr. Grimshaw’s conversation resembled nothing so much as a prolonged catalogue of his own virtues, maintained a polite silence. One wonders, however, if such displays of obstinacy are not, in truth, a subtle form of rebellion against the suffocating constraints imposed upon women, a quiet assertion of self-worth in a world that values them primarily for their connections.",ai_mimicked,0.74,5.75,0.3333333333333333,11.58727699530517,0.0,12.0,ai_mimicked,ai_mimicked,ai_mimicked,True,False
"Neither of us spoke of the boat, but we both thought of it. That was made apparent by our avoidance of the subject, and by our agreeing without agreement to make my recovery of the use of my hands a question of so many hours, not of so many weeks. My first question when I saw Herbert had been of course, whether all was well down the river? As he replied in the affirmative, with perfect confidence and cheerfulness, we did not resume the subject until the day was wearing away. But then, as Herbert changed the bandages, more by the light of the fire than by the outer light, he went back to it spontaneously.",human,0.68,7.0,0.3809523809523809,9.93731034482759,0.0,9.0,human,human,human,True,False
"After a song or two, and before she could reply to the entreaties of several that she would sing again, she was eagerly succeeded at the instrument by her sister Mary, who having, in consequence of being the only plain one in the family, worked hard for knowledge and accomplishments, was always impatient for display. Mary had neither genius nor taste; and though vanity had given her application, it had given her likewise a pedantic air and conceited manner, which would have injured a higher degree of excellence than she had reached. Elizabeth, easy and unaffected, had been listened to with much more pleasure, though not playing half so well; and Mary, at the end of a long concerto, was glad to purchase praise and gratitude by Scotch and Irish airs, at the request of her younger sisters, who with some of the Lucases, and two or three officers, joined eagerly in dancing at one end of the room.",human,0.73,11.333333333333334,0.4666666666666667,22.66867924528302,2.0,17.0,human,human,human,True,False
"Is the weight of familial duty a benevolent support, or a suffocating constraint? Often, it manifests as an unspoken contract, forged not in explicit agreement but in the shared history and emotional dependencies within a family. This isn’t necessarily about grand gestures of sacrifice, but the accumulation of small obligations – a parent’s aging needs, a sibling’s financial struggles, the expectation of carrying on a family business. Modern society, with its emphasis on individual autonomy, frequently clashes with these ingrained expectations. The tension arises when personal aspirations are perceived as selfish in the face of familial need. Navigating this requires honest communication, establishing boundaries, and recognizing that fulfilling one’s own potential doesn’t inherently diminish one’s love or commitment to family. Ultimately, a healthy approach balances responsibility with self-preservation.",ai_neutral,0.77,7.285714285714286,0.425,16.479415073115863,0.0,11.0,ai_neutral,ai_neutral,ai_neutral,True,False
"“But, Mama,” protested Miss Beaumont, her voice a delicate tremor, “Mr. Finch is…peculiar. He speaks incessantly of his prize-winning turnips!” Mrs. Beaumont, however, remained unmoved. “Peculiarities, my dear, are often overlooked in a man of substance. And turnips, after all, represent a secure investment.” The conversation, overheard during a particularly tedious afternoon call, perfectly encapsulated the prevailing attitude towards matrimony. It was not love, nor even compatibility, that dictated a favourable match, but rather the potential for financial security and social standing. One might almost suspect that young ladies were viewed as mere commodities, to be exchanged for titles and estates. The absurdity of it all was, admittedly, rather diverting, were it not for the genuine unhappiness it so often engendered.",ai_mimicked,0.87,5.222222222222222,0.4074074074074074,12.180606060606063,0.0,19.0,ai_mimicked,ai_mimicked,ai_mimicked,True,False
"His heart beat quickly when he bethought himself of this; and he half resolved to turn back. He had come a long way though, and should lose a great deal of time by doing so. Besides, it was so early that there was very little fear of his being seen; so he walked on. There was no appearance of its inmates stirring at that early hour. Oliver stopped, and peeped into the garden. A child was weeding one of the little beds; as he stopped, he raised his pale face and disclosed the features of one of his former companions.",human,0.68,6.333333333333333,0.5714285714285714,5.778000000000002,3.0,4.0,human,human,human,True,False
"Now was the time when her son-in-law's promise to his father might with particular propriety be fulfilled. Since he had neglected to do it on first coming to the estate, their quitting his house might be looked on as the most suitable period for its accomplishment. But Mrs. Dashwood began shortly to give over every hope of the kind, and to be convinced, from the general drift of his discourse, that his assistance extended no farther than their maintenance for six months at Norland. He so frequently talked of the increasing expenses of housekeeping, and of the perpetual demands upon his purse, which a man of any consequence in the world was beyond calculation exposed to, that he seemed rather to stand in need of more money himself than to have any design of giving money away.",human,0.75,9.25,0.1724137931034483,15.596697080291973,0.0,7.0,human,human,human,True,False
"It was appointed that the book should shut with a spring, for ever and for ever, when I had read but a page. It was appointed that the water should be locked in an eternal frost, when the light was playing on its surface, and I stood in ignorance on the shore. My friend is dead, my neighbour is dead, my love, the darling of my soul, is dead; it is the inexorable consolidation and perpetuation of the secret that was always in that individuality, and which I shall carry in mine to my life's end. In any of the burial-places of this city through which I pass, is there a sleeper more inscrutable than its busy inhabitants are, in their innermost personality, to me, or than I am to them?",human,0.59,7.5,0.3461538461538461,13.75654580152672,1.0,13.0,human,human,human,True,False
"Long after I ought to have heard it, and long after I had fancied I heard it and found it but a fancy, all was still. The limes were there, and the white thorns were there, and the chestnut-trees were there, and their leaves rustled harmoniously when I stopped to listen; but, the clink of Joe's hammer was not in the midsummer wind. Almost fearing, without knowing why, to come in view of the forge, I saw it at last, and saw that it was closed. No gleam of fire, no glittering shower of sparks, no roar of bellows; all shut up, and still.",human,0.62,6.5,0.2352941176470588,9.073076923076924,2.0,13.0,human,human,human,True,False
"Your mother being dead, I knew that you alone could solve the mystery if anybody could, and as when I had last heard of you you were on your own estate in the West Indies whither, as you well know, you retired upon your mother's death to escape the consequences of vicious courses here I made the voyage. You had left it, months before, and were supposed to be in London, but no one could tell where. Your agents had no clue to your residence. You came and went, they said, as strangely as you had ever done: sometimes for days together and sometimes not for months: keeping to all appearance the same low haunts and mingling with the same infamous herd who had been your associates when a fierce ungovernable boy.",human,0.67,6.5,0.4285714285714285,13.281515151515151,0.0,9.0,human,human,human,True,False
"You must be the best judge of your own happiness. If you prefer Mr. Martin to every other person; if you think him the most agreeable man you have ever been in company with, why should you hesitate? Does any body else occur to you at this moment under such a definition? Harriet, Harriet, do not deceive yourself; do not be run away with by gratitude and compassion. At this moment whom are you thinking of?” Instead of answering, Harriet turned away confused, and stood thoughtfully by the fire; and though the letter was still in her hand, it was now mechanically twisted about without regard.",human,0.72,4.833333333333333,0.3333333333333333,8.349676549865233,3.0,6.0,human,human,human,True,False
"Lakes, mountains, and rivers, shall not be jumbled together in our imaginations; nor, when we attempt to describe any particular scene, will we begin quarrelling about its relative situation. Let our first effusions be less insupportable than those of the generality of travellers.” Every object in the next day's journey was new and interesting to Elizabeth; and her spirits were in a state of enjoyment; for she had seen her sister looking so well as to banish all fear for her health, and the prospect of her northern tour was a constant source of delight. When they left the high road for the lane to Hunsford, every eye was in search of the Parsonage, and every turning expected to bring it in view.",human,0.76,7.25,0.3571428571428571,14.43827235772358,3.0,8.0,human,human,human,True,False
"She was not struck by any thing remarkably clever in Miss Smith's conversation, but she found her altogether very engaging not inconveniently shy, not unwilling to talk and yet so far from pushing, shewing so proper and becoming a deference, seeming so pleasantly grateful for being admitted to Hartfield, and so artlessly impressed by the appearance of every thing in so superior a style to what she had been used to, that she must have good sense, and deserve encouragement. Those soft blue eyes, and all those natural graces, should not be wasted on the inferior society of Highbury and its connexions.",human,0.76,9.0,1.0,23.27254901960784,0.0,9.0,human,human,human,True,False
"From a developmental psychology perspective, the loss of innocence is intrinsically linked to cognitive growth. As children develop abstract thinking skills, they begin to question previously accepted narratives and understand the nuances of cause and effect. This isn’t necessarily a negative process; it’s a crucial component of moral reasoning. The ability to empathize, to understand differing perspectives, and to recognize the complexities of ethical dilemmas all require a departure from simplistic, black-and-white thinking. The shift from believing in Santa Claus, for example, isn’t just about discovering a falsehood; it’s about developing the capacity for critical analysis and understanding the concept of intentional deception.",ai_neutral,0.71,6.4,0.4285714285714285,16.84594174757282,2.0,7.0,human,ai_neutral,ai_neutral,False,False
"One observes, with a degree of detached amusement, the tendency of those recently afflicted by romantic disappointment to pronounce all men knaves and all affection a delusion. Such pronouncements, while understandable in the heat of the moment, are demonstrably untrue. To condemn an entire sex based upon the failings of a single individual is a display of both immaturity and a lamentable lack of perspective. It is, moreover, a remarkably self-serving position, allowing the injured party to maintain a sense of moral superiority. A more rational response would be to acknowledge the inherent imperfections of human nature, and to approach future attachments with a greater degree of caution and a more realistic assessment of potential consequences.",ai_mimicked,0.73,8.8,0.46875,15.53213793103448,0.0,8.0,human,ai_mimicked,ai_mimicked,False,False
"Consider, if you will, the case of Mr. Silas Blackwood, a man possessed of fortune and position, yet utterly devoid of principle. He did not gamble, nor frequent disreputable houses, nor engage in any of the more obvious vices; his corruption was of a far more refined, and therefore, more dangerous sort. It resided in the cold, calculating manipulation of others, the subtle twisting of truth to serve his own ambitions, and the utter disregard for the consequences of his actions upon those less fortunate. He was a master of appearances, a pillar of the community, whilst secretly dismantling the lives of those who trusted him, all in the pursuit of ever-greater wealth and influence. Such men, cloaked in respectability, are the true architects of societal decay, for they poison the wellsprings of trust and leave behind a legacy of bitterness and despair.",ai_mimicked,0.71,8.6,0.4411764705882353,13.261643356643358,1.0,17.0,ai_mimicked,ai_mimicked,ai_mimicked,True,False
"The relentless pursuit of ‘normal’ often overlooks the beautiful spectrum of human experience. Social expectations frequently operate on the assumption of a monolithic ideal – a singular path to success, happiness, or fulfillment. This inherently disadvantages those who deviate from the norm, whether due to neurodiversity, differing cultural backgrounds, or simply a unique set of values. Consider the impact on individuals with disabilities, who may face barriers to participation simply because societal structures aren’t designed with inclusivity in mind. Or the pressure on marginalized communities to assimilate, sacrificing cultural identity for acceptance. Challenging these narrow definitions of ‘normal’ isn’t about rejecting all standards, but about expanding them to embrace the richness of human diversity.",ai_neutral,0.76,7.666666666666667,0.5,16.92137168141593,0.0,8.0,ai_neutral,ai_neutral,ai_neutral,True,False
"That young man (speaking lower) is very thoughtless. Do not tell his father, but that young man is not quite the thing. He has been opening the doors very often this evening, and keeping them open very inconsiderately. He does not think of the draught. I do not mean to set you against him, but indeed he is not quite the thing!” Mrs. Weston was sorry for such a charge. She knew the importance of it, and said every thing in her power to do it away. Every door was now closed, the passage plan given up, and the first scheme of dancing only in the room they were in resorted to again; and with such good-will on Frank Churchill's part, that the space which a quarter of an hour before had been deemed barely sufficient for five couple, was now endeavoured to be made out quite enough for ten.",human,0.68,5.0,0.3478260869565217,7.455833333333334,1.0,8.0,human,human,human,True,False
"By their uncertain light she thought she could discern it to be drawn by four horses; and this, while it told the excess of her poor mother's alarm, gave some explanation to such unexpected rapidity. Never in her life had Elinor found it so difficult to be calm, as at that moment. The knowledge of what her mother must be feeling as the carriage stopt at the door of her doubt her dread perhaps her despair! and of what she had to tell! with such knowledge it was impossible to be calm. All that remained to be done was to be speedy; and, therefore staying only till she could leave Mrs. Jennings's maid with her sister, she hurried down stairs.",human,0.63,6.666666666666667,0.55,6.927380952380954,2.0,5.0,human,human,human,True,False
"They allowed a very liberal table to Mr. and Mrs. Pocket, yet it always appeared to me that by far the best part of the house to have boarded in would have been the kitchen, always supposing the boarder capable of self-defence, for, before I had been there a week, a neighbouring lady with whom the family were personally unacquainted, wrote in to say that she had seen Millers slapping the baby. This greatly distressed Mrs. Pocket, who burst into tears on receiving the note, and said that it was an extraordinary thing that the neighbours couldn't mind their own business.",human,0.75,8.0,0.3888888888888889,11.782252475247525,0.0,8.0,human,human,human,True,False
"He practised on her affection in that systematic way, that he got great sums of money from her, and he induced her to buy her brother out of a share in the brewery (which had been weakly left him by his father) at an immense price, on the plea that when he was her husband he must hold and manage it all. Your guardian was not at that time in Miss Havisham's counsels, and she was too haughty and too much in love to be advised by any one. Her relations were poor and scheming, with the exception of my father; he was poor enough, but not time-serving or jealous.",human,0.7,8.0,0.5263157894736842,14.05,1.0,6.0,human,human,human,True,False
"Mr. and Mrs. Bumble, deprived of their situations, were gradually reduced to great indigence and misery, and finally became paupers in that very same workhouse in which they had once lorded it over others. Mr. Bumble has been heard to say, that in this reverse and degradation, he has not even spirits to be thankful for being separated from his wife. As to Mr. Giles and Brittles, they still remain in their old posts, although the former is bald, and the last-named boy quite grey. They sleep at the parsonage, but divide their attentions so equally among its inmates, and Oliver and Mr. Brownlow, and Mr. Losberne, that to this day the villagers have never been able to discover to which establishment they properly belong.",human,0.78,7.75,0.4444444444444444,9.782285714285717,0.0,12.0,human,human,human,True,False
"Wickham was not at all more distressed than herself; but his manners were always so pleasing, that, had his character and his marriage been exactly what they ought, his smiles and his easy address, while he claimed their relationship, would have delighted them all. Elizabeth had not before believed him quite equal to such assurance; but she sat down, resolving within herself to draw no limits in future to the impudence of an impudent man. She blushed, and Jane blushed; but the cheeks of the two who caused their confusion suffered no variation of colour. There was no want of discourse.",human,0.75,7.0,0.3529411764705882,11.081262376237625,3.0,7.0,human,human,human,True,False
"All the air round was so thick and dark, the people were so passionately revengeful and fitful, the innocent were so constantly put to death on vague suspicion and black malice, it was so impossible to forget that many as blameless as her husband and as dear to others as he was to her, every day shared the fate from which he had been clutched, that her heart could not be as lightened of its load as she felt it ought to be. The shadows of the wintry afternoon were beginning to fall, and even now the dreadful carts were rolling through the streets.",human,0.65,7.5,0.7647058823529411,20.34769230769231,0.0,6.0,human,human,human,True,False
"Mrs. Bennet had so carefully provided for the entertainment of her brother and sister, that they did not once sit down to a family dinner. When the engagement was for home, some of the officers always made part of it, of which officers Mr. Wickham was sure to be one; and on these occasions Mrs. Gardiner, rendered suspicious by Elizabeth's warm commendation of him, narrowly observed them both. Without supposing them, from what she saw, to be very seriously in love, their preference of each other was plain enough to make her a little uneasy; and she resolved to speak to Elizabeth on the subject before she left Hertfordshire, and represent to her the imprudence of encouraging such an attachment.",human,0.77,7.666666666666667,0.4375,12.453333333333331,2.0,9.0,human,human,human,True,False
"Consider the phenomenon of the “limerence burnout.” Initially, the obsessive thoughts and intense emotional highs of new attraction can feel exhilarating. However, this state is unsustainable. As the novelty fades, and the brain’s reward system recalibrates, the constant striving for reciprocation – the agonizing over texts, the overanalyzing of interactions – becomes exhausting. When the object of affection fails to consistently provide the desired dopamine rush, disillusionment sets in, not because the person is inherently flawed, but because the neurochemical basis of the infatuation has collapsed. This highlights the biological component of romantic disappointment, reminding us that even the most profound feelings are rooted in complex physiological processes.",ai_neutral,0.77,5.166666666666667,0.4827586206896552,15.56792452830189,0.0,9.0,ai_neutral,ai_neutral,ai_neutral,True,False
"Had she refused, I should have gone mad. But you will be ready to say, what was your hope in doing this? What did you look forward to? To any thing, every thing to time, chance, circumstance, slow effects, sudden bursts, perseverance and weariness, health and sickness. Every possibility of good was before me, and the first of blessings secured, in obtaining her promises of faith and correspondence. If you need farther explanation, I have the honour, my dear madam, of being your husband's son, and the advantage of inheriting a disposition to hope for good, which no inheritance of houses or lands can ever equal the value of.",human,0.74,7.833333333333333,0.2413793103448276,9.35738532110092,0.0,16.0,human,human,human,True,False
"But I saw that everything within my view which ought to be white, had been white long ago, and had lost its lustre and was faded and yellow. I saw that the bride within the bridal dress had withered like the dress, and like the flowers, and had no brightness left but the brightness of her sunken eyes. I saw that the dress had been put upon the rounded figure of a young woman, and that the figure upon which it now hung loose had shrunk to skin and bone. Once, I had been taken to see some ghastly waxwork at the Fair, representing I know not what impossible personage lying in state.",human,0.58,6.25,0.5555555555555556,10.569092920353985,0.0,7.0,human,human,human,True,False
"The pursuit of power, unchecked by ethical considerations, frequently reveals the corrosive nature of moral corruption. Individuals driven solely by ambition often view others as instruments to be manipulated, their needs and dignity secondary to the attainment of personal goals. This instrumentalization extends beyond individuals to encompass institutions and even societal norms, which are bent and twisted to serve the powerful’s agenda. The resulting environment fosters a culture of deceit and self-preservation, where loyalty is transactional and truth is a casualty. Ultimately, this form of corruption doesn’t just damage those exploited, but fundamentally degrades the character of the perpetrator, leaving them isolated and distrusted, despite their apparent success.",ai_neutral,0.77,7.2,0.3225806451612903,17.417333333333335,0.0,9.0,ai_neutral,ai_neutral,ai_neutral,True,False
"And when he and I were left alone together, he sat with an air upon him of general lying by in consequence of information he possessed, that really was too much for me. He cross-examined his very wine when he had nothing else in hand. He held it between himself and the candle, tasted the port, rolled it in his mouth, swallowed it, looked at his glass again, smelt the port, tried it, drank it, filled again, and cross-examined the glass again, until I was as nervous as if I had known the wine to be telling him something to my disadvantage.",human,0.65,10.333333333333334,0.5384615384615384,13.750392156862748,0.0,12.0,human,human,human,True,False
"The youthful infatuation of nineteen would naturally blind him to every thing but her beauty and good nature; but the four succeeding years years, which if rationally spent, give such improvement to the understanding, must have opened his eyes to her defects of education, while the same period of time, spent on her side in inferior society and more frivolous pursuits, had perhaps robbed her of that simplicity which might once have given an interesting character to her beauty. If in the supposition of his seeking to marry herself, his difficulties from his mother had seemed great, how much greater were they now likely to be, when the object of his engagement was undoubtedly inferior in connections, and probably inferior in fortune to herself.",human,0.71,8.0,0.4444444444444444,27.907741935483877,1.0,10.0,human,human,human,True,False
"“He admires my embroidery, you know,” Miss Ainsworth confided to her sister, her voice brimming with a significance entirely unwarranted by Mr. Finch’s brief and perfunctory compliment. “He remarked upon the delicacy of the shading, and the precision of the stitches!” Her sister, more grounded in reality, observed only that Mr. Finch had been attempting to escape a particularly tedious conversation about the price of muslin. Yet, Miss Ainsworth, lost in her own romantic reverie, had already constructed an entire narrative of burgeoning affection, founded upon the flimsiest of evidence. It is a curious phenomenon, this selective hearing of the heart, this tendency to interpret ambiguity as confirmation of one’s dearest hopes. The establishment of such fancies, however, rarely leads to lasting happiness.",ai_mimicked,0.74,7.333333333333333,0.3448275862068966,12.567225609756097,0.0,14.0,ai_mimicked,ai_mimicked,ai_mimicked,True,False
"But the old gentleman could recall no one countenance of which Oliver's features bore a trace. So, he heaved a sigh over the recollections he awakened; and being, happily for himself, an absent old gentleman, buried them again in the pages of the musty book. He was roused by a touch on the shoulder, and a request from the man with the keys to follow him into the office. He closed his book hastily; and was at once ushered into the imposing presence of the renowned Mr. Fang. The office was a front parlour, with a panelled wall. Mr. Fang sat behind a bar, at the upper end; and on one side of the door was a sort of wooden pen in which poor little Oliver was already deposited; trembling very much at the awfulness of the scene.",human,0.69,6.333333333333333,0.3571428571428571,10.224927536231885,4.0,7.0,human,human,human,True,False
"You must think one five hundred million times more above me than the other. But I hope, Miss Woodhouse, that supposing that if strange as it may appear . But you know they were your own words, that more wonderful things had happened, matches of greater disparity had taken place than between Mr. Frank Churchill and me; and, therefore, it seems as if such a thing even as this, may have occurred before and if I should be so fortunate, beyond expression, as to if Mr. Knightley should really if he does not mind the disparity, I hope, dear Miss Woodhouse, you will not set yourself against it, and try to put difficulties in the way.",human,0.72,6.666666666666667,0.7272727272727273,9.386956521739132,1.0,13.0,human,human,human,True,False
