word,class,count,mean_attribution,std_attribution,median_attribution,total_attribution
and,human,1300,0.00028531576,0.0009889409,0.00027062604,0.3709105
then,human,43,0.0002488762,0.0010755805,0.00036145904,0.010701677
there,human,114,0.00016032995,0.0009590059,0.00015336432,0.018277613
was,human,576,-0.0003468272,0.0009940169,-0.00041965535,-0.19977246
such,human,95,-0.00032912564,0.001149711,-0.00017719436,-0.031266935
comfort,human,18,-0.00023723932,0.00060619786,-0.00018754392,-0.0042703077
in,human,631,-0.00019065244,0.0011186611,-0.00015874978,-0.12030169
the,human,1631,0.0006524151,0.0011255869,0.00065714464,1.0640891
very,human,107,-6.785031e-05,0.0011068771,0.00012286674,-0.007259983
easy,human,7,-0.00013028352,0.0009813268,0.0003323825,-0.0009119846
distance,human,9,-0.00042398262,0.0007115836,-0.00022048812,-0.0038158437
of,human,1149,-0.00017659133,0.0009743762,-0.00018304665,-0.20290345
randall,human,5,0.0030500751,0.0007794532,0.003053203,0.0152503755
from,human,158,-0.000106667525,0.0012540397,-0.00015267092,-0.016853468
hart,human,8,0.00033634194,0.0022706322,0.00030570655,0.0026907355
field,human,11,0.0004882842,0.0019443531,0.0010481565,0.0053711263
so,human,166,0.00018979223,0.00092859776,0.0002320325,0.03150551
for,human,296,0.00031705445,0.0011109599,0.0004025321,0.09384812
even,human,40,-0.0005854332,0.0008649051,-0.0005935126,-0.023417328
solitary,human,3,-0.0006481435,0.00038030834,-0.0007856529,-0.0019444306
female,human,4,0.0018274784,0.001986812,0.00200186,0.0073099136
walking,human,10,-0.00023201406,0.0014874266,0.0004704949,-0.0023201406
mr,human,140,-0.0010559434,0.0020237514,-0.00083785265,-0.14783208
weston,human,17,0.0014829481,0.0015359938,0.0013579288,0.025210118
disposition,human,12,-7.615192e-05,0.001600803,6.93653e-05,-0.000913823
circumstances,human,12,-0.0008406937,0.0010248448,-0.0007686657,-0.010088325
which,human,171,-0.00014232521,0.0012711819,-0.0001288431,-0.024337612
would,human,173,-0.00019573644,0.00086091174,-0.00025474976,-0.033862405
make,human,31,0.0006303171,0.00086725893,0.0007299809,0.01953983
no,human,112,-0.000861115,0.0009622125,-0.0008634295,-0.09644488
to,human,1093,0.000112214366,0.000991914,0.00014205108,0.1226503
their,human,120,-0.00012378795,0.0010564205,-0.000100851525,-0.014854553
half,human,26,-0.0009335425,0.001073087,-0.00092173065,-0.024272105
week,human,8,0.00043322993,0.0007984289,0.0001087963,0.0034658394
together,human,20,0.00040423992,0.00091508287,0.0005146257,0.008084798
her,human,573,0.0007129233,0.0012070986,0.00075019675,0.40850505
situation,human,16,-0.0007834809,0.0010834612,-0.00063395954,-0.012535694
altogether,human,6,-0.0005118091,0.0011420052,-0.0003202482,-0.0030708543
subject,human,20,-0.0005755442,0.0011370063,-0.00046762644,-0.011510884
hours,human,9,-0.00037938484,0.0010559609,-0.0005082892,-0.0034144637
gratitude,human,7,0.000632078,0.0006817133,0.00022589353,0.004424546
mrs,human,80,0.00054685667,0.0022013749,0.00061774265,0.043748535
moments,human,3,0.00058176165,0.00025658082,0.000532674,0.0017452849
only,human,51,-0.00043506557,0.0010121797,-0.00037739892,-0.022188343
regret,human,7,0.00033073933,0.001169851,0.0001645232,0.0023151753
satisfaction,human,13,-0.0002549314,0.0013565136,6.716547e-05,-0.0033141081
more,human,117,0.00012483698,0.0007516002,0.00012004045,0.014605926
than,human,91,4.747856e-05,0.00129667,0.00021738591,0.004320549
cheerful,human,8,-0.0007038922,0.001152514,-0.000620516,-0.0056311376
enjoyment,human,6,0.0014292946,0.0016033102,0.0009644801,0.008575767
just,human,14,-0.00020589288,0.0006877786,-0.00010565884,-0.0028825004
apparent,human,3,-0.00014872751,0.0004001968,-0.00042036813,-0.00044618253
that,human,463,-1.1244455e-05,0.0010319455,-3.1018426e-05,-0.0052061826
emma,human,28,0.0037617662,0.0025333713,0.0033061972,0.105329454
well,human,35,0.0005585323,0.00073285727,0.0004994088,0.01954863
as,human,351,0.00041376357,0.00094031787,0.000477331,0.14523101
she,human,361,0.0011680755,0.0011304858,0.0011086245,0.42167526
knew,human,21,-0.00014160667,0.0006602992,-4.551353e-05,-0.00297374
father,human,24,0.00023637018,0.000891308,0.00032915984,0.005672884
sometimes,human,11,-0.0023247728,0.0011297237,-0.002251008,-0.025572501
taken,human,16,0.00031244598,0.0008505309,0.00021153741,0.0049991356
by,human,211,-0.00021467145,0.0011409073,-0.00027156243,-0.045295678
sur,human,8,-5.49003e-05,0.0014426284,0.00020408153,-0.0004392024
pr,human,11,-0.00044211184,0.0011559742,-0.0008016232,-0.00486323
ize,human,3,-0.0007228132,0.00012435915,-0.0007340869,-0.0021684396
at,human,247,0.0006240109,0.0011730905,0.0005998075,0.1541307
his,human,400,0.00016953496,0.0015748646,8.134113e-06,0.067813985
being,human,68,0.00043824365,0.0008588483,0.00055859773,0.029800568
still,human,32,-0.000139418,0.0005920487,-0.00015212307,-0.004461376
able,human,40,-0.0001143374,0.000883351,-6.4466556e-05,-0.004573496
poor,human,23,-0.0007148193,0.0007999429,-0.00061724253,-0.016440844
miss,human,59,0.0011889501,0.0021309045,0.0013264754,0.07014806
taylor,human,4,0.0013045439,0.0011064307,0.001562407,0.0052181757
when,human,108,0.00013050454,0.00127987,7.448206e-05,0.0140944915
they,human,152,-2.1731943e-05,0.0009831286,1.508712e-05,-0.0033032554
left,human,34,-1.3432999e-05,0.0007332651,2.179452e-05,-0.000456722
every,human,76,3.4057717e-05,0.0012908829,2.7841452e-06,0.0025883864
domestic,human,4,0.00021141837,0.00048464938,0.00030171697,0.0008456735
or,human,114,-0.0015163707,0.0013780594,-0.0016183705,-0.17286626
saw,human,44,0.0007869312,0.0013287988,0.00090026105,0.03462497
go,human,28,0.00021773261,0.00071010424,0.00020335896,0.006096513
away,human,30,0.001060677,0.00096126465,0.0010699946,0.03182031
evening,human,21,0.00036149548,0.001147835,0.00031870155,0.007591405
husband,human,11,0.0002178634,0.002921479,0.00060373696,0.0023964974
carriage,human,18,-0.0008212312,0.0026216079,-0.00036695626,-0.014782162
own,human,59,0.0001859642,0.0007063443,3.782619e-05,0.010971888
were,human,156,-0.00062338694,0.0010549547,-0.00062093214,-0.09724836
woman,human,23,-0.00011026497,0.0020930115,0.0004205142,-0.0025360943
fortune,human,11,-0.0010111231,0.0017139745,-0.00045303005,-0.011122353
leave,human,16,-0.00050657365,0.0017098463,-6.349151e-05,-0.008105178
ity,human,27,-0.0002064727,0.00058913254,-9.689617e-05,-0.005574763
take,human,16,0.00044359989,0.00072943274,0.000494562,0.007097598
its,human,45,-0.0015122463,0.0018767898,-0.0008684592,-0.068051085
chance,human,5,-1.531702e-05,0.0006491555,9.383855e-05,-7.65851e-05
not,human,291,-0.00075637555,0.00095144025,-0.0006467806,-0.22010529
quarrel,human,4,-0.00040537847,0.0011003959,1.9005398e-05,-0.0016215139
with,human,305,0.00032242056,0.0009767086,0.0003359901,0.09833827
you,human,132,0.00019748797,0.002204858,0.000636742,0.026068412
any,human,95,-0.00075701054,0.00076655217,-0.000762741,-0.071916
manner,human,22,-0.0002414215,0.00074543344,-0.00019243648,-0.005311273
your,human,42,-0.001134429,0.0030332804,-0.0001441916,-0.04764602
equal,human,8,-4.0714993e-05,0.00085840066,-0.00013013795,-0.00032571994
but,human,235,0.00022702757,0.0011068619,0.00021192798,0.05335148
consider,human,3,-0.00016832074,0.00040420046,5.2025876e-05,-0.0005049622
how,human,53,0.00012021429,0.0012650649,0.00020339974,0.0063713575
far,human,27,-0.000319233,0.0005719331,-0.000280822,-0.008619291
this,human,103,0.00013340104,0.0010503822,0.00019376607,0.013740308
is,human,89,5.8134134e-05,0.00092458096,0.00013399223,0.005173938
case,human,8,0.0010492879,0.0015333208,0.0010270627,0.008394303
has,human,34,4.545084e-05,0.0013832354,5.134407e-06,0.0015453286
if,human,97,0.00016802225,0.00097338046,8.9050794e-05,0.016298158
live,human,5,0.0005941269,0.0014784224,0.0010520885,0.0029706343
old,human,28,-0.00023015142,0.0009241846,-0.00022583752,-0.0064442395
age,human,9,-0.00026768743,0.0023855416,-0.00014082146,-0.002409187
must,human,107,0.00031560415,0.0011381833,0.00047153197,0.033769645
probably,human,4,-0.0016311342,0.0010559788,-0.0012916541,-0.0065245368
should,human,90,-0.0002755821,0.00082022615,-0.00014010127,-0.024802389
secure,human,7,0.0009772966,0.00036745396,0.001008185,0.0068410765
compassion,human,5,-0.0005577585,0.0014380583,-0.0011856409,-0.0027887924
it,human,461,0.00030781736,0.0009898308,0.0004142184,0.1419038
done,human,29,0.0003121657,0.0013305472,0.00050804444,0.009052806
indeed,human,13,-0.0008599972,0.0015753816,-0.0005086471,-0.011179963
whom,human,32,-0.0004006578,0.0015314206,-0.00044892274,-0.012821049
had,human,409,-0.00013461457,0.0008725592,-0.00014314607,-0.05505736
known,human,14,-0.00036845152,0.00042005637,-0.00052002666,-0.0051583215
an,human,101,0.0005782002,0.0010767505,0.0005279204,0.05839822
seen,human,19,0.00014073693,0.00066220574,0.00015908631,0.0026740015
up,human,66,0.0008302307,0.00075014395,0.00094529346,0.054795228
period,human,8,-0.0007667474,0.0007077997,-0.0006312888,-0.006133979
notice,human,7,-0.0004459402,0.0010515915,-0.00032650435,-0.0031215814
honour,human,6,0.00050579984,0.0012701096,0.00044091174,0.0030347991
have,human,191,0.00032164773,0.0007691708,0.0003208004,0.061434716
now,human,64,-0.00030640906,0.0015050002,-0.00017572903,-0.01961018
thought,human,50,-0.00031206908,0.0009515313,-0.0002012999,-0.015603455
less,human,33,-0.00030398872,0.00044855324,-0.00033185957,-0.0100316275
spirits,human,18,-0.0009797392,0.0019799722,-0.0007730888,-0.017635306
pride,human,7,0.0013349075,0.001185816,0.0013161593,0.009344352
moment,human,30,0.00053439295,0.0010669316,0.0005527815,0.016031789
laugh,human,4,-0.00094209815,0.00045692248,-0.00079513446,-0.0037683926
humble,human,5,0.0001136765,0.0003496652,7.612142e-05,0.0005683825
before,human,72,0.000818753,0.0011255197,0.00071279134,0.058950216
niece,human,3,0.00037974422,4.398981e-05,0.00038756503,0.0011392327
too,human,43,-0.00052057166,0.0009978638,-0.00029563293,-0.022384582
others,human,18,0.00025144173,0.0009397087,0.00015855387,0.004525951
many,human,33,-0.00012340015,0.0010857305,-2.36278e-05,-0.004072205
certainly,human,7,-0.0004936325,0.00058766047,-0.0003122657,-0.0034554277
some,human,69,-0.00059373863,0.00076732005,-0.00063823233,-0.040967967
be,human,328,0.00020409249,0.00078963,0.0002420239,0.066942334
entirely,human,8,0.00023141618,0.0005612561,0.0002668579,0.0018513295
after,human,53,4.820591e-05,0.0010534897,4.9531416e-05,0.0025549133
entrance,human,5,0.0013640996,0.0010080548,0.0011908012,0.0068204976
colonel,human,15,0.00094335404,0.002109895,0.0014336711,0.01415031
brandon,human,6,0.0016362244,0.0005488091,0.0017197555,0.009817347
became,human,12,-9.649725e-05,0.0011668485,-0.00014663677,-0.001157967
thoughtful,human,5,3.7220547e-05,0.00026553555,6.0911552e-05,0.00018610273
silent,human,6,-0.00023064337,0.0006866784,-0.00026843153,-0.0013838602
he,human,444,0.0003227737,0.0009561895,0.00034044957,0.14331153
been,human,150,-5.829266e-05,0.00068165286,-3.3661756e-05,-0.008743899
jennings,human,12,0.0003074955,0.0014015008,-0.0002071331,0.0036899461
could,human,153,-0.0002556028,0.0009134136,-0.00020540983,-0.039107226
pre,human,8,-0.00052752224,0.00067833206,-0.00033103747,-0.004220178
on,human,227,0.00049252366,0.0012959506,0.0006317749,0.111802876
him,human,191,0.0006178593,0.0013064534,0.0005219071,0.118011124
stay,human,7,0.0004056035,0.00058104476,0.00015243315,0.0028392244
long,human,45,-0.0006348406,0.0008699144,-0.00066226395,-0.028567825
other,human,53,0.00017068721,0.0011758151,0.00035160256,0.009046422
appeared,human,12,-0.0003076243,0.0008875688,-0.000362586,-0.0036914914
ladies,human,8,-0.00023126633,0.00077953766,-0.00026444974,-0.0018501306
agreeing,human,3,-5.1916188e-05,0.0012830346,0.00032488522,-0.00015574857
early,human,9,-0.0010439378,0.0010475662,-0.0010968989,-0.00939544
bed,human,10,-0.0012660226,0.0011964896,-0.001528233,-0.012660226
marianne,human,22,0.0031640672,0.0033099414,0.003887903,0.06960948
rose,human,6,-0.00020504044,0.00050609274,-6.867167e-05,-0.0012302427
next,human,16,0.00042156735,0.0008288103,6.2311934e-05,0.0067450777
morning,human,21,-0.0005461707,0.0012335184,-0.00032371323,-0.011469585
happy,human,26,-0.00011544725,0.0010805167,-9.7948156e-05,-0.0030016284
looks,human,7,0.00072468334,0.00045075515,0.0005307812,0.005072783
disappointment,human,5,-0.0002699246,0.0008017194,5.7684112e-05,-0.0013496231
seemed,human,29,0.00024134759,0.0011274038,0.00033516373,0.00699908
forgotten,human,5,0.00040683703,0.0012636196,0.0001520711,0.0020341852
what,human,74,0.00046251307,0.000996666,0.00034576352,0.034225967
happen,human,4,0.00022903207,0.00020564995,0.0002436912,0.0009161283
day,human,38,-0.00019056088,0.0013043919,-0.00040132037,-0.0072413133
breakfast,human,7,0.00045574195,0.0019768882,0.0004937871,0.0031901936
bar,human,8,-0.00020054766,0.0013992164,-0.00015301249,-0.0016043813
ou,human,6,-0.0001778528,0.00051758374,-0.00030759483,-0.0010671167
stopped,human,9,0.0002674815,0.00060750364,0.00019100324,0.0024073333
door,human,21,0.00024462273,0.0010521623,0.00045689748,0.0051370775
few,human,24,-0.00041021276,0.00067859876,-0.00033389137,-0.009845106
minutes,human,7,-0.00013508342,0.00042289143,-0.00013253841,-0.0009455839
came,human,27,-0.00029534404,0.00067120104,-0.0001984122,-0.007974289
laughing,human,3,8.846398e-05,0.0002829142,-6.2718376e-05,0.00026539195
into,human,66,-0.0002389597,0.0011797944,-6.0688282e-05,-0.01577134
room,human,35,-0.00032769123,0.0019512516,-1.9513507e-05,-0.011469193
delighted,human,5,0.0015588488,0.0014622122,0.0020905077,0.0077942437
see,human,35,0.00054389506,0.0011238218,0.00074895285,0.019036327
them,human,113,-0.00032625836,0.0011639429,-0.000198124,-0.036867194
all,human,160,0.00021490683,0.0010305592,0.00027605754,0.034385093
hard,human,9,-0.0004417066,0.0010912938,-8.801081e-05,-0.0039753593
say,human,36,-0.00025569455,0.0011493721,-0.00018670605,-0.009205004
whether,human,22,-0.00027131356,0.00095795863,2.8071954e-05,-0.0059688985
received,human,8,7.548436e-05,0.0006215578,0.00020725431,0.00060387485
most,human,53,-0.00012441099,0.0008603043,-0.00016109736,-0.0065937825
pleasure,human,20,0.00062833156,0.0010247661,0.0006526985,0.012566632
meeting,human,4,-0.00034549073,0.0015377025,-0.00056683476,-0.0013819629
mother,human,37,0.00024351827,0.0015808858,0.00026259664,0.009010176
dash,human,18,-0.0011986363,0.0017149542,-0.0013212755,-0.021575453
woods,human,3,-0.0008912808,0.0007201076,-0.000718229,-0.0026738425
again,human,43,-0.00018032672,0.00087165344,-0.00014381208,-0.007754049
excellent,human,6,0.00078485586,0.0006427963,0.0007431129,0.0047091353
road,human,8,0.00063380075,0.00093332585,0.0009420165,0.005070406
home,human,29,0.00026484713,0.0021507533,0.0007869135,0.007680567
sang,human,4,-0.00020792143,0.00091965956,-0.00042664987,-0.0008316857
lady,human,33,0.0020487853,0.0020826508,0.0017433466,0.06760991
fair,human,7,-0.0017182233,0.0023973435,-0.00069048436,-0.0120275635
wo,human,6,-0.0031159725,0.0013106082,-0.002880033,-0.018695835
ps,human,6,0.0013666652,0.0008067114,0.001486179,0.008199992
le,human,8,0.0003471868,0.00071450986,0.00020185293,0.0027774945
taking,human,7,-7.690819e-05,0.0009073779,0.00020498535,-0.0005383573
ly,human,64,0.00045264198,0.0006583424,0.00038058922,0.028969087
strong,human,9,9.6410826e-05,0.00064292393,5.985616e-05,0.0008676974
voice,human,7,-0.00090912037,0.00033867458,-0.0010053318,-0.0063638426
qui,human,9,-0.0011651309,0.0007370064,-0.0012613581,-0.010486178
sit,human,7,-0.0004424728,0.0008051604,-0.0004782331,-0.0030973097
ive,human,5,0.00026210124,0.0004840655,0.00049502694,0.0013105061
bore,human,3,-0.0004414392,0.00017541472,-0.00032394016,-0.0013243175
who,human,86,0.00014902106,0.0011012484,0.00021701131,0.012815811
piece,human,7,0.00040041088,0.00078699476,0.0007233249,0.002802876
music,human,3,-0.0028964083,0.002878149,-0.0027145138,-0.008689225
imp,human,19,-0.00045410186,0.0008948013,-0.00014989091,-0.008627935
ert,human,7,-0.00026885737,0.00020766055,-0.00026678352,-0.0018820016
inen,human,3,-0.00043999532,0.00041944475,-0.00027323095,-0.001319986
wanting,human,5,0.000901675,0.00035318945,0.0008774847,0.004508375
know,human,31,0.00092790736,0.0011131027,0.0011482358,0.028765129
about,human,54,-0.00045486228,0.0010508352,-0.00028853712,-0.024562564
everybody,human,10,0.0004831464,0.0013093319,0.00059163093,0.004831464
affairs,human,5,-0.00033237232,0.00085733586,-7.9726975e-05,-0.0016618615
man,human,50,-0.00068885135,0.0011395421,-0.0006274862,-0.034442566
white,human,10,0.00023237515,0.00078477035,0.00033384073,0.0023237516
upon,human,45,0.0005937852,0.0014100693,0.0007871903,0.026720334
whole,human,21,8.570576e-05,0.0014222646,0.00052591995,0.0017998209
est,human,15,0.0005772793,0.0007908391,0.0006236677,0.00865919
going,human,14,0.00013008915,0.00092628604,7.4791795e-05,0.001821248
finally,human,8,-0.0010838613,0.001341845,-0.0008360571,-0.008670891
remember,human,7,-0.0010639726,0.0012021458,-0.0010180603,-0.007447808
got,human,21,0.0009025952,0.0009910957,0.0009850115,0.018954499
my,human,150,-0.00070379983,0.0020680116,-0.00037897017,-0.10556997
little,human,53,-0.0011150121,0.0009917062,-0.0008060933,-0.05909564
wr,human,5,-0.0011328682,0.00028558625,-0.001033907,-0.005664341
etched,human,4,-0.0007011342,0.0004459133,-0.0009094745,-0.0028045368
conviction,human,5,-0.00039723795,0.0021603892,0.000109862594,-0.0019861897
me,human,114,-0.00021712047,0.0023657586,-1.3000426e-06,-0.024751734
never,human,52,-0.00048214398,0.0009001831,-0.00040522782,-0.025071487
like,human,38,-0.00011255033,0.0010022254,6.448201e-05,-0.0042769127
joe,human,23,0.00011116475,0.003308763,-0.00013751653,0.0025567892
trade,human,4,-0.001635268,0.0009999882,-0.0015889369,-0.006541072
dear,human,14,-0.0003628297,0.0014614853,-0.00054265733,-0.005079616
death,human,8,-0.0009850896,0.002954041,-7.2973635e-05,-0.007880717
said,human,28,-0.00024540263,0.001086221,-0.00032781338,-0.0068712733
much,human,69,-4.45548e-05,0.0007385241,-1.2512777e-05,-0.0030742812
obliged,human,7,0.00047752896,0.0012125853,-0.00015417146,0.0033427028
do,human,61,-0.00014256737,0.00082940754,-9.8133576e-05,-0.008696609
went,human,27,-0.00033349576,0.0010002947,-0.0002256519,-0.009004385
back,human,30,0.0010728909,0.0009430297,0.0009916454,0.032186728
elizabeth,human,29,0.0013597119,0.0028625105,0.0017491434,0.039431643
round,human,13,0.0010758459,0.0020243882,0.0007898348,0.013985997
believe,human,8,3.1918826e-05,0.00082587503,-0.00020847848,0.0002553506
did,human,49,-0.000638038,0.0010359761,-0.0005992625,-0.03126386
hardly,human,9,-0.00035863637,0.0006965852,-0.00028108634,-0.0032277275
where,human,28,0.0008387641,0.0012192957,0.00079049123,0.023485396
thing,human,34,-0.00020580362,0.0008881565,-0.00015969228,-0.006997323
wood,human,29,5.107576e-05,0.0018822189,0.00016134523,0.0014811971
house,human,46,0.0017564201,0.0018114286,0.0016229327,0.080795325
rather,human,19,-0.00072438904,0.0008168496,-0.0007076055,-0.013763391
yet,human,21,-5.6795514e-05,0.0011209543,-0.00047735486,-0.0011927058
sort,human,9,0.00038534027,0.0008376283,0.00044510872,0.0034680625
seeing,human,6,0.0006848565,0.00048017505,0.0007795839,0.004109139
pleasantly,human,3,0.0008653568,0.001677456,1.074234e-05,0.0025960705
talk,human,8,0.00030223993,0.00062176137,0.00044238236,0.0024179195
comfortable,human,7,5.2680196e-05,0.0007925465,-6.669081e-05,0.00036876136
drawing,human,6,-7.9615465e-06,0.0009768183,0.00019832086,-4.776928e-05
dinner,human,11,0.0004389384,0.0016657453,-0.0003217965,0.0048283227
particularly,human,9,-0.0010672254,0.0014000002,-0.0004200202,-0.009605029
evident,human,4,0.0013447651,0.0010596451,0.0014842957,0.0053790603
gentlemen,human,7,-0.00017575746,0.0007202763,-0.0002799644,-0.0012303023
discourse,human,5,-0.00011147922,0.0013944872,-0.0005552249,-0.0005573961
variety,human,3,-6.509533e-05,0.000247506,-2.6739493e-05,-0.00019528599
inc,human,10,-0.0006272928,0.000760584,-0.0007407067,-0.006272928
ing,human,48,-2.7979442e-05,0.0009561772,-8.3682244e-07,-0.0013430133
land,human,5,-0.00026052218,0.0022231673,0.00028779753,-0.0013026108
horses,human,4,0.0032881196,0.0033645483,0.0030241993,0.013152478
over,human,43,0.0005208112,0.0008049385,0.00061056705,0.02239488
one,human,89,0.00026447556,0.00094335614,0.0002986556,0.023538325
engaged,human,4,-0.00010180997,0.00080052647,3.0040625e-05,-0.0004072399
till,human,21,-0.0015786209,0.002616601,-0.00076383434,-0.033151038
middleton,human,6,0.00055922946,0.0025543931,-3.1533127e-05,0.0033553767
second,human,8,-0.00034677135,0.0020169304,0.00040392167,-0.0027741708
son,human,10,0.000522508,0.0013140088,0.00061467616,0.00522508
william,human,3,0.0025120485,0.0014041031,0.002446577,0.0075361454
nearly,human,9,-0.00013959092,0.00066494336,0.0001365605,-0.0012563183
same,human,26,5.7103283e-05,0.00064710254,8.938776e-05,0.0014846853
both,human,22,-0.0003850001,0.0011830651,-0.00031450164,-0.008470003
children,human,10,-0.0017723439,0.0013369415,-0.0015472929,-0.01772344
affair,human,4,-0.0011576283,0.002828965,-0.00012668723,-0.004630513
might,human,76,-0.000690131,0.00083811866,-0.0005540771,-0.052449953
easily,human,5,-0.00015171265,0.00055280287,-5.830118e-05,-0.0007585633
once,human,34,-0.00033662526,0.0016152225,-0.00022147025,-0.011445259
present,human,16,0.00016001327,0.00072439975,0.0002346795,0.0025602123
con,human,21,-0.00081728684,0.0011941598,-0.00045257618,-0.017163023
assertion,human,3,0.0012183994,0.0028206639,0.0003637798,0.003655198
body,human,10,-0.0006128328,0.0018854996,-0.0010422943,-0.006128328
right,human,17,-6.709556e-05,0.000779604,-9.411073e-06,-0.0011406246
equally,human,8,0.000307337,0.00096612144,4.476789e-05,0.002458696
opinion,human,12,0.00031087463,0.0007035088,0.0002484422,0.0037304955
often,human,22,-0.00072306587,0.0013320636,-0.0005383857,-0.01590745
liked,human,3,-0.00042798687,0.00078963774,8.422691e-05,-0.0012839606
sister,human,30,0.00074498396,0.0013393726,0.0007256647,0.02234952
need,human,7,-0.00021868579,0.00059837673,-0.0004689331,-0.0015308005
sc,human,10,-0.0006164994,0.0011165568,-0.0004440702,-0.006164994
rup,human,3,-0.00031724907,0.0004813306,-0.0006287108,-0.0009517472
truth,human,6,-0.00073761545,0.001414964,-0.00024163043,-0.004425693
naturally,human,10,-4.0392533e-05,0.00072678836,0.00012845328,-0.00040392534
we,human,41,0.00020919931,0.0018151165,0.00025866457,0.008577172
money,human,11,-0.001224256,0.0024285424,-0.00080363086,-0.013466816
low,human,14,-0.0012734265,0.001292417,-0.0012649823,-0.01782797
way,human,36,0.00036358036,0.0010875645,0.00061734277,0.013088893
fanny,human,3,0.0034864054,0.0006178119,0.003181215,0.010459216
fe,human,12,0.0006059078,0.0015131714,0.00047655174,0.0072708935
rra,human,5,-0.0017730516,0.0013741982,-0.0014797987,-0.008865258
rs,human,8,-0.0007362887,0.0013822874,-0.0005611999,-0.00589031
strongly,human,3,-0.00037013626,0.00019477849,-0.0003360049,-0.0011104088
neither,human,12,-0.00067473325,0.0011828562,-0.0008124786,-0.008096799
nor,human,47,-0.0003939695,0.0016880113,-0.00045615388,-0.018516567
daughters,human,3,-0.00084780826,0.00046792874,-0.0007088877,-0.0025434247
kind,human,14,0.00012345091,0.000708856,9.9292534e-05,0.0017283128
women,human,5,5.51154e-05,0.0021094596,-0.0004008226,0.000275577
can,human,23,0.00028267386,0.0011180828,0.00034413778,0.0065014986
carry,human,3,-0.0001881398,0.0006146333,-0.0002569728,-0.00056441943
account,human,7,0.00021800911,0.00053591485,0.0003997745,0.0015260638
john,human,15,0.000773133,0.0015960365,0.0010008658,0.011596995
confidence,human,16,0.0004812966,0.0011555048,0.00024511042,0.0077007455
judgment,human,10,-0.00017822927,0.0009002134,-0.0003624281,-0.0017822926
waited,human,3,0.00037042346,0.00016111348,0.0003712859,0.0011112704
daughter,human,12,-0.0001634828,0.0015589714,0.00043199875,-0.0019617935
former,human,6,-0.0004560222,0.000977649,-0.000156453,-0.002736133
sisters,human,11,0.0003641797,0.0017260163,0.00079093233,0.0040059765
staying,human,5,-0.00012771257,0.001304236,2.3240922e-05,-0.00063856284
means,human,7,-0.0024036246,0.001614903,-0.0028681639,-0.016825372
un,human,26,0.00013221569,0.0006891015,0.00020763499,0.003437608
worthy,human,8,0.00051755796,0.0014019465,0.00040524337,0.0041404637
found,human,18,0.00018830341,0.0009216325,0.00031833712,0.0033894614
charming,human,3,-0.0008611465,0.0009501972,-0.0014269744,-0.0025834395
world,human,18,0.0016182114,0.0015048468,0.00208043,0.029127805
responsible,human,3,0.00062726066,0.00016612929,0.0005264308,0.001881782
duty,human,10,-0.00035065852,0.0007346178,-0.00047067954,-0.0035065853
making,human,8,3.7357968e-05,0.00084392756,-0.000104601015,0.00029886374
gentleman,human,20,-0.00052527536,0.0018281952,-0.00026797553,-0.010505507
danger,human,8,-0.0011574278,0.0010852353,-0.0010789892,-0.009259422
eyes,human,18,0.0007034125,0.0011068993,0.0006574227,0.012661425
reality,human,3,-0.00021790412,0.00041796238,7.492106e-05,-0.00065371237
ed,human,57,-0.00023945475,0.0009216111,-0.0003500767,-0.013648921
scarcely,human,8,0.00092974934,0.0009217145,0.0009241755,0.0074379947
mere,human,9,-0.0014897214,0.0012330521,-0.0012168803,-0.013407492
iron,human,3,-0.0013828253,0.00030858724,-0.001230842,-0.004148476
while,human,25,0.00057554385,0.0011138872,0.0003037416,0.014388596
jo,human,6,-0.0003890529,0.0007196465,-0.00015396824,-0.0023343174
rum,human,5,0.00048756908,0.0017412198,-0.00039560677,0.0024378453
tea,human,3,-0.004656654,0.0014096029,-0.005298461,-0.013969962
premises,human,3,0.0017457233,0.0017338437,0.0019358774,0.00523717
excited,human,3,-0.00036817728,0.00040362068,-0.00048600524,-0.0011045318
desire,human,4,0.00020753182,6.8205096e-05,0.00019762013,0.0008301273
these,human,35,-0.00032752778,0.0013733295,-0.0003814132,-0.011463473
are,human,35,-0.00015220621,0.0008667613,-0.00013203517,-0.0053272173
small,human,12,-0.00094741053,0.0008941577,-0.0010871256,-0.011368927
our,human,31,0.0001922038,0.0024217926,0.0002533238,0.005958318
friends,human,18,-0.00011549304,0.0011733047,-0.000116565534,-0.0020788747
hope,human,22,0.0005516034,0.0015562504,0.0010339427,0.012135275
collected,human,4,0.0015739771,0.0024445236,0.0003396054,0.0062959082
here,human,13,-1.1665751e-05,0.0008291114,0.00012141853,-0.00015165476
thoughts,human,19,-0.00041479632,0.0010357171,-0.0004999622,-0.00788113
passage,human,4,-0.001342496,0.00061884616,-0.0013859854,-0.005369984
perhaps,human,17,-0.0012261198,0.00079886214,-0.0010056748,-0.020844037
part,human,18,0.00063544506,0.0005765557,0.00059616653,0.011438011
new,human,10,0.00081472564,0.0013820814,0.0007330738,0.008147256
may,human,29,-0.00052744173,0.00085675844,-0.00074364105,-0.01529581
added,human,4,-0.001064374,0.00093537156,-0.0010881912,-0.004257496
chamber,human,3,-0.0005689617,0.0018849507,-0.001598462,-0.0017068852
ga,human,6,-0.00063073944,0.0015927196,1.7910555e-05,-0.0037844367
above,human,11,-0.0005621852,0.0012702071,-0.0005864834,-0.006184037
will,human,51,0.00062643905,0.0012890218,0.00070495496,0.03194839
nu,human,3,-0.0009104875,0.00036437745,-0.00097298366,-0.0027314625
cottage,human,7,0.0019792307,0.0032723336,0.00061738834,0.013854615
wish,human,19,-4.339662e-05,0.001411752,5.5104407e-05,-0.0008245358
stairs,human,6,-0.0006048943,0.002186233,-0.00019430049,-0.003629366
handsome,human,9,-7.0224305e-05,0.0015386952,-0.0002466637,-0.0006320187
expect,human,5,-0.00060890743,0.00057197316,-0.00068598625,-0.003044537
though,human,44,1.5773518e-05,0.0013404388,0.00011626427,0.00069403474
suppose,human,7,-0.00012886689,0.0008682743,-0.00015171229,-0.0009020682
difficult,human,6,-0.0012343385,0.0012123215,-0.0010462668,-0.0074060312
matter,human,12,-0.0005988875,0.001178551,-0.0005873088,-0.0071866503
first,human,49,-0.00055466493,0.001372121,-0.0005234577,-0.027178582
object,human,14,3.9254664e-05,0.00089932996,0.00010940235,0.0005495653
acknowledged,human,3,-0.0003431132,0.0003188281,-0.0004447449,-0.0010293396
quit,human,10,-0.00036791668,0.0007213103,-0.00033921568,-0.0036791668
ful,human,10,-0.0001259669,0.0013780385,0.00043156545,-0.001259669
return,human,16,0.0008964066,0.0016945942,0.00056126097,0.0143425055
soon,human,41,-0.00060735364,0.001199493,-0.0004339711,-0.024901498
receive,human,3,0.0008184888,0.00063449884,0.00077158987,0.0024554664
offering,human,3,0.0003843466,0.0005368437,0.00023755396,0.0011530399
assistance,human,4,2.7702481e-05,0.00036606216,0.000108688175,0.000110809924
lydia,human,7,2.0801455e-05,0.0012795797,0.00034753207,0.00014561019
absolutely,human,5,5.212258e-05,0.0012248761,0.00019371536,0.0002606129
resolved,human,13,-0.0003089314,0.0010273394,-0.0003034281,-0.0040161083
none,human,5,0.00015474977,0.0007342677,8.7388995e-05,0.00077374885
wanted,human,10,-0.0011533827,0.0013525224,-0.0007226261,-0.0115338275
help,human,11,0.00051793735,0.0006273603,0.0004140054,0.005697311
hear,human,11,-4.078816e-05,0.0006705564,-0.00020831707,-0.00044866977
leaving,human,6,0.00021450507,0.00089988636,0.0006610383,0.0012870304
wi,human,19,-0.00045847296,0.0011373307,-0.0004466253,-0.008710986
ck,human,19,-0.00046667506,0.0018865897,0.00027187908,-0.008866826
ham,human,21,0.0009696274,0.0017855571,0.00071216025,0.020362176
sure,human,14,0.00033473238,0.0009616929,0.0003280399,0.004686253
married,human,14,0.0008864222,0.0018721246,0.0011394748,0.012409911
time,human,75,0.00014530931,0.0009919332,0.00012556447,0.010898199
since,human,11,-0.00072539155,0.00093853317,-0.00073413283,-0.007979307
feelings,human,16,-0.00068063533,0.0007413911,-0.00090649247,-0.010890165
remained,human,6,-0.0007022997,0.00075098284,-0.0006916087,-0.0042137983
ex,human,11,0.000510002,0.0006553999,0.0005395431,0.005610022
ped,human,6,0.0005371786,0.0007012468,0.000729671,0.0032230716
marriage,human,12,0.0020169932,0.0008643202,0.0018159938,0.024203919
conversation,human,15,0.00019244231,0.0006051437,0.00028827722,0.0028866348
learnt,human,5,0.0016265931,0.0041143657,0.0010583375,0.008132965
design,human,3,-0.0014433366,0.0006491974,-0.0015385752,-0.0043300097
last,human,26,7.430914e-05,0.0015630204,0.00025536778,0.0019320376
name,human,12,-0.00040826705,0.0012360697,-0.0002972858,-0.0048992047
monsieur,human,4,0.0027232713,0.001089446,0.0029476485,0.010893085
lo,human,7,-1.958045e-05,0.0006192692,-3.109801e-05,-0.00013706315
rry,human,5,-9.745833e-05,0.0016852912,-0.00072552677,-0.00048729166
english,human,5,0.0020680325,0.002498395,0.0015581113,0.010340163
himself,human,33,2.4629438e-05,0.001325248,0.00013662736,0.0008127715
co,human,3,9.946331e-07,0.0005917739,0.00040279963,2.9838993e-06
ate,human,7,-0.0007165467,0.0007471349,-0.0004794135,-0.0050158272
jury,human,3,-0.0012475103,0.00068117527,-0.0016850138,-0.003742531
declared,human,6,-0.0004736771,0.00048554322,-0.0005112984,-0.0028420626
heard,human,21,0.00048871443,0.001528859,0.00057195954,0.010263003
enough,human,23,-0.00038246755,0.00080735696,-0.00024752063,-0.008796753
ready,human,13,-0.00010898661,0.00088909216,-2.8244918e-05,-0.0014168259
content,human,3,0.00059410953,0.00010891312,0.00066450436,0.0017823286
men,human,14,-0.0017680267,0.0017302369,-0.0013672585,-0.024752375
set,human,16,7.453366e-05,0.00050684385,0.00011439988,0.0011925385
prisoner,human,10,-0.001051606,0.0017828654,-0.0005153026,-0.0105160605
favour,human,6,-0.00014994942,0.0012817883,3.2260126e-05,-0.00089969655
free,human,7,-0.0001779505,0.00060860993,-4.26881e-05,-0.0012456535
began,human,18,-0.0008872497,0.0009701239,-0.0008389804,-0.015970495
those,human,25,-0.00032457776,0.0012073017,-3.0815412e-05,-0.008114444
extraordinary,human,3,0.00029269652,0.00056483404,0.0002793602,0.0008780896
gr,human,11,-0.00020835231,0.00063393946,-0.00014090401,-0.0022918754
ati,human,8,-0.0003242,0.00084640016,-2.9754534e-05,-0.0025936
fied,human,4,0.0003193953,0.00031499346,0.00034766115,0.0012775812
ness,human,56,-1.0293865e-05,0.0008316095,2.0605294e-06,-0.0005764564
better,human,28,-1.045595e-05,0.00064744183,-0.00014952559,-0.0002927666
impulse,human,3,0.001641429,0.00065023504,0.0017237167,0.004924287
towards,human,24,-0.00039616934,0.0015495485,-0.00074086076,-0.009508064
off,human,24,0.00087082846,0.00087488553,0.0010667406,0.020899883
against,human,25,0.00013429805,0.0010746703,0.0004061572,0.0033574514
face,human,14,0.0003854918,0.00054543273,0.0006296867,0.005396885
look,human,18,0.0010744379,0.00095023814,0.00090150867,0.019339882
large,human,7,-0.00014976629,0.0011000859,1.905777e-05,-0.001048364
under,human,22,0.0004474055,0.0015102106,0.00065766054,0.009842921
dark,human,5,-8.417672e-05,0.0007401767,-0.0003683378,-0.0004208836
confused,human,5,0.00080119725,0.00040017586,0.0008646688,0.0040059863
hair,human,5,-0.0001690551,0.0005214399,0.00016018894,-0.0008452755
really,human,11,0.0006708147,0.00079522317,0.00047635444,0.007378962
otherwise,human,7,-7.477128e-05,0.0004468515,-6.0145336e-05,-0.0005233989
looked,human,19,0.00078946573,0.0007964623,0.0009274597,0.014999849
unnatural,human,3,-0.0002608462,0.00033771692,-6.831244e-05,-0.00078253855
yellow,human,3,-0.00023218842,0.00091670244,-0.000368042,-0.00069656526
lay,human,12,-0.00071304356,0.0007257064,-0.00074496865,-0.008556522
open,human,10,-1.4836814e-05,0.0006141688,0.00017950931,-0.00014836814
showed,human,4,-0.0005207049,0.0011158463,-0.00041541873,-0.0020828196
ered,human,5,-0.0009419796,0.0005698574,-0.0011097153,-0.004709898
worn,human,3,-0.00035288223,0.0006598138,-0.00024088318,-0.0010586467
fr,human,4,-0.0010091395,0.0018120728,1.1528857e-05,-0.004036558
loose,human,3,-5.973379e-05,0.0011609169,-9.2899427e-07,-0.00017920136
clothes,human,7,-0.0012525889,0.0009178394,-0.0009267266,-0.008768123
light,human,20,-0.0010409558,0.0013221272,-0.0009480653,-0.020819115
air,human,16,0.00011185478,0.0018960177,0.0005696102,0.0017896765
down,human,39,0.0008909751,0.00076746,0.00087677164,0.03474803
dull,human,6,-0.0016445766,0.00093297096,-0.0018117887,-0.00986746
elegant,human,3,0.00086307136,0.0004294501,0.00063590327,0.0025892141
safely,human,4,-0.00031740393,0.0009426956,1.0650037e-05,-0.0012696157
hand,human,25,0.00038287733,0.00091712805,0.000640641,0.009571933
elton,human,16,0.00080418657,0.001314698,0.0009135284,0.012866985
hung,human,3,0.00029386967,0.0011163121,-5.2895062e-05,0.00088160904
common,human,6,-0.00093693944,0.0016501341,-0.00039244417,-0.0056216368
sitting,human,6,-0.0004631417,0.0016441536,-0.00035848847,-0.0027788503
sighed,human,3,0.0007425991,0.00014388737,0.0007490803,0.0022277972
out,human,81,0.0010883311,0.0010766223,0.001132537,0.088154815
admiration,human,5,0.0011034779,0.0004222114,0.0013254465,0.0055173896
ought,human,11,-0.0004728981,0.0005744326,-0.00026942432,-0.005201879
harriet,human,26,0.0023417769,0.0031807495,0.0024231984,0.060886197
themselves,human,10,-0.00013256066,0.00040759923,-0.000101960664,-0.0013256066
attachment,human,10,0.00089229725,0.0015559271,0.0007471729,0.008922973
youth,human,6,-0.0010762481,0.0017609523,-0.0015232816,-0.0064574885
mind,human,32,0.0009088226,0.00093748444,0.0008579593,0.029082322
admitted,human,4,0.00020470911,0.00044494227,0.000191158,0.00081883644
perfectly,human,7,-8.4320445e-06,0.0008870332,9.479301e-05,-5.9024314e-05
satisfied,human,5,0.00018872428,0.000443074,0.0001656111,0.00094362145
martin,human,5,0.00079286133,0.0023682807,0.0015265606,0.003964307
remembered,human,3,-0.0009479802,0.0008983974,-0.00056291546,-0.0028439406
contrast,human,3,0.001301271,0.0013156261,0.001864823,0.0039038132
utmost,human,6,0.0007097943,0.00055259065,0.0008364114,0.004258766
advantage,human,12,-0.0008335739,0.0010895476,-0.0008073679,-0.010002887
latter,human,9,-0.00037552256,0.0009290512,-0.00064239925,-0.003379703
views,human,3,-0.0010780572,0.0017832855,-0.0022954994,-0.0032341718
friend,human,20,0.0010691927,0.0007697625,0.0011521433,0.021383854
great,human,51,5.248097e-05,0.0008416755,2.3501634e-06,0.0026765293
deal,human,9,0.00092806976,0.0008251463,0.00092922867,0.008352628
useful,human,4,-0.00075276446,0.0006546665,-0.001043304,-0.0030110579
led,human,7,-0.0007232972,0.001526461,-0.00051953003,-0.00506308
intention,human,3,-0.0006123393,0.0010243612,-0.0011531686,-0.001837018
morrow,human,4,-4.3168664e-05,0.0022239161,-0.0011247748,-0.00017267466
particular,human,15,0.00018161202,0.00081128365,0.0004032556,0.0027241802
engagement,human,4,-0.00014460448,0.0007398865,-0.0001567249,-0.0005784179
repeated,human,4,-0.000503375,0.0005408578,-0.00042596736,-0.0020135
clearly,human,4,-0.0005460217,0.0015899693,0.00018141989,-0.0021840867
understand,human,3,0.00087117794,0.00032770316,0.0008102285,0.0026135338
lucy,human,8,0.002572633,0.0013732279,0.0025490753,0.020581065
felt,human,38,0.000351197,0.00051068154,0.00038539502,0.013345486
edward,human,12,-0.0007372285,0.002313304,-0.0011313654,-0.008846742
tender,human,4,-3.3069915e-05,0.000120266835,-3.1540374e-05,-0.00013227966
regard,human,14,-0.00039539262,0.0012847924,-0.000650913,-0.005535497
convince,human,3,0.0003994491,0.0006766795,0.0004855795,0.0011983473
enter,human,3,-0.00053927297,0.000633658,-0.00010851797,-0.0016178188
calm,human,6,-0.00039428868,0.0011410768,-0.00032911776,-0.002365732
interested,human,6,0.0001685417,0.0006546003,3.5445308e-05,0.0010112502
feared,human,4,-0.0011487415,0.0006223851,-0.0010258278,-0.004594966
least,human,14,-0.00061081484,0.00074058585,-0.0007032966,-0.008551408
doubtful,human,3,0.0012413982,0.00055060594,0.0015920835,0.0037241944
disposed,human,5,0.0009780913,0.0016147491,0.0004119502,0.0048904563
jealous,human,3,-0.00025357676,0.00096559396,0.00034695503,-0.00076073024
probable,human,3,-4.357639e-05,0.0006497066,0.00026810088,-0.00013072917
plain,human,5,-0.0008782317,0.001284901,-0.0013798501,-0.0043911585
always,human,41,-0.00034981102,0.0009324978,-0.00022645065,-0.014342252
spoken,human,4,-0.0011104498,0.00055449374,-0.0012151576,-0.004441799
highly,human,3,-0.00039747404,0.00050710345,-0.00040745316,-0.0011924221
praise,human,5,-5.5595396e-05,0.0012181678,0.0006784736,-0.00027797697
merely,human,4,-0.0007681238,0.00051246583,-0.00085013756,-0.003072495
vent,human,3,-0.00016690021,0.0005032584,5.2165065e-05,-0.0005007006
trust,human,4,0.00043157476,0.0019012883,0.00060065184,0.0017262991
short,human,12,-0.00063266297,0.0004953646,-0.0006379308,-0.007591956
acquaintance,human,12,-0.0003094748,0.0010857105,-5.6449848e-05,-0.0037136974
secret,human,8,0.0009523158,0.001845997,0.00054408575,0.0076185265
evidently,human,3,0.00012873796,0.00353602,0.00038183556,0.00038621388
important,human,4,-0.0008987206,6.3973464e-05,-0.0009158125,-0.0035948823
eli,human,27,-9.3951865e-05,0.002591059,-0.00038083422,-0.0025367003
eldest,human,3,-0.0005870866,0.00032072325,-0.00052409386,-0.0017612597
whose,human,28,0.0004893328,0.0014345862,0.0005380715,0.013701317
effect,human,10,-0.0006797509,0.0006748651,-0.0005289805,-0.0067975093
possessed,human,3,-0.00021355599,0.0005677459,-0.00045407086,-0.000640668
strength,human,4,-0.0006022866,0.000740338,-0.0004000934,-0.0024091464
understanding,human,8,0.00035603388,0.00053594523,0.00021921322,0.002848271
cool,human,3,-0.00070115295,0.0004157413,-0.00042077043,-0.0021034589
nineteen,human,3,-0.0014420539,0.0018193806,-0.001504089,-0.004326162
counsel,human,3,-0.0003634677,0.0007741779,-0.00025403453,-0.0010904031
frequently,human,4,0.0009258737,0.0013533387,0.0014457102,0.0037034948
counter,human,4,-0.0013738109,0.0010271717,-0.0016597157,-0.0054952437
act,human,11,-0.00029114488,0.001054999,-0.00020449726,-0.0032025937
generally,human,4,-0.0010180543,0.0007267068,-0.0009839381,-0.0040722173
rud,human,4,-0.00014201195,0.0008154853,0.00019078248,-0.0005680478
ence,human,3,0.00097425916,0.0012415883,0.0017905105,0.0029227776
heart,human,29,0.00046196138,0.0012663171,0.0007254031,0.01339688
affection,human,16,-6.544391e-05,0.0019771603,0.00041693062,-0.0010471026
knowledge,human,10,0.00044433936,0.00064975227,0.0005277725,0.0044433936
stood,human,14,-0.0004006126,0.0007789496,-0.00016847593,-0.0056085763
refuse,human,3,5.7026627e-05,0.0011100642,-0.0004572332,0.00017107988
jane,human,24,0.00029070736,0.0015978086,-0.00023374904,0.006976977
answer,human,8,0.0006141427,0.00075765414,0.0005981491,0.0049131415
write,human,4,-0.00040849214,0.0006628384,-0.0002199694,-0.0016339686
yesterday,human,4,0.0004988676,0.00044020262,0.0004809943,0.0019954704
wished,human,11,-0.00024114577,0.0011891276,0.00039699845,-0.0026526034
settled,human,7,-0.00030192547,0.0015552754,-0.00022439306,-0.0021134783
quite,human,21,-3.1045412e-05,0.00086158206,0.00014341937,-0.0006519536
idea,human,12,0.00023201457,0.00062328565,0.00013286564,0.0027841749
took,human,27,-1.2000332e-05,0.0008518073,7.578912e-05,-0.000324009
told,human,14,0.00017145157,0.0011020676,-0.00027718663,0.002400322
thinking,human,8,-0.00030660615,0.0007194648,-0.00020768213,-0.0024528492
advantages,human,6,-0.00012493582,0.00075773714,-4.9416063e-05,-0.0007496149
come,human,22,0.0002272149,0.00091770757,0.0004777316,0.0049987277
resolution,human,4,-0.0014204097,0.0012748084,-0.0010684188,-0.0056816386
word,human,8,-0.00012818698,0.00048494083,-0.00025743796,-0.0010254958
guardian,human,3,-0.0014722986,0.0008400701,-0.0019887318,-0.004416896
gone,human,16,0.0002846906,0.0016048414,0.00027582535,0.00455505
describe,human,3,-0.0006336416,0.0005225644,-0.00033988175,-0.0019009248
ge,human,12,8.862884e-05,0.0012280386,0.00024061589,0.001063546
street,human,8,-0.00068229035,0.0017361724,-0.00092693896,-0.005458323
sudden,human,7,-0.00050710625,0.00062061945,-0.0003260537,-0.003549744
alive,human,3,-0.002291927,0.0014129465,-0.0029086848,-0.0068757813
pl,human,6,-0.0009845757,0.00050646946,-0.0009194928,-0.005907454
ica,human,8,-0.00057387154,0.00043665152,-0.0006377704,-0.0045909723
ble,human,16,0.00053596316,0.00093466,0.00030132945,0.008575411
feeling,human,10,0.00020234073,0.000653173,0.0001763055,0.0020234073
fell,human,10,-0.0005666349,0.00063895,-0.0005070786,-0.0056663486
travelling,human,5,0.00076091115,0.0020169283,0.0006905763,0.0038045556
london,human,20,0.0053901738,0.0050153947,0.0048804944,0.10780347
side,human,23,6.2036044e-05,0.0011939727,0.0002710106,0.001426829
triumph,human,3,0.0011470647,0.00015445145,0.00107162,0.0034411943
doctor,human,6,-0.0002936562,0.0014238219,-0.00056196464,-0.0017619372
en,human,14,-0.000639155,0.0009117818,-0.00046325798,-0.00894817
tre,human,9,3.203108e-05,0.0003594813,0.00012821291,0.0002882797
es,human,13,-0.00032999518,0.0012938007,-0.00051885354,-0.004289937
prevent,human,5,-0.0011476016,0.0018213289,-0.0003904116,-0.0057380083
carried,human,7,-0.00033788363,0.0009288758,-0.00066027115,-0.0023651854
shoulders,human,6,0.00077152817,0.00053296395,0.0008151962,0.004629169
sea,human,3,0.0024558008,0.0012246091,0.0018120266,0.0073674023
red,human,10,-0.00021607289,0.0005910636,-0.00045035974,-0.002160729
sight,human,4,0.0008592282,0.00032976118,0.00075453037,0.0034369128
faces,human,5,-0.00048267096,0.0011561003,2.3369903e-05,-0.0024133548
mis,human,4,-0.00028705935,0.0012489378,7.6665776e-05,-0.0011482374
confusion,human,5,0.0010624573,0.0006369326,0.0012432915,0.005312287
tu,human,7,-0.0010152844,0.00045217588,-0.0010546776,-0.007106991
wild,human,7,0.0012189802,0.0010016694,0.001233075,0.008532861
procession,human,4,-0.0017298274,0.0013122105,-0.0017353758,-0.0069193095
met,human,5,-0.00060589024,0.0007613224,-0.0004217983,-0.0030294512
den,human,4,-0.00022102962,0.00046900794,-5.341453e-05,-0.0008841185
streets,human,7,-0.003500063,0.0014908788,-0.0027747499,-0.02450044
colour,human,3,-2.3969333e-05,0.002529835,-0.0014637279,-7.1908e-05
winding,human,3,-0.00026357293,0.00064427464,-7.073158e-05,-0.00079071877
through,human,17,-0.00010117206,0.0014137026,-0.00049891724,-0.001719925
thus,human,10,-0.00087367604,0.0024427166,-0.000901046,-0.00873676
courtyard,human,4,-0.0014581109,0.0025711292,-0.00096773414,-0.0058324435
lived,human,9,-0.0007324248,0.0006696363,-0.0008067147,-0.006591823
good,human,36,7.4913885e-05,0.0008775321,0.0003026184,0.0026969
night,human,22,1.1803228e-05,0.0012329866,0.00047727907,0.000259671
moving,human,4,0.00042769295,0.00056255335,0.0004974144,0.0017107718
proved,human,3,0.0004288887,0.0012793333,0.0011675284,0.0012866661
aunt,human,5,-0.00065729517,0.0019499077,-0.0001243644,-0.0032864758
ce,human,15,-1.7020266e-05,0.00095100014,0.00041717262,-0.00025530398
immediately,human,13,0.00031166992,0.00041700486,0.00022694255,0.004051709
table,human,12,-0.0017209781,0.00069783186,-0.0016585925,-0.020651737
also,human,10,-0.00042830734,0.00063083175,-0.00048730613,-0.0042830734
get,human,14,0.0006848966,0.00073204306,0.0008475445,0.009588553
knight,human,24,-0.000108170265,0.0017530099,0.00054329116,-0.0025960864
ley,human,31,0.0005120055,0.0012000842,0.00064247835,0.015872171
another,human,20,0.00030360903,0.0010671037,0.0004554207,0.006072181
letters,human,3,0.0005536688,0.00036040015,0.0007352452,0.0016610065
res,human,8,-5.1386043e-05,0.00052414474,0.00011018451,-0.00041108835
ol,human,5,-0.00028904917,0.00043760106,-0.00029602286,-0.0014452458
ute,human,4,-0.00013282837,0.00074931706,-0.0001493815,-0.0005313135
une,human,9,0.0001550845,0.0010452189,0.0004384153,0.0013957606
afterwards,human,9,0.00018312981,0.0011723079,0.000114901195,0.0016481683
looking,human,15,0.00040283054,0.0008442136,0.0005632554,0.006042458
frank,human,13,0.0027390246,0.0020785236,0.0031384684,0.03560732
churchill,human,12,-0.001231152,0.0034180442,-0.00051202456,-0.014773823
growing,human,6,-0.0010042412,0.000808514,-0.0014389828,-0.006025447
parted,human,6,0.00028284686,0.0013692289,0.00048796108,0.0016970811
tell,human,14,0.00016581253,0.00058361323,6.960541e-05,0.0023213753
rest,human,15,0.00083140365,0.0006028205,0.0008820184,0.012471055
full,human,13,0.00035132113,0.0011862522,0.000475734,0.0045671747
assist,human,3,0.0009905017,0.00063228625,0.0013053453,0.0029715053
anxious,human,13,-7.841449e-05,0.0009543761,1.5300495e-05,-0.0010193883
give,human,29,0.00033245818,0.0006111127,0.00041333766,0.009641287
hint,human,4,-0.0007843771,0.0009599829,-0.0006751895,-0.0031375084
ask,human,7,0.00045042654,0.0009975942,0.0004914623,0.0031529858
question,human,11,-0.00022931007,0.001256521,-0.00019988089,-0.0025224108
business,human,15,0.000332566,0.0016637929,0.00069737365,0.00498849
let,human,13,0.00068956614,0.001186774,0.00062758895,0.00896436
however,human,23,0.000244546,0.00095722056,0.00020683499,0.0056245583
campbell,human,4,-0.0007188035,0.0024183288,0.00022251447,-0.002875214
shall,human,14,-0.0010013194,0.0015602865,-0.0016926099,-0.014018471
difficulties,human,9,-8.694969e-06,0.0011200855,-2.6069843e-05,-7.825473e-05
knows,human,3,-0.00087666645,0.0018217848,0.00022889518,-0.0026299993
think,human,34,0.00020192072,0.0010597743,0.0001885804,0.0068653044
fort,human,4,-6.017932e-05,0.0013061896,0.00039506995,-0.00024071729
remembrance,human,3,-0.0003666842,0.0006092661,-0.0005455655,-0.0011000526
fan,human,5,-0.0014583303,0.0014514112,-0.0018418293,-0.0072916513
conjecture,human,3,0.0009289502,0.00083895825,0.0011714636,0.0027868506
pleasing,human,5,0.0010678959,0.000630133,0.00090418156,0.0053394795
allowed,human,9,-0.0008717175,0.0006578319,-0.00090153393,-0.007845458
herself,human,55,0.00038617174,0.0011147534,0.00040282647,0.021239446
visit,human,10,0.0010973394,0.0017389696,0.0011254223,0.010973395
repetition,human,4,-0.00061893166,0.000916999,-0.0004373709,-0.0024757267
wishes,human,7,0.00024872174,0.0010594038,0.00027687816,0.0017410521
spy,human,3,-0.0006963005,0.00028340612,-0.00055616815,-0.0020889016
saint,human,3,0.001634052,0.0011665269,0.0017494066,0.004902156
def,human,11,-0.0009852847,0.00092990405,-0.0012474789,-0.010838131
ar,human,9,-0.0012116617,0.0017325159,-0.0007929066,-0.010904956
wine,human,8,0.0010141958,0.0013437152,0.0013375249,0.008113567
shop,human,3,0.0009789751,0.0009344338,0.00035835567,0.0029369253
police,human,5,-0.001252943,0.0037769456,0.00027739623,-0.0062647145
heads,human,4,2.9646362e-06,0.00023173333,-2.3541485e-05,1.1858545e-05
information,human,8,0.000776875,0.0009775872,0.00088961044,0.006215
history,human,3,0.00033283816,0.00085144356,0.00050608057,0.0009985145
introduction,human,3,0.00034227388,0.00029897597,0.0001704132,0.0010268217
tried,human,8,0.00032678153,0.0006660776,0.00022686161,0.0026142523
madame,human,3,0.0013167853,0.0011246136,0.0018118531,0.003950356
broken,human,4,-6.799901e-05,0.00021011323,-0.00013417263,-0.00027199605
fear,human,9,-0.0004131572,0.00088305556,-0.00055891107,-0.0037184148
knit,human,3,-0.00015501177,0.00091672887,-0.00058710796,-0.00046503532
ted,human,11,-0.0003330159,0.00070100935,-0.0001875005,-0.0036631748
talked,human,10,-0.00051000796,0.00064252754,-0.00045275418,-0.0051000793
moved,human,4,-0.00046482807,0.00056933425,-0.00041986577,-0.0018593123
produce,human,3,-0.0003114967,0.0012619913,-0.00084140355,-0.00093449006
people,human,18,-0.0017393803,0.0010597209,-0.001735888,-0.031308845
lives,human,3,-0.0005693771,0.0015559931,-0.00012250683,-0.0017081313
further,human,4,-0.0009880557,0.0008320637,-0.0008504443,-0.003952223
excessive,human,3,-0.00013284752,0.00036188492,-0.00015907947,-0.00039854256
ited,human,3,-0.00035260324,0.00015052591,-0.00039840076,-0.0010578097
vain,human,4,0.00014816709,0.000641455,0.00014218036,0.00059266837
us,human,27,0.00038708615,0.0024984728,-9.786995e-05,0.010451326
distinguished,human,5,-0.00013180738,0.0008727613,-0.0005336376,-0.00065903686
marshes,human,5,-0.0021745558,0.0028991932,-0.0016111427,-0.010872779
clear,human,3,0.0004320199,0.00015887045,0.00032306404,0.0012960597
river,human,4,-0.00161473,0.0022961802,-0.0026072117,-0.00645892
close,human,4,0.0009210963,0.0004494263,0.0008936331,0.0036843852
late,human,7,7.2774346e-05,0.001969604,0.0003446225,0.0005094204
parish,human,3,0.004499819,0.0023404206,0.0035715294,0.013499457
georgian,human,3,0.0012124536,0.0045615453,0.0029993202,0.0036373609
wife,human,9,0.0013544661,0.0015014557,0.001937632,0.012190195
laid,human,8,-0.00066523,0.0007020552,-0.0006536766,-0.00532184
high,human,18,-0.00019778225,0.0013709255,-0.00035881653,-0.0035600807
wind,human,5,0.0010479621,0.0007316003,0.0011804776,0.005239811
st,human,14,-0.0004965646,0.0011605876,-0.00023359738,-0.0069519044
beautiful,human,3,0.00097211794,0.00050366175,0.0011057837,0.0029163538
shadows,human,5,-7.0975715e-05,0.0004603507,5.8601145e-06,-0.00035487858
brought,human,27,-0.00053211575,0.0006847499,-0.0004505813,-0.014367126
blood,human,3,-0.0017029884,0.0011737747,-0.0019145834,-0.005108965
ran,human,8,6.108596e-05,0.000648031,-0.00017256475,0.00048868766
cold,human,10,-0.0016744426,0.00069150684,-0.0015976611,-0.016744426
hands,human,14,-0.00021065332,0.0010969745,-0.00024551753,-0.0029491466
without,human,38,-0.00021150314,0.001359799,9.848358e-06,-0.008037119
knowing,human,8,0.000607508,0.0011105189,0.0009093396,0.004860064
fire,human,16,0.00084725185,0.0014970606,0.0012782817,0.01355603
sat,human,21,-0.0007380704,0.00070763205,-0.0007454193,-0.015499478
afraid,human,4,-2.2592605e-05,0.0013903028,-0.0003837653,-9.037042e-05
hour,human,13,0.0004058387,0.0013921396,-0.00028142752,0.0052759033
until,human,8,-0.0005842638,0.001850466,-0.00010042368,-0.0046741106
fully,human,6,0.0005495661,0.00079208915,0.0008219889,0.0032973967
ship,human,6,0.0037927583,0.006042668,0.0018766084,0.02275655
sense,human,7,-0.0004414862,0.00049087964,-0.00025009687,-0.0030904033
education,human,6,0.00027192675,0.0010621976,0.0003239928,0.0016315605
myself,human,14,0.00041344552,0.0008852829,0.00071230496,0.0057882373
nature,human,16,-0.00036371464,0.0011154168,-0.0003736008,-0.0058194343
situations,human,3,-0.0010998662,0.0013480445,-0.001501274,-0.0032995986
family,human,34,0.002787303,0.004019591,0.0026052857,0.0947683
therefore,human,17,-0.0006603048,0.002431539,-0.001042313,-0.011225182
placed,human,8,-0.0003700829,0.0014122274,-0.00048887316,-0.0029606633
whenever,human,6,-0.0007349036,0.0013686616,-0.0011939844,-0.0044094217
brother,human,18,0.0003474037,0.0009146392,0.0005422443,0.0062532667
happened,human,10,2.945738e-05,0.00060140324,0.00023138788,0.0002945738
five,human,8,-0.00024619102,0.00040640117,-0.00034022896,-0.0019695282
years,human,11,0.00029600802,0.0007351224,0.00012027166,0.0032560881
ago,human,9,0.00067283603,0.0015579336,0.00069517794,0.006055524
possession,human,6,0.0014956455,0.0013067189,0.0022295308,0.008973873
property,human,3,0.0033018023,0.0036615168,0.0029196464,0.009905407
del,human,12,-0.0012848098,0.0018667865,-0.000783822,-0.015417717
af,human,9,-0.0006576063,0.0011505395,-0.00055308186,-0.0059184567
ord,human,4,0.003723237,0.0019089446,0.0032780943,0.014892948
called,human,11,-0.0010463129,0.0010965882,-0.0011426824,-0.011509441
am,human,25,-0.0008956354,0.001533574,-0.0010774087,-0.022390885
aware,human,7,2.8047403e-05,0.00091461546,-4.585978e-05,0.00019633182
general,human,19,-0.0009916807,0.0010188117,-0.0007294967,-0.018841933
suspected,human,3,-0.000611314,0.00016535682,-0.00061936013,-0.0018339421
connection,human,3,-0.00019713449,0.00093331153,-9.7793876e-05,-0.00059140346
almost,human,12,-0.0004253819,0.0009827833,-0.00023515876,-0.0051045828
sh,human,5,-0.0008271208,0.0013023149,-0.001151443,-0.004135604
run,human,6,0.0005097688,0.0015740984,0.00027744955,0.0030586128
young,human,40,-0.00045683677,0.0011356672,-0.00031173424,-0.01827347
form,human,3,3.387332e-05,0.00024510364,0.0001121831,0.00010161995
church,human,6,-0.0008585376,0.0036073937,-0.0011377649,-0.0051512257
bell,human,3,0.00037036595,0.0014931997,-0.00010375312,0.0011110979
broke,human,3,-4.1482057e-05,0.00019131131,-6.513152e-05,-0.00012444617
youthful,human,3,0.0006152286,0.00019596975,0.0005371343,0.0018456858
service,human,11,0.0001916835,0.0011290406,0.000369563,0.0021085185
mo,human,3,-0.00025219878,0.0005960652,-5.2683885e-05,-0.00075659633
entered,human,9,-0.0003537553,0.0010840645,-7.648478e-05,-0.0031837977
gate,human,3,-0.0025092503,0.0019174048,-0.0035092956,-0.007527751
grave,human,3,-0.00063710444,0.0011596797,-0.0007700968,-0.0019113134
among,human,16,-8.9394714e-05,0.0012605151,5.5749617e-05,-0.0014303154
sun,human,3,0.0006092527,6.5505694e-05,0.0005884893,0.0018277582
oliver,human,22,0.0016286884,0.003509303,0.0015156992,0.035831146
turned,human,12,0.00078217685,0.001109942,0.00056772586,0.009386122
kindness,human,9,-0.0009921301,0.00096175965,-0.00068057067,-0.008929172
cease,human,3,0.00055889593,0.00069928484,6.810778e-05,0.0016766879
showing,human,3,-0.0004225848,0.00029402704,-0.00029537283,-0.0012677544
grateful,human,7,0.0006163972,0.0011494784,0.00058216485,0.0043147802
attached,human,4,0.0013632083,0.0007194387,0.0011183444,0.005452833
reason,human,7,0.0008612276,0.0011598491,0.00066024443,0.0060285935
why,human,8,3.0718467e-05,0.0006580259,-6.6475004e-06,0.00024574774
wear,human,4,-0.0010568235,0.0013152176,-0.0005798422,-0.004227294
life,human,20,-0.00056924357,0.0014656499,-0.0002675492,-0.011384872
forge,human,4,0.0017274513,0.0017327425,0.001097969,0.0069098054
ad,human,6,-0.00109805,0.0015879403,-0.0003442595,-0.0065883
country,human,9,-2.6899494e-05,0.0031867092,4.5791967e-06,-0.00024209544
shut,human,6,-0.00080447923,0.0009930214,-0.0005737475,-0.0048268754
alone,human,9,6.588743e-05,0.0013477445,0.0001812099,0.0005929868
kitchen,human,4,-0.0019368853,0.001389649,-0.0016449506,-0.007747541
fellow,human,4,4.088084e-05,0.001356096,-0.00026996338,0.00016352336
suffer,human,5,-0.00091215235,0.0008579524,-0.0006581864,-0.0045607616
having,human,34,0.00017100635,0.00093647174,0.00018249737,0.005814216
arte,human,3,0.0001652185,0.0002321598,0.000315619,0.0004956555
raised,human,5,0.0006026692,0.0008840748,0.0008085291,0.0030133459
pee,human,4,-0.0013152768,0.0012470896,-0.0012149932,-0.0052611073
opposite,human,4,-4.247122e-05,0.00053384306,7.3640826e-05,-0.00016988488
corner,human,6,0.00028653897,0.0014174555,0.0003957189,0.0017192338
habit,human,3,-0.00047917422,0.0008199156,-0.00017336267,-0.0014375227
wall,human,6,-0.00044722683,0.0011974719,-0.0001394857,-0.002683361
especially,human,9,-0.0005775653,0.0010332532,-0.00070739095,-0.0051980875
jagger,human,5,0.00080897566,0.0015555087,0.00093477196,0.0040448783
chair,human,11,-0.0003184782,0.0011860228,6.668962e-05,-0.0035032602
forth,human,6,0.00027256797,0.000353747,0.00040630298,0.0016354078
innocent,human,3,0.0010022238,0.00044610858,0.0012855129,0.0030066713
cause,human,4,-2.4331668e-05,0.000504773,-0.00014865554,-9.732667e-05
al,human,4,-0.0020675666,0.001115734,-0.0018491423,-0.0082702665
di,human,26,0.00012168656,0.00071320817,0.00013415088,0.0031638504
sma,human,3,-0.0007709167,0.0003438231,-0.00078723783,-0.00231275
place,human,26,-0.00040518492,0.0016567535,-0.00022134499,-0.010534808
something,human,12,0.00013374443,0.0009934515,0.00018941698,0.0016049331
else,human,14,-4.7758946e-05,0.00083958654,-3.3504133e-05,-0.00066862523
master,human,3,0.0016595499,0.0016505419,0.0012190244,0.00497865
letter,human,7,0.0006428323,0.0012570773,0.0010863276,0.004499826
lodging,human,4,0.0042021037,0.0029414285,0.004675639,0.016808415
eye,human,7,0.00014570367,0.00079023186,0.00032818213,0.0010199257
mine,human,5,9.850575e-06,0.000488376,-8.205534e-05,4.9252878e-05
size,human,3,-0.0010440531,0.00049641763,-0.0013259614,-0.0031321594
elegance,human,3,-0.0007038761,0.00063036784,-0.0005807603,-0.0021116282
paper,human,5,-0.0011979194,0.0009938204,-0.00080705405,-0.0059895967
gave,human,17,-3.751607e-05,0.00076129066,-0.00017835543,-0.0006377732
reached,human,6,-0.0005352576,0.00028139958,-0.00047623663,-0.0032115458
devon,human,3,0.005242981,0.0024450691,0.005500739,0.015728943
shire,human,4,-0.0005364498,0.0025657949,-0.0005516575,-0.002145799
passed,human,11,-0.00012578018,0.0009078767,0.00017156533,-0.0013835819
within,human,17,-0.0005136217,0.0011976865,-0.00044929323,-0.008731569
marked,human,3,-0.0006508562,0.0005065367,-0.0003292403,-0.0019525685
made,human,49,-1.6101514e-05,0.0007390111,-2.6542955e-05,-0.0007889742
ever,human,30,-0.0002405332,0.0009438585,-0.00015522205,-0.0072159963
affecting,human,3,-9.6775504e-05,0.0008371856,0.00020617063,-0.0002903265
delightful,human,5,0.0008735138,0.0006587371,0.0010751438,0.004367569
opened,human,9,-7.4603224e-05,0.0010636899,1.4594465e-05,-0.00067142904
directly,human,7,-0.00013667425,0.0007511324,-2.6310736e-05,-0.0009567198
read,human,9,-0.00038601327,0.0011745333,-0.00021586193,-0.0034741194
sick,human,3,-0.00080703385,0.0009968008,-0.00094703323,-0.0024211016
charge,human,6,0.0009311132,0.00140804,0.0009378095,0.005586679
retired,human,4,0.00043247285,0.00034190464,0.00048225175,0.0017298914
sleep,human,3,-0.0024428314,0.0010593736,-0.0020808687,-0.007328494
rain,human,3,0.0014133801,0.0007717269,0.0018072731,0.0042401403
happiness,human,15,0.00031976672,0.0005972174,0.00049365,0.004796501
rich,human,7,0.0017211266,0.0028060551,0.0032321657,0.012047886
ven,human,4,0.0005890947,0.00046424964,0.00067705754,0.0023563788
ten,human,7,-0.00023602218,0.00064056815,-0.00013353897,-0.0016521553
convinced,human,3,0.0011866674,0.00036013467,0.0012517294,0.003560002
spite,human,9,0.00014973672,0.0003559448,0.00012860226,0.0013476305
already,human,8,-0.0008655968,0.0005193935,-0.0009276796,-0.0069247745
window,human,8,0.00053902215,0.001179693,0.0007975766,0.004312177
hu,human,6,-0.0011668825,0.0007178085,-0.0010617143,-0.0070012948
sw,human,3,-0.0011843409,0.0010090633,-0.00094039534,-0.0035530226
two,human,41,8.549498e-05,0.0009202527,7.053926e-05,0.0035052942
nothing,human,36,-0.0005836525,0.0007170013,-0.00049027917,-0.02101149
care,human,7,3.366879e-05,0.0011531194,0.000468603,0.00023568154
keep,human,10,0.0005503205,0.0006178811,0.0006293147,0.0055032047
says,human,4,-0.0008405886,0.002793988,-0.00031783147,-0.0033623544
wonder,human,4,0.0009899506,0.0009091282,0.0006129136,0.0039598024
cu,human,3,0.00013549232,0.0017774205,0.00011722401,0.00040647696
cousins,human,5,-0.00055622944,0.0013506531,-0.00013981805,-0.0027811471
spring,human,3,0.0003166139,0.0006530188,-8.15012e-05,0.0009498417
dead,human,11,-0.0001721047,0.0007037697,1.5018479e-05,-0.0018931518
turning,human,5,5.3391723e-05,0.0007360865,0.00012238207,0.0002669586
completely,human,3,0.00044159204,0.00043580693,0.00074155023,0.0013247761
striking,human,3,0.00023862357,0.00020420736,0.00015672066,0.0007158707
head,human,7,0.0005911431,0.00108684,0.0011801118,0.0041380017
stone,human,6,-0.0023775997,0.002139337,-0.0030284848,-0.014265599
explanation,human,5,0.00091260095,0.0006269049,0.0005870883,0.0045630047
comprehend,human,4,-0.00061077886,0.0005515059,-0.000388491,-0.0024431155
pin,human,3,0.00042598206,0.00012221282,0.00037878123,0.0012779462
events,human,4,-0.00050402276,0.0003482433,-0.00045829272,-0.002016091
days,human,13,-0.00019219867,0.0012196937,-0.00026707753,-0.0024985827
three,human,16,0.0001493883,0.0010392468,0.00044157094,0.0023902128
clock,human,5,-0.0005121088,0.0008126417,-0.00033374154,-0.0025605438
town,human,8,0.00024919352,0.0013605832,-9.8105054e-05,0.0019935481
backward,human,3,-0.00044504166,0.000516289,-0.0006312183,-0.001335125
feet,human,5,-0.0021541717,0.0023808687,-0.0014401221,-0.010770858
evidence,human,4,0.0002516851,0.00044769628,0.00017429038,0.0010067404
locked,human,5,-0.00021118621,0.00039334473,-0.00046853337,-0.0010559311
key,human,4,-0.0003586892,0.0006398014,-0.00041645594,-0.0014347568
glanced,human,3,0.00043627108,0.0019057025,0.0013350802,0.0013088132
drawn,human,4,-0.00054685003,0.00073730946,-0.00038200128,-0.0021874001
admit,human,3,0.00040239203,0.0011044184,0.00017063931,0.0012071761
relief,human,6,-0.0013068799,0.0015304557,-0.00073972327,-0.00784128
fixed,human,3,-0.0002490349,0.0009115624,8.03295e-05,-0.0007471047
given,human,22,-0.0002110579,0.00085095724,-0.0002378228,-0.0046432735
although,human,6,0.00031659348,0.0007326892,7.283696e-05,0.0018995609
lost,human,7,0.00014053697,0.0007691436,-0.00010534952,0.0009837588
intelligence,human,4,-0.00021678153,0.0008970583,-0.0005451745,-0.0008671261
length,human,7,-0.00018295117,0.0010657373,-8.536724e-05,-0.0012806582
observed,human,4,-0.00071368297,0.0009647758,-0.0002537595,-0.0028547319
depart,human,4,0.00066845183,0.0011882103,0.00070079847,0.0026738073
bum,human,7,-0.0012717937,0.0012387075,-0.0011820515,-0.008902556
cunning,human,3,-0.0015735691,0.0014671611,-0.00063266815,-0.0047207074
opportunity,human,3,-7.138386e-05,0.00234436,0.0013485427,-0.00021415157
supposed,human,8,-7.600279e-05,0.0007162836,6.599507e-05,-0.0006080223
greatest,human,7,0.00039461182,0.0006559993,0.0003974788,0.0027622827
flict,human,4,-0.00012167748,0.00038707565,-0.000102981954,-0.00048670993
ion,human,4,-0.00011253664,0.0008610344,-0.00035463844,-0.00045014656
ending,human,3,-0.00065695425,0.00075535086,-0.0011219294,-0.0019708627
smith,human,6,-0.00077392935,0.0016804506,-0.0005528781,-0.004643576
returning,human,6,-0.00022293597,0.0003479936,-0.00026245054,-0.0013376158
invitation,human,4,0.0016944834,0.00093393144,0.0017659245,0.006777934
saying,human,7,-0.00023981214,0.00047173633,-0.00026605447,-0.001678685
seem,human,5,-0.00061724323,0.00043092913,-0.00064480014,-0.0030862163
gen,human,5,0.00060979475,0.00091972644,0.0007450883,0.0030489736
suspicious,human,4,-0.0006376196,0.0002525221,-0.0005760079,-0.0025504783
owa,human,3,-0.0014972631,0.0017797825,-0.0017785111,-0.0044917893
character,human,19,-0.0008398776,0.0005869991,-0.0008218519,-0.015957674
conduct,human,5,-0.0009920413,0.0010406475,-0.00065991585,-0.004960207
ill,human,16,-0.00062544795,0.000841531,-0.0005388445,-0.010007167
ibe,human,3,-0.0005150063,0.00014344204,-0.00046297733,-0.001545019
difference,human,3,-0.0005857497,0.0009888839,-2.3471614e-05,-0.0017572491
joy,human,6,0.00054439186,0.00025865686,0.00042767398,0.0032663513
address,human,5,0.00035963746,0.0005013376,0.0001470962,0.0017981873
conde,human,3,-0.0015367419,0.0013127673,-0.00075705023,-0.0046102256
end,human,14,0.00061501283,0.0012119402,0.00046960037,0.00861018
ise,human,4,-0.00040547826,0.0011674274,-0.0004132911,-0.001621913
gained,human,4,-0.00093369593,0.0011923615,-0.0005210276,-0.0037347837
pleased,human,3,-0.0005797402,0.00050404837,-0.0008620372,-0.0017392206
attention,human,17,0.00057785935,0.0007606248,0.000575894,0.009823609
seated,human,8,-0.0006496925,0.0010002924,-0.0002905583,-0.00519754
forward,human,10,0.0009552535,0.0010437121,0.0011534644,0.009552535
work,human,12,0.0002534008,0.0016309641,0.0006895349,0.0030408096
besides,human,5,0.00068483345,0.0012947685,0.00083923736,0.0034241672
near,human,8,-0.0008639473,0.0008124946,-0.0007521113,-0.0069115786
noise,human,5,-0.0011275369,0.0012158841,-0.0006847076,-0.0056376844
interesting,human,9,-2.242293e-05,0.0007340128,0.00033674,-0.00020180637
card,human,3,-0.00055408187,0.0006943084,-0.00053695624,-0.0016622456
best,human,22,0.00051076314,0.00066762685,0.00064722716,0.01123679
loved,human,10,-7.901018e-05,0.0013878876,0.0002450206,-0.00079010177
believed,human,11,-0.0005729601,0.0006569199,-0.000591655,-0.0063025616
deserved,human,4,0.00035812738,0.0007310292,0.00041315865,0.0014325095
past,human,9,0.00017476478,0.0006386867,0.00016920506,0.001572883
society,human,17,0.00044913605,0.0018624398,0.0009660287,0.0076353126
delight,human,5,0.0006704072,0.00053201715,0.00072728744,0.003352036
each,human,12,0.000607907,0.001530641,0.00038330577,0.0072948844
observing,human,3,-0.00090108206,0.001307446,-0.001654005,-0.0027032462
love,human,20,0.0014051623,0.0016305425,0.0013714122,0.028103245
willoughby,human,9,0.0032582246,0.0051760757,0.0023602373,0.029324021
source,human,5,-0.00031482344,0.0005536505,-0.00010586138,-0.0015741172
cl,human,7,0.00012530165,0.0014261958,1.2986129e-07,0.00087711157
fix,human,3,-4.542204e-05,0.0008755094,0.00027317635,-0.00013626611
creature,human,5,-0.0032261144,0.005484161,-0.0026184458,-0.016130572
behind,human,9,-0.00016692173,0.001521841,0.0003134269,-0.0015022956
friendship,human,4,0.0011601043,0.00075380824,0.0011838076,0.004640417
bringing,human,4,0.00021208695,0.0004336213,0.00031654665,0.0008483478
months,human,11,0.00034349418,0.0009984405,7.106868e-05,0.003778436
barton,human,8,0.00035547322,0.0032566418,-0.0013033189,0.0028437858
peace,human,4,-0.0022449133,0.0010890175,-0.001994756,-0.008979653
journey,human,6,-0.00045104697,0.0012056405,-0.0010846877,-0.0027062818
cher,human,3,-0.00033944994,0.0005905476,-0.00061296404,-0.0010183498
ished,human,3,0.00089995685,0.00022245386,0.0009742835,0.0026998706
county,human,3,0.0027277227,0.003135064,0.0012848445,0.008183168
lt,human,3,-0.001350476,0.00042498644,-0.0011541604,-0.0040514283
turns,human,3,0.00054880185,0.0005999745,0.00060508336,0.0016464056
imagination,human,3,-0.0013213443,0.0012199635,-0.0006509605,-0.003964033
fore,human,6,-0.0009996454,0.001485187,-0.00035884336,-0.0059978724
drove,human,6,-0.0012575934,0.0011244845,-0.0018030773,-0.00754556
cleveland,human,4,-0.0027430784,0.00069342286,-0.002657308,-0.010972314
dare,human,5,0.0010347322,0.00066332973,0.0013543589,0.0051736613
pain,human,5,0.000792206,0.0018321469,0.0014886407,0.00396103
battery,human,3,0.0030228328,0.0026388098,0.0026005614,0.009068498
limp,human,3,-0.0010079369,0.00026025125,-0.0010853042,-0.0030238107
awful,human,4,0.00030572474,0.0006637491,0.00040746082,0.001222899
expected,human,11,-0.000818157,0.001300713,-0.0006835755,-0.008999727
die,human,4,-0.0006443594,0.0012483447,-0.001110919,-0.0025774376
occurred,human,6,-6.6151144e-05,0.00067072443,-0.0001945303,-0.00039690686
eat,human,4,-0.0018165982,0.00083992793,-0.0018700738,-0.007266393
mu,human,4,-0.001454741,0.00064096454,-0.0014792469,-0.005818964
ch,human,4,-1.1507873e-06,0.00017450469,2.5899448e-05,-4.603149e-06
coming,human,6,-0.00020545011,0.00077949715,-0.00020602545,-0.0012327007
certainty,human,3,-0.0014947181,0.0038411354,-0.00043920506,-0.0044841543
held,human,9,-0.00022564782,0.0005421127,-0.00013663448,-0.0020308304
keeping,human,6,5.165597e-05,0.0007962177,0.00045621893,0.00030993583
instead,human,8,7.2221446e-06,0.00081966317,-0.00023999315,5.7777157e-05
ab,human,6,-0.00087543234,0.0010608503,-0.0011050279,-0.005252594
hor,human,3,-0.00077690167,0.0008694787,-0.0009385561,-0.002330705
ring,human,5,-0.001008988,0.0018833922,-0.00019423256,-0.00504494
attracted,human,4,-0.0002605319,0.0010619272,-0.00040902465,-0.0010421276
strongest,human,3,0.0011882485,0.00039485283,0.0011606619,0.0035647454
shrinking,human,3,-0.001327058,0.00030576176,-0.0013396717,-0.003981174
rep,human,12,-0.000551458,0.00065056386,-0.0006493104,-0.006617496
worse,human,5,-5.574336e-05,0.0009690207,0.00019502753,-0.0002787168
contrary,human,4,-0.0004390236,0.0009114741,-0.0004721976,-0.0017560944
addressed,human,6,-0.00062853395,0.0013923764,-0.00031057236,-0.0037712036
slow,human,4,-0.0013644863,0.0007216265,-0.0014010954,-0.005457945
isabella,human,7,-0.0012864415,0.0021132727,-0.00093482906,-0.00900509
step,human,8,-0.00083168934,0.00068091357,-0.0007936894,-0.0066535147
party,human,9,-0.0008268908,0.0017734963,-0.00059496425,-0.0074420176
followed,human,9,0.00041260352,0.00050153944,0.0006428688,0.0037134318
te,human,10,-0.0008706896,0.001491901,-0.00036435432,-0.008706896
awkward,human,4,-3.041522e-05,0.0008094774,9.236649e-05,-0.00012166088
suspicions,human,4,5.5979326e-05,0.0008965098,-0.00019185063,0.0002239173
mile,human,7,-0.0013403896,0.0016718892,-0.0009134333,-0.009382728
pocket,human,12,-0.00041513788,0.00073912565,-0.0003820367,-0.0049816547
book,human,5,-0.00029341556,0.0011222946,0.000119752905,-0.0014670779
dig,human,3,0.00027776498,0.00035787758,0.0003785499,0.00083329494
ni,human,5,-0.0016753521,0.00083462935,-0.0020622504,-0.00837676
ties,human,3,-0.0010309803,0.0012462846,-0.0013157809,-0.003092941
bing,human,6,0.0027606206,0.0015770114,0.0028306772,0.016563723
grown,human,4,-3.285153e-06,0.00052612316,8.741552e-05,-1.3140612e-05
expectations,human,3,-0.0009683403,0.0013764298,-0.0012509011,-0.002905021
ins,human,13,-0.000765636,0.0010231718,-0.00058598915,-0.009953268
ens,human,7,-9.09906e-05,0.00048931583,0.00012336369,-0.0006369342
begun,human,3,-0.00085772265,0.00063856127,-0.00053580874,-0.002573168
influence,human,5,-0.000545043,0.00046137266,-0.0004962643,-0.002725215
possible,human,14,-0.00027289146,0.0005867509,-0.0001642411,-0.0038204805
state,human,8,-0.0011960528,0.002176726,-0.0017503741,-0.009568422
behaviour,human,7,-0.0005011778,0.00081614655,-0.000464003,-0.0035082444
bid,human,3,-0.00015895517,0.001336935,0.0002461032,-0.0004768655
dy,human,3,0.0016026214,0.00066708477,0.0013331827,0.0048078643
glad,human,6,0.00018616054,0.0012543205,0.0005673895,0.0011169632
overcome,human,4,0.00082619593,0.0008636062,0.0006032956,0.0033047837
assurance,human,10,-0.0007035399,0.00090078707,-0.0006401225,-0.007035399
succeeded,human,4,-0.0005288393,0.0004380148,-0.00040782095,-0.0021153572
fond,human,4,-0.00015002095,0.0006493322,-0.0003742489,-0.0006000838
welcome,human,3,0.0008356012,0.0003791599,0.0006928478,0.0025068035
used,human,10,-0.00050654914,0.000995415,-0.00027349446,-0.0050654914
occasion,human,13,0.0006423077,0.0026053947,0.001421998,0.00835
app,human,7,-0.00038905494,0.0008638436,5.6121557e-05,-0.0027233846
ro,human,14,0.0006071087,0.0005314376,0.0005069878,0.008499522
bation,human,4,6.871644e-05,0.0011367113,0.00064572605,0.00027486577
importance,human,8,-0.0005892151,0.0007315329,-0.00040339024,-0.0047137206
pu,human,4,-0.0015149992,0.0010568164,-0.0017086505,-0.006059997
ina,human,3,-0.0006295794,0.00047848446,-0.00085922953,-0.0018887382
ous,human,10,-3.716656e-05,0.00094243576,3.5820965e-05,-0.00037166558
seeds,human,3,-0.0014860943,0.00070824416,-0.001543019,-0.004458283
lower,human,3,-0.0016377425,0.00069422944,-0.0015134222,-0.0049132276
brown,human,4,-0.0005749817,0.0021054873,-0.00010046241,-0.0022999267
inside,human,6,-0.00035184165,0.00081021624,1.2471879e-05,-0.0021110498
fine,human,3,-0.00017853135,0.00018771188,-0.00018291555,-0.00053559407
break,human,3,0.00084988255,0.00068365206,0.00073236634,0.0025496476
arrival,human,4,0.00038970873,0.0004315259,0.00035724486,0.0015588349
active,human,3,-0.00065933674,0.0005419663,-0.00066496583,-0.0019780102
decided,human,4,-0.00017480156,0.0004196749,-0.00013587158,-0.00069920626
nancy,human,4,0.0035696276,0.0012583821,0.0042436346,0.014278511
jew,human,4,-0.009592592,0.003769918,-0.009256696,-0.038370367
bring,human,8,0.00033761928,0.0006607228,0.0004969395,0.0027009542
fa,human,11,0.0004099061,0.0013134618,9.955363e-05,0.004508967
gin,human,6,-0.0014955867,0.002679658,-0.0006410426,-0.00897352
ily,human,8,-0.0005614909,0.0009895635,-0.0005546379,-0.004491927
ev,human,3,-0.0003063398,0.0010905288,0.00012753789,-0.00091901934
sin,human,6,-0.0012034911,0.001858192,-0.00053108146,-0.0072209467
willing,human,3,-0.00052722666,0.0017113247,0.00043504563,-0.00158168
girl,human,14,0.0005663285,0.00211222,0.0012629756,0.0079286
anybody,human,6,-0.00022381409,0.0008336764,-0.00039038958,-0.0013428845
si,human,5,-0.00073294976,0.0012880458,-0.0009253264,-0.0036647487
kes,human,4,-0.0016095587,0.00016412478,-0.0016119898,-0.006438235
fit,human,5,-0.00065777963,0.00037322717,-0.00066579116,-0.0032888982
evil,human,9,-0.0014743126,0.0014956553,-0.0016526231,-0.0132688135
necessary,human,8,9.200761e-05,0.00028325644,-9.1631955e-07,0.0007360609
understood,human,4,-0.00046696712,0.00038085828,-0.00042761,-0.0018678685
render,human,3,0.00080274086,0.00092510314,0.0003907221,0.0024082225
respect,human,8,9.6237374e-05,0.00074453524,0.00013944811,0.000769899
required,human,4,-0.001614128,0.0009981386,-0.0013952946,-0.006456512
ated,human,3,-0.00045822197,0.00013676584,-0.00051278196,-0.0013746659
allow,human,8,4.7595546e-05,0.00069586915,6.730601e-05,0.00038076437
danced,human,3,-0.004807439,0.0039606765,-0.0033749025,-0.014422318
asked,human,6,0.00055178994,0.0005669003,0.00050504424,0.0033107395
put,human,16,0.000109707784,0.00066197885,0.00017723332,0.0017553245
couple,human,6,0.001118028,0.0038744197,0.0017867412,0.0067081675
forget,human,7,0.00018661383,0.0007614609,0.0004609139,0.0013062968
court,human,9,-0.00032612504,0.002202923,-0.0008185678,-0.0029351253
ais,human,4,-0.0025693343,0.0012734446,-0.0027330734,-0.010277337
ter,human,10,0.0001722341,0.00042760881,6.503193e-05,0.0017223409
times,human,9,-0.0007186823,0.0014707658,-0.00014625251,-0.0064681405
pen,human,9,-0.0013394344,0.0013256064,-0.0011961148,-0.01205491
desired,human,3,0.0012345383,0.0007793716,0.0015131934,0.0037036147
cut,human,4,-0.0014141481,0.00074718054,-0.0012653666,-0.0056565925
kept,human,7,-0.0003881162,0.00075841637,-0.0005188133,-0.0027168135
playing,human,5,-0.0024132612,0.003297004,-0.001072829,-0.012066306
boat,human,4,0.005554321,0.0020484738,0.0047934065,0.022217285
reach,human,3,-0.000108653294,0.0009283055,0.00025888663,-0.00032595987
minute,human,3,-7.7557655e-05,0.00041632645,7.523445e-05,-0.00023267296
practice,human,3,0.0007696215,9.997742e-05,0.00079512165,0.0023088646
herbert,human,9,-0.0030974937,0.0033736143,-0.0035268543,-0.027877443
sl,human,9,-0.0011464064,0.00046428037,-0.0010266437,-0.010317657
nobody,human,6,-0.0012681601,0.0008206777,-0.0009800289,-0.0076089604
note,human,5,-0.00011788045,0.0008808586,0.0003292828,-0.0005894023
black,human,4,-0.0012415114,0.0011816751,-0.0012480011,-0.0049660457
bridge,human,3,0.0025342167,0.0015603752,0.0016047455,0.00760265
tide,human,3,0.00037039994,0.0010675516,-0.00018268573,0.0011111998
changed,human,4,0.00070506637,0.0011300913,0.0011196653,0.0028202655
certain,human,9,-0.0005539816,0.00060402934,-0.000590015,-0.004985834
fall,human,3,-0.00027436705,0.00060203625,-0.0006015068,-0.00082310115
water,human,8,-0.00058767386,0.0018797127,-0.0014113523,-0.004701391
bad,human,7,-0.00047234487,0.0008334036,-0.0002996213,-0.003306414
reputation,human,5,0.00033880226,0.0014640975,0.0008677674,0.0016940113
officers,human,5,-0.00028687148,0.0014434388,-0.00016747575,-0.0014343574
credit,human,4,-0.0006302643,0.00062778563,-0.0007618859,-0.0025210571
beyond,human,15,-0.00044334898,0.0013132875,-0.00041225535,-0.0066502346
person,human,14,-0.0006233748,0.0012993308,-0.00066051463,-0.008727248
count,human,7,-0.0004908647,0.00033979965,-0.0006707077,-0.0034360527
ena,human,7,-0.00023017124,0.0006481746,-0.00014550137,-0.0016111986
nce,human,10,0.000113566886,0.0013375706,0.00031395676,0.0011356688
walk,human,11,-0.0011093637,0.0013247816,-0.0012998657,-0.012203001
superior,human,6,0.00011228804,0.00035894898,4.4543624e-05,0.00067372824
broad,human,4,0.0011129099,0.0005549364,0.0010211224,0.0044516395
uncle,human,5,-0.00081132737,0.0007469343,-0.00034757907,-0.0040566367
philips,human,3,-0.00051897817,0.0012478068,-0.0009881642,-0.0015569344
breathing,human,6,-0.00054466253,0.0008664647,-0.00045918918,-0.003267975
port,human,6,-1.6590076e-05,0.0005938279,0.00023442728,-9.9540455e-05
agree,human,12,0.00036809992,0.0011223172,0.0009763662,0.004417199
wet,human,3,-0.00025479888,0.00052549696,-0.00036428455,-0.0007643967
feel,human,9,0.00096979283,0.0006046518,0.00094904,0.008728135
rendered,human,8,-0.00061381434,0.0006377706,-0.00044547714,-0.0049105147
skill,human,3,-0.0012631537,0.0008533163,-0.0014653115,-0.0037894612
doors,human,3,0.0013975616,0.000760884,0.0012008111,0.004192685
ess,human,4,0.00092464406,0.00031002736,0.0009213682,0.0036985762
boy,human,11,-0.0013405719,0.0018385947,-0.0012023349,-0.014746291
heavy,human,4,0.00020674037,0.0004783278,0.00042445253,0.0008269615
asleep,human,3,-0.0009957716,0.0003160271,-0.00084139523,-0.002987315
suffered,human,9,0.000444447,0.0008309703,0.00086169265,0.004000023
dreadful,human,4,-0.00064654276,0.0015155999,-0.00081906,-0.002586171
acknowledge,human,3,-0.00027091196,0.00083185034,0.00026069587,-0.0008127359
yourself,human,8,0.00045520574,0.001068766,0.00071656087,0.003641646
blame,human,3,0.00050549564,0.00082833186,0.00037017174,0.0015164869
won,human,3,-0.00031965415,0.00043004256,-0.0005951074,-0.0009589624
trouble,human,6,-0.00020544359,0.0013695849,0.00031369954,-0.0012326615
call,human,9,-0.0008962261,0.0010473339,-0.0005550253,-0.008066035
course,human,17,0.00045356504,0.00070323714,0.00048239745,0.007710606
between,human,19,-0.00040235286,0.0010456481,-0.00040804202,-0.0076447045
wrong,human,9,-0.00018994875,0.00095318345,0.00025280245,-0.0017095387
discovery,human,3,0.00016626964,0.00024792322,0.0002645733,0.0004988089
ass,human,4,0.00048924587,0.0005695083,0.00046242922,0.0019569835
ant,human,3,-9.35288e-05,0.00038393625,2.7801405e-05,-0.0002805864
pretty,human,4,-0.00052936526,0.00090774236,-0.00060211186,-0.002117461
doing,human,9,-6.6557004e-05,0.00041825313,-0.0001016117,-0.00059901306
several,human,5,-0.0006557959,0.00083662046,-0.00028733074,-0.0032789796
ideas,human,5,-0.0010794898,0.0005909803,-0.0011018412,-0.0053974492
trying,human,4,0.00021323227,0.0005416632,0.0003431632,0.0008529291
remarkably,human,3,0.000520369,0.00017582733,0.0004063634,0.0015611069
sensible,human,4,0.00039900668,0.00023706464,0.000385607,0.0015960267
clever,human,5,-0.0008775167,0.00078512484,-0.0006501827,-0.0043875836
abilities,human,3,-0.00017195194,0.00015927611,-0.00021564322,-0.0005158558
rank,human,4,-0.00028759555,0.00052110344,-0.00023158966,-0.0011503822
nephew,human,4,-0.0010167769,0.0005754642,-0.001137271,-0.0040671076
connected,human,5,7.6023935e-05,0.0010667862,-4.781311e-05,0.00038011966
rational,human,5,-0.00066681294,0.00059009343,-0.00034594344,-0.0033340647
talking,human,9,-0.00038016977,0.00056779647,-0.00040550175,-0.003421528
supper,human,3,-0.0009952119,0.0035389534,-0.0029573515,-0.0029856358
share,human,4,0.00029813708,0.0008128569,0.0007063588,0.0011925483
manners,human,13,-0.0016870984,0.00086938,-0.001708412,-0.02193228
recommended,human,3,-0.0020873167,0.00083891844,-0.0018533964,-0.0062619504
impossible,human,10,-0.0012905865,0.0011743554,-0.0012896357,-0.012905866
words,human,9,-0.0024322283,0.001627401,-0.0020551765,-0.021890055
ind,human,12,-0.00055640837,0.0007285797,-0.00033903855,-0.0066769007
plainly,human,3,1.9667748e-05,0.00019236901,-7.820943e-05,5.9003243e-05
unwilling,human,4,-0.0002744993,0.00031815332,-0.00014012682,-0.0010979972
bates,human,7,0.0020244983,0.0021938763,0.0021434342,0.014171488
induced,human,3,0.0010819224,0.00078377005,0.0008770776,0.0032457672
join,human,3,-2.4243293e-05,0.00038560116,0.00019881943,-7.2729876e-05
earnest,human,7,-0.00013939352,0.0010055255,0.00015437067,-0.0009757547
power,human,8,-8.545513e-05,0.0007957455,-6.352135e-05,-0.00068364106
offer,human,6,0.0003152508,0.0020991864,0.0002834606,0.0018915047
seek,human,6,0.00027361602,0.0014426631,0.00057855266,0.0016416962
quiet,human,5,-0.00086393097,0.000904782,-0.00022519927,-0.004319655
either,human,5,-0.001846822,0.0012020849,-0.0015421391,-0.00923411
remain,human,3,-6.938431e-05,0.0015928309,0.00013938406,-0.00020815292
absence,human,3,-0.00048170387,0.00044417035,-0.0006867791,-0.0014451116
trace,human,3,0.0008375344,0.0004991799,0.0004911436,0.002512603
ne,human,8,-0.000118836404,0.0007873569,-0.00017595333,-0.00095069123
taste,human,3,-0.0017128071,0.0003620812,-0.0016947666,-0.0051384214
proof,human,7,-0.00028688274,0.0009103508,-0.00013529335,-0.0020081792
gentle,human,7,-0.0011627831,0.0006344222,-0.0009950681,-0.008139482
true,human,8,0.0006043266,0.00036199295,0.0006344281,0.004834613
mean,human,7,-0.0006222206,0.001419777,-0.0012274485,-0.004355544
start,human,4,-0.00051635836,0.00087129505,-0.00024828227,-0.0020654334
possibility,human,3,0.000608208,0.0010279671,0.00062673946,0.001824624
coach,human,3,0.0008419522,0.002565721,-0.00019406801,0.0025258567
cross,human,3,0.0013304697,0.0009363677,0.0019308475,0.003991409
related,human,5,-0.00059193885,0.0013471319,-0.00039135525,-0.0029596942
sir,human,6,0.0019697763,0.003392278,0.001906344,0.011818659
obtain,human,3,0.0010368596,0.0011187706,0.0014180047,0.0031105787
promise,human,4,-0.00024110619,0.0007273903,-0.00057665014,-0.00096442475
calling,human,3,0.00025813526,0.0011115907,-1.4262259e-05,0.0007744058
park,human,4,0.0006492038,0.00065884844,0.0005391057,0.0025968151
indifference,human,4,-0.0012627627,0.0006016685,-0.0013262716,-0.005051051
bo,human,11,-0.000192364,0.00117533,-6.525908e-05,-0.002116004
steele,human,5,-3.705786e-05,0.0019660054,-5.8598467e-05,-0.0001852893
awakened,human,3,-0.0007828041,0.0010224202,-0.000311398,-0.0023484123
because,human,9,0.00020187377,0.00092091406,-0.00013722776,0.0018168639
measure,human,3,-0.0012584953,0.00081223424,-0.0010874276,-0.0037754858
fancy,human,8,0.0010685102,0.0013128131,0.001056327,0.008548082
chu,human,3,-0.0021335208,0.00069359667,-0.0025870795,-0.0064005624
sing,human,8,0.00030462234,0.0010361407,0.00016594528,0.0024369787
become,human,4,0.00042315043,0.00053062226,0.00042951628,0.0016926017
idle,human,4,-0.00047838793,0.00027350785,-0.0004581385,-0.0019135517
tri,human,3,-0.0007244832,0.0007744612,-0.0003094377,-0.0021734496
fl,human,5,3.4486176e-05,0.00067933823,0.00032396847,0.00017243088
ging,human,4,0.000531822,0.0005825684,0.0004931912,0.002127288
ach,human,4,-0.00072958146,0.00052642054,-0.00052951946,-0.0029183258
infinitely,human,3,-0.00095145265,0.00063398364,-0.0013722891,-0.002854358
er,human,22,0.0001224639,0.0014287838,0.00023399878,0.0026942058
infamous,human,3,-0.0015878184,0.0009826395,-0.0013287351,-0.004763455
cannot,human,7,-5.4866094e-05,0.00094003486,0.0003164685,-0.00038406265
order,human,3,-0.0010107965,0.0009816488,-0.0016828371,-0.0030323896
usual,human,13,-0.00022553885,0.0005288564,-8.549459e-05,-0.002932005
bear,human,8,-0.00011198535,0.0008335487,3.8117534e-05,-0.0008958828
stirring,human,3,-0.00040654722,0.00051232753,-0.0006242992,-0.0012196417
ons,human,9,0.0007189395,0.00068952376,0.0005958628,0.006470456
ider,human,3,-0.00018067488,0.00061308057,0.000113417685,-0.0005420246
ation,human,5,-0.00046031806,0.0009308611,-0.00017618641,-0.0023015903
likely,human,8,-0.0005268504,0.0006732365,-0.00047762546,-0.004214803
happier,human,3,0.0005918863,0.0008573981,0.0008963798,0.0017756588
doubt,human,11,0.000694141,0.000858627,0.00041412743,0.0076355515
fairfax,human,8,0.00416319,0.003138663,0.0036598565,0.03330552
hoped,human,5,-0.00069961126,0.0017065479,-0.0014604257,-0.0034980564
improve,human,4,0.00097373343,0.0002926651,0.0011270007,0.0038949337
hers,human,8,0.0007669732,0.0010677194,0.0006091484,0.0061357855
ste,human,3,-0.00031581815,0.0003305622,-0.0003308916,-0.0009474545
adi,human,4,-0.0015440921,0.0011716015,-0.0011965457,-0.0061763683
cy,human,6,-0.0004005042,0.0004631733,-0.00025679846,-0.0024030253
wants,human,3,-0.0006593589,0.0007500796,-0.0009610843,-0.0019780768
interest,human,16,0.00011861208,0.0009992416,9.660327e-05,0.0018977933
longer,human,6,-0.000642564,0.0008218829,-0.0007910123,-0.003855384
re,human,14,0.000566055,0.0008211296,0.0006537936,0.00792477
ice,human,3,-0.00040231502,0.00026736633,-0.00029687808,-0.001206945
sentiment,human,3,-0.0007797401,0.0004267783,-0.0009636843,-0.0023392204
sub,human,4,-0.00026928243,0.0006405989,-3.641784e-05,-0.0010771297
resolving,human,4,0.0008090018,0.0007642752,0.0011931112,0.0032360072
vo,human,6,-0.0006244297,0.000796421,-0.00035563775,-0.0037465785
sa,human,3,0.00029850195,0.000539358,0.00045587757,0.0008955059
motive,human,4,-0.00014720179,0.0006628864,-0.00034548738,-0.00058880716
marry,human,8,8.770527e-06,0.0020954893,0.00036421954,7.016421e-05
year,human,10,0.00052242214,0.0017122439,0.00075012137,0.0052242214
wrote,human,5,-0.0009210181,0.00025186053,-0.00086977414,-0.0046050902
inform,human,4,-1.0016083e-05,0.0005738526,-7.974307e-05,-4.0064333e-05
immediate,human,5,-0.0003310113,0.00055925443,-0.00034138758,-0.0016550566
pe,human,9,-0.00065980444,0.00092352275,-0.0006065541,-0.00593824
ry,human,10,-4.7411348e-05,0.0011432574,0.00022892543,-0.00047411348
prefer,human,3,-0.0010300925,0.00077485805,-0.00074260525,-0.0030902775
ment,human,7,0.0010274163,0.0012180584,0.00038622774,0.0071919146
law,human,6,-0.00012005329,0.0034537746,0.00074041006,-0.00072031975
thousand,human,4,0.00046460336,0.002231744,0.0011193092,0.0018584135
sincere,human,3,0.00080425275,1.8646193e-05,0.0007917241,0.0024127583
rate,human,3,-0.00069876126,0.0015095571,-0.0006680959,-0.0020962837
ent,human,6,0.00017125533,0.0005631915,0.00026470682,0.001027532
assured,human,5,-9.639496e-05,0.0006036533,0.00012189668,-0.0004819748
forster,human,6,-0.0025447796,0.0030190302,-0.0020055897,-0.015268678
brighton,human,4,0.0020945203,0.0058441525,0.005227868,0.008378081
express,human,4,0.0014206928,0.00065583177,0.0016932522,0.005682771
et,human,4,0.00030036445,0.0010093427,0.00046540378,0.0012014578
green,human,3,-0.0013694154,0.0010764314,-0.0015314808,-0.0041082464
dropped,human,3,-0.0014270217,0.00046963486,-0.0011543965,-0.004281065
instantly,human,3,6.359804e-05,0.00066077866,0.0001414399,0.00019079412
alarm,human,6,-0.0007529885,0.0015432697,-0.000618862,-0.004517931
additional,human,3,3.0565764e-06,0.00021043475,-9.472178e-05,9.169729e-06
thrown,human,9,0.0003465637,0.00051385746,0.0003482202,0.0031190733
appointed,human,3,-9.810476e-05,0.00027471627,-0.00020277765,-0.0002943143
leisure,human,5,-0.00020021279,0.000975473,-0.0006046017,-0.001001064
crown,human,4,-0.0002280573,0.00094826653,0.00022045379,-0.0009122292
increasing,human,3,-0.0017538896,0.0016557126,-0.00070968777,-0.005261669
prospect,human,3,-0.0007210271,0.0004854295,-0.00081021595,-0.0021630812
attend,human,5,0.0015580623,0.002242487,0.0019414537,0.0077903112
derbyshire,human,3,-0.00010838692,0.0011752694,-0.00020224586,-0.00032516077
glance,human,3,-0.0016098706,0.0010106855,-0.0012560252,-0.0048296116
per,human,18,-0.00014132535,0.0011462137,9.317613e-06,-0.0025438564
verse,human,3,0.000713724,0.00012215311,0.00072998705,0.002141172
formerly,human,3,0.0011169644,0.00076115516,0.00090501696,0.003350893
esteem,human,4,-0.00016772895,0.0007159586,-0.00022482239,-0.0006709158
change,human,7,0.0007285505,0.00037543464,0.0006873438,0.0050998535
comparison,human,3,-0.000763827,0.000769528,-0.00036594342,-0.002291481
described,human,3,-0.0005346053,0.0005030363,-0.00018844922,-0.0016038159
interview,human,3,0.001987303,0.00042373544,0.0019119869,0.005961909
except,human,7,0.0001499117,0.0003037355,-2.4442852e-05,0.0010493819
method,human,3,-7.266107e-05,0.0014038596,-0.0004466647,-0.00021798321
partial,human,5,-0.0008904726,0.00044881515,-0.0009269756,-0.004452363
mode,human,3,0.0014438337,0.0011471065,0.0022225948,0.004331501
endeavour,human,11,0.001074631,0.0013851597,0.0003296727,0.011820941
working,human,3,-0.00046981405,0.00031705137,-0.0004970734,-0.0014094422
plan,human,6,-0.0015571676,0.0024498953,-0.0008757805,-0.009343006
greater,human,4,-0.00022178562,0.0003976319,-0.00019284799,-0.0008871425
delay,human,4,-0.0012236047,0.00045256296,-0.0012253363,-0.0048944186
miles,human,4,0.0003406613,0.0005326403,0.00052554184,0.0013626452
bristol,human,4,0.0021463928,7.919191e-05,0.0021207747,0.008585571
weeks,human,4,-0.00041161885,0.00087858475,-0.0001226034,-0.0016464754
whatever,human,9,0.00012641051,0.0007070879,0.00012716796,0.0011376946
unlikely,human,3,-0.00014647823,0.00089603034,-0.00039194108,-0.00043943466
liberty,human,6,4.774821e-05,0.0015816705,-0.0009655318,0.00028648926
unless,human,4,-0.00055858947,0.0003695748,-0.00040974907,-0.0022343579
try,human,5,8.545451e-05,0.0007469324,0.00022699745,0.00042727252
su,human,11,0.00026733425,0.0007957394,0.00038341354,0.0029406766
pp,human,10,0.00029193138,0.000606074,0.00026657357,0.0029193137
osing,human,7,-0.0005376891,0.0011319923,-0.000428634,-0.0037638235
unhappy,human,5,0.00092124444,0.0010691033,0.00143658,0.0046062223
distress,human,6,0.00024757485,0.0009185329,0.00028742052,0.001485449
ashamed,human,3,1.861543e-05,0.0016185411,-0.0004518968,5.5846293e-05
slight,human,4,7.7349396e-05,0.0007204878,0.00034084672,0.00030939758
rev,human,3,-0.00031684744,0.00040153236,-0.00021934448,-0.0009505423
ground,human,5,-0.00052012183,0.0012137815,-0.00068064674,-0.002600609
company,human,8,0.001796268,0.0026982676,0.0015766147,0.014370144
dodge,human,3,5.014225e-05,0.0033324675,0.00075857784,0.00015042676
different,human,7,-0.000214947,0.0012267285,-8.476054e-05,-0.0015046289
ton,human,4,0.0018927893,0.00093379826,0.001965988,0.007571157
loss,human,4,0.00026729246,0.0005725801,0.00037665188,0.0010691698
carefully,human,3,-0.00046879417,0.00033146207,-0.0004625325,-0.0014063825
sol,human,4,0.00020970576,0.00040493382,0.00019218304,0.00083882303
ici,human,4,-0.000979159,0.0001763394,-0.0009427293,-0.003916636
de,human,13,0.00035670583,0.0014537525,0.00016783559,0.0046371757
promises,human,3,-0.0018493788,0.0010556267,-0.0018594301,-0.0055481363
messages,human,3,6.56362e-05,0.0018643726,-0.00047847404,0.0001969086
find,human,8,0.0004375066,0.0010338514,0.00080925494,0.0035000527
lie,human,3,-0.0011916655,0.0010795599,-0.0016966236,-0.0035749965
across,human,3,0.00011672866,0.0021330866,0.00022904584,0.000350186
outer,human,3,-0.0009999507,0.00050808984,-0.0012775303,-0.002999852
extinguished,human,3,0.00017642237,0.0015848741,0.0007267017,0.0005292671
candle,human,3,-0.0014659857,0.0022019057,9.465322e-06,-0.004397957
ha,human,7,-0.0012389795,0.00095835445,-0.00097352616,-0.008672857
vish,human,6,-0.0024586073,0.0027960655,-0.0029766297,-0.014751644
along,human,5,0.0003681917,0.0018762149,-0.00017536263,0.0018409584
cry,human,3,-0.0011108798,0.0014917586,-0.0017056414,-0.0033326393
consequence,human,8,-0.00041474626,0.00064054213,-0.00030451154,-0.00331797
point,human,6,0.00031948966,0.00061534747,0.0004678368,0.001916938
office,human,4,0.00054288993,0.00079562276,0.00029651608,0.0021715597
spoke,human,8,-0.001461813,0.0010521295,-0.0014606407,-0.011694504
living,human,6,-0.00093947427,0.0013690534,-0.00056820526,-0.0056368457
respectable,human,6,-0.00014804554,0.0007329281,-0.0003605854,-0.00088827324
hundred,human,6,-0.00016637298,0.0025523256,0.00021716792,-0.0009982379
shoulder,human,7,0.0008283604,0.0007285634,0.0010623129,0.005798523
prison,human,3,0.0002587041,0.00096375763,0.0006195386,0.0007761123
bars,human,3,-0.0009521323,0.0008924835,-0.000915198,-0.0028563968
listened,human,5,-0.0013596987,0.00074968516,-0.0011565033,-0.0067984937
reasonable,human,3,-0.00023669977,0.00025730205,-0.00036036826,-0.0007100993
formed,human,6,-0.0004602992,0.00089795754,-0.0005954115,-0.0027617952
appear,human,6,-0.0004537476,0.00028040304,-0.00058995094,-0.0027224857
view,human,8,0.00042969687,0.0010533985,0.00068876037,0.003437575
una,human,4,-4.406002e-05,0.00021161237,6.8005094e-05,-0.00017624008
cco,human,3,-0.00023150747,0.0003510634,-0.0002535957,-0.0006945224
robert,human,3,-0.0021906558,0.00046662884,-0.0023231204,-0.006571967
beauty,human,5,-0.00064034824,0.00049674057,-0.000573299,-0.0032017413
speak,human,6,-0.0008921984,0.0006509329,-0.0009707843,-0.0053531905
giles,human,3,0.0010317242,0.001546628,0.0006090958,0.0030951723
fail,human,4,-0.0009891333,0.0008820208,-0.00076270517,-0.003956533
remind,human,3,0.00085555087,0.00042232173,0.00093450415,0.0025666526
arm,human,4,0.00041435938,0.0007138714,0.000732809,0.0016574375
ci,human,4,-0.00013345073,0.0007411099,0.00012167699,-0.0005338029
agreement,human,4,0.0018116218,0.0025367674,0.00048369874,0.0072464873
presently,human,4,0.0018392516,0.0020801493,0.0009914417,0.0073570064
em,human,3,0.0005741935,0.0014033596,0.0011000821,0.0017225805
tears,human,5,0.00022650757,0.00050799275,0.0005086651,0.0011325378
figure,human,7,-0.0004413553,0.0005744487,-0.00010714674,-0.003089487
impressed,human,3,0.00019780127,0.0003948241,1.1939846e-05,0.0005934038
terror,human,3,-0.0019455982,0.00037833754,-0.002065184,-0.0058367946
disco,human,4,-0.0001000348,0.0009368547,0.00036951876,-0.0004001392
mp,human,3,8.395541e-05,0.0003032939,-2.5953523e-05,0.00025186624
hot,human,3,1.5212921e-05,0.00067286525,0.00048755357,4.5638764e-05
sweet,human,8,-0.00065477175,0.0011470582,-0.00031743877,-0.005238174
temper,human,7,-0.001602046,0.0005161492,-0.0017620546,-0.0112143215
draw,human,4,-0.000577883,0.00047152984,-0.00065807963,-0.002311532
employment,human,5,-0.00020487774,0.0009088248,-0.00013595467,-0.0010243887
ably,human,5,-0.0009796068,0.00053495436,-0.00092197524,-0.0048980336
motives,human,6,-0.0008926256,0.0004631881,-0.00088693784,-0.0053557535
actions,human,3,-0.0014521863,0.00074817025,-0.001716289,-0.004356559
circumstance,human,7,0.00093070633,0.0010852529,0.0007368746,0.006514944
fresh,human,3,0.0005917708,0.0002593609,0.0006571271,0.0017753125
melancholy,human,5,0.00063661486,0.0011008453,0.0012932224,0.0031830743
humour,human,5,-0.00082952733,0.0018227659,-0.0004526428,-0.0041476367
want,human,11,-0.0005197283,0.0011871944,-0.00019509046,-0.005717011
independence,human,5,-0.0004969143,0.00081544823,-0.00012407737,-0.0024845717
degree,human,7,4.8392518e-05,0.00036351488,-2.0072795e-05,0.00033874763
fact,human,5,0.0009036999,0.0008433965,0.0005819306,0.0045184996
liness,human,3,7.7636796e-05,0.0015320099,0.001048737,0.00023291039
admired,human,4,0.0006632394,0.0006842202,0.00071485736,0.0026529576
sought,human,3,-0.0003559223,0.00065097836,-5.748219e-05,-0.0010677669
consequently,human,5,8.585704e-05,0.0010779414,0.00031729287,0.00042928522
nice,human,3,-0.00046140724,0.0004539004,-0.00021688995,-0.0013842217
concern,human,4,-0.0006865101,0.000601413,-0.0005780509,-0.0027460405
difficulty,human,3,0.00018291113,0.001538856,0.0002164706,0.0005487334
ap,human,4,-0.0010696287,0.00063138333,-0.0012183348,-0.004278515
saturday,human,3,-0.001555306,0.00048508454,-0.0017083725,-0.004665918
ns,human,6,-0.0015391093,0.0025796534,-0.00091027434,-0.009234656
ford,human,4,0.0013467618,0.0008880349,0.001714028,0.0053870473
urg,human,5,0.00094392465,0.0017743529,0.0012778126,0.0047196234
foot,human,3,-0.0019513923,0.00013051897,-0.0018594757,-0.005854177
collins,human,10,-0.0006503884,0.0015590925,-0.00064128527,-0.006503884
properly,human,3,-0.00048519074,0.000338013,-0.00036240084,-0.0014555722
sake,human,4,-0.0005589784,0.00089393044,-0.00033412167,-0.0022359136
income,human,3,0.00020059773,0.0018255367,0.0011515021,0.0006017932
cousin,human,3,-0.00012770906,0.00087549735,0.00030138344,-0.0003831272
reckon,human,3,0.00044089335,0.0003703755,0.0003434738,0.00132268
catherine,human,5,0.002389624,0.0011948759,0.0025196648,0.01194812
meant,human,3,-0.0005574341,0.00066772563,-0.0009807609,-0.0016723023
shame,human,4,0.00059562066,0.00037106447,0.0007173029,0.0023824826
prayed,human,3,0.0012957777,0.0005952883,0.0011644339,0.0038873332
died,human,4,-0.0012059204,0.0016927513,-0.0012499593,-0.0048236814
consequences,human,3,-0.0009664994,0.0021336167,-0.00029798708,-0.0028994982
child,human,15,-0.0005190047,0.002386498,-0.0006779111,-0.00778507
bestowed,human,3,0.00031088645,0.0010831266,0.00012256461,0.0009326594
seat,human,3,0.00025346674,0.00076555595,6.334788e-05,0.0007604002
ible,human,5,0.00041411375,0.0002804964,0.00046801844,0.0020705687
presence,human,7,0.00031784203,0.00056651427,0.00017073753,0.0022248942
arrived,human,6,0.00044850048,0.0012461909,0.00025738566,0.0026910028
due,human,4,-0.00030065505,0.00097263424,-2.889915e-05,-0.0012026202
bly,human,4,0.00017905983,0.00059093355,2.600938e-05,0.00071623933
pro,human,8,1.0218355e-07,0.0009010961,0.00026124943,8.174684e-07
ts,human,3,-0.00065758143,0.0013723808,6.5198765e-05,-0.0019727442
thorough,human,3,9.015416e-05,0.0006364091,0.00033854815,0.00027046248
neighbourhood,human,3,-0.003301855,0.0035540846,-0.0024500978,-0.009905565
airs,human,3,-1.5570879e-05,0.0011991553,-0.00049486227,-4.6712637e-05
xi,human,5,0.0010382885,0.0022805897,0.00067156064,0.005191442
giving,human,10,0.00038182898,0.0009853878,0.00047155068,0.0038182898
immense,human,3,0.001124107,0.0011084842,0.0010869375,0.0033723211
established,human,4,-0.0003781862,0.0006758083,-0.0003859102,-0.0015127448
west,human,3,0.0015363985,0.0018860287,0.0009931786,0.0046091955
profession,human,5,-0.00024014269,0.0011592469,-0.00084324356,-0.0012007135
removed,human,3,-0.0008613165,0.0005563845,-0.00090921216,-0.0025839496
eighteen,human,3,-0.0010972525,0.0021169973,-0.0017668097,-0.0032917573
preference,human,4,0.001036131,0.00041929595,0.0008614807,0.004144524
pursuit,human,4,0.0006145163,0.0002729326,0.0005868006,0.0024580653
cie,human,4,-0.00050141447,0.00084709754,-0.00027921124,-0.0020056579
chosen,human,3,-0.0009357386,0.0005257622,-0.0008079256,-0.0028072158
se,human,3,-0.00063373166,0.0010228882,-0.00070322695,-0.0019011949
returned,human,7,-0.00028015036,0.0011129758,0.0001988057,-0.0019610524
twelve,human,3,-0.0011845339,0.0016318964,-0.0008631746,-0.0035536017
standing,human,3,-0.00066634716,0.0005326969,-0.0006975264,-0.0019990415
wig,human,3,-0.00023143312,0.0012154084,-0.0009360247,-0.00069429935
ged,human,4,0.00046368112,0.00060697336,0.00014863524,0.0018547245
stared,human,4,0.00053644436,0.0005633579,0.0007254921,0.0021457775
rolled,human,4,-0.00029940635,0.0015702563,0.00026672444,-0.0011976254
des,human,6,-0.00021854929,0.00033345874,-0.00033678202,-0.0013112958
pa,human,4,3.231149e-05,0.0001972911,0.00010444103,0.00012924596
bour,human,6,0.0010523755,0.0013576661,0.0006937432,0.0063142534
int,human,4,0.00034616402,0.0007259167,0.0003683251,0.0013846561
dress,human,5,0.0011863753,0.0007678157,0.0010928523,0.0059318766
civil,human,3,0.0002765881,0.00034345264,0.0005006619,0.00082976435
inquiries,human,4,0.00081504707,0.0006372297,0.00074281497,0.0032601883
amongst,human,3,0.0005511169,0.0003661386,0.00079197483,0.0016533507
distinguishing,human,3,-0.0009029056,0.0015844465,0.00020415115,-0.0027087168
hearing,human,5,-0.00017717472,0.001068797,0.0004930721,-0.0008858736
four,human,7,0.0010400856,0.0016862445,0.00033067196,0.007280599
ie,human,6,0.00015685093,0.0005332779,0.00018863186,0.0009411056
ved,human,4,0.00028333243,0.0004700557,0.00046456815,0.0011333297
original,human,3,0.00070152106,0.0016635514,0.0014775139,0.0021045632
beneath,human,3,-6.2735715e-05,0.0007113639,-0.00017027927,-0.00018820714
ting,human,8,0.0003440418,0.00074928626,-4.846335e-05,0.0027523343
questions,human,4,9.0730086e-05,0.00085198,-0.0001362885,0.00036292034
connections,human,3,-0.0009815879,0.00093825004,-0.0007236302,-0.0029447637
tee,human,4,0.0005619396,0.00077215343,0.00022474678,0.0022477584
younger,human,3,-0.0007573059,0.0006388093,-0.0005715145,-0.0022719176
walked,human,14,-0.0007902999,0.00070140115,-0.0008519661,-0.011064199
real,human,7,-0.00032498076,0.00041114536,-0.0003638433,-0.0022748653
favourite,human,5,0.00076571666,0.0014705827,0.00057338853,0.0038285833
ve,human,10,-9.8058386e-05,0.0007712832,-0.00010375287,-0.0009805838
li,human,5,-0.00028921472,0.0007955478,-0.0006302376,-0.0014460736
plex,human,7,0.0006624819,0.0005398954,0.0007109487,0.004637373
ities,human,6,-0.00029204314,0.0005414877,-0.000308341,-0.0017522589
boys,human,4,-0.0010318311,0.0005235959,-0.0010484324,-0.0041273246
fang,human,4,-0.0039788345,0.0016438147,-0.004486379,-0.015915338
justice,human,5,-0.00025236816,0.00055747514,-0.00013310116,-0.0012618408
committed,human,3,0.00088726735,9.9088014e-05,0.0008680989,0.002661802
hill,human,5,0.00019463587,0.0018840041,-0.00010270963,0.00097317935
sp,human,5,-0.00055173563,0.00057946827,-0.00075637887,-0.0027586783
garden,human,4,0.0017140678,0.0019736693,0.002423277,0.006856271
lane,human,4,0.0029413523,0.0019786833,0.0019002251,0.011765409
cr,human,4,-0.0004564567,0.0011910314,-0.00071681326,-0.0018258268
ben,human,13,0.00043674718,0.0010901948,0.00029862666,0.0056777135
net,human,13,0.0010950385,0.0019465169,0.0014627764,0.0142355
faint,human,5,-0.001766307,0.0009517541,-0.00145866,-0.0088315355
seems,human,3,0.0015337263,0.0014302412,0.00083101855,0.004601179
wide,human,3,9.487164e-05,0.00017591409,3.7326296e-05,0.00028461491
possibly,human,3,-0.00037522044,0.00034624312,-0.0005717855,-0.0011256613
mystery,human,3,0.0010771014,0.00037685529,0.0012289453,0.0032313045
watches,human,3,-0.003571501,0.0023791778,-0.0026957053,-0.010714503
frightened,human,3,-0.00035380223,0.0011287493,-0.00023319124,-0.0010614067
wicked,human,5,-0.0030932603,0.0006501778,-0.0032859892,-0.015466302
appearance,human,11,-0.0002572472,0.00076416513,-0.0002221789,-0.002829719
news,human,4,0.0008414062,0.0009324924,0.0003587276,0.0033656247
directions,human,3,-0.00064189977,0.00021278577,-0.000722099,-0.0019256993
proceed,human,3,0.0002858774,0.0003356853,0.00011925152,0.00085763226
relate,human,3,0.0011316151,0.0013077515,0.0016519872,0.0033948454
rap,human,4,-0.0007699696,0.00063174777,-0.0007327363,-0.0030798784
surprise,human,3,0.00017854817,0.0002465123,0.0003297679,0.00053564453
carrying,human,3,-4.9352334e-06,0.0008293735,0.0003328566,-1.4805701e-05
nt,human,7,-0.00041791372,0.0007619644,-0.00022611005,-0.002925396
pipe,human,4,-3.3885102e-05,0.00035196327,4.2591273e-05,-0.00013554041
song,human,3,-0.0015364058,0.0018293005,-0.0018093225,-0.0046092174
subjects,human,3,-0.0018892544,0.00013174994,-0.0018088988,-0.0056677633
strange,human,6,-0.00038026608,0.0008356124,-3.281251e-05,-0.0022815964
matters,human,5,-0.0009167915,0.0014685164,-0.0010846988,-0.0045839576
exceeding,human,5,0.00045055983,0.00017813584,0.00039007477,0.0022527992
unfortunately,human,4,0.0008553286,0.00044391386,0.00084230147,0.0034213143
mat,human,4,-0.0015696409,0.0006455541,-0.0015422239,-0.0062785638
ron,human,4,0.0019124702,0.0015534027,0.0016246613,0.007649881
continuing,human,3,-0.00034213424,0.00046950456,-9.478e-05,-0.0010264027
circle,human,3,-0.0013350146,0.00042380788,-0.0012648674,-0.004005044
touched,human,4,-0.00012826337,0.00064984296,-0.00013351926,-0.0005130535
arms,human,5,-0.00024022104,0.00084841467,-0.0004326113,-0.0012011052
distressed,human,3,0.0020981256,0.00012060287,0.0020149294,0.0062943767
painful,human,3,-0.00021395266,0.00010307756,-0.00022312478,-0.000641858
distinction,human,3,0.0006849256,0.0006390474,0.00030345574,0.0020547768
darcy,human,11,-0.00093310396,0.0020911496,-0.0014716389,-0.010264143
gardiner,human,3,-0.0026112108,0.00017060734,-0.0025232004,-0.007833633
anything,human,9,-0.00032285813,0.00080437213,-0.00043734122,-0.0029057232
el,human,6,-0.0009693219,0.00040978356,-0.0011487922,-0.005815931
sed,human,3,-1.869537e-05,0.0006739509,6.918583e-05,-5.6086108e-05
sound,human,7,-0.00050811225,0.00054177386,-0.00022642118,-0.0035567856
unable,human,4,-0.00043079094,0.0018487901,0.00043473614,-0.0017231638
stop,human,3,-0.0019990362,0.0009059829,-0.0013645046,-0.0059971088
sorry,human,5,0.0010996561,0.001200089,0.0011471173,0.0054982803
severe,human,3,-0.00024144877,0.000502663,-0.0005361032,-0.0007243463
shaken,human,4,0.0009158324,0.0007449517,0.0006246338,0.0036633296
mpt,human,3,-0.00024267554,0.000307592,-0.000117206626,-0.0007280266
mer,human,6,-0.0006593696,0.0013335529,-0.00028317567,-0.0039562173
yt,human,4,-0.0021321075,0.0030110446,-0.0032158224,-0.00852843
moderate,human,4,0.0001669785,0.00033320015,0.00016222375,0.000667914
farther,human,6,-6.8318295e-05,0.001473009,-0.00024254118,-0.00040990976
extent,human,3,-0.00067769317,0.00061454397,-0.00075004564,-0.0020330795
hopes,human,4,-0.0013808149,0.0008166925,-0.0012386627,-0.0055232598
deserve,human,3,0.001048783,0.00049984775,0.00087679207,0.003146349
various,human,3,-0.00017326162,0.00045619486,-0.00016025396,-0.00051978487
rec,human,7,-0.00039401863,0.00079394167,-0.00035199258,-0.0027581304
oll,human,5,9.586876e-05,0.00075310946,5.3274518e-05,0.0004793438
ection,human,3,-0.00035177893,7.682271e-05,-0.00038407612,-0.0010553368
sen,human,3,0.0001775578,0.00025286747,0.00016497727,0.0005326734
tone,human,3,-0.00013272517,1.5868025e-05,-0.00012891539,-0.0003981755
undoubtedly,human,3,0.00013585847,0.0012167405,0.0007214868,0.0004075754
jure,human,3,-0.00023276552,0.00045128076,2.9701769e-05,-0.0006982966
ies,human,6,-0.00026058982,0.0012132651,0.00016993258,-0.0015635389
conscious,human,4,-0.00079289044,0.0005179422,-0.0005288301,-0.0031715618
ure,human,3,0.0003447037,0.0011956908,0.0010370272,0.0010341111
scheme,human,4,-1.8262974e-05,0.0009073961,0.00011486691,-7.3051895e-05
considered,human,7,-0.0005418859,0.00036811412,-0.00070618733,-0.0037932014
ways,human,3,-0.00095807196,0.00048779315,-0.00076265156,-0.0028742158
felicity,human,3,0.00055335247,0.0013109287,0.0012162295,0.0016600575
twenty,human,3,0.001103511,0.00064636784,0.0015455819,0.0033105328
estate,human,6,0.0038583584,0.0017174131,0.0036749276,0.02315015
everything,human,4,-0.00018963248,0.0012707077,0.00025019934,-0.00075852993
mentioned,human,4,-0.000658738,0.0009046455,-0.0003521196,-0.002634952
lings,human,3,0.0004935079,0.001249508,0.000896211,0.0014805237
establishment,human,3,0.00046506964,0.0005307767,0.00023898686,0.0013952089
style,human,3,-0.001772183,0.0013150447,-0.0022345409,-0.005316549
anywhere,human,3,-0.0005110888,0.00067004515,-0.00043407682,-0.0015332664
itself,human,4,-0.0010590999,0.001136812,-0.0010781472,-0.0042363997
grew,human,3,-0.0008633407,0.00034613814,-0.0007963787,-0.002590022
barnard,human,3,0.0050915126,0.0035701827,0.0035783036,0.015274538
inn,human,5,-0.0018486766,0.0034481976,-0.0011266505,-0.009243383
ude,human,3,-0.0004158528,0.0013748229,0.00018082379,-0.0012475584
request,human,3,0.0012060712,0.00093510415,0.0013554292,0.0036182138
similar,human,5,-0.0007422562,0.00067919586,-0.00047915644,-0.0037112809
dec,human,3,-0.0011997687,0.00059928704,-0.001440111,-0.003599306
ei,human,3,-0.00062728603,0.0006788524,-0.000838935,-0.0018818581
exactly,human,8,0.00079664215,0.00074711815,0.0008200276,0.0063731372
front,human,4,-1.0181175e-05,0.00070078945,-0.00032940635,-4.07247e-05
restless,human,3,-0.00091890414,0.00066396256,-0.0009651539,-0.0027567125
objects,human,3,-0.0011537462,0.0012492252,-0.00094517425,-0.0034612385
dwelling,human,6,-0.0005315866,0.00077679375,-0.000520259,-0.0031895195
expression,human,4,-0.0008511416,0.0011029136,-0.00043926015,-0.0034045663
refused,human,4,-0.00024828117,0.0006312755,-0.00012358652,-0.0009931247
pass,human,5,-0.0011818659,0.00081855204,-0.0013360919,-0.0059093297
event,human,3,3.7906622e-05,0.00079080416,0.00028468153,0.00011371987
thick,human,3,-0.0006266671,0.0002979707,-0.0006565952,-0.0018800013
refusal,human,3,0.00029702947,0.00057285663,0.00010643192,0.0008910884
precisely,human,3,0.0006287908,0.0009213418,7.578285e-05,0.0018863725
speaking,human,5,-0.0015631489,0.0007168832,-0.0012621529,-0.007815745
bury,human,7,0.0041348184,0.002616402,0.004328284,0.02894373
lame,human,4,-0.0009803422,0.0011425503,-0.0005551579,-0.0039213686
consolation,human,3,-0.00040376364,0.00014630596,-0.000344796,-0.001211291
conceal,human,7,-0.00039112894,0.00082462974,-0.00016279909,-0.0027379026
disguise,human,3,0.00016184796,0.0007269225,-5.8837555e-05,0.0004855439
french,human,4,0.004158941,0.001983419,0.003620949,0.016635764
customers,human,3,0.00011487437,0.002009604,-0.00097007584,0.0003446231
relations,human,3,-0.0022407838,0.0009774382,-0.001992444,-0.006722351
liz,human,3,0.0007408899,0.0010550597,0.0003167427,0.0022226698
zy,human,3,-0.0036177665,0.0063807825,0.00077376084,-0.0108533
cha,human,3,-0.0036434848,0.0009168201,-0.0038638674,-0.010930454
promised,human,3,-0.0031250976,0.00042321923,-0.002860268,-0.009375293
lists,human,4,-0.0010877402,0.00025406797,-0.0010727616,-0.0043509607
pockets,human,5,-0.000754873,0.0014448053,-0.0002466127,-0.003774365
show,human,3,-0.000118399454,0.00090020726,-0.00037692275,-0.00035519837
line,human,4,-0.0019425879,0.0020845332,-0.0014069732,-0.0077703516
bath,human,3,-0.00024441138,0.00048675493,-9.972404e-05,-0.00073323416
distinctly,human,4,-0.00041739864,0.000786318,-0.00025181627,-0.0016695946
dancing,human,5,-0.0070245587,0.0023610007,-0.006733591,-0.035122793
attempt,human,3,3.5769084e-05,0.00035545437,-0.00018562262,0.00010730725
use,human,3,-6.7664216e-05,0.0009996963,0.0005724926,-0.00020299264
patches,human,4,0.00040021155,0.00020448121,0.0003106419,0.0016008462
post,human,3,-0.0013433433,0.00053380034,-0.0014755608,-0.0040300298
blush,human,3,8.662177e-05,0.00059078407,-0.0002389508,0.0002598653
mouth,human,4,-0.0013268293,0.0011938228,-0.0014669348,-0.0053073172
presented,human,3,0.00039734144,0.000959559,0.00037127882,0.0011920243
unusual,human,4,0.00029318343,0.00042563787,0.00039535254,0.0011727337
during,human,7,2.0438016e-05,0.00069395825,-0.0002921226,0.0001430661
inclination,human,5,0.0010080923,0.00064295373,0.00095226034,0.0050404617
article,human,3,0.0011407422,0.0019775487,0.00031154964,0.0034222268
ested,human,4,-4.21911e-05,0.00059968117,-1.043782e-05,-0.0001687644
hit,human,3,-0.001376809,0.0008025946,-0.0016224731,-0.004130427
worth,human,5,-5.2944292e-06,0.0013253762,0.0005005738,-2.6472146e-05
galley,human,3,0.0038334879,0.0036773256,0.004250523,0.011500464
com,human,4,-0.0010377062,0.00017050933,-0.0010783859,-0.0041508246
cloak,human,3,-0.0022316158,0.00016524881,-0.0021702587,-0.0066948477
staggered,human,4,-0.00034591075,0.00037120163,-0.00031336496,-0.001383643
ching,human,3,0.0007526095,0.0005461902,0.0010674514,0.0022578286
ized,human,3,-0.0010341778,0.0002343189,-0.00093261193,-0.0031025335
struck,human,5,0.0005164643,0.00077453826,0.00090223545,0.0025823214
false,human,6,-0.00027712164,0.0016337275,-0.00018081724,-0.0016627299
partner,human,3,0.00050401426,0.001826654,0.0015051535,0.0015120427
ball,human,3,-0.0035619196,0.0010657603,-0.0031202547,-0.010685759
beginning,human,6,-0.0013628114,0.0018653314,-0.0009442599,-0.008176869
expense,human,3,-0.0009948728,0.0014863204,-0.00030529956,-0.0029846183
ease,human,3,-0.0010776465,0.002129302,-0.0024629005,-0.0032329396
natural,human,7,-0.00043526344,0.0005975534,-0.00025041268,-0.0030468442
learned,human,4,-0.00040264873,0.0014433203,-0.0006657947,-0.0016105949
disc,human,4,-0.00072445604,0.000505279,-0.00085321045,-0.0028978242
ul,human,3,0.00039607624,0.00020077643,0.0003863186,0.0011882287
necessity,human,5,-0.0008799207,0.0008370889,-0.00044382416,-0.0043996037
perfect,human,5,0.00082280004,0.000392487,0.00088169554,0.004114
ob,human,4,-0.00014671206,0.0005033141,-5.1532945e-05,-0.00058684824
amusing,human,4,0.00016118994,0.00055248116,0.00010447083,0.00064475974
effects,human,3,-0.0023827644,0.0010884088,-0.0016578278,-0.0071482933
vanity,human,3,0.0004420411,0.00046221723,0.00021098944,0.0013261234
sharing,human,3,0.00043964456,0.0003962305,0.0006624704,0.0013189337
dread,human,3,-0.0014488784,0.00074295665,-0.0011894938,-0.004346635
ber,human,3,0.00017922044,0.00052721665,-0.000112684,0.0005376613
ami,human,8,-0.000183769,0.0011258109,-0.00020085447,-0.001470152
companions,human,5,-0.0013651414,0.0008360078,-0.0015944092,-0.006825707
ious,human,4,-0.0004018532,0.00027494552,-0.0004508898,-0.0016074128
echoes,human,3,0.0007906533,0.0005780202,0.00038944362,0.0023719599
olate,human,3,0.00060439965,0.00079516164,0.0008979576,0.0018131989
lucie,human,3,-0.0022842654,0.0010683431,-0.0017384443,-0.006852796
tread,human,3,-0.001188159,0.0008654736,-0.0006924291,-0.003564477
ling,human,5,6.0621504e-05,0.00064457866,6.6979264e-05,0.00030310752
hertfordshire,human,3,0.004817771,0.00385852,0.005567591,0.014453312
future,human,6,0.00042507017,0.0009925775,0.00054642843,0.002550421
purchase,human,3,0.00061883085,0.00086485286,0.00026383845,0.0018564925
friendly,human,3,-0.000246025,0.0006580728,-0.00059698836,-0.00073807506
ty,human,6,-0.0005284702,0.00073226955,-0.00056933705,-0.0031708211
tion,human,4,-0.0003409273,0.00051549,-0.00025616738,-0.0013637092
commendation,human,3,-0.000107581145,0.0010251695,-0.0005565013,-0.00032274344
lucas,human,6,-0.0008102881,0.0010878487,-0.00082521245,-0.0048617288
king,human,4,-0.00056308537,0.0012682284,-0.000109920205,-0.0022523415
remarks,human,4,0.00026653404,0.00060519064,0.00014762394,0.0010661362
companion,human,3,0.00017223496,0.00093870406,-0.0004711655,0.00051670487
aid,human,4,-0.000576241,0.00060814765,-0.0005358061,-0.002304964
improvement,human,4,-0.0008440651,0.0009424876,-0.00065646454,-0.0033762604
constant,human,3,-0.00029519174,0.0003955717,-3.1908916e-05,-0.00088557525
pit,human,4,-5.029622e-06,0.00070968276,-4.981723e-05,-2.0118488e-05
tenderness,human,3,-0.00011403263,0.0011680753,-0.0009098418,-0.0003420979
ti,human,3,-0.00068794424,0.0004293348,-0.000509845,-0.0020638327
joined,human,6,-0.0002671786,0.0010926428,-0.00026706967,-0.0016030716
cer,human,3,-0.0005856434,0.00047885196,-0.00032043448,-0.0017569301
prevented,human,3,3.304833e-05,0.00083544565,0.00020602779,9.914499e-05
equality,human,3,-0.0010745957,0.00036348516,-0.0013088407,-0.003223787
value,human,3,-0.0009054166,0.0019507867,0.000457454,-0.0027162498
hills,human,3,0.00071726955,0.0010844711,0.00090861996,0.0021518087
valley,human,3,-0.00077891647,0.0004635938,-0.0009477228,-0.0023367493
direction,human,3,0.0006423864,0.0002881442,0.0006445865,0.0019271591
silly,human,3,-0.0006979928,0.0007159957,-0.0008664932,-0.0020939785
does,human,5,0.0005022489,0.00043539552,0.00037603668,0.0025112443
regular,human,4,-9.7478434e-05,0.00045125207,-6.121846e-05,-0.00038991374
pale,human,3,-0.0010198465,0.0016249883,-0.0012867455,-0.0030595395
suit,human,4,0.00091204036,0.0011454676,0.0006944728,0.0036481614
receiving,human,3,-0.0010181664,0.0014698051,-0.00070608803,-0.0030544992
consideration,human,5,0.0004222732,0.0011248594,0.00013588507,0.002111366
charlotte,human,4,0.002667429,0.0018151061,0.0019759203,0.010669716
public,human,5,-0.0011571574,0.00089488074,-0.00091773894,-0.005785787
turn,human,7,0.00059950503,0.0013747684,0.0011344927,0.0041965353
things,human,7,-0.000563077,0.00048827459,-0.0005098772,-0.0039415387
meet,human,5,0.0005227802,0.0005523034,0.0009004406,0.002613901
anxiety,human,3,0.00023018107,0.00047410154,9.680138e-05,0.0006905432
health,human,5,-0.0011867009,0.0007122872,-0.0011345763,-0.0059335046
warm,human,4,-0.00067740376,0.000543563,-0.00088570075,-0.002709615
uncertain,human,3,-0.00055224943,0.00058923074,-0.00017968324,-0.0016567484
opening,human,3,0.00019373256,0.0007478033,0.0002552757,0.0005811977
arrangement,human,3,-0.0004832976,0.0025136175,0.0011857353,-0.0014498928
hurried,human,3,-0.00018277245,0.000728504,-0.0002766771,-0.00054831733
sunday,human,4,-0.0022410133,0.002119546,-0.0012665289,-0.008964053
suffering,human,4,-0.00033591237,0.00076988013,-0.0003207148,-0.0013436495
lat,human,3,-0.0005290884,0.0012656816,-0.001012352,-0.001587265
scene,human,3,-7.508459e-05,0.00039911453,7.055077e-05,-0.00022525375
assure,human,3,0.0022128006,0.0018265154,0.0013246838,0.0066384017
reserved,human,3,-0.0008350538,0.00027667035,-0.0009648829,-0.0025051613
ught,human,3,0.00067246874,0.00036572912,0.0008431816,0.0020174063
compliment,human,4,0.0010993672,0.0005102697,0.0009639753,0.0043974686
escape,human,3,0.0011398977,0.0006523676,0.000721724,0.0034196933
inferior,human,6,-0.0006230262,0.0012849983,-0.0006896519,-0.0037381575
par,human,7,-0.00024915644,0.0005947175,-0.00035139962,-0.001744095
lou,human,4,0.000900602,0.0010654875,0.0008111147,0.003602408
follow,human,3,0.00017833068,0.00022895438,0.00021722991,0.000534992
dances,human,4,-0.0019588128,0.0009334819,-0.0017627139,-0.007835251
misery,human,3,-0.00047302185,0.00083537214,-0.0005407744,-0.0014190655
application,human,4,8.3823936e-05,0.00022153177,0.00012958003,0.00033529574
purpose,human,3,0.00020417383,0.000107716995,0.00016373864,0.0006125215
drank,human,4,-0.00035029344,0.00085837214,-0.00022348066,-0.0014011738
ver,human,5,0.0006286393,0.0010145092,0.00029245642,0.0031431965
cart,human,3,-0.00041522193,0.00043456015,-0.0007031695,-0.0012456658
spar,human,3,-0.0017378399,0.0008254313,-0.001403977,-0.0052135196
habits,human,4,-0.0010121248,0.0004494076,-0.0011250647,-0.0040484993
easier,human,3,0.0006499696,0.0016076841,0.0005550241,0.0019499089
don,human,5,-0.00020127022,0.0007333313,-0.0006844365,-0.0010063511
vacation,human,3,0.0012351443,0.00062370347,0.00079697696,0.003705433
sleeper,human,3,-0.002256677,0.0008302545,-0.0021453418,-0.006770031
determine,human,4,0.00011288808,0.0005165294,7.933885e-05,0.00045155233
rouse,human,3,0.00029671864,0.00011821279,0.00025624305,0.0008901559
spent,human,5,6.939999e-05,0.00068170583,-0.00012288874,0.00034699996
drew,human,4,-0.0005196878,0.00020012617,-0.0006189524,-0.002078751
neck,human,5,0.0014196493,0.00032071833,0.0015224104,0.007098247
accomplishment,human,3,-0.00015844338,0.00040604407,-0.00017625486,-0.00047533013
mber,human,3,0.0013219267,0.0011701304,0.0006953821,0.00396578
crunch,human,5,-0.00021733562,0.003165594,-0.00011693266,-0.0010866781
jerry,human,3,0.0018461995,0.0021004176,0.0028204229,0.0055385986
perfection,human,3,0.0002569227,0.00026612295,0.00037450064,0.00077076815
please,human,3,-3.994662e-05,0.0007202881,-0.00012828299,-0.00011983985
sufficient,human,3,-0.0006980871,0.00042293197,-0.00052563916,-0.0020942613
self,human,4,0.0014478127,0.00084008294,0.001152882,0.0057912506
reserve,human,4,-0.00039470213,0.0003265243,-0.00037131156,-0.0015788085
visitors,human,3,0.00010131322,0.0024563707,0.00035397962,0.00030393965
arose,human,3,-0.0004738789,0.0007236356,-0.00083538215,-0.0014216367
listen,human,3,0.0007448409,0.001990216,-5.0777948e-05,0.0022345227
board,human,5,-0.0022544125,0.0032926302,-2.5243091e-05,-0.011272063
astonishment,human,3,0.0013765404,0.0006839677,0.0010244402,0.004129621
mary,human,5,0.0020101173,0.0011122167,0.0019749233,0.010050586
hold,human,5,3.3370102e-06,0.0007003392,-0.0002002484,1.6685051e-05
closed,human,5,0.00056049577,0.0013884029,0.00057783176,0.0028024788
divide,human,3,0.0001639548,6.123744e-05,0.00012954159,0.0004918644
afforded,human,3,8.622427e-05,0.0003401481,-1.0555654e-05,0.0002586728
save,human,4,0.00012432988,0.0016156347,0.000927649,0.0004973195
abbey,human,3,0.006298898,0.005182069,0.009327048,0.018896693
girls,human,4,-0.00056940084,0.0010687476,-0.00026386042,-0.0022776034
det,human,3,0.00038905282,0.0002876099,0.00029400154,0.0011671585
judge,human,3,-0.00017942849,0.0003105666,-0.00037795474,-0.0005382855
glass,human,3,-0.00015729782,0.001041105,0.0002873445,-0.00047189347
eagerly,human,3,-5.1497027e-05,0.00034062273,-0.00023410577,-0.00015449108
occasions,human,3,0.0007976697,0.0010516647,0.00060513604,0.0023930091
