word,class,count,mean_attribution,std_attribution,median_attribution,total_attribution
the,human,397,8.370276e-05,0.001281132,9.4638555e-05,0.033229996
of,human,294,0.00026464282,0.0010802832,0.00028785144,0.07780499
my,human,80,0.0010252788,0.0012980832,0.0010198308,0.08202231
poor,human,7,0.00035831684,0.00087835756,0.0007231758,0.002508218
sister,human,15,0.0007100351,0.0014104742,0.00095736794,0.010650527
had,human,148,0.00041779413,0.001000416,0.00043362007,0.06183353
been,human,48,0.00089851394,0.0009510893,0.0009832211,0.04312867
brought,human,5,0.0009847488,0.0006878553,0.0009991718,0.004923744
by,human,58,0.0013439895,0.0011845971,0.0013023701,0.077951394
kitchen,human,3,0.0024919189,0.0009841474,0.0020084712,0.0074757566
door,human,3,0.0015894193,0.0007961241,0.0019935092,0.004768258
and,human,321,0.0009833829,0.0010164721,0.000997646,0.31566593
it,human,132,-0.00082154776,0.0011087246,-0.00075891794,-0.1084443
being,human,12,0.0006298686,0.0009976955,0.0007058544,0.007558423
point,human,3,0.0007511995,0.000637388,0.000627909,0.0022535985
that,human,170,-0.00016865939,0.0009761241,-0.00024226695,-0.028672097
must,human,27,-0.0003822004,0.0010344195,-0.00015326584,-0.010319411
be,human,82,0.00058218674,0.0007546398,0.0005803745,0.047739312
under,human,8,0.0012548906,0.0013831427,0.00091271073,0.010039125
with,human,77,0.0004901322,0.0009486848,0.0006320255,0.03774018
white,human,5,0.0021264781,0.00048710377,0.002037568,0.010632391
whole,human,10,0.00025961315,0.0005175767,0.0003896854,0.0025961315
looked,human,4,0.0009271855,0.0013749216,0.00031964062,0.003708742
like,human,11,0.0010249589,0.00092615816,0.0010645997,0.011274548
ing,human,11,0.00046865747,0.0014245942,0.0006093127,0.0051552323
two,human,18,0.0018042808,0.0015628424,0.0020015535,0.032477055
his,human,83,0.0007221951,0.001345502,0.0007089281,0.05994219
however,human,9,0.00115942,0.00089338236,0.0009697656,0.01043478
highly,human,6,0.0002763607,0.00074283715,0.0001591952,0.0016581641
these,human,6,0.0006052575,0.00056234654,0.00064323144,0.003631545
we,human,32,0.0013578844,0.0016463922,0.001387604,0.0434523
were,human,34,0.00010592565,0.0008823515,2.7320668e-05,0.003601472
much,human,17,0.00013255022,0.0007489462,0.00025293016,0.0022533538
admired,human,3,-0.0008671048,0.00055349193,-0.0006240745,-0.0026013143
as,human,92,0.00070189225,0.0011376599,0.00062074035,0.064574085
went,human,10,-0.00023298888,0.00069190416,-0.000108371205,-0.0023298888
through,human,4,-8.563485e-05,0.0010955976,0.00024335874,-0.0003425394
more,human,25,0.00021997505,0.00093720027,0.00039313862,0.005499376
part,human,6,-8.837731e-05,0.00074071984,-2.8312905e-05,-0.0005302639
making,human,6,0.0019607216,0.000710416,0.0022494763,0.01176433
es,human,3,-0.0016335658,0.0006745501,-0.0019192765,-0.004900697
now,human,16,0.0005248346,0.0008439137,0.0001546801,0.008397354
then,human,9,0.00013467338,0.0010584905,0.0005104001,0.0012120603
to,human,318,0.000588241,0.001149588,0.0006403734,0.18706062
us,human,16,0.00126537,0.0015532083,0.0013905098,0.02024592
off,human,6,0.000821311,0.0017441473,0.0007006532,0.004927866
lying,human,3,0.0002650939,0.00033126524,0.0002829568,0.00079528167
in,human,176,0.0010847361,0.0011728731,0.0009969044,0.19091356
at,human,63,0.0022588456,0.0015435864,0.0021700747,0.14230727
if,human,24,0.00015464412,0.001179321,0.00040780078,0.0037114588
you,human,23,0.0025963697,0.0026033288,0.0018599734,0.059716504
have,human,42,0.0012882176,0.0007160279,0.0012063652,0.05410514
not,human,78,0.0006505552,0.0008783112,0.0006782176,0.050743304
mistaken,human,3,0.0013650084,0.0001797014,0.0012854985,0.0040950254
here,human,8,0.0014118429,0.0016947346,0.001300844,0.011294743
an,human,22,0.0014045149,0.0014668793,0.0015186144,0.030899327
your,human,10,0.0050764335,0.0037522162,0.004284858,0.050764333
make,human,18,0.0018516185,0.000793726,0.00151664,0.033329133
so,human,39,3.0277544e-05,0.00096364954,5.7916754e-05,0.0011808242
such,human,11,0.0013113961,0.0008507438,0.0010463651,0.014425357
pain,human,3,0.0011315781,0.00065959577,0.00078998605,0.0033947343
on,human,71,0.0018909487,0.001259993,0.0018502472,0.13425736
her,human,137,-1.2467469e-05,0.0010491266,-5.317983e-05,-0.0017080433
has,human,7,0.0014395807,0.0005569517,0.0012894736,0.010077065
but,human,65,-9.154587e-05,0.0013032217,-0.00013843301,-0.0059504816
shall,human,3,-0.0005536145,0.00022810223,-0.0004062415,-0.0016608436
sc,human,5,0.00162042,0.00057903625,0.0017259184,0.0081021
rup,human,3,-0.0008602527,0.0005589556,-0.0009819918,-0.0025807582
le,human,3,0.0017561583,0.00086741673,0.0013204154,0.005268475
nce,human,4,0.0023169196,0.0008894037,0.0020195323,0.0092676785
was,human,163,-0.00024244245,0.0009342682,-0.00022783109,-0.039518118
might,human,19,0.000105139516,0.0010443704,0.00024458813,0.0019976508
most,human,13,0.0002417354,0.0008470614,0.00015326036,0.0031425601
conviction,human,4,0.00096184935,0.00081974716,0.0011533062,0.0038473974
ami,human,7,0.001987578,0.0009509052,0.001861299,0.013913047
able,human,16,0.0005567464,0.0010334539,0.0006130672,0.008907942
heart,human,12,0.0013375338,0.0014815712,0.00094238215,0.016050406
likely,human,6,0.00091480947,0.00092026475,0.0009773114,0.0054888567
des,human,4,0.0011485465,0.0003569101,0.0011263335,0.004594186
is,human,18,-0.0004332057,0.00064209057,-0.00037870946,-0.0077977027
certain,human,5,-0.00076903385,0.0002960978,-0.0008959448,-0.0038451692
will,human,8,0.00100441,0.0007198899,0.00087138603,0.00803528
say,human,5,8.338098e-05,0.0007118291,-0.00014301634,0.00041690492
are,human,5,0.0005977638,0.0007028828,0.0005877841,0.002988819
or,human,23,0.00060467585,0.0015560216,0.00046952273,0.013907544
coach,human,14,0.003156081,0.002695727,0.0025064962,0.044185136
which,human,48,-0.00023292437,0.0014408642,-0.0001792471,-0.01118037
taken,human,8,0.00084200525,0.00053503545,0.0008415559,0.006736042
place,human,12,0.00085880543,0.0006883767,0.00069213763,0.010305665
come,human,15,0.00055990706,0.00060869067,0.00037762563,0.0083986055
should,human,35,0.0004983664,0.0010548133,0.00072750665,0.017442824
until,human,5,0.0005153403,0.0016129265,7.242958e-05,0.0025767016
three,human,5,0.00095572334,0.0004849154,0.00087426987,0.0047786166
hours,human,4,0.0007362354,0.0011840543,0.00029147294,0.0029449416
after,human,15,0.0005859653,0.0009916709,0.0006329922,0.00878948
dark,human,3,0.0030032452,0.0005662257,0.0029837869,0.009009736
our,human,15,0.0019353922,0.0012684077,0.0020696295,0.029030882
time,human,17,0.00020070333,0.00096847705,-7.5443604e-05,0.0034119566
starting,human,3,-0.0012277304,0.00022174921,-0.0011638952,-0.0036831913
from,human,41,0.00045441804,0.0013374415,0.00041131224,0.01863114
clock,human,4,0.00091304095,0.00064639904,0.000855724,0.0036521638
arrived,human,3,0.0003825525,0.0004918654,4.5867622e-05,0.0011476575
quarter,human,5,0.00023535472,0.000521361,0.0004706033,0.0011767736
hour,human,5,-0.00041183882,0.0009876988,-0.00071286864,-0.002059194
attended,human,3,0.0008694218,0.00061300426,0.00088211644,0.0026082655
may,human,8,0.00030867383,0.0007433976,0.00019142938,0.0024693906
expression,human,3,-3.8246584e-05,0.0010325639,0.00030750566,-0.000114739756
one,human,15,0.0014801961,0.0010070929,0.0013799008,0.022202943
who,human,19,3.9351253e-05,0.001073328,0.00019863476,0.0007476738
never,human,18,-0.00028936454,0.0010661726,-9.1794835e-05,-0.0052085617
me,human,53,-0.00022359549,0.0013991111,-6.676688e-05,-0.011850561
he,human,100,0.00056078413,0.0009392099,0.0004674365,0.056078415
could,human,36,0.0002913252,0.00080687314,0.0004124145,0.010487707
help,human,5,0.0013627323,0.0005286994,0.0011850414,0.006813661
down,human,10,0.0013495596,0.0011580733,0.0013778,0.013495596
often,human,7,-0.00022441754,0.0011137329,-0.00011571504,-0.0015709228
heard,human,7,0.0014393992,0.001373032,0.001460708,0.0100757945
them,human,23,0.00017196934,0.0011383209,0.0004966781,0.003955295
than,human,23,0.00054443994,0.0012080985,0.0007039929,0.012522118
once,human,5,0.0006050876,0.001047516,0.0009994148,0.0030254382
seen,human,7,0.0011065797,0.0002702852,0.00121366,0.0077460576
high,human,3,-0.000475968,0.0007218314,-0.00025811564,-0.001427904
their,human,23,9.8784876e-05,0.0012410344,0.0002446723,0.0022720522
iron,human,3,-0.00096111465,0.0008578522,-0.0006377599,-0.002883344
ed,human,12,-0.0016553625,0.0013675207,-0.001978119,-0.01986435
over,human,8,0.0008996829,0.0007781023,0.0006338174,0.0071974634
no,human,31,0.0005870114,0.0011024205,0.00071237807,0.018197354
surprised,human,3,0.0012870856,0.0005323201,0.001653005,0.0038612569
when,human,31,0.0003156955,0.0012287699,0.000109389715,0.009786561
herbert,human,7,0.0007272797,0.0012152786,0.0015662665,0.005090958
came,human,11,-0.0004065423,0.0007371404,-0.00039398362,-0.004471965
up,human,22,0.00035528623,0.0008539062,0.0004783796,0.007816297
told,human,6,0.0005800592,0.0009456207,0.00049547723,0.003480355
there,human,24,0.000276454,0.0012444936,0.0001016518,0.0066348957
going,human,5,-0.00024941209,0.0012888404,7.3605042e-06,-0.0012470605
society,human,5,0.001897906,0.0027504887,0.0010833433,0.00948953
all,human,41,1.8624716e-05,0.0008820756,9.3802635e-05,0.0007636134
myself,human,11,-3.5008045e-05,0.0010357028,6.851839e-05,-0.0003850885
those,human,8,0.00045792916,0.00093784556,0.00037316332,0.0036634333
for,human,66,0.0012402851,0.0012621393,0.0012006615,0.08185882
everybody,human,8,-0.00036178192,0.0018721821,-0.0003399496,-0.0028942553
elizabeth,human,17,0.0050048027,0.001976789,0.0045691514,0.085081644
spirits,human,3,-0.0003384008,0.0011422654,-0.00027046766,-0.0010152024
occasion,human,4,0.0016553397,0.0020594078,0.000913026,0.006621359
though,human,18,0.0005838645,0.0009357239,0.00032017688,0.010509562
she,human,90,0.00012152139,0.0011370601,0.00016308519,0.010936925
did,human,9,0.00026326752,0.0013080745,0.00044666688,0.0023694076
speak,human,5,0.0003337401,0.0007052437,0.00030755316,0.0016687006
un,human,6,0.0012439571,0.00056888734,0.0010995655,0.0074637425
ly,human,25,0.0005238219,0.0011330359,0.0004762886,0.013095547
mr,human,39,-0.00014173867,0.0024861891,-0.0002471699,-0.005527808
collins,human,8,0.0019929167,0.001785821,0.0016442665,0.015943334
him,human,61,0.00021490511,0.0012311006,0.00040067456,0.013109212
whether,human,6,0.0013090768,0.0008876325,0.0014854298,0.007854461
bing,human,6,0.001577489,0.0010617198,0.002043439,0.009464934
ley,human,9,0.001928899,0.00094068504,0.0019329649,0.017360091
invitation,human,3,0.00012700103,0.00056107703,6.4920176e-05,0.00038100308
would,human,27,0.0005090015,0.001018915,0.00068935216,0.01374304
think,human,11,0.00038117953,0.0005436259,0.00047435332,0.004192975
evening,human,11,0.0018712506,0.0012728672,0.0015902036,0.020583756
rather,human,7,0.00017849826,0.0009817871,7.749791e-05,0.0012494879
find,human,5,0.001279346,0.0011536002,0.001722209,0.0063967295
whatever,human,4,0.0010050503,0.00028762443,0.0010198986,0.004020201
head,human,8,0.00070181873,0.00096718327,0.0006683917,0.00561455
very,human,22,0.00048134386,0.00088637293,0.0005383546,0.010589565
far,human,6,0.00016712055,0.0006335593,0.00013242038,0.0010027234
dread,human,3,0.002209991,0.00034882876,0.0020871651,0.0066299727
re,human,9,0.0018634461,0.0013319206,0.0021229489,0.016771015
lady,human,11,0.0042044153,0.0016846391,0.0039827824,0.046248566
catherine,human,5,0.0022935872,0.001266558,0.001806413,0.0114679355
de,human,5,0.0015669841,0.0016930643,0.0010215095,0.007834921
bo,human,4,-8.378175e-05,0.00087512174,-0.00023560587,-0.000335127
vent,human,3,0.0007608868,0.0016908253,0.0006862093,0.0022826605
good,human,10,0.000494324,0.001053744,0.0005950228,0.0049432404
night,human,11,0.0015626992,0.001034065,0.0015255024,0.01718969
home,human,8,0.002612595,0.0012206674,0.0023794342,0.02090076
matter,human,6,0.0003410678,0.0004951785,0.00042837663,0.0020464067
thoughts,human,5,0.0006161136,0.0007119213,0.00012592721,0.003080568
relief,human,3,0.001244312,0.00066251395,0.00092579675,0.003732936
old,human,5,0.00062708213,0.0009795345,0.00067881244,0.0031354106
miss,human,19,0.002772614,0.0014915379,0.002592314,0.052679665
ha,human,13,0.0016185811,0.0016762547,0.0010696203,0.021041555
vish,human,10,-0.0014150027,0.0015305146,-0.0015365069,-0.014150027
am,human,17,0.00074569194,0.0014714656,0.0005210423,0.012676763
pocket,human,5,-0.0006406914,0.0013207261,-3.3095712e-05,-0.0032034568
soon,human,7,0.00061655015,0.0005688452,0.0007093897,0.0043158513
sat,human,5,-0.0002687267,0.0011720837,-0.00021859555,-0.0013436335
house,human,9,0.0028162382,0.0024740754,0.0021060905,0.025346143
case,human,5,-0.0010622983,0.0017329418,-0.0007555507,-0.0053114914
way,human,10,0.00010731161,0.00080492155,9.988864e-05,0.0010731161
ness,human,11,0.0016065919,0.0006848172,0.0015633921,0.01767251
express,human,3,0.001138486,0.0006615025,0.0010477175,0.003415458
any,human,10,0.0005316373,0.0008108355,0.0004972302,0.005316373
seeing,human,4,0.001374508,0.00062896666,0.0011839255,0.005498032
again,human,9,0.0014481075,0.00095233205,0.0013834318,0.013032968
next,human,9,0.0007530141,0.0008213323,0.0006986689,0.0067771273
day,human,8,0.00063439284,0.0011847107,0.0009909217,0.0050751427
breakfast,human,4,0.00071154523,0.0012000692,0.0007247422,0.002846181
rest,human,5,0.0005818532,0.00037572015,0.00060400064,0.002909266
distance,human,5,0.0018880923,0.0013053686,0.0014906715,0.009440461
get,human,4,0.00027901266,0.00032719268,0.0001783924,0.0011160506
into,human,22,0.0009784144,0.0012112737,0.0012349552,0.021525118
town,human,6,0.0037086436,0.002563196,0.0040648403,0.022251861
leave,human,3,-0.0008059244,0.0009915555,-0.00024182013,-0.0024177732
same,human,4,-0.0005607507,0.0006373287,-0.00043295807,-0.0022430029
manner,human,9,0.0009326943,0.0014651283,0.0010167287,0.008394249
found,human,5,0.0014148919,0.0015144178,0.0008141707,0.0070744595
this,human,35,9.258145e-06,0.0014925174,-8.395495e-06,0.00032403506
question,human,3,0.00093288004,0.00016686528,0.0010104406,0.0027986402
wi,human,15,-0.0012707886,0.0019125498,-0.0005401013,-0.01906183
ck,human,13,0.002372827,0.0011390897,0.0023319256,0.03084675
ham,human,13,0.0032912248,0.0013004355,0.0029603424,0.042785924
still,human,8,0.00062864664,0.0013324838,0.0006140837,0.005029173
hope,human,3,0.0025498143,0.00036419914,0.00234483,0.007649443
fortune,human,6,9.6541124e-05,0.0017530583,-0.00033015994,0.0005792467
marriage,human,8,-0.0013782033,0.0012110719,-0.0015507666,-0.011025626
some,human,14,4.66184e-05,0.0010541596,3.6572266e-05,0.0006526576
other,human,7,0.0017745547,0.00078036444,0.001571812,0.012421883
country,human,3,-0.002721388,0.0024830196,-0.0010230751,-0.008164164
circumstances,human,4,0.0008044786,0.0013268,0.00062159734,0.0032179144
against,human,4,0.0006536061,0.0010929737,0.0008312686,0.0026144243
they,human,35,2.5956846e-05,0.0013313498,3.6714395e-05,0.00090848963
met,human,4,0.0013680006,0.00027107474,0.0012688455,0.0054720026
course,human,3,0.00040572105,0.0005360528,0.00037171136,0.0012171632
reasonable,human,3,0.0011953096,0.00048127287,0.0013476899,0.0035859288
everything,human,3,-0.00056637794,0.000408789,-0.0008510803,-0.0016991339
settled,human,4,-0.0010892625,0.0009708653,-0.0012273141,-0.00435705
between,human,5,0.0001349421,0.00083898194,0.00021050934,0.00067471055
darcy,human,17,-6.688647e-05,0.002286033,0.00016757233,-0.0011370699
first,human,19,0.0008553281,0.00090637256,0.0009911992,0.016251234
called,human,5,0.00047897204,0.00068603107,0.00047753536,0.0023948601
church,human,4,-0.0005793291,0.0011563601,-0.0010598537,-0.0023173164
street,human,3,-0.00019529532,0.0028841002,-0.001547578,-0.00058588595
before,human,17,0.00062422396,0.0010880845,0.00046886393,0.010611807
do,human,16,0.00084698293,0.0008730283,0.000734515,0.013551727
see,human,10,0.00071385514,0.00069822464,0.0009772275,0.007138551
even,human,9,0.0009303304,0.00080470496,0.0009352999,0.008372974
gentleman,human,8,0.0014520807,0.0011959005,0.0016879023,0.011616645
ever,human,10,0.00047496814,0.0009852392,0.0005050318,0.0047496813
man,human,11,0.0007296369,0.0013153658,0.00062300515,0.008026006
read,human,6,0.00035803785,0.0008892149,-3.8103914e-05,0.002148227
except,human,3,-0.00044748685,0.00021000666,-0.00039721382,-0.0013424605
only,human,9,0.00019595564,0.0005612222,0.00015336828,0.0017636007
last,human,7,-0.00023403732,0.0005212227,-8.079599e-05,-0.0016382613
little,human,9,0.00039052113,0.0006983252,0.00072954,0.0035146903
wishes,human,4,0.00043910125,0.00016731244,0.00043180093,0.001756405
what,human,27,0.00027250077,0.0009999861,0.00026869564,0.007357521
received,human,4,0.00043571746,0.00068998826,0.000495914,0.0017428698
letter,human,7,0.0014134952,0.0011414452,0.0010519151,0.009894466
monday,human,3,0.00067876483,0.001353745,-2.0998763e-05,0.0020362944
morning,human,5,0.0017248748,0.0010988944,0.0019429435,0.008624374
therefore,human,6,0.00012565231,0.0006343791,0.00014175888,0.0007539139
its,human,6,-0.0017724315,0.0017736164,-0.0017012698,-0.010634589
let,human,3,0.00052292604,0.0008710348,1.4097241e-05,0.0015687782
feelings,human,9,0.0016880739,0.0010278028,0.001542538,0.015192665
forward,human,5,0.0007875736,0.0011290272,0.0012064487,0.003937868
joe,human,18,0.0026308687,0.0015217114,0.0025924188,0.047355637
coming,human,5,0.00018045474,0.00080059905,0.00045646654,0.0009022737
pleasure,human,5,-8.439796e-06,0.000796097,7.554314e-06,-4.2198983e-05
many,human,7,2.3875285e-05,0.00065631204,0.0001244676,0.000167127
sense,human,4,0.0006642901,0.00048067953,0.0007523138,0.0026571604
inc,human,5,0.0017241851,0.0004429312,0.0017819869,0.008620925
ity,human,9,0.0003126125,0.0011705036,0.00031647994,0.0028135127
stood,human,4,6.480671e-05,0.00034073435,0.00012830814,0.00025922683
feeling,human,6,0.0016511134,0.0007691451,0.0015865169,0.00990668
looking,human,5,0.0017371115,0.0011629174,0.00128096,0.008685557
thought,human,12,-8.290119e-05,0.0011530453,-9.779181e-05,-0.0009948143
better,human,6,0.0003754103,0.0005112578,0.00045700686,0.0022524619
himself,human,6,0.00013179459,0.0003457802,-1.4587124e-05,0.00079076755
sunday,human,3,-0.00022665614,0.0006276029,7.7375036e-05,-0.0006799684
court,human,4,-0.0011048372,0.002533329,-0.0013010935,-0.0044193487
suit,human,3,-0.0013866462,0.0009953195,-0.0013211968,-0.0041599385
tell,human,4,-0.00017852207,0.0007232584,8.3472936e-05,-0.00071408827
dress,human,4,-0.00036161023,0.00035251206,-0.00031695433,-0.0014464409
because,human,6,-0.00015708098,0.0010986286,-0.00017595373,-0.00094248593
knew,human,11,-0.000216557,0.0007432675,-0.00022578181,-0.002382127
made,human,7,0.0014242422,0.00046983006,0.0015635077,0.0099696955
account,human,3,-3.0226793e-05,0.00039618227,-0.00026934565,-9.0680376e-05
behind,human,4,0.0009930438,0.00067959185,0.0012669116,0.003972175
tu,human,3,0.00041655745,0.0015078662,0.0001620916,0.0012496724
lydia,human,11,-0.0016926659,0.0016068445,-0.0010183599,-0.018619325
half,human,7,0.0011556007,0.0014926756,0.00061176135,0.008089204
minute,human,3,0.0004686207,0.00063701055,0.0005432388,0.0014058622
mer,human,3,0.004425137,0.00022173802,0.0042959386,0.013275411
yt,human,3,0.00029573418,0.00034826383,0.00038035502,0.0008872025
how,human,12,0.00095355295,0.0009275241,0.0009613943,0.011442635
opposed,human,4,-0.0010351981,0.0022340035,-0.00029521284,-0.0041407924
said,human,8,0.0013567912,0.0009094094,0.0010065078,0.01085433
ben,human,14,0.00093987037,0.001037516,0.0013233041,0.013158185
reason,human,6,-0.0002469853,0.0014755662,0.0003801531,-0.0014819117
too,human,5,-2.1967164e-05,0.0009173394,-0.00068714283,-0.00010983582
long,human,15,0.00029719868,0.00097303995,0.0001582941,0.0044579804
possible,human,4,0.0010258233,0.00072701275,0.0010598772,0.004103293
itself,human,3,-0.00015052177,0.00070454075,-0.00036932962,-0.00045156528
done,human,9,0.001172791,0.00090064184,0.0012751071,0.010555119
unknown,human,3,0.0013845962,0.0005987342,0.0011580898,0.0041537886
gone,human,4,-9.5643176e-05,0.00044100138,-0.00020943544,-0.0003825727
bed,human,3,0.0021593168,0.00058718125,0.0024205202,0.00647795
mine,human,3,0.002199068,0.00076095376,0.002337065,0.0065972037
got,human,9,-0.00035436178,0.00051569496,-0.0005733272,-0.003189256
out,human,27,0.0005486956,0.00093709835,0.00045817276,0.014814781
red,human,3,0.00068420434,0.0012929282,3.400998e-05,0.002052613
about,human,16,0.00041207898,0.00079911423,0.00045689393,0.0065932637
opened,human,3,0.00058824656,0.0008080786,0.0005149994,0.0017647397
look,human,5,0.0005927979,0.0005992375,0.0007051223,0.0029639895
light,human,3,0.0019465411,0.0007619427,0.0016967057,0.0058396235
near,human,4,0.0007328142,0.0006585698,0.00049630646,0.0029312568
turned,human,3,0.0004910599,0.000584536,0.0006053597,0.0014731797
face,human,5,0.0016238072,0.0011358112,0.001909686,0.008119036
since,human,5,0.00023264396,0.0011941257,0.0008053281,0.0011632198
dropped,human,3,0.00071515003,0.00047258308,0.00085624296,0.00214545
hands,human,4,0.0008580268,0.00054615835,0.00076929806,0.0034321072
raised,human,3,-0.00034061223,0.00037868024,-0.00055555644,-0.0010218367
young,human,14,0.00074922637,0.00089215353,0.0007630467,0.0104891695
mother,human,7,0.0011121675,0.0006656521,0.00068841607,0.007785172
side,human,3,0.00042640523,0.00031576687,0.00037970796,0.0012792157
gave,human,3,0.0004146397,0.00023822086,0.00031370408,0.0012439191
en,human,5,0.0010059534,0.00074695615,0.0007257997,0.005029767
hand,human,7,0.00034964384,0.0005690707,0.00020500459,0.0024475069
bear,human,3,0.0017997241,0.0001886399,0.0016929901,0.005399172
cr,human,3,0.002195065,0.0007051264,0.0020749206,0.0065851947
within,human,8,0.0023725405,0.000860176,0.0023396276,0.018980324
ago,human,6,0.00027810186,0.0009867866,0.0005084504,0.0016686112
circumstance,human,5,0.0029526823,0.0019122474,0.0015886594,0.014763411
este,human,8,0.0008806591,0.0025229591,0.00062369416,0.0070452727
lla,human,8,0.00068377925,0.0020203933,0.0006796942,0.005470234
london,human,5,0.0013411705,0.0022895106,0.0024277475,0.0067058527
fore,human,3,0.0022617327,0.0005164015,0.002334318,0.006785198
meet,human,3,-6.979802e-05,0.000318677,-0.00014351791,-0.00020939406
took,human,6,-0.00026377835,0.00078164594,-8.2072846e-05,-0.00158267
left,human,9,-0.00021155778,0.0009059872,-8.780272e-05,-0.0019040201
moment,human,3,0.0008447129,0.00089561986,0.0005951957,0.0025341387
supposed,human,4,0.00095993665,0.000950762,0.001379397,0.0038397466
quite,human,4,0.00068883435,0.00032743398,0.00058168767,0.0027553374
having,human,5,0.001211772,0.0007408098,0.0012533972,0.00605886
money,human,3,-0.0007896568,0.00063360156,-0.0004350437,-0.0023689705
remained,human,3,0.00023576066,0.00057007663,0.0002672462,0.000707282
dear,human,4,0.00040371882,0.0006218848,0.00035496353,0.0016148753
nt,human,4,0.0017818158,0.0011073571,0.0012950376,0.007127263
mind,human,6,-0.00025483084,0.0006599199,-7.334986e-05,-0.0015289851
something,human,8,-0.0002275043,0.00052289286,-0.0002107496,-0.0018200343
age,human,4,0.0016205779,0.0007676757,0.0014941833,0.0064823115
children,human,3,0.0013369544,0.00060045475,0.0011087107,0.004010863
means,human,6,0.0005865245,0.00085676066,0.00056298415,0.003519147
five,human,4,0.00021736565,0.00038292404,0.00017779585,0.0008694626
daughters,human,3,0.0015624106,0.001409361,0.000585472,0.004687232
entered,human,3,0.00030061955,0.00065534643,0.0006204803,0.0009018586
world,human,11,-0.0010100944,0.0018804783,-0.00034805975,-0.011111039
yet,human,6,0.00083030126,0.00069923064,0.0009882788,0.0049818074
mrs,human,13,0.00020261417,0.0014383488,0.00020237349,0.0026339842
net,human,14,-0.0007471004,0.0011885441,-0.0005246425,-0.010459405
years,human,4,2.5017158e-05,0.0006475988,0.00032077366,0.00010006863
late,human,7,-0.00050841656,0.0008575092,-0.0007934761,-0.003558916
turn,human,3,0.0015374152,0.0018364934,0.0003025208,0.0046122456
love,human,8,0.0011157494,0.0007407461,0.0010888195,0.008925995
exceeding,human,4,0.0013031763,0.00112244,0.00076254556,0.005212705
thousand,human,4,0.0004598745,0.0013315246,-3.3793767e-05,0.001839498
pounds,human,4,-0.00039911093,0.0010140681,-0.0007781051,-0.0015964437
articles,human,3,-0.0006826881,0.00081145245,-0.00090696354,-0.0020480643
feel,human,5,0.0009179254,0.00052173063,0.00062871387,0.004589627
duty,human,3,0.00014377358,0.00077489286,0.0005418671,0.00043132075
ter,human,3,0.0006111522,0.0005256261,0.0005214858,0.0018334567
present,human,4,0.00066855154,0.0006148862,0.00044721202,0.0026742062
com,human,5,0.0009431884,0.00037362066,0.0010688906,0.004715942
men,human,6,-0.0010838782,0.0019163779,-0.000760853,-0.0065032695
bour,human,4,0.0031307521,0.0025854672,0.003152578,0.0125230085
cannot,human,4,-0.0004926178,0.001048236,-0.0003180547,-0.001970471
concerned,human,3,0.00091897,0.0004498178,0.00093991216,0.00275691
well,human,13,-0.0002668972,0.0011440811,8.6680746e-05,-0.0034696634
every,human,13,-0.00048145663,0.00094067975,-0.00049579947,-0.006258936
father,human,6,0.0017527813,0.0005739233,0.0016639689,0.010516688
written,human,4,-0.00106503,0.00026388443,-0.0011732765,-0.00426012
family,human,14,0.0016074085,0.0009133623,0.001462243,0.022503719
happiness,human,4,0.000475695,0.0008226773,0.0006649516,0.00190278
affection,human,5,0.0014500819,0.00082302955,0.001575527,0.0072504096
lucas,human,4,0.0016321298,0.000347572,0.0016691217,0.006528519
view,human,4,0.00042300654,0.0005560772,0.00061410194,0.0016920262
ready,human,3,-0.0002104109,0.00027360138,-0.00010446439,-0.0006312327
kind,human,3,0.0008801793,0.00017419699,0.0008427836,0.002640538
wish,human,4,0.00022237386,0.00036484317,0.00015483433,0.0008894954
fort,human,4,0.0014197434,0.0003797421,0.001290015,0.0056789736
added,human,3,0.0016207005,0.0018862647,0.00071089587,0.0048621013
wished,human,6,0.0005272311,0.00063683017,0.00030263173,0.0031633864
take,human,3,0.0013126231,0.00049108424,0.0011051908,0.0039378693
charlotte,human,4,0.002550757,0.0011116336,0.0030010282,0.010203028
pp,human,4,0.00151032,0.00063445367,0.0013303561,0.00604128
iest,human,3,0.0012611744,0.00016402765,0.0011492486,0.0037835233
remaining,human,3,0.0003417927,0.00012166545,0.00028224217,0.0010253781
learnt,human,3,-0.00010661405,0.0014139132,0.0006429319,-0.00031984213
open,human,3,0.0009007151,0.0003369416,0.00068328966,0.0027021454
where,human,7,0.00038665562,0.0016556002,0.00051320257,0.0027065894
whom,human,4,0.0009876358,0.0023333703,-3.7863152e-05,0.0039505432
felt,human,15,0.0008667752,0.0008589094,0.0007927813,0.013001628
explain,human,3,0.0014975169,0.0014432255,0.00081734295,0.0044925506
pu,human,4,0.0021364277,0.0011269766,0.0021336775,0.008545711
mble,human,3,0.00045623383,0.00023170935,0.00060259225,0.0013687015
cho,human,4,-5.799107e-05,0.0014963611,-0.0003240702,-0.00023196428
ok,human,3,0.0016413545,0.00062338257,0.0020232876,0.0049240636
proud,human,4,-0.00037566366,0.0007119268,-0.00030280912,-0.0015026546
common,human,5,-0.00062668655,0.00051569665,-0.0005024996,-0.0031334327
know,human,7,-0.00015813268,0.00077974814,0.00019406975,-0.0011069288
least,human,3,-0.00011353433,0.00036172682,8.300657e-05,-0.00034060297
perhaps,human,4,0.0006668067,0.00033354675,0.0005673292,0.0026672268
sorry,human,3,-4.314313e-05,0.0006197334,0.00023243937,-0.00012942939
character,human,10,-0.00030242285,0.00082134694,-3.512441e-05,-0.0030242284
jane,human,12,0.0022435503,0.0015148093,0.001975782,0.026922604
talk,human,3,0.00089999085,0.0006266117,0.0005215683,0.0026999726
nor,human,3,0.0006506681,0.0007491998,0.0009847169,0.0019520044
friend,human,7,0.0015469509,0.0005461732,0.0016380138,0.010828656
back,human,5,0.00041785254,0.00023998463,0.00042125484,0.0020892627
ler,human,3,0.00064428436,0.00074715744,0.001037157,0.0019328531
company,human,4,0.00196189,0.0008013827,0.0017592553,0.00784756
per,human,3,0.0011606212,0.0014392023,0.002024914,0.0034818635
ful,human,4,0.0009812791,0.0007679981,0.0009273457,0.0039251163
else,human,4,0.0018600496,0.00222385,0.0010105954,0.007440198
bread,human,3,0.00018891164,0.0025947844,0.0011550141,0.00056673493
object,human,5,0.0014857808,0.00042444028,0.0014168967,0.007428904
enough,human,8,-0.0003462722,0.0009298163,-0.0003416616,-0.0027701776
dinner,human,4,0.000119256816,0.00038998143,0.00025228146,0.00047702726
go,human,4,0.0005645068,0.0015547501,0.00046720085,0.0022580272
pro,human,3,0.0017105751,0.0007866821,0.0016843962,0.005131725
hard,human,4,0.00017288345,0.0013209593,-0.00019422443,0.0006915338
saw,human,9,-4.3271288e-05,0.0019878573,0.00072484056,-0.0003894416
woman,human,4,-9.241005e-06,0.0008378045,0.00025487712,-3.696402e-05
utmost,human,3,-0.0006749742,0.00056549016,-0.0008688294,-0.0020249225
attention,human,4,0.0011495273,0.00073279906,0.0011266929,0.004598109
life,human,6,-0.00026803906,0.0016405873,-0.00058911805,-0.0016082344
people,human,3,-0.00021843617,0.00016684558,-0.00013849455,-0.0006553085
les,human,3,0.00076445565,0.00070509675,0.0012596676,0.002293367
single,human,3,-7.184266e-05,0.00030710502,-0.00022079225,-0.00021552798
visit,human,3,0.0012069783,0.0007616246,0.0016846722,0.0036209351
hearing,human,3,0.0016233783,0.0012293921,0.0010148678,0.004870135
room,human,7,0.00057861925,0.0020059964,0.0010755174,0.004050335
ought,human,3,-0.00039443918,0.00032372994,-0.00047938482,-0.0011833175
lost,human,3,0.0005376175,0.00017820501,0.0005333478,0.0016128524
put,human,5,0.00073848275,0.0005605307,0.0007241233,0.0036924137
upon,human,12,0.00086791784,0.0012025934,0.0009425125,0.010415014
impossible,human,4,-0.0006309805,0.001610919,0.00016016286,-0.002523922
state,human,3,-0.00077572645,0.00095189945,-0.0009381219,-0.0023271793
pe,human,6,0.0018014763,0.0019418853,0.0011612112,0.010808858
mber,human,3,-0.0007345448,0.0007672502,-0.0003934122,-0.0022036345
passed,human,6,0.00014984993,0.00089631067,0.00020759652,0.0008990996
seemed,human,3,0.00041378647,0.0007849138,0.00030970265,0.0012413594
towards,human,6,0.0021056656,0.0013867929,0.0017856325,0.012633993
endeavour,human,4,2.8789691e-05,0.00092262356,-0.00034030242,0.000115158764
certainly,human,3,0.0006621043,0.00068727933,0.0009790171,0.001986313
almost,human,4,0.0005524793,0.0007020388,0.0004886458,0.0022099172
ashamed,human,4,0.00085151487,0.00069783337,0.0011028934,0.0034060595
nature,human,3,0.0007270221,0.0007000927,0.0011598142,0.0021810664
disposition,human,4,0.0010258437,0.0007873842,0.00091636425,0.0041033747
give,human,4,0.00055764377,0.00077793485,0.0007777595,0.002230575
cousin,human,3,-0.0005188003,0.00058510114,-0.00043117916,-0.0015564009
admire,human,3,-0.000274779,0.0009140847,-0.0008716539,-0.000824337
aware,human,3,0.0003247967,0.00024520906,0.0002009556,0.00097439013
known,human,8,2.4180714e-05,0.0007421145,0.00025619075,0.00019344571
married,human,3,-0.00051342364,0.0007250361,-0.000627348,-0.0015402709
strange,human,3,0.0024321603,0.0009848275,0.0023977607,0.007296481
marshes,human,5,-0.0012240658,0.002240278,-0.0018290131,-0.006120329
while,human,4,0.0006048325,0.0018444344,1.5425176e-05,0.00241933
among,human,4,0.0006496453,0.0015654723,0.0009853188,0.0025985811
just,human,4,-0.00019876559,0.00023436207,-0.0001724492,-0.00079506234
subject,human,4,0.0011882535,0.00024878242,0.0011086343,0.004753014
beauty,human,3,-0.0012624254,0.0014862717,-0.00038847025,-0.0037872763
di,human,4,0.001214769,0.00053098385,0.0013253004,0.004859076
ill,human,4,3.4108525e-05,0.0018640042,2.5856803e-05,0.0001364341
fire,human,5,0.002499471,0.0012429453,0.0021276204,0.012497354
away,human,5,-0.00020926216,0.00052465865,-2.0535037e-05,-0.0010463108
happy,human,3,-0.00034893406,0.00021976672,-0.00026165496,-0.0010468022
great,human,6,-0.0004537163,0.0008963311,-0.00038911137,-0.0027222978
comfort,human,4,0.0019813024,0.0008832275,0.001972,0.00792521
nothing,human,11,-4.532785e-05,0.0006571359,0.00014161231,-0.00049860636
sure,human,3,0.00051212247,0.0009300448,0.0006423325,0.0015363675
live,human,3,0.000651704,0.0010123126,-1.0610675e-06,0.001955112
without,human,6,5.751693e-06,0.0013678849,-3.6365833e-05,3.4510158e-05
year,human,3,-0.0005106696,0.0012355635,0.00015475522,-0.0015320089
can,human,5,0.00042768312,0.0006612027,0.0002007631,0.0021384156
th,human,3,0.0010029133,0.0028224997,0.0009435706,0.00300874
property,human,3,0.00077972555,0.0014778336,0.0010056973,0.0023391766
considered,human,4,0.00022316174,0.00073094957,0.0005892375,0.00089264696
herself,human,16,-0.00067510357,0.002508993,8.987877e-05,-0.010801657
tea,human,4,0.0035541449,0.0014788884,0.0031848243,0.0142165795
gr,human,8,0.0014106289,0.0009406405,0.0009406791,0.011285031
ie,human,4,1.2182551e-05,0.00081453676,9.162395e-05,4.8730202e-05
blue,human,3,0.0034429536,0.0018884062,0.0028812806,0.010328861
always,human,11,-0.00036276013,0.00088115584,5.3195516e-05,-0.0039903615
butter,human,3,0.0013572999,0.0006101571,0.0014923704,0.0040718997
sometimes,human,6,-0.00020837474,0.0011589573,-0.00033294983,-0.0012502484
imp,human,3,0.0008067298,0.0011860795,0.00091392774,0.0024201893
table,human,3,-6.047776e-05,0.0014232481,0.00029880213,-0.00018143328
own,human,9,0.000901442,0.0016907689,0.0005906662,0.008112978
perfectly,human,3,0.0007652331,0.0007956476,0.00078684255,0.0022956994
less,human,6,-0.00018728006,0.0005046984,8.044559e-05,-0.0011236804
ind,human,3,0.0014491625,0.00034067678,0.0016078277,0.0043474874
best,human,5,0.0007986746,0.00059161836,0.0005746944,0.003993373
clear,human,4,0.0010906532,0.00047148654,0.0010341094,0.004362613
equally,human,3,0.0007310821,0.00067045493,0.0011269182,0.0021932463
began,human,6,-0.00049142755,0.0007095272,-0.00044808252,-0.0029485654
expected,human,5,0.001264347,0.00094238145,0.00059831666,0.006321735
camilla,human,4,0.001926549,0.0010056722,0.0022980869,0.007706196
ve,human,5,0.0018743951,0.0008167322,0.002132284,0.009371975
ty,human,3,0.00021878858,0.0004553112,0.0004903224,0.00065636577
ce,human,3,0.0010730675,0.00055547396,0.0013045352,0.0032192026
became,human,4,-0.00033527054,0.00012165543,-0.00032951456,-0.0013410822
general,human,4,0.00057520217,0.00073901523,0.0006153281,0.0023008087
ment,human,3,0.0015177587,0.0011363178,0.0017189395,0.004553276
believe,human,4,6.8827605e-05,0.00021128575,6.891419e-05,0.00027531042
painful,human,3,0.0021663345,0.00043226732,0.002136142,0.0064990036
believed,human,3,0.00040950836,0.00043353185,0.00013610943,0.0012285251
su,human,3,0.0007750834,0.0002949184,0.0008303208,0.00232525
distress,human,3,0.0035244853,0.00029710738,0.0034305723,0.010573456
idea,human,3,-0.0012168417,0.0007211329,-0.000723721,-0.0036505254
sisters,human,3,0.0010056987,0.0010706941,0.0008323732,0.003017096
words,human,3,-2.051983e-05,0.0008824513,-2.737611e-05,-6.155949e-05
true,human,3,0.0010943535,0.00044960325,0.0010973413,0.0032830606
ex,human,6,0.001447822,0.00035400747,0.0015485769,0.008686932
opinion,human,3,-0.00026311917,0.00034323364,-9.197522e-05,-0.0007893575
beyond,human,3,-0.000827742,0.00091319485,-0.0012824854,-0.002483226
form,human,3,0.0012101567,0.00067026005,0.0011195398,0.00363047
suppose,human,3,0.0015461125,0.0015763299,0.00085656985,0.0046383375
colonel,human,3,0.0031681722,0.0021156054,0.003627413,0.009504517
disposed,human,3,0.0011101997,0.0003792156,0.0013246785,0.003330599
feared,human,5,0.0011804824,0.00052600197,0.0009473383,0.0059024123
nearly,human,3,-0.00044257139,0.0001986933,-0.00037111304,-0.0013277142
scarcely,human,3,0.0008174701,0.0011775186,0.0011860399,0.0024524103
hardly,human,4,0.0004943114,0.00046327795,0.00034852617,0.0019772456
er,human,4,-3.9573482e-05,0.0005678124,-0.00019495082,-0.00015829393
cold,human,3,0.00057084364,0.00058961386,0.0008897862,0.0017125309
acquaintance,human,3,0.002158773,0.0006236419,0.0022546584,0.0064763185
wife,human,3,-0.000799024,0.0010918092,-0.000911973,-0.002397072
ten,human,7,0.0007983366,0.0007187783,0.0008146314,0.005588356
both,human,5,4.110928e-06,0.0014612741,0.000108509004,2.0554638e-05
creature,human,3,0.0012003636,0.0013945794,0.0006633062,0.0036010907
situation,human,3,3.6271576e-05,0.000105900406,9.536248e-06,0.000108814726
grove,human,3,0.005482867,0.0009881668,0.005171838,0.0164486
rec,human,3,0.0009369334,9.196715e-05,0.0008814301,0.0028108002
yson,human,3,0.001995648,0.00030758465,0.001900425,0.005986944
ain,human,4,-2.945555e-05,0.0004399175,3.6457e-05,-0.0001178222
judge,human,3,0.0025632759,0.0008483355,0.0029587909,0.0076898276
hertfordshire,human,3,0.0032787884,0.0012981272,0.004017034,0.0098363655
the,ai_neutral,338,0.00011949158,0.001454166,0.00016096985,0.040388156
of,ai_neutral,292,-0.0001211451,0.0010278628,-5.874953e-05,-0.03537437
political,ai_neutral,9,-0.0013868018,0.0020220778,-0.000940542,-0.012481216
demonstrates,ai_neutral,4,0.00021338818,0.0004596178,8.193483e-05,0.0008535527
consistent,ai_neutral,5,4.5063778e-05,0.00034067297,6.927906e-05,0.00022531889
on,ai_neutral,46,0.0019231361,0.0009635736,0.0017845266,0.08846426
psychological,ai_neutral,9,-0.0009203104,0.0017896815,-0.0009961261,-0.008282794
manipulation,ai_neutral,13,0.00065099105,0.0007566925,0.0008550126,0.0084628835
to,ai_neutral,216,0.0005831706,0.001035402,0.0006163088,0.12596485
widespread,ai_neutral,3,-0.0010132372,5.0992123e-05,-0.0010456173,-0.0030397116
support,ai_neutral,6,0.00068644114,0.00054357067,0.00067574263,0.004118647
consider,ai_neutral,9,0.001041446,0.0014690332,0.0014035555,0.009373014
during,ai_neutral,3,0.0001659143,0.00069477136,0.00030008025,0.0004977429
not,ai_neutral,29,0.0009522487,0.0008480843,0.0010282458,0.027615212
di,ai_neutral,22,0.0009209428,0.0006083219,0.0008337834,0.020260742
information,ai_neutral,7,-0.00036968794,0.00053041294,-0.00042536273,-0.0025878155
but,ai_neutral,84,-0.00034604387,0.0007494652,-0.00038845593,-0.029067686
ing,ai_neutral,48,0.00093313586,0.0009697045,0.00095784443,0.04479052
narratives,ai_neutral,8,0.001686942,0.0010564746,0.0017239723,0.013495536
designed,ai_neutral,6,0.0009489797,0.0006253416,0.00075010967,0.005693878
ev,ai_neutral,4,0.0008953747,0.0004782409,0.0008902862,0.0035814987
specific,ai_neutral,4,-2.2958004e-05,0.00034727468,-0.00015213923,-9.1832015e-05
emotional,ai_neutral,27,-1.4772703e-05,0.0006284507,-4.536478e-05,-0.000398863
responses,ai_neutral,3,0.0003259812,0.00048225714,0.000176919,0.0009779437
fear,ai_neutral,4,0.0008961746,0.00061694806,0.0009272102,0.0035846983
or,ai_neutral,45,0.0013114433,0.0011089673,0.0011801324,0.059014946
anger,ai_neutral,4,0.00039473202,0.0006124567,0.00031257508,0.0015789281
these,ai_neutral,39,9.938012e-05,0.0013207437,0.00010536298,0.0038758249
thought,ai_neutral,5,-0.00055120076,0.00079822174,-0.0002101943,-0.0027560038
into,ai_neutral,9,0.0014769528,0.00092800363,0.0013038502,0.013292575
and,ai_neutral,270,0.0010978673,0.0010275147,0.0010962525,0.29642415
pre,ai_neutral,10,0.00016465395,0.00075785565,0.00020383256,0.0016465394
existing,ai_neutral,9,-0.0002239108,0.00064686016,-0.00016198827,-0.0020151972
es,ai_neutral,5,0.00094490824,0.00050326885,0.0010228156,0.004724541
modern,ai_neutral,11,-0.0012492364,0.0010881233,-0.0011088864,-0.0137416
tactics,ai_neutral,3,-0.0007661919,0.001568135,-0.00028770725,-0.0022985758
based,ai_neutral,10,0.0006516109,0.00070039695,0.0007442882,0.0065161088
personal,ai_neutral,14,-0.0011720575,0.0007660627,-0.0011477211,-0.016408805
ized,ai_neutral,6,-0.00041305096,0.0008597083,-0.00032252114,-0.0024783057
that,ai_neutral,71,-0.00024262286,0.0010456862,-0.0002561692,-0.017226223
exploit,ai_neutral,3,-0.00023034464,0.0002288422,-0.00011427074,-0.0006910339
individual,ai_neutral,24,-0.00040645013,0.0010029264,-0.00021055996,-0.009754803
an,ai_neutral,24,0.0012507044,0.00095849734,0.0013346614,0.030016907
xie,ai_neutral,4,3.560957e-05,0.0008537197,8.3946594e-05,0.00014243828
ties,ai_neutral,4,-0.0009974167,0.0013371543,-0.0006969229,-0.0039896667
ethical,ai_neutral,3,0.0004705139,0.00126852,0.00025043832,0.0014115417
implications,ai_neutral,4,0.0008417418,0.0012209011,0.00048998045,0.0033669672
are,ai_neutral,64,2.9284754e-05,0.0010843372,0.0002904263,0.0018742243
profound,ai_neutral,6,0.00043579706,0.00024536063,0.0003359199,0.0026147824
questions,ai_neutral,4,0.00087729644,0.00047866814,0.0007144829,0.0035091857
about,ai_neutral,41,0.00046110977,0.00089675316,0.0004155833,0.0189055
very,ai_neutral,6,0.00049282936,0.00053239503,0.0005639191,0.0029569762
nature,ai_neutral,7,3.2939897e-05,0.00045258683,0.00025156158,0.00023057929
potential,ai_neutral,12,0.0013024914,0.0008847106,0.0012696789,0.015629897
for,ai_neutral,88,0.0010672943,0.001104522,0.0010834248,0.0939219
processes,ai_neutral,3,0.0010678427,0.0011313566,0.00072983414,0.0032035282
be,ai_neutral,23,0.0008192069,0.0006278269,0.00096498,0.018841758
by,ai_neutral,26,0.0009893472,0.0007692947,0.0010892388,0.025723027
emotionally,ai_neutral,3,0.0009746938,0.00079291785,0.0007037895,0.0029240814
rhetoric,ai_neutral,4,-0.0009769626,0.00088177464,-0.0011593815,-0.0039078505
rather,ai_neutral,21,-0.0001570523,0.0007855488,-0.00031749945,-0.0032980985
than,ai_neutral,15,0.00076832186,0.0009207693,0.001233378,0.011524828
imagine,ai_neutral,5,0.0008187445,0.00088613486,0.0007068664,0.0040937224
life,ai_neutral,15,0.0006853455,0.001599318,0.00024897867,0.010280183
where,ai_neutral,24,0.00015667726,0.000863823,0.00024849921,0.003760254
interaction,ai_neutral,3,0.00029049945,0.0012635633,0.0009709485,0.00087149837
feels,ai_neutral,6,0.0013791062,0.0014479922,0.0013080656,0.008274637
ative,ai_neutral,3,0.0009223756,0.00071252155,0.00096445886,0.0027671268
carefully,ai_neutral,7,0.0010271949,0.0007185679,0.0012887355,0.0071903644
constructed,ai_neutral,5,0.000788969,0.0001497487,0.00083716545,0.003944845
mask,ai_neutral,3,0.001760757,0.00012357674,0.001700673,0.0052822707
underlying,ai_neutral,6,0.0010669759,0.0007192463,0.0007352475,0.006401855
this,ai_neutral,104,-0.00023786322,0.0009938997,-0.00031316857,-0.024737775
is,ai_neutral,61,-2.6885455e-05,0.0010216245,-1.2278091e-05,-0.0016400127
reality,ai_neutral,7,0.00028916541,0.00081850623,0.000718879,0.002024158
many,ai_neutral,11,-8.044158e-05,0.0010091631,-1.9316023e-05,-0.00088485744
experiencing,ai_neutral,3,0.00026252685,0.00028874038,0.00021195937,0.00078758056
chronic,ai_neutral,4,0.00018884841,0.00039040064,0.00023905546,0.00075539364
social,ai_neutral,48,-0.0012080844,0.0010298435,-0.0012084625,-0.05798805
isolation,ai_neutral,6,0.00038749503,0.0006356101,0.00044572118,0.0023249702
it,ai_neutral,79,-0.00050631346,0.0015839478,-0.00022516388,-0.039998762
necessarily,ai_neutral,15,-9.7105745e-05,0.00043205853,5.279522e-06,-0.0014565862
lack,ai_neutral,11,0.00041571763,0.00046342172,0.00026882143,0.004572894
opportunities,ai_neutral,10,0.00071715843,0.00037709918,0.00055631297,0.0071715843
connection,ai_neutral,14,0.00022753167,0.00065224024,0.00017952864,0.0031854433
vulnerability,ai_neutral,15,0.0006315995,0.0006273554,0.00076307426,0.0094739925
belief,ai_neutral,4,-0.00037318404,0.00077684777,-0.0005466825,-0.0014927362
authentic,ai_neutral,3,-0.0007439889,0.0005315492,-0.0009763147,-0.0022319667
self,ai_neutral,29,-0.000311615,0.00058973755,-0.0003088768,-0.009036835
lead,ai_neutral,7,0.0019684685,0.00067244517,0.0017462202,0.01377928
rejection,ai_neutral,3,0.0008295574,0.00052839884,0.001098782,0.0024886723
often,ai_neutral,57,0.0002656582,0.00088969275,0.00036219755,0.015142517
stems,ai_neutral,3,-0.0004146523,0.0008703208,7.890738e-05,-0.001243957
from,ai_neutral,39,0.0005043861,0.0010378633,0.00070520275,0.019671058
experiences,ai_neutral,6,3.0601735e-05,0.00039488502,1.9607156e-05,0.00018361042
trauma,ai_neutral,9,0.0010458145,0.0009789444,0.0013846881,0.009412331
creating,ai_neutral,13,0.0001595989,0.00051334786,0.00018927673,0.0020747858
per,ai_neutral,17,0.0010312791,0.0007061445,0.0008203455,0.017531745
pet,ai_neutral,11,0.0017614756,0.0009496014,0.0014521076,0.019376231
uating,ai_neutral,3,-0.000112706504,2.506106e-05,-0.0001212137,-0.0003381195
cycle,ai_neutral,4,0.0006150743,0.00060615217,0.00073194026,0.0024602972
breaking,ai_neutral,4,0.0018113849,0.0014653332,0.0017597388,0.0072455397
free,ai_neutral,3,-2.7083326e-05,0.00052260875,0.00023921329,-8.124998e-05
requires,ai_neutral,16,0.001830415,0.00093574316,0.0017637617,0.02928664
cult,ai_neutral,10,0.0005999728,0.0007996133,0.00062244514,0.0059997276
ivating,ai_neutral,7,0.0011075832,0.0008954594,0.0009987623,0.0077530826
challenging,ai_neutral,5,0.00096863403,0.00019857987,0.00095778017,0.0048431703
patterns,ai_neutral,8,0.0004948566,0.0013316065,0.0003882633,0.003958853
gradually,ai_neutral,3,-0.000177144,0.00071177585,-0.0003745007,-0.000531432
taking,ai_neutral,3,0.0007944998,0.00056798954,0.0010199479,0.0023834994
small,ai_neutral,3,0.0009259835,0.00025661802,0.0009139509,0.0027779504
risks,ai_neutral,4,-0.0003211205,0.0014314573,-0.00040120914,-0.001284482
trust,ai_neutral,8,0.0012614497,0.00042429214,0.0012457415,0.010091597
in,ai_neutral,105,0.0010504937,0.0009734183,0.0011447893,0.11030184
others,ai_neutral,3,-2.5637913e-05,0.0008594168,-0.00011073335,-7.691374e-05
mind,ai_neutral,4,0.00023681106,0.0012619835,0.0007832528,0.00094724423
can,ai_neutral,48,0.0010162225,0.000829567,0.001178744,0.048778683
tools,ai_neutral,3,0.00063849683,0.00051097135,0.00094117963,0.0019154905
complex,ai_neutral,12,0.00050091726,0.000503942,0.000495353,0.006011007
curated,ai_neutral,7,0.00034773158,0.0002774953,0.0004524572,0.002434121
image,ai_neutral,4,0.000929215,0.0003790746,0.0009387244,0.00371686
success,ai_neutral,5,-0.00040192594,0.001193967,-0.00059155526,-0.0020096297
presented,ai_neutral,4,0.00032037398,0.00028732937,0.00041127455,0.0012814959
media,ai_neutral,8,0.00086885336,0.0012833589,0.00088143675,0.006950827
constant,ai_neutral,8,0.0006464632,0.00041111835,0.000683952,0.0051717055
as,ai_neutral,32,0.00079625833,0.0008638575,0.00080459774,0.025480267
al,ai_neutral,11,-7.611532e-05,0.0008397569,-5.9933314e-05,-0.00083726854
lifestyle,ai_neutral,3,-0.00050950336,0.00053791876,-0.00014231162,-0.0015285101
doesn,ai_neutral,8,0.0004765044,0.000682158,0.0007048963,0.0038120353
just,ai_neutral,9,0.00031484064,0.0006206343,0.0002345272,0.0028335657
actively,ai_neutral,9,4.6457822e-05,0.00061667117,0.00012264818,0.0004181204
realities,ai_neutral,3,8.295446e-06,0.00044833744,-0.00011876578,2.4886336e-05
economic,ai_neutral,8,-0.0027346688,0.0011166611,-0.002290395,-0.02187735
struggle,ai_neutral,7,-0.00053983094,0.000875565,-0.0007216126,-0.0037788167
class,ai_neutral,13,0.0017007221,0.0010357373,0.0013408482,0.022109387
consciousness,ai_neutral,5,-0.00041825604,0.0006814038,-0.0003050493,-0.0020912802
digital,ai_neutral,5,0.00019594473,0.0017465203,0.0005910313,0.0009797236
age,ai_neutral,3,0.0013167979,0.0020826685,0.0010201369,0.0039503938
increasingly,ai_neutral,10,0.0011121072,0.0013487224,0.0011950675,0.011121072
recognizing,ai_neutral,11,0.00014718273,0.0006991489,7.0937967e-06,0.00161901
narrative,ai_neutral,3,0.0016769456,0.0015751554,0.0008141054,0.005030837
ignores,ai_neutral,3,-0.0014060467,0.0006213539,-0.0018412884,-0.00421814
way,ai_neutral,5,-0.00017694633,0.00075574144,-2.5405316e-06,-0.00088473165
reinforce,ai_neutral,6,0.00088645826,0.0005782752,0.0007843897,0.0053187497
qual,ai_neutral,4,0.0013691303,0.0002447117,0.0014025903,0.0054765213
ities,ai_neutral,6,-0.0001388096,0.0010311625,-0.00046236644,-0.00083285756
marketing,ai_neutral,4,0.000983279,0.00040200911,0.0007611925,0.003933116
strategies,ai_neutral,3,0.00019451906,0.0004485204,0.00034505894,0.0005835572
ins,ai_neutral,7,0.00085562264,0.0010795934,0.00088119693,0.0059893583
form,ai_neutral,9,0.0006937942,0.0006173481,0.0005686489,0.006244148
awareness,ai_neutral,5,0.0009066484,0.0009989669,0.00080933596,0.004533242
deliberate,ai_neutral,6,0.00043118862,0.00056801067,0.0005037616,0.0025871317
effort,ai_neutral,6,0.0012701624,0.0007628029,0.0012800631,0.0076209744
alternative,ai_neutral,6,0.00028140077,0.00040481775,0.00029824197,0.0016884046
perspectives,ai_neutral,4,-0.00042230156,0.00071217865,-0.0006414881,-0.0016892062
challenge,ai_neutral,7,0.0024432985,0.0011272418,0.0022439125,0.017103089
cultural,ai_neutral,6,-0.0006010178,0.0009619887,-0.0008496984,-0.0036061066
uate,ai_neutral,6,-1.407549e-05,0.0007545548,0.00037061353,-8.445294e-05
divisions,ai_neutral,4,-0.0006794336,0.00079319574,-0.00075509213,-0.0027177343
process,ai_neutral,9,0.0012366673,0.0011008407,0.0010748166,0.011130005
un,ai_neutral,13,0.0014583764,0.00091144297,0.0018143831,0.018958893
re,ai_neutral,18,0.0013547997,0.00060055824,0.0014083403,0.024386395
evaluation,ai_neutral,8,0.0010071759,0.0005771672,0.0008753905,0.008057407
ultimately,ai_neutral,8,0.0007996812,0.001225186,0.0007935496,0.0063974494
gender,ai_neutral,7,-9.345319e-05,0.0011500459,0.00012726226,-0.0006541723
roles,ai_neutral,9,-0.0019755354,0.00053277984,-0.0018816211,-0.017779818
isn,ai_neutral,66,0.0016914147,0.0011647004,0.0014218655,0.111633375
differences,ai_neutral,5,-0.0014268556,0.00048789752,-0.0012651583,-0.007134278
between,ai_neutral,7,6.8844834e-05,0.0011733279,0.00030308147,0.00048191386
people,ai_neutral,7,-0.00010514659,0.0008427133,0.00025651883,-0.0007360261
sman,ai_neutral,4,0.0017665663,0.0007739714,0.0016098642,0.007066265
tling,ai_neutral,3,8.341996e-05,0.0005094797,0.0001787155,0.00025025988
power,ai_neutral,27,0.0006126787,0.0011066776,0.00036619857,0.016542325
im,ai_neutral,7,0.00018656392,0.0003763401,0.00024085958,0.0013059474
balance,ai_neutral,6,0.0012177365,0.0009893957,0.0016839642,0.0073064193
historically,ai_neutral,3,-7.309558e-05,0.00019930617,-0.00018686205,-0.00021928674
has,ai_neutral,9,0.0003950577,0.0011896404,0.0009841889,0.0035555193
been,ai_neutral,3,0.0015900062,0.00015496594,0.0015231429,0.0047700186
intrinsic,ai_neutral,3,0.0003661802,0.00025937648,0.0004936189,0.0010985406
ally,ai_neutral,3,-0.00058736285,0.00055911613,-0.0006955269,-0.0017620886
systems,ai_neutral,8,0.0002553467,0.0010562899,0.00015421883,0.0020427736
with,ai_neutral,34,0.0010817035,0.0008267826,0.0011110151,0.036777917
ty,ai_neutral,4,0.0016686541,0.0009779676,0.0017314083,0.0066746166
qua,ai_neutral,6,0.00016993888,0.00071738503,0.00046892397,0.0010196333
ted,ai_neutral,4,0.0004982145,0.00055984146,0.0006928983,0.001992858
discrimination,ai_neutral,3,-0.0005395038,0.00018767013,-0.0005946121,-0.0016185115
violence,ai_neutral,3,0.0018403538,0.00097528537,0.0021773349,0.0055210614
against,ai_neutral,4,0.001443204,0.001699303,0.0015967162,0.005772816
those,ai_neutral,7,-5.3515187e-06,0.0007665352,8.0513375e-05,-3.746063e-05
who,ai_neutral,14,0.0003199888,0.0009720605,0.00014663396,0.004479843
don,ai_neutral,4,0.0012749931,0.0005419884,0.0011758469,0.0050999722
conform,ai_neutral,4,-0.0003358436,0.0003654396,-0.000329439,-0.0013433744
moving,ai_neutral,7,0.00089376216,0.00047827352,0.00081349455,0.006256335
critical,ai_neutral,8,0.0005904271,0.0006515496,0.00048039015,0.0047234166
dynamics,ai_neutral,4,0.0024782093,0.000880641,0.0022590363,0.009912837
commitment,ai_neutral,6,0.00070622325,0.0008615146,0.00066837994,0.0042373394
society,ai_neutral,12,-0.0006550518,0.0016134207,-0.0011171575,-0.007860621
all,ai_neutral,6,-9.5642936e-05,0.00041775283,-0.00019191034,-0.00057385763
individuals,ai_neutral,22,-3.8741025e-05,0.00100846,7.608475e-05,-0.00085230253
regardless,ai_neutral,3,-0.00016648129,0.00058713614,-9.628161e-05,-0.00049944385
identity,ai_neutral,15,-0.0010225583,0.0010908032,-0.0009074046,-0.015338375
have,ai_neutral,7,0.0015255747,0.0009988945,0.0016677699,0.010679023
respect,ai_neutral,5,-0.0002060177,0.00086440996,-0.0001793504,-0.0010300885
nec,ai_neutral,4,0.0018981937,0.0006226227,0.0020676595,0.007592775
ess,ai_neutral,4,0.0020663668,0.00059576676,0.0018456106,0.008265467
itate,ai_neutral,4,0.0016576713,0.00077296374,0.0016369204,0.006630685
systemic,ai_neutral,6,0.0004409606,0.0007289503,0.00022485564,0.0026457636
solely,ai_neutral,6,-0.0004508848,0.00053041056,-0.00049041066,-0.0027053088
determined,ai_neutral,4,0.000734497,0.0007943955,0.000472704,0.002937988
choices,ai_neutral,5,0.00040940792,0.00048339015,0.00036370027,0.0020470396
powerful,ai_neutral,7,5.4444663e-05,0.00033902572,-1.4678255e-05,0.00038111265
influence,ai_neutral,13,-0.00072747894,0.00075211795,-0.00070946076,-0.009457226
inter,ai_neutral,8,0.00048753517,0.00083218014,0.00046823063,0.0039002814
gen,ai_neutral,4,0.0016264145,0.00016206203,0.0016109683,0.006505658
eration,ai_neutral,4,0.00024905743,0.0009134872,0.00013011033,0.0009962297
wealth,ai_neutral,3,-0.0022344778,0.0013258987,-0.0024185418,-0.0067034336
disadvantage,ai_neutral,4,-0.00027905515,0.00054221,-9.8859266e-05,-0.0011162206
seemingly,ai_neutral,9,0.0007346183,0.00045353963,0.0006373483,0.0066115647
simple,ai_neutral,3,0.000462033,0.00043689448,0.00021014288,0.001386099
act,ai_neutral,10,0.0012486519,0.00066357135,0.0010765616,0.012486519
own,ai_neutral,12,0.00069846964,0.0011442844,0.0004923363,0.008381636
ers,ai_neutral,3,0.0022453994,0.00056558795,0.002167035,0.0067361984
hip,ai_neutral,3,0.001573354,0.00055501895,0.0013379673,0.004720062
means,ai_neutral,3,0.001049464,0.0021906747,-0.00022679809,0.0031483918
building,ai_neutral,7,0.0009875289,0.0006033002,0.00093769515,0.0069127027
however,ai_neutral,8,-0.00019680039,0.0006046601,-0.00011849003,-0.0015744031
ongoing,ai_neutral,3,0.0006595561,0.00013453451,0.0005977558,0.0019786684
communities,ai_neutral,4,-0.00013157097,0.0010705265,-9.479525e-05,-0.00052628387
cycles,ai_neutral,3,-0.002033143,0.0014728147,-0.0012879978,-0.006099429
matter,ai_neutral,5,-0.00018904448,0.0003040074,-1.8562052e-05,-0.0009452224
financial,ai_neutral,5,-0.0005607918,0.00066557905,-0.00045551884,-0.002803959
maintain,ai_neutral,4,0.00079174386,0.00050003553,0.0009459152,0.0031669755
structures,ai_neutral,5,0.0009956788,0.000533042,0.0012993932,0.004978394
consequently,ai_neutral,7,0.0009211762,0.0005568707,0.0010513441,0.0064482335
focusing,ai_neutral,3,0.0014293594,0.00077876897,0.0015010976,0.0042880783
responsibility,ai_neutral,4,-0.00056704995,0.00042097506,-0.0005201261,-0.0022681998
imp,ai_neutral,3,0.00063706166,0.00040975332,0.00063330017,0.001911185
ed,ai_neutral,3,-0.00068308925,0.00094031356,-0.0008380879,-0.0020492678
quitable,ai_neutral,5,0.00072456914,0.0023845762,-0.0008723375,0.0036228457
access,ai_neutral,10,3.449658e-05,0.0006300118,-2.1970729e-05,0.0003449658
resources,ai_neutral,6,-0.00011125312,0.0009408763,-0.00053392054,-0.0006675187
rein,ai_neutral,5,0.0013369692,0.00035634884,0.0014411944,0.006684846
cing,ai_neutral,5,0.0012216928,0.0008761105,0.0013859055,0.0061084637
pursuit,ai_neutral,8,0.00067693274,0.00077420066,0.00071764295,0.005415462
partner,ai_neutral,6,0.0021727586,0.0009959217,0.0023965412,0.013036552
truly,ai_neutral,4,0.00025327934,0.00066691614,0.00028440595,0.0010131174
dim,ai_neutral,4,0.0016228488,0.00035205187,0.0014789468,0.006491395
ini,ai_neutral,4,0.0015002759,0.0004143787,0.0015679961,0.0060011037
shing,ai_neutral,3,0.00064558507,0.00024628063,0.00068745215,0.0019367551
simply,ai_neutral,19,0.00062801864,0.00084629684,0.0003305919,0.011932354
evolving,ai_neutral,4,0.0009774385,0.0007488692,0.0010437577,0.003909754
beyond,ai_neutral,15,0.0014095296,0.00092796155,0.0012946813,0.021142945
expectations,ai_neutral,16,-0.0009719874,0.00047842442,-0.00091834046,-0.015551798
contemporary,ai_neutral,7,0.0009033763,0.0015940907,0.00063873106,0.006323634
marriage,ai_neutral,15,0.00097077613,0.0024998141,0.0003683904,0.014561642
prospects,ai_neutral,9,0.0012463327,0.00080910727,0.0012992764,0.011216994
shaped,ai_neutral,3,-0.0001417715,0.0003515242,-0.0003051228,-0.00042531447
career,ai_neutral,3,0.0011326348,0.0007673275,0.0012127061,0.0033979043
instability,ai_neutral,3,0.0008935483,0.00026214612,0.00080771337,0.0026806449
shifting,ai_neutral,5,0.0006354565,0.00024941174,0.00071132235,0.0031772826
societal,ai_neutral,13,-0.0012659096,0.0012715332,-0.0008267448,-0.016456826
norms,ai_neutral,7,-0.0009915923,0.00095939316,-0.0011938588,-0.006941146
prior,ai_neutral,14,0.00031209685,0.00052800414,0.0003245351,0.0043693557
iti,ai_neutral,15,0.00024266027,0.0008995318,1.9158848e-05,0.003639904
ze,ai_neutral,7,0.0010915124,0.0006283391,0.0013108804,0.0076405867
fulfillment,ai_neutral,4,-0.0003039325,0.0005613947,-0.00035075762,-0.00121573
discovery,ai_neutral,6,0.0018604123,0.0010489639,0.0018502497,0.011162474
leading,ai_neutral,5,0.0013175335,0.0010054428,0.0017823583,0.006587668
while,ai_neutral,22,0.0005390195,0.0008214065,0.0007707533,0.011858428
growth,ai_neutral,8,0.0005575255,0.00060936896,0.0006992252,0.004460204
rise,ai_neutral,4,-0.0007103951,0.00039207298,-0.0007644328,-0.0028415804
co,ai_neutral,4,0.0014119011,0.0003098923,0.0013762692,0.0056476044
long,ai_neutral,11,0.00015525939,0.0007945226,3.527192e-05,0.0017078533
term,ai_neutral,12,0.00062427804,0.0007988579,0.00040159893,0.007491336
partnerships,ai_neutral,5,0.001301535,0.0010875809,0.0011514681,0.006507675
without,ai_neutral,6,-0.00085154135,0.00066753983,-0.0011548416,-0.005109248
legal,ai_neutral,4,-0.001500585,0.0008452089,-0.001626967,-0.00600234
pl,ai_neutral,5,0.0008230122,0.00016696918,0.0009497737,0.004115061
landscape,ai_neutral,5,0.0019390484,0.0009078705,0.0021914952,0.009695242
romantic,ai_neutral,4,0.0005833133,0.00012326828,0.00058661244,0.0023332532
love,ai_neutral,3,0.0025792317,0.0009959622,0.0019259374,0.0077376952
remains,ai_neutral,5,0.0007351182,0.00093818584,0.0010130232,0.0036755912
ag,ai_neutral,3,0.0013336736,0.00030410106,0.0011390132,0.004001021
shared,ai_neutral,9,-0.00015285253,0.00063823507,-0.0004234406,-0.0013756728
values,ai_neutral,12,-0.0008269706,0.00050142565,-0.0008497783,-0.009923647
mutual,ai_neutral,6,-0.00030178673,0.0004395985,-0.0002520656,-0.0018107203
goals,ai_neutral,3,0.00076248776,0.00077417877,0.0012221462,0.0022874633
essential,ai_neutral,6,0.0014205454,0.0012177475,0.0010126382,0.008523272
components,ai_neutral,3,0.0013244204,0.00052189355,0.0013439867,0.0039732615
lasting,ai_neutral,4,-0.00013690411,0.00034628692,-0.00026991905,-0.00054761645
approach,ai_neutral,9,0.00079422974,0.00085829996,0.00078611786,0.0071480675
though,ai_neutral,4,-0.00017533271,0.00086978276,9.3816125e-05,-0.00070133083
desire,ai_neutral,6,0.0009065711,0.00059660146,0.0006357427,0.0054394267
world,ai_neutral,18,0.00041859702,0.0013650575,0.0006659385,0.007534746
paradox,ai_neutral,6,0.00074060005,0.0006937124,0.0010778168,0.0044436003
they,ai_neutral,23,-2.3664395e-05,0.0009400963,-0.00019854847,-0.0005442811
foster,ai_neutral,20,0.0014440202,0.00074371597,0.0012100224,0.028880404
sense,ai_neutral,13,0.0007530925,0.000384954,0.00076705974,0.009790203
ina,ai_neutral,5,0.00024877948,0.00032050422,0.00037671003,0.0012438974
de,ai_neutral,7,0.0012592431,0.0012047524,0.0007612815,0.008814702
cy,ai_neutral,5,0.0019651675,0.000998985,0.0022630943,0.009825837
through,ai_neutral,19,0.00088116725,0.00087832985,0.0010190336,0.016742177
perfect,ai_neutral,3,0.0005487274,0.0007517225,0.00012516305,0.0016461823
ex,ai_neutral,8,0.0014496126,0.00070552394,0.0013954851,0.0115969
ace,ai_neutral,4,0.0015771082,0.00045520003,0.001377667,0.0063084327
rba,ai_neutral,4,0.0008499895,0.00021802656,0.0008527917,0.003399958
te,ai_neutral,7,0.00062402204,0.0012218091,0.0007472553,0.0043681543
feelings,ai_neutral,7,-0.00017188962,0.00048534936,-0.00017391122,-0.0012032273
perception,ai_neutral,4,-0.00035019842,0.0008609407,-7.4040174e-05,-0.0014007937
online,ai_neutral,7,0.00028740216,0.0020067538,0.00032007403,0.002011815
interactions,ai_neutral,5,0.00051441975,0.00062933355,0.0007555579,0.0025720987
frequently,ai_neutral,11,0.0022795321,0.0028016346,0.0012411082,0.025074854
nu,ai_neutral,6,0.0013944898,0.0004365437,0.0013369846,0.008366939
ance,ai_neutral,7,0.00048213455,0.0004016025,0.00062543724,0.0033749419
cues,ai_neutral,3,0.0007037179,0.0010100811,0.0003591193,0.0021111537
crucial,ai_neutral,13,0.0007086855,0.00065457076,0.0006628692,0.009212911
genuine,ai_neutral,12,0.00022894643,0.0005238151,0.0002684298,0.0027473571
ize,ai_neutral,3,0.00015542835,0.0003342081,0.000146124,0.00046628504
its,ai_neutral,17,-0.0010047922,0.0021185821,-0.0004205183,-0.017081467
providing,ai_neutral,4,0.0005811817,0.0020967158,-5.9909187e-05,0.002324727
deep,ai_neutral,4,-0.0003244565,0.00095733424,-0.00023908392,-0.001297826
em,ai_neutral,4,0.0024882904,0.0011763034,0.001954629,0.009953162
require,ai_neutral,3,0.002070979,0.00094637956,0.002000139,0.0062129367
engagement,ai_neutral,4,-0.00020846116,0.0012015603,-0.00023545035,-0.00083384465
zing,ai_neutral,6,0.0011747761,0.0010158885,0.0008679488,0.0070486567
real,ai_neutral,4,-0.0006903629,0.0014061357,-0.0008419033,-0.0027614515
trend,ai_neutral,4,-0.00135764,0.0012027433,-0.0013650383,-0.00543056
practical,ai_neutral,5,0.00027922483,0.00037616977,0.0005018304,0.0013961241
hi,ai_neutral,3,0.0006963759,0.00041970966,0.00068471447,0.0020891277
ble,ai_neutral,3,0.0020033803,0.00052229874,0.0016828466,0.006010141
shifts,ai_neutral,5,0.0015209129,0.00057497184,0.0012517285,0.007604564
system,ai_neutral,7,0.00011697762,0.0018100631,0.00060831674,0.0008188434
outdated,ai_neutral,3,0.00078637106,0.00019354407,0.00073946925,0.0023591132
human,ai_neutral,11,0.0024072572,0.0010217855,0.0024797823,0.02647983
encouraging,ai_neutral,3,-4.8452133e-05,0.0011007489,9.007717e-05,-0.0001453564
intelligence,ai_neutral,3,-0.00032439153,0.0014413061,-0.0012283328,-0.0009731746
pursue,ai_neutral,3,0.0008487655,0.0004089807,0.00070843776,0.0025462965
we,ai_neutral,20,0.0013340762,0.0015567247,0.0010169403,0.026681524
skills,ai_neutral,9,0.0015366842,0.0008558176,0.0010342293,0.013830158
everyone,ai_neutral,3,-0.0016721123,0.00047404194,-0.001685654,-0.0050163367
innovation,ai_neutral,3,0.0010389375,0.00044282695,0.0008469609,0.0031168126
empathy,ai_neutral,5,0.0016502847,0.0019669968,0.0013887465,0.008251424
more,ai_neutral,15,-0.0006191429,0.0010227305,-0.000516271,-0.009287143
fulfilling,ai_neutral,3,-0.0011034455,0.00021758274,-0.0011016035,-0.0033103367
focus,ai_neutral,3,0.004197895,0.0014628615,0.0046401257,0.012593685
should,ai_neutral,4,0.0020918916,0.00062201225,0.0023020422,0.008367566
wrote,ai_neutral,4,-0.0009129284,0.001159229,-0.0011234287,-0.0036517135
ly,ai_neutral,14,0.00060009013,0.0007361256,0.00080664374,0.008401262
when,ai_neutral,18,0.0005894661,0.0008435862,0.0007308523,0.0106103895
role,ai_neutral,3,-0.00052469637,0.0002487061,-0.00035700868,-0.0015740892
consumer,ai_neutral,3,-7.926207e-05,0.0012020433,0.0007435959,-0.00023778621
culture,ai_neutral,6,-0.00054046273,0.0004763253,-0.00065234624,-0.0032427763
control,ai_neutral,22,0.00013767414,0.0009686105,0.00033915555,0.003028831
relentless,ai_neutral,4,0.0013030772,0.00014334683,0.0013536247,0.005212309
ivate,ai_neutral,4,0.0005354095,0.00026726353,0.00060203293,0.002141638
desires,ai_neutral,3,9.028954e-06,0.00026434634,-0.000114905604,2.7086862e-05
only,ai_neutral,7,0.00068995514,0.00037036184,0.00063000096,0.004829686
consumption,ai_neutral,4,-8.658605e-05,0.0007666745,0.00012711546,-0.0003463442
creates,ai_neutral,7,0.0002060373,0.00040859403,0.00012314101,0.001442261
dependence,ai_neutral,3,0.00072172534,0.0007928424,0.00036951047,0.002165176
st,ai_neutral,6,0.0015440494,0.0005046359,0.0017194502,0.009264296
ideal,ai_neutral,4,-0.00030419542,0.00062390283,-0.0002832369,-0.0012167817
external,ai_neutral,6,-0.00058679807,0.00023269921,-0.0005962561,-0.0035207884
forces,ai_neutral,5,0.00057133613,0.0005955367,0.00080247194,0.0028566807
choose,ai_neutral,3,0.00021790077,0.0017528057,0.0009361527,0.0006537023
defined,ai_neutral,3,0.00032863938,0.00042395128,0.00038182738,0.0009859181
particularly,ai_neutral,5,0.0008529682,0.0008765808,0.00060114125,0.004264841
idi,ai_neutral,3,0.00097499153,0.0005010066,0.00090906606,0.0029249745
ous,ai_neutral,3,-0.0006075126,0.0006752543,-0.00044247028,-0.0018225377
because,ai_neutral,5,0.001412903,0.0011146701,0.001034687,0.007064515
perceived,ai_neutral,7,0.00031064748,0.00049732695,0.00034439925,0.0021745323
purely,ai_neutral,3,-1.1075957e-05,0.00033891396,-1.9311105e-05,-3.3227872e-05
perspective,ai_neutral,12,0.00043185963,0.0006521227,0.00050933624,0.0051823156
served,ai_neutral,3,0.00073954667,0.0005852667,0.0010892429,0.00221864
vital,ai_neutral,6,0.001254694,0.0016696402,0.0014484642,0.0075281635
survival,ai_neutral,3,0.0012479447,0.00073913235,0.0014852083,0.0037438339
cooperation,ai_neutral,3,0.0012483359,0.0005844675,0.0011566752,0.0037450078
group,ai_neutral,3,-0.00034706233,0.002572125,0.0010257675,-0.001041187
tra,ai_neutral,4,0.0009702903,0.00029951593,0.0010792704,0.003881161
potentially,ai_neutral,4,0.0017366712,0.00037704036,0.0018270181,0.006946685
death,ai_neutral,3,0.0008856479,0.0013844491,0.0009978693,0.0026569436
deeply,ai_neutral,10,0.00021637499,0.00067169365,0.0002013525,0.00216375
rained,ai_neutral,6,0.00013307626,0.00033479554,2.7201251e-05,0.00079845753
need,ai_neutral,3,0.0013494147,0.00013850478,0.0012932026,0.004048244
continues,ai_neutral,3,-0.00022043753,0.0009328362,-0.0005154706,-0.0006613126
drive,ai_neutral,3,0.0024214329,0.000370999,0.0022955611,0.007264299
our,ai_neutral,28,0.0020722565,0.0019229385,0.0016338755,0.058023185
behavior,ai_neutral,3,-0.00019259141,0.0005508057,-5.719882e-05,-0.00057777425
fundamentally,ai_neutral,5,0.0004100736,0.0010899655,0.00077086233,0.002050368
avoid,ai_neutral,3,0.00083134527,0.0006524144,0.000847092,0.0024940358
even,ai_neutral,18,-0.00013051851,0.0004611326,-0.00016208427,-0.0023493334
minor,ai_neutral,4,0.0008601653,0.0005424521,0.000578286,0.0034406611
trans,ai_neutral,3,0.0018657426,0.0005068688,0.0021871142,0.0055972277
anxiety,ai_neutral,5,0.0005297613,0.00068146834,0.00032140323,0.0026488064
lies,ai_neutral,11,-0.00023477837,0.00087411696,-7.486178e-05,-0.0025825622
balancing,ai_neutral,3,-0.0007846308,0.0011701807,-6.793992e-05,-0.0023538924
which,ai_neutral,10,-0.00024238761,0.001483071,0.0002513497,-0.0024238762
hind,ai_neutral,4,0.000810387,0.0016147578,0.00090343534,0.003241548
progress,ai_neutral,4,-0.00030195515,0.0008996115,-0.00012712865,-0.0012078206
observing,ai_neutral,3,0.00040873096,0.00045614768,0.0006589816,0.0012261929
clear,ai_neutral,5,0.0014270155,0.0014023056,0.00218989,0.007135078
other,ai_neutral,4,0.0011116455,0.00071784225,0.0007951097,0.004446582
experience,ai_neutral,8,0.00045414982,0.0012195456,0.00013375064,0.0036331986
being,ai_neutral,9,0.00013340346,0.0015164693,0.00019312871,0.0012006311
background,ai_neutral,3,0.0005159472,0.00011027092,0.0004997309,0.0015478416
example,ai_neutral,9,-0.00047260177,0.0008279972,-0.00042258945,-0.004253416
ali,ai_neutral,4,0.0008092611,0.0004482025,0.000818169,0.0032370444
different,ai_neutral,4,-0.00016610237,0.0006927367,5.1022667e-05,-0.0006644095
face,ai_neutral,6,0.0019018747,0.00061199244,0.0018330477,0.011411248
their,ai_neutral,38,0.0008047201,0.0013333127,0.00066580775,0.030579364
ting,ai_neutral,3,0.0012590628,0.00042759953,0.0010417247,0.0037771882
era,ai_neutral,4,0.0016809535,0.0010132383,0.0017451313,0.006723814
one,ai_neutral,13,0.0013753979,0.0010517135,0.0013157083,0.017880173
leaving,ai_neutral,5,8.1378894e-05,0.00041661508,0.00019511962,0.00040689448
acknowledging,ai_neutral,6,-0.00018492113,0.0012539827,-0.0002333656,-0.0011095267
connected,ai_neutral,3,-0.00028743147,0.0013613526,0.00014515228,-0.0008622944
constantly,ai_neutral,4,0.0004485361,0.00078573165,0.00021204475,0.0017941444
web,ai_neutral,4,0.0013618332,0.0011380735,0.0011557885,0.0054473327
relationships,ai_neutral,16,-0.00051171024,0.0010949632,-0.00030261296,-0.008187364
also,ai_neutral,8,-0.00040302362,0.0015294645,-9.7520286e-05,-0.003224189
similarly,ai_neutral,5,0.00015156975,0.00038242308,8.3983236e-05,0.0007578488
may,ai_neutral,9,0.0012174554,0.0005791108,0.0014175887,0.010957099
authority,ai_neutral,4,-0.00022157049,0.00096143456,-0.0005283314,-0.00088628195
over,ai_neutral,15,0.00036187135,0.0009814114,0.00070544076,0.00542807
simultaneously,ai_neutral,3,0.00081556564,0.0003835907,0.00058103655,0.0024466969
understanding,ai_neutral,16,0.0011061234,0.001049423,0.0004892268,0.017697975
ness,ai_neutral,9,0.0013023652,0.00084490766,0.0015343367,0.011721287
attempts,ai_neutral,3,0.0013948936,0.0005138234,0.001437661,0.004184681
pro,ai_neutral,5,0.0015566655,0.00087029,0.0017272179,0.0077833277
delicate,ai_neutral,3,0.0003982899,0.0006825391,-2.729497e-05,0.0011948698
create,ai_neutral,8,0.00083953375,0.00051830034,0.00076545356,0.00671627
consequences,ai_neutral,9,0.00034980735,0.0007259642,0.00027335156,0.003148266
effective,ai_neutral,6,-6.018908e-05,0.0007059495,-0.00020163183,-0.00036113447
acknowledges,ai_neutral,4,-0.00073671446,0.0011279737,-0.0009259348,-0.0029468578
collaborative,ai_neutral,4,0.0014426283,0.0003744671,0.0015784085,0.0057705133
strange,ai_neutral,3,0.0019603898,0.00041974604,0.0022341148,0.0058811693
how,ai_neutral,20,0.00039593916,0.0010104666,0.0006572943,0.007918783
cat,ai_neutral,3,0.00097131456,0.0004760438,0.0010036653,0.0029139437
ego,ai_neutral,3,0.0004701568,0.00023295569,0.0003699204,0.0014104705
rize,ai_neutral,3,-0.00074985786,0.000116961695,-0.0006736873,-0.0022495736
what,ai_neutral,10,0.00079212507,0.0010658321,0.0005955192,0.007921251
at,ai_neutral,9,0.002250269,0.00068916276,0.0024112016,0.020252421
core,ai_neutral,6,0.00084498693,0.00043263735,0.0007385338,0.0050699217
spar,ai_neutral,3,0.0018906683,0.00022313719,0.001946905,0.005672005
ity,ai_neutral,15,0.00031480563,0.0007272466,0.00023561629,0.0047220844
within,ai_neutral,5,0.0006870652,0.0009272361,0.00047021144,0.0034353258
larger,ai_neutral,3,0.00061677385,0.00027391166,0.00060252944,0.0018503215
lived,ai_neutral,3,-0.0005690072,0.00049221487,-0.0005804085,-0.0017070215
begins,ai_neutral,4,0.00043955055,0.0011325954,0.00084435416,0.0017582022
subtle,ai_neutral,10,0.000188422,0.00058665447,0.00023360325,0.0018842199
opportunity,ai_neutral,3,0.0014495902,0.00056814065,0.0010964223,0.0043487707
aren,ai_neutral,10,0.0013876352,0.0007059575,0.00152061,0.013876352
isolated,ai_neutral,3,0.0010961493,0.0002378702,0.0012156578,0.0032884479
incidents,ai_neutral,3,0.0011876714,0.0008987801,0.00057581137,0.0035630143
issues,ai_neutral,4,-0.00094100076,0.00055143447,-0.0009977536,-0.003764003
developing,ai_neutral,4,0.0011151102,0.0007835058,0.00090317865,0.004460441
beliefs,ai_neutral,9,-0.0015192875,0.00088361936,-0.0014862549,-0.013673587
oc,ai_neutral,4,0.0015782551,0.000769174,0.0017099025,0.0063130204
step,ai_neutral,3,7.844238e-05,0.00019710563,0.00015373013,0.00023532714
towards,ai_neutral,7,0.0019998632,0.0016203226,0.0014685938,0.013999043
collective,ai_neutral,4,-0.00014317862,0.00043461254,-0.000109252374,-0.0005727145
ambition,ai_neutral,3,0.0007719116,0.0018059079,-7.533605e-05,0.0023157347
independence,ai_neutral,3,-0.0013785012,0.0008570094,-0.001204629,-0.0041355034
women,ai_neutral,3,0.0027271295,0.0015602406,0.0029064142,0.0081813885
like,ai_neutral,10,-3.19747e-05,0.00084090896,0.00017109563,-0.00031974702
diverse,ai_neutral,3,0.00028582304,0.00035561965,0.00037249541,0.0008574691
relationship,ai_neutral,9,0.00047236323,0.0012453722,0.0004933882,0.004251269
bly,ai_neutral,3,0.0015417371,0.00035832735,0.001402152,0.0046252115
impact,ai_neutral,10,0.0011755635,0.00071609835,0.0010829403,0.011755635
marital,ai_neutral,5,-0.00044735527,0.0015741746,-0.00090723357,-0.0022367763
once,ai_neutral,3,0.00028291976,0.00041529431,0.00044778897,0.0008487593
was,ai_neutral,5,-0.0001583245,0.00084563956,-0.00022037156,-0.0007916225
necessity,ai_neutral,3,0.0007882129,0.0005584134,0.00040710674,0.0023646387
choice,ai_neutral,3,0.0009741217,0.00023095735,0.0011275818,0.002922365
tion,ai_neutral,3,0.0016548844,0.0007903584,0.002195779,0.0049646534
ability,ai_neutral,8,0.00035645446,0.00054871815,0.00037580152,0.0028516357
family,ai_neutral,6,-0.0005998725,0.0012600684,-0.00015231004,-0.0035992349
maintaining,ai_neutral,3,0.00069680315,0.0004136726,0.00047918834,0.0020904094
compatibility,ai_neutral,5,-0.0006545369,0.0004809644,-0.0007420405,-0.0032726843
intellectual,ai_neutral,3,-0.0002986917,0.00018229421,-0.00033677014,-0.0008960751
meaningful,ai_neutral,4,-0.0005761925,0.00035162058,-0.0006292043,-0.00230477
ways,ai_neutral,4,-0.00027538266,0.00034299705,-0.00034970266,-0.0011015306
later,ai_neutral,3,0.00061566004,0.0008598474,0.00086868834,0.0018469801
tes,ai_neutral,3,0.00063589454,0.00025873847,0.00063812296,0.0019076837
sp,ai_neutral,8,0.0011273763,0.00040166068,0.0010354016,0.009019011
rop,ai_neutral,5,0.0010001564,0.000291888,0.001030022,0.005000782
ort,ai_neutral,5,0.000733464,0.00040022313,0.0005624859,0.0036673201
ion,ai_neutral,8,0.0012974194,0.00081695383,0.0012511457,0.010379355
ately,ai_neutral,3,-0.0005953636,0.00039639647,-0.0004540587,-0.0017860908
less,ai_neutral,4,-0.00028854248,0.0016045236,-0.00053556974,-0.0011541699
such,ai_neutral,3,0.0011829147,0.0002249088,0.001129006,0.0035487441
sentiment,ai_neutral,5,0.00083051703,0.00016596896,0.000906148,0.0041525853
itself,ai_neutral,6,2.9942254e-05,0.0013560373,0.000638583,0.00017965352
associated,ai_neutral,3,0.0012573273,0.0005002379,0.001138145,0.0037719817
significant,ai_neutral,7,0.00025102546,0.00062494486,0.00032832485,0.0017571782
instead,ai_neutral,4,0.00012494792,0.000746798,0.0001661785,0.0004997917
built,ai_neutral,3,0.0011866433,0.00092633424,0.0016451407,0.0035599298
impacts,ai_neutral,4,0.00083949143,0.0003085471,0.00087531615,0.0033579657
allowing,ai_neutral,3,0.0011885652,0.00057417696,0.0010498408,0.0035656954
status,ai_neutral,3,-0.00064431527,0.00029994955,-0.00074340345,-0.0019329458
children,ai_neutral,12,0.0014794109,0.001090775,0.0015505332,0.01775293
overlooked,ai_neutral,8,0.0005659645,0.00092279084,7.800151e-05,0.004527716
aspect,ai_neutral,4,0.00055677653,0.00049612945,0.00048645522,0.0022271061
parental,ai_neutral,12,0.0014484593,0.0013005318,0.0014849184,0.017381512
parents,ai_neutral,5,0.00084050355,0.0019090682,0.0013092062,0.0042025177
shaping,ai_neutral,6,-0.0004786814,0.0012104171,-0.0004582161,-0.0028720885
contributing,ai_neutral,3,-0.000107347965,0.00032753948,-0.00026605843,-0.0003220439
limited,ai_neutral,5,2.613212e-05,0.0004526608,0.00020451847,0.0001306606
direct,ai_neutral,3,-0.0005674902,7.802627e-05,-0.0005523143,-0.0017024705
community,ai_neutral,3,-0.0019163033,0.0014422775,-0.0019841758,-0.00574891
parent,ai_neutral,5,0.00094976183,0.0007347938,0.00042061138,0.004748809
child,ai_neutral,19,0.0017117929,0.0018711755,0.0019596112,0.032524064
broader,ai_neutral,3,-0.00077982683,0.0004290191,-0.0007809008,-0.0023394804
shift,ai_neutral,5,0.0005376294,0.00072232774,0.00012404736,0.0026881471
ate,ai_neutral,3,-0.00012330427,0.0004215209,-0.00028291484,-0.0003699128
qualities,ai_neutral,4,-0.00047593532,0.0004860804,-0.00047290057,-0.0019037413
no,ai_neutral,4,0.0001781016,0.00057174405,0.0001201611,0.0007124064
pressure,ai_neutral,5,0.0002515,0.0005468529,5.9541897e-05,0.0012574999
fa,ai_neutral,4,0.0015241386,0.0010376436,0.0018188047,0.0060965545
mi,ai_neutral,3,0.0016833512,0.00046732553,0.0013702377,0.005050054
lia,ai_neutral,3,0.00056755595,4.2659794e-05,0.00055077625,0.0017026679
happiness,ai_neutral,5,-0.00051034807,0.0010877134,6.895652e-05,-0.0025517403
intimacy,ai_neutral,3,0.0014228271,0.00046423898,0.0012699472,0.0042684814
if,ai_neutral,7,0.0007867049,0.001026639,0.0011436512,0.005506934
find,ai_neutral,5,0.0016950365,0.0006060866,0.0017551507,0.008475183
emphasis,ai_neutral,5,0.0011919815,0.0007144289,0.0012596834,0.0059599075
finding,ai_neutral,3,0.001560412,0.0004544472,0.0018473194,0.004681236
someone,ai_neutral,8,0.0008601094,0.0012172714,0.0009013603,0.006880875
language,ai_neutral,3,-0.00083354284,0.00081605074,-0.00091838837,-0.0025006286
events,ai_neutral,4,0.000668991,0.0002976956,0.000808552,0.002675964
ideas,ai_neutral,3,-0.0008958678,0.00067503523,-0.0012447968,-0.0026876035
carry,ai_neutral,3,0.00038238146,0.00026904207,0.00042437715,0.0011471444
instance,ai_neutral,3,-6.309055e-05,0.00046400266,-3.8284372e-05,-0.00018927164
emotions,ai_neutral,4,-0.00072520773,0.0002708564,-0.0007126781,-0.002900831
certain,ai_neutral,3,0.00014222586,0.00037495606,-3.6831014e-05,0.00042667758
behaviors,ai_neutral,9,9.725209e-05,0.00040677004,2.2403663e-05,0.0008752688
ant,ai_neutral,3,0.0011251661,0.0005202371,0.0011646748,0.003375498
therefore,ai_neutral,6,0.000447846,0.000460898,0.00046543748,0.0026870759
operates,ai_neutral,5,-4.360656e-05,0.0013162732,-7.721997e-05,-0.0002180328
spaces,ai_neutral,3,-0.0002931283,0.0011223006,-0.0004589189,-0.0008793849
safety,ai_neutral,6,0.0004596645,0.0006500641,0.0005744504,0.002757987
families,ai_neutral,3,0.00034906724,0.0010447346,0.0007895785,0.0010472017
become,ai_neutral,6,0.0003407695,0.0015796846,0.00017339559,0.002044617
wounds,ai_neutral,3,0.0035742337,0.0011034997,0.004285158,0.010722701
childhood,ai_neutral,11,-0.0013370373,0.0012976003,-0.0009274952,-0.01470741
dramatic,ai_neutral,3,0.00047141305,0.00016831631,0.0005320483,0.0014142392
consistently,ai_neutral,6,0.00016584336,0.0009000916,0.00038252756,0.0009950602
ation,ai_neutral,7,0.0010051823,0.0009627775,0.001340351,0.0070362757
brain,ai_neutral,6,0.0028727192,0.0018977398,0.002936021,0.017236315
capacity,ai_neutral,8,0.0016264367,0.0012256389,0.0011590242,0.013011494
regulation,ai_neutral,5,-0.00040470186,0.0005120301,-0.0005580695,-0.0020235092
attachment,ai_neutral,7,1.047308e-05,0.00061624276,-5.7541838e-05,7.331156e-05
ization,ai_neutral,4,0.0017463024,0.0002565104,0.0017132415,0.0069852094
recognize,ai_neutral,4,7.40798e-05,0.0005068951,4.0217798e-05,0.0002963192
environment,ai_neutral,5,0.00066829694,0.00062797253,0.00062364736,0.0033414848
internal,ai_neutral,8,6.197908e-06,0.0005479231,3.0854666e-05,4.9583265e-05
izing,ai_neutral,6,0.00015193033,0.0004350479,0.0002662658,0.00091158197
adults,ai_neutral,5,0.001820524,0.0015441058,0.0011230364,0.00910262
forming,ai_neutral,4,0.0010954468,0.0004052002,0.0010242779,0.004381787
healthy,ai_neutral,7,0.0013008906,0.00070641714,0.0016102353,0.009106234
vas,ai_neutral,5,0.0009511627,0.00032408896,0.0011093472,0.0047558136
ive,ai_neutral,6,0.0009394302,0.0005887631,0.00085070403,0.005636581
secure,ai_neutral,3,0.0006807659,0.00034887643,0.00048247445,0.0020422977
formation,ai_neutral,4,0.0013527999,0.00085276854,0.0014968086,0.0054111998
event,ai_neutral,3,0.0011378314,6.569477e-05,0.0011018098,0.0034134942
negotiation,ai_neutral,3,0.0014491478,0.0006681222,0.0019165026,0.0043474436
them,ai_neutral,7,0.00039426392,0.0015173221,0.00088732835,0.0027598473
period,ai_neutral,5,0.0002534906,0.0013007962,-0.00045978592,0.0012674531
periods,ai_neutral,3,-0.00054291385,5.794449e-05,-0.00050808484,-0.0016287416
uncertainty,ai_neutral,4,1.5388392e-05,0.00060115283,9.7218006e-05,6.155357e-05
inherent,ai_neutral,9,-0.000510536,0.00022159744,-0.0005597747,-0.0045948243
themselves,ai_neutral,6,-0.00062970025,0.0008308288,-0.0006235677,-0.0037782015
reveals,ai_neutral,3,0.001806662,0.00050844456,0.0021592344,0.005419986
conscious,ai_neutral,3,8.878589e-06,0.0006029359,0.0003858273,2.6635767e-05
might,ai_neutral,5,0.00070863287,0.0010644927,0.00095145893,0.0035431643
res,ai_neutral,9,0.0010414259,0.0006047528,0.0013169346,0.009372832
ili,ai_neutral,4,0.0022012761,0.0004439238,0.0023725396,0.0088051045
ence,ai_neutral,4,0.00020951165,0.00075783266,0.0002497814,0.0008380466
superficial,ai_neutral,12,0.00075674505,0.0008531374,0.0007563848,0.009080941
barriers,ai_neutral,5,-0.00033275931,0.0012383416,-0.00040669186,-0.0016637966
communication,ai_neutral,4,5.764593e-05,0.00047126642,0.0002117966,0.00023058373
judgment,ai_neutral,3,0.00089842867,0.00011458041,0.0008992765,0.002695286
you,ai_neutral,4,0.009147604,0.0071735675,0.006136758,0.036590416
physical,ai_neutral,8,-0.0001596894,0.00037037092,4.391562e-05,-0.0012775152
danger,ai_neutral,3,0.0012410426,0.00047211166,0.0011704625,0.0037231278
yet,ai_neutral,8,0.00086970616,0.0006451382,0.0008188115,0.0069576493
ial,ai_neutral,4,6.760213e-05,0.00034940656,9.593193e-05,0.00027040852
navigate,ai_neutral,3,0.0014206391,0.00042587734,0.001153837,0.0042619174
triggers,ai_neutral,3,0.001727094,0.00063085847,0.0013501622,0.005181282
necessary,ai_neutral,5,0.000620962,0.0005704377,0.00038198062,0.0031048101
development,ai_neutral,6,0.0008584692,0.00037444796,0.000936596,0.0051508155
mechanisms,ai_neutral,3,0.0011748362,0.00039973375,0.0010791944,0.0035245086
overwhelming,ai_neutral,3,-0.00020549381,0.00034006723,-0.00031623786,-0.0006164814
moment,ai_neutral,3,0.00051225175,0.00047036083,0.00046828203,0.0015367552
learning,ai_neutral,3,0.0036192872,0.0015126093,0.004164977,0.0108578615
boundaries,ai_neutral,4,-0.00017748319,0.0003886271,-0.00021755125,-0.00070993276
open,ai_neutral,5,0.00088886346,0.00021186934,0.00081229425,0.0044443174
before,ai_neutral,3,0.00076741335,0.00018364098,0.00064684224,0.00230224
knowledge,ai_neutral,4,-0.00044339462,0.0012113284,-0.00013903515,-0.0017735785
largely,ai_neutral,3,-0.00048867916,0.00050626544,-0.00019273534,-0.0014660375
challenges,ai_neutral,4,0.0005405082,0.00060519273,0.0006552116,0.0021620328
demonstrating,ai_neutral,3,-0.0009063924,0.0012059918,-0.0002989493,-0.0027191772
enduring,ai_neutral,4,-0.00020063057,0.00088399695,-0.00019851347,-0.0008025223
concept,ai_neutral,4,-0.00033414603,0.00053114456,-0.0004103439,-0.0013365841
space,ai_neutral,3,0.00041963463,0.00054739416,0.00062301394,0.0012589039
fully,ai_neutral,7,0.00017562744,0.00052298326,0.0002620287,0.0012293921
susceptible,ai_neutral,5,0.0020001123,0.001049498,0.0019906862,0.010000561
stress,ai_neutral,5,0.0016315402,0.0010325181,0.0015164834,0.008157701
neurological,ai_neutral,5,0.0018259637,0.0014914013,0.0013225022,0.0091298185
pathways,ai_neutral,3,0.0018845474,0.00023653347,0.00193683,0.005653642
future,ai_neutral,5,0.0012882601,0.0012492053,0.0007074476,0.0064413007
nur,ai_neutral,3,0.0010682811,0.00049416476,0.00072425354,0.0032048433
turing,ai_neutral,3,0.00080665486,0.0015192076,0.0017864588,0.0024199646
thrive,ai_neutral,5,0.0003972032,0.00027109287,0.000456663,0.001986016
foundation,ai_neutral,8,0.0018133612,0.001092404,0.0018203598,0.0145068895
elements,ai_neutral,3,0.00045076234,0.000425115,0.0005833502,0.001352287
manifest,ai_neutral,5,-5.0223713e-05,0.00061601255,-0.00036094963,-0.00025111856
conditions,ai_neutral,3,-0.000551642,0.0009424211,-0.0006185674,-0.001654926
duty,ai_neutral,7,0.0006813432,0.0012626399,0.0006547105,0.0047694026
needs,ai_neutral,4,0.0004426607,0.0004292925,0.00040468137,0.0017706428
transmission,ai_neutral,3,0.0015543966,0.00043345572,0.0016376982,0.00466319
fundamental,ai_neutral,7,0.0009780014,0.000810534,0.0008212153,0.0068460098
far,ai_neutral,3,0.0007391586,0.0005127466,0.0010513769,0.0022174758
willingness,ai_neutral,6,-0.0007684363,0.0008066396,-0.000730519,-0.0046106176
responsible,ai_neutral,4,0.00040710316,0.00072511955,0.000560689,0.0016284126
investment,ai_neutral,3,0.0014663027,0.0006832287,0.0017385089,0.004398908
us,ai_neutral,3,0.0028535482,0.0005517673,0.003031691,0.008560644
limitations,ai_neutral,4,3.3478136e-07,0.00064440793,9.027371e-05,1.3391254e-06
parenting,ai_neutral,5,0.00077601115,0.0008378207,0.0010707694,0.0038800559
extends,ai_neutral,4,-0.00045266032,0.00084608595,-0.00014778323,-0.0018106413
well,ai_neutral,4,0.00047175746,0.00031879178,0.00031054422,0.0018870299
gr,ai_neutral,4,0.0023597495,0.0006342871,0.0024153432,0.009438998
risk,ai_neutral,3,-0.0002538569,0.0015970438,0.00084247405,-0.00076157076
under,ai_neutral,6,0.00096328976,0.0012530694,0.0009121214,0.0057797385
threat,ai_neutral,4,0.0016184738,0.00056052604,0.0016579736,0.006473895
health,ai_neutral,3,0.0012770175,0.0012723622,0.0020790133,0.0038310527
limit,ai_neutral,3,0.0004326928,0.00037711152,0.00036981137,0.0012980783
down,ai_neutral,4,-0.00012462249,0.00080045447,0.00010931396,-0.00049848994
tendency,ai_neutral,3,-0.0007375966,0.0003076035,-0.0006385154,-0.0022127898
define,ai_neutral,3,-0.0007547348,0.0004722789,-0.0009928328,-0.0022642044
developmental,ai_neutral,4,0.00044593384,0.000747898,0.00062707346,0.0017837354
disruption,ai_neutral,3,0.002269272,0.00071821536,0.0018599274,0.006807816
task,ai_neutral,3,0.0007972559,0.0006799909,0.0009264637,0.0023917677
develop,ai_neutral,4,0.0011951136,0.0005730698,0.0011322865,0.0047804546
styles,ai_neutral,3,0.0012377694,0.00063488085,0.00095097546,0.0037133081
provides,ai_neutral,3,0.00039261315,0.00063722115,0.00064040115,0.0011778395
unique,ai_neutral,3,-0.0003147507,0.0007481557,-0.00082677,-0.0009442521
art,ai_neutral,3,0.0018639021,0.0010279698,0.0014638498,0.0055917064
dynamic,ai_neutral,6,0.0019664331,0.0010238738,0.0018151433,0.011798599
new,ai_neutral,3,0.0012442908,0.00034293908,0.001367237,0.0037328727
confront,ai_neutral,3,0.0005096093,0.00082981895,0.001008955,0.0015288279
alongside,ai_neutral,3,0.0009973521,0.002312983,0.0015309457,0.0029920563
authenticity,ai_neutral,5,-0.00050265325,0.0006666355,-0.0006413717,-0.0025132662
lat,ai_neutral,6,-0.00025331628,0.0010409206,-1.5343394e-06,-0.0015198977
able,ai_neutral,5,0.0004020497,0.0006401243,0.0003091187,0.0020102486
present,ai_neutral,5,6.682244e-05,0.00079399237,-0.00021919911,0.0003341122
notion,ai_neutral,4,-0.0014126753,0.0006106754,-0.0016205623,-0.005650701
worth,ai_neutral,5,0.00048781495,0.004012515,-0.0005663562,0.0024390747
validation,ai_neutral,4,0.00051724556,0.0006458968,0.0005724817,0.0020689822
value,ai_neutral,5,-0.0012925097,0.0013742271,-0.0007083217,-0.006462549
existent,ai_neutral,3,0.0006438453,0.00012716664,0.00056582654,0.0019315359
invisible,ai_neutral,3,0.000667109,0.00075456157,0.0005527828,0.002001327
unlike,ai_neutral,3,0.001195472,0.0006079997,0.0011342424,0.003586416
change,ai_neutral,4,0.0011551376,0.0006510698,0.0013757758,0.00462055
des,ai_neutral,3,0.0013184316,0.0006804341,0.0008432919,0.003955295
effects,ai_neutral,3,0.00031090478,0.00040768812,0.00044483028,0.0009327144
scar,ai_neutral,5,0.002375374,0.0010952754,0.0016898449,0.011876871
city,ai_neutral,7,2.1635738e-05,0.0013128092,0.00026805405,0.00015145016
slow,ai_neutral,3,0.00078972575,0.00036481651,0.00075167825,0.0023691773
depth,ai_neutral,3,0.00043407967,0.0015755403,0.00033744687,0.001302239
substance,ai_neutral,4,-0.0003983351,0.0012846367,7.074165e-05,-0.0015933404
connections,ai_neutral,5,-0.00025423156,0.000513776,-0.00058834255,-0.0012711578
onate,ai_neutral,3,0.0010482083,0.00042003504,0.0011887035,0.003144625
malicious,ai_neutral,4,0.0014683199,0.00012774084,0.0014519488,0.0058732796
demons,ai_neutral,3,0.00079620216,0.0005989023,0.0007291474,0.0023886065
research,ai_neutral,3,0.0031772796,0.0010270923,0.0025477698,0.009531839
view,ai_neutral,3,0.0007629744,0.00089357374,0.0012399373,0.0022889231
guidance,ai_neutral,3,0.00062850927,0.00068400294,0.00028970675,0.0018855277
rules,ai_neutral,3,0.0008431038,0.00039638538,0.0007006298,0.0025293115
decision,ai_neutral,5,-0.00094104547,0.00040002677,-0.00097215734,-0.0047052274
making,ai_neutral,8,0.0011906932,0.00051746774,0.0011660592,0.009525546
thinking,ai_neutral,5,-0.0008941221,0.00039442512,-0.0010146219,-0.0044706105
easily,ai_neutral,3,0.0006726523,0.00041005833,0.00045363037,0.002017957
work,ai_neutral,3,0.0027114244,0.0017076435,0.001931453,0.008134273
say,ai_neutral,3,0.0005390975,0.00030368383,0.0005608171,0.0016172926
suggests,ai_neutral,3,-0.00085647893,0.0014942281,-0.0015309325,-0.0025694368
er,ai_neutral,4,0.00082427356,0.0010481746,0.0010100824,0.0032970943
curious,ai_neutral,5,0.00021626242,0.00018329616,0.00029756766,0.0010813121
initial,ai_neutral,4,0.0009285213,0.00026299682,0.00087880495,0.003714085
abuse,ai_neutral,3,0.0005321541,0.0013074864,0.0012987724,0.0015964623
context,ai_neutral,4,0.0003932832,0.0003796622,0.00028092496,0.0015731328
mortality,ai_neutral,5,-0.0015223937,0.0011483787,-0.0019113753,-0.007611968
finite,ai_neutral,4,0.00011276857,0.0004246273,1.8682433e-05,0.00045107427
intentional,ai_neutral,3,0.00087924424,0.0005138131,0.0008419972,0.0026377328
cta,ai_neutral,3,0.00084710616,0.0007121781,0.000775752,0.0025413185
becomes,ai_neutral,3,0.0017429349,0.001226601,0.0017789877,0.005228805
autonomy,ai_neutral,3,0.000713499,0.0018585809,-0.00059219875,0.0021404969
solid,ai_neutral,3,0.0010100015,0.00067006634,0.0014664066,0.0030300044
istic,ai_neutral,3,0.00021311436,0.00046172272,0.00024314687,0.00063934305
living,ai_neutral,3,-0.0007182337,0.0016518969,-0.0011536728,-0.0021547012
attention,ai_neutral,3,0.00015440343,0.00045891432,7.3979856e-05,0.0004632103
discourse,ai_neutral,3,-0.0007115689,0.0003797582,-0.00093694264,-0.0021347068
engage,ai_neutral,3,0.0011833404,0.00030975274,0.0011078324,0.0035500212
something,ai_neutral,3,-9.831751e-05,0.00024250644,-0.00014623968,-0.00029495254
sc,ai_neutral,3,0.0014243907,0.00038378828,0.001395193,0.004273172
mani,ai_neutral,6,0.0014050737,0.0012475662,0.0012427294,0.008430442
pu,ai_neutral,6,0.0024074991,0.0008498987,0.0024860387,0.014444995
victim,ai_neutral,5,0.0028740666,0.0011585222,0.0025474513,0.0143703325
greatest,ai_neutral,3,0.00060764205,0.00015199484,0.0006642724,0.0018229261
mis,ai_neutral,3,0.00019878025,0.00057123654,0.0004411225,0.00059634075
ibility,ai_neutral,3,0.00056220096,0.000341176,0.00056532887,0.0016866028
still,ai_neutral,3,-0.00016812953,0.0005254832,-0.0002864331,-0.0005043886
any,ai_neutral,3,-0.0003993504,0.00043807426,-0.00049158325,-0.0011980511
time,ai_neutral,4,0.0001836861,0.0007495806,0.00041867458,0.0007347444
conflict,ai_neutral,3,0.0009489118,0.000910696,0.00033506454,0.0028467355
men,ai_neutral,3,8.445416e-05,0.0006696509,0.00027404394,0.00025336246
force,ai_neutral,5,0.0009787758,0.00042662618,0.00074228004,0.004893879
true,ai_neutral,3,-0.0006148071,0.0013094606,-0.0015372094,-0.0018444214
reflecting,ai_neutral,3,0.0010528542,0.0004727165,0.0012926097,0.0031585626
mrs,ai_mimicked,9,0.0010041542,0.0016243093,0.0018817622,0.009037388
hawthorne,ai_mimicked,3,-0.00040051647,0.0010310039,-0.00038048555,-0.0012015494
woman,ai_mimicked,16,7.237473e-05,0.00084932725,-0.00027919997,0.0011579957
whose,ai_mimicked,14,-0.0002801665,0.0009442919,-0.00025907625,-0.003922331
judgment,ai_mimicked,5,0.0009696729,0.00033253213,0.0009317184,0.0048483647
though,ai_mimicked,29,-0.00025379402,0.00072016806,-0.00010807242,-0.0073600267
frequently,ai_mimicked,13,0.0006564857,0.0009905816,0.00024847133,0.008534314
upon,ai_mimicked,57,0.0011685218,0.00080123264,0.0011329858,0.06660575
of,ai_mimicked,530,5.7851932e-05,0.00095385464,7.288216e-05,0.030661523
little,ai_mimicked,7,-0.00040965521,0.00083153165,-0.00043928588,-0.0028675864
consequence,ai_mimicked,14,0.0004214574,0.0011209017,0.00040188822,0.0059004035
was,ai_mimicked,36,-0.0007818231,0.0009509216,-0.0006250527,-0.028145632
rarely,ai_mimicked,12,0.0006172508,0.00089640834,0.0008919061,0.0074070096
in,ai_mimicked,152,0.0006923413,0.0010737274,0.0007238433,0.105235875
the,ai_mimicked,629,-0.0002767507,0.0010352639,-0.00021992926,-0.1740762
value,ai_mimicked,5,4.6919333e-05,0.0014938874,0.00066338625,0.00023459666
connection,ai_mimicked,7,8.99573e-05,0.00050820754,0.0002588418,0.00062970107
observed,ai_mimicked,3,-0.0004956831,0.00039468645,-0.00035184252,-0.0014870494
with,ai_mimicked,88,0.0006070509,0.0010062663,0.00071046303,0.05342048
knowing,ai_mimicked,7,0.00044641914,0.00057336927,0.0004277458,0.003124934
glance,ai_mimicked,4,0.0020680106,0.00051972683,0.0020438135,0.0082720425
new,ai_mimicked,3,0.00280256,0.001921878,0.0028318241,0.00840768
it,ai_mimicked,94,-0.0009085315,0.0013074718,-0.0007556959,-0.08540196
not,ai_mimicked,85,0.00023899837,0.0009765017,0.00019733122,0.020314861
her,ai_mimicked,55,-7.079013e-05,0.0010076324,0.00011086083,-0.0038934571
modest,ai_mimicked,5,-0.00011506279,0.00027930495,-1.3415542e-05,-0.0005753139
nor,ai_mimicked,10,-0.00010043986,0.0009560205,-0.0002179583,-0.0010043986
manner,ai_mimicked,4,0.0011417081,0.0006498224,0.0011852821,0.0045668324
that,ai_mimicked,110,-0.00032661235,0.0009343384,-0.00025054064,-0.03592736
attention,ai_mimicked,3,0.0009952424,0.0006256009,0.0013756522,0.002985727
but,ai_mimicked,92,-0.0006763419,0.0009662334,-0.0006252687,-0.062223453
rather,ai_mimicked,11,3.492248e-06,0.00040803428,0.00012984296,3.8414728e-05
lack,ai_mimicked,7,0.00022930738,0.00051935826,-6.572917e-05,0.0016051517
family,ai_mimicked,12,0.0011924402,0.0012577061,0.0009378436,0.0143092815
ad,ai_mimicked,4,0.0015253095,0.00037489715,0.0013872895,0.006101238
ing,ai_mimicked,35,0.0003791525,0.0010066951,0.00071674876,0.013270338
yes,ai_mimicked,3,-0.00025614107,0.0012202313,-0.00050693,-0.0007684232
and,ai_mimicked,234,0.0009094761,0.001068613,0.00090565404,0.2128174
therefore,ai_mimicked,4,0.00018452342,0.0011304233,0.0001903889,0.0007380937
respectable,ai_mimicked,3,-0.0009908195,0.0013789688,-0.00049947214,-0.0029724585
without,ai_mimicked,6,-0.00024359503,0.00063080207,-0.00025955553,-0.0014615702
lineage,ai_mimicked,6,0.00013612823,0.0007612864,-0.00018454128,0.00081676943
such,ai_mimicked,30,-0.00010580097,0.0013467319,0.00021673215,-0.0031740293
circumstance,ai_mimicked,9,0.0012433884,0.0005152502,0.0012241094,0.011190495
one,ai_mimicked,70,0.0010089913,0.0014561777,0.000725977,0.07062939
could,ai_mimicked,15,-0.0013045627,0.0009300562,-0.0014191068,-0.01956844
scarcely,ai_mimicked,12,-0.0003058416,0.0011385316,-0.00014886656,-0.0036700992
gentleman,ai_mimicked,5,0.00093449594,0.0017423696,0.0005082081,0.00467248
established,ai_mimicked,4,0.00052606384,0.0010219864,0.0006078111,0.0021042554
breeding,ai_mimicked,3,0.0006715443,0.001733591,0.0018029282,0.0020146328
to,ai_mimicked,284,0.00012195192,0.0010215141,0.0001561621,0.034634344
those,ai_mimicked,40,5.8670026e-05,0.0008853363,9.473349e-05,0.002346801
were,ai_mimicked,21,-9.617786e-05,0.0007774933,-0.00025485043,-0.002019735
so,ai_mimicked,13,-0.00036340658,0.0005202486,-0.00017455734,-0.0047242856
ten,ai_mimicked,3,0.00029311344,0.0005917245,0.00029620272,0.00087934034
uous,ai_mimicked,3,0.00042543103,0.0004556052,0.00045319746,0.0012762931
she,ai_mimicked,18,-7.9467194e-05,0.0013207146,-4.8101196e-05,-0.0014304095
born,ai_mimicked,12,0.00019750504,0.000777855,0.00014604506,0.0023700604
long,ai_mimicked,6,-0.0004777302,0.0012635798,-0.00011729938,-0.0028663813
observation,ai_mimicked,4,0.00021246618,0.00095295603,0.0002755995,0.00084986474
would,ai_mimicked,8,0.0002307574,0.0006999066,0.0005131015,0.0018460592
be,ai_mimicked,36,0.00012611573,0.00087452674,0.00024817602,0.0045401664
yet,ai_mimicked,39,0.00022816844,0.0006922428,0.00031460414,0.008898569
ex,ai_mimicked,6,0.00126428,0.00045906406,0.0012692134,0.00758568
ble,ai_mimicked,12,0.0009796342,0.00070276874,0.0011054743,0.011755611
from,ai_mimicked,27,0.00020395256,0.0010466024,6.759981e-05,0.005506719
best,ai_mimicked,3,-0.00026338865,0.00065201265,-0.00022881961,-0.0007901659
houses,ai_mimicked,5,0.0037952983,0.0034906617,0.001587186,0.018976491
parish,ai_mimicked,4,0.004428282,0.0036656456,0.0039505498,0.017713128
fate,ai_mimicked,7,0.0009707556,0.00082821003,0.00085740606,0.006795289
considered,ai_mimicked,5,0.0009402012,0.00017964098,0.0010250567,0.004701006
most,ai_mimicked,22,0.00029476176,0.0010221896,0.00049230334,0.006484759
entirely,ai_mimicked,8,-0.00027024356,0.0005947333,-3.7684775e-05,-0.0021619485
merit,ai_mimicked,5,-0.0011468377,0.0003153031,-0.001086198,-0.0057341885
alone,ai_mimicked,5,0.00069228665,0.0015425556,0.0007102436,0.003461433
should,ai_mimicked,8,0.00032080762,0.0009372045,0.0007288687,0.002566461
di,ai_mimicked,14,0.0008967531,0.00089814037,0.00082733075,0.012554543
cta,ai_mimicked,3,0.0010842955,0.00041857126,0.0008899998,0.0032528862
te,ai_mimicked,3,-0.00035615067,0.0013670446,-0.0008407723,-0.001068452
person,ai_mimicked,6,0.00010330727,0.0005281189,9.222844e-06,0.0006198436
standing,ai_mimicked,6,0.00012359435,0.00068502605,7.472621e-05,0.00074156607
society,ai_mimicked,21,-0.00019322247,0.0017760746,-9.466562e-05,-0.004057672
sentiment,ai_mimicked,3,0.0008516871,0.00060357753,0.0012469331,0.0025550614
which,ai_mimicked,28,-0.0003652073,0.0013941004,-0.0004176027,-0.0102258045
whilst,ai_mimicked,12,0.002746785,0.0016115381,0.0028648379,0.03296142
und,ai_mimicked,6,0.0012071944,0.00048442703,0.0012970634,0.007243166
enia,ai_mimicked,4,0.0002950596,8.528027e-05,0.00033609127,0.0011802384
bly,ai_mimicked,4,0.0008698864,0.0008754316,0.000974375,0.0034795457
pleasing,ai_mimicked,3,0.00062210305,0.0005974687,0.00031306376,0.0018663092
ear,ai_mimicked,3,-0.0003089933,0.00049568777,-0.00031423828,-0.00092697993
realities,ai_mimicked,3,0.00024037684,0.0011192486,0.0009620957,0.0007211305
human,ai_mimicked,10,0.0010906272,0.001148343,0.0011415924,0.010906272
observe,ai_mimicked,18,0.00083465804,0.0020181602,0.0011673723,0.015023844
for,ai_mimicked,104,0.000779499,0.0009586277,0.00078035076,0.0810679
instance,ai_mimicked,7,-0.0008363683,0.0009954898,-0.00044739753,-0.005854578
plight,ai_mimicked,3,0.0016452043,0.0013046635,0.001834876,0.004935613
mr,ai_mimicked,11,4.6878704e-05,0.0018105422,5.8323843e-05,0.00051566574
man,ai_mimicked,31,-0.0002730518,0.0008101595,-0.0001567678,-0.008464606
intellect,ai_mimicked,3,-0.00021721823,0.00038894045,-0.00029478106,-0.0006516547
industry,ai_mimicked,6,-0.00014741172,0.000808015,-0.0001377173,-0.0008844703
perpetual,ai_mimicked,4,0.0007672425,0.0005154688,0.0005878906,0.00306897
ly,ai_mimicked,16,0.00027302123,0.001047256,0.0005354838,0.0043683397
more,ai_mimicked,29,-0.00032136752,0.0006833199,-0.00019972888,-0.009319658
circles,ai_mimicked,4,-0.00081594486,0.001408365,-0.0010200165,-0.0032637795
his,ai_mimicked,92,0.00069186446,0.0011088512,0.00048597372,0.06365153
father,ai_mimicked,3,0.00037897864,0.00081217504,0.0005957958,0.0011369359
humble,ai_mimicked,3,0.0005235502,0.00049296644,0.0008290127,0.0015706506
ry,ai_mimicked,3,0.00035115067,0.00055770983,0.00046897953,0.001053452
had,ai_mimicked,9,0.0008867021,0.0008258111,0.0012165287,0.007980319
considerable,ai_mimicked,8,-0.00013500944,0.0005032191,-0.00012318944,-0.0010800755
fortune,ai_mimicked,22,-0.00017293317,0.0012073803,-0.00018377765,-0.0038045298
this,ai_mimicked,18,-0.0002185874,0.0007198155,-0.00031207746,-0.0039345734
than,ai_mimicked,17,-9.558019e-05,0.0007719042,-0.0002320176,-0.0016248632
el,ai_mimicked,3,-0.0001257591,0.0009342613,0.00031224755,-0.00037727732
ting,ai_mimicked,5,0.0006807193,0.0005404643,0.00075815374,0.0034035966
seemed,ai_mimicked,6,-0.0004889128,0.00065353396,-0.00060953666,-0.0029334768
only,ai_mimicked,8,-0.00044076963,0.00069948303,-0.0005598025,-0.003526157
serve,ai_mimicked,3,0.00037497436,0.0006090565,-6.510949e-06,0.0011249231
as,ai_mimicked,32,0.0007546566,0.001128653,0.0006708028,0.024149012
constant,ai_mimicked,6,0.0005693783,0.00067250076,0.00072729297,0.00341627
reminder,ai_mimicked,7,0.00030765872,0.00052420504,0.0002462114,0.002153611
their,ai_mimicked,55,0.000120586265,0.0009838686,0.00020876151,0.0066322447
origins,ai_mimicked,3,0.00029103304,0.00035980644,0.0005346637,0.0008730991
is,ai_mimicked,132,-0.00055174,0.00094366976,-0.0006093577,-0.07282968
curious,ai_mimicked,3,0.0008927305,0.0004634407,0.00059291255,0.0026781915
who,ai_mimicked,28,-0.0012991911,0.00096280203,-0.0010968556,-0.03637735
condition,ai_mimicked,3,0.00043774655,0.0005632245,0.00070080394,0.0013132397
through,ai_mimicked,12,9.100338e-05,0.0012257466,0.00016235217,0.0010920406
are,ai_mimicked,32,-0.0001990803,0.0012462386,-0.00016729877,-0.0063705696
often,ai_mimicked,28,-0.00051253237,0.0006971715,-0.00050484063,-0.014350906
met,ai_mimicked,4,-0.00035301546,0.0015097092,-3.778987e-05,-0.0014120619
efforts,ai_mimicked,3,0.0023781762,0.0019448983,0.0033372194,0.0071345284
regarding,ai_mimicked,4,0.0012826616,0.0010277624,0.0011636966,0.0051306463
order,ai_mimicked,6,0.004228491,0.0024107494,0.004391579,0.025370944
consider,ai_mimicked,11,0.002406292,0.0018787287,0.002623324,0.026469212
if,ai_mimicked,17,-0.0010174693,0.0010081985,-0.0009721144,-0.01729698
you,ai_mimicked,13,0.0026766509,0.0021708475,0.0022191654,0.03479646
will,ai_mimicked,15,0.00027668904,0.00054018217,0.00033658365,0.0041503357
ostensibly,ai_mimicked,3,0.000796807,0.00070725434,0.00089939364,0.002390421
joy,ai_mimicked,4,0.00087403436,0.00070632633,0.00056794495,0.0034961374
life,ai_mimicked,16,-4.2837193e-05,0.0011124356,-0.0003184964,-0.0006853951
how,ai_mimicked,9,-7.265364e-05,0.0011113536,-0.0001336879,-0.00065388274
shadow,ai_mimicked,4,0.00193059,0.0013489285,0.0017401478,0.00772236
child,ai_mimicked,14,0.001489205,0.0016366992,0.0013331835,0.02084887
fleeting,ai_mimicked,9,0.000941625,0.00034538843,0.0009489999,0.008474625
delicate,ai_mimicked,11,0.00092261477,0.00043487825,0.0009545672,0.010148763
balance,ai_mimicked,6,0.00072516076,0.0006449741,0.00051417586,0.0043509644
laughter,ai_mimicked,3,0.00030702216,0.0001904984,0.00019493843,0.00092106644
feathers,ai_mimicked,4,0.0031277963,0.0009774962,0.003147383,0.012511185
tone,ai_mimicked,5,0.0016132178,0.0013123602,0.001537146,0.008066089
ha,ai_mimicked,6,0.00010868313,0.000445784,0.00016163447,0.0006520988
ugh,ai_mimicked,4,0.0014231002,0.0010021111,0.0019430167,0.005692401
fort,ai_mimicked,7,0.0010605606,0.0004176336,0.00089131115,0.0074239243
found,ai_mimicked,9,0.00032583452,0.00070649973,0.00048244488,0.0029325108
herself,ai_mimicked,7,0.0003270022,0.00067691616,0.00010076299,0.0022890153
thus,ai_mimicked,3,-0.0005991108,0.0003605556,-0.00083059137,-0.0017973324
af,ai_mimicked,4,0.0008223606,0.00061836775,0.0009676056,0.0032894425
flict,ai_mimicked,6,0.00234909,0.00085117324,0.002103402,0.014094541
ed,ai_mimicked,29,-0.0007850144,0.0010660936,-0.0008341288,-0.022765419
su,ai_mimicked,8,0.0009740938,0.0008503388,0.00084586145,0.0077927504
weakness,ai_mimicked,3,0.00046848983,0.0007678658,8.991803e-06,0.0014054695
course,ai_mimicked,3,0.0006933217,0.0006289894,0.00031910627,0.002079965
lost,ai_mimicked,7,2.0365947e-06,0.00059022364,-2.8351147e-05,1.4256162e-05
wealth,ai_mimicked,10,-0.0004922203,0.0014899076,-0.0005606947,-0.004922203
secure,ai_mimicked,4,0.0010598411,0.000875186,0.00075507467,0.0042393645
comfort,ai_mimicked,6,0.0014556516,0.0006481744,0.0014777051,0.00873391
rendered,ai_mimicked,3,0.00042481173,0.00026972845,0.00034869055,0.0012744352
before,ai_mimicked,5,3.948275e-06,0.00019424988,-7.407971e-05,1.9741376e-05
simple,ai_mimicked,4,0.0005217622,0.00023100803,0.00039857544,0.0020870487
truth,ai_mimicked,22,4.3146993e-05,0.0010135316,0.00017687437,0.0009492338
haunt,ai_mimicked,3,0.0015582643,0.0018563949,0.0009555384,0.0046747928
gilded,ai_mimicked,5,-0.0010089563,0.0017381832,-0.00072035415,-0.0050447816
cage,ai_mimicked,5,0.0015614737,0.001069828,0.0012303868,0.0078073684
surely,ai_mimicked,3,0.0009911107,0.00074645074,0.0014079232,0.002973332
does,ai_mimicked,4,-0.0006929077,0.0010406972,-0.0011178723,-0.0027716309
work,ai_mimicked,5,0.000105873354,0.0011214884,-2.4362467e-05,0.0005293668
house,ai_mimicked,3,0.0025251217,0.002166037,0.003584418,0.007575365
un,ai_mimicked,25,0.0006208396,0.0009760516,0.00084994605,0.01552099
we,ai_mimicked,13,0.0007475317,0.0019176978,0.00085669657,0.009717912
lco,ai_mimicked,3,-0.00051233283,0.0002790918,-0.0006572008,-0.0015369984
me,ai_mimicked,10,-1.0599196e-05,0.0028134056,0.00064032915,-0.00010599196
at,ai_mimicked,11,0.0015588809,0.0013891832,0.0010829921,0.01714769
every,ai_mimicked,9,-0.0004930821,0.0012027354,-0.00064280466,-0.004437739
there,ai_mimicked,4,-8.246629e-06,0.0010445769,-0.00014332402,-3.2986514e-05
amongst,ai_mimicked,5,0.0008766356,0.0015899113,0.0011735633,0.004383178
charitable,ai_mimicked,3,0.0008995275,0.0004993774,0.00073154934,0.0026985826
souls,ai_mimicked,3,0.0009629683,0.0013644807,0.0017658824,0.002888905
notion,ai_mimicked,3,-0.0006578359,0.00034176288,-0.0007025491,-0.0019735077
poverty,ai_mimicked,9,0.00040796012,0.0009125089,0.00090697245,0.003671641
moral,ai_mimicked,6,-0.0001980905,0.0012714328,0.0002593507,-0.001188543
failing,ai_mimicked,7,0.0009103206,0.0011131407,0.00056547654,0.006372244
ness,ai_mimicked,15,0.0011104846,0.00079113716,0.0012077963,0.016657269
or,ai_mimicked,27,0.00097340543,0.0015785015,0.0010538297,0.026281947
em,ai_mimicked,3,0.0015357792,0.00068415754,0.0010853664,0.0046073375
per,ai_mimicked,9,0.00069710804,0.00085425645,0.0005631086,0.0062739723
ance,ai_mimicked,7,0.00090039644,0.00077535043,0.0012324799,0.006302775
however,ai_mimicked,8,-0.000584324,0.0005292042,-0.00050220697,-0.004674592
less,ai_mimicked,10,1.0754244e-05,0.0010826484,-0.0001384335,0.00010754244
match,ai_mimicked,4,0.0028839959,0.0014744794,0.00342117,0.0115359835
sufficient,ai_mimicked,7,0.00042453574,0.00083884725,0.00067408883,0.0029717502
streets,ai_mimicked,7,0.0016117869,0.0018411052,0.0013416192,0.011282508
dawn,ai_mimicked,3,0.0010915449,0.0007286998,0.0008740196,0.0032746345
till,ai_mimicked,4,-0.00033236874,0.0005729585,-0.00037473912,-0.001329475
dusk,ai_mimicked,3,0.0011340627,0.00046460217,0.0010308743,0.003402188
small,ai_mimicked,4,0.00022533623,0.0003918846,0.00015563023,0.00090134493
hands,ai_mimicked,6,0.00093257957,0.00040228287,0.0008688428,0.0055954773
cold,ai_mimicked,5,0.0013333366,0.0006459247,0.0009961574,0.0066666827
these,ai_mimicked,8,0.00050901243,0.0009569868,0.0003101175,0.0040720995
individuals,ai_mimicked,4,0.00082068134,0.00059588836,0.0006681185,0.0032827253
lacking,ai_mimicked,4,6.467015e-05,0.0005576093,-9.093622e-05,0.0002586806
virtue,ai_mimicked,4,-3.419573e-05,0.0003782881,-8.78221e-05,-0.00013678292
they,ai_mimicked,12,-0.0003108489,0.000788698,-0.00015888519,-0.0037301867
system,ai_mimicked,3,-0.0019123746,0.0014722198,-0.0021117143,-0.005737124
desperation,ai_mimicked,3,0.0015269798,0.00013071802,0.0016043026,0.0045809397
above,ai_mimicked,5,-0.00039385987,0.0008287949,-0.00090825435,-0.0019692993
dignity,ai_mimicked,4,-0.00039979527,0.00067741727,-0.0005345676,-0.0015991811
blame,ai_mimicked,5,0.00093098555,0.00045822517,0.00071467774,0.0046549276
suffering,ai_mimicked,4,0.00056798744,0.00029116374,0.0004227077,0.0022719498
cruelty,ai_mimicked,3,0.0019857418,0.002261473,0.001920274,0.0059572253
even,ai_mimicked,24,1.999747e-05,0.0005452574,5.7259822e-05,0.00047993928
harsh,ai_mimicked,5,0.0011927532,0.0004588302,0.0010680708,0.005963766
est,ai_mimicked,3,0.00036614365,0.0008948459,0.00062750845,0.001098431
winter,ai_mimicked,3,0.0024694812,0.0009094133,0.002198672,0.007408444
grim,ai_mimicked,14,0.0025174208,0.0010338295,0.0025136129,0.03524389
al,ai_mimicked,4,0.00028529775,0.0016099375,0.00069139164,0.001141191
establishment,ai_mimicked,7,0.00047670436,0.0005847247,0.00043098262,0.0033369304
decidedly,ai_mimicked,3,0.0010244794,7.073746e-05,0.0009846655,0.003073438
rep,ai_mimicked,4,0.0019741282,0.00014537312,0.002041806,0.007896513
within,ai_mimicked,21,0.0004469532,0.0012714434,0.0007014016,0.009386017
walls,ai_mimicked,3,0.0035017114,0.0013306652,0.0040479214,0.010505134
despair,ai_mimicked,5,0.00070242217,0.00086328026,0.0009970178,0.0035121108
each,ai_mimicked,7,-0.0010703838,0.0011289385,-0.0016318975,-0.0074926866
testament,ai_mimicked,8,0.0017454491,0.0010625011,0.001484953,0.013963593
young,ai_mimicked,27,0.0018487028,0.001469493,0.0015857854,0.049914975
master,ai_mimicked,4,0.0006333027,0.0008210324,0.00034202542,0.002533211
privilege,ai_mimicked,5,-0.00065226544,0.000510145,-0.0004219674,-0.0032613273
utterly,ai_mimicked,8,-0.00012078702,0.00070918625,1.8727158e-05,-0.0009662962
re,ai_mimicked,5,0.0018541787,0.0010904081,0.0021348859,0.009270893
affection,ai_mimicked,16,0.0004171022,0.001000188,0.00023286101,0.006673635
rigid,ai_mimicked,5,0.0004895033,0.00026571893,0.00044189184,0.0024475167
by,ai_mimicked,56,0.00080256123,0.0008207031,0.00074657553,0.04494343
heart,ai_mimicked,14,0.00047402643,0.0006504973,0.00047352767,0.00663637
have,ai_mimicked,7,0.00031485423,0.00085408293,-6.121324e-05,0.0022039795
been,ai_mimicked,3,0.00059336354,0.00053584354,0.00085724867,0.0017800906
vulnerability,ai_mimicked,9,0.0010214458,0.0010122983,0.00073336484,0.0091930125
lay,ai_mimicked,5,0.0006146924,0.0006414412,0.0007727572,0.003073462
isolation,ai_mimicked,4,0.0016434278,0.00080742344,0.0016446641,0.006573711
weight,ai_mimicked,8,-0.000409038,0.00035657553,-0.00026691816,-0.003272304
expectation,ai_mimicked,4,-2.6459624e-05,0.001053238,0.00034461636,-0.000105838495
chilling,ai_mimicked,11,0.00072816276,0.00047732072,0.0008754391,0.00800979
single,ai_mimicked,9,5.814428e-06,0.0006276179,0.0003196513,5.232985e-05
genuine,ai_mimicked,12,0.00042377846,0.00059155404,0.0003031678,0.0050853416
embrace,ai_mimicked,4,0.00061105867,0.0009893035,0.00107713,0.0024442347
indeed,ai_mimicked,8,-0.0006630554,0.0009366908,-0.000182144,-0.005304443
nonetheless,ai_mimicked,4,0.0009340815,0.0020805933,0.0007736734,0.003736326
cobb,ai_mimicked,5,0.0008609571,0.0007879643,0.0011687528,0.0043047853
led,ai_mimicked,5,-0.00016361137,0.0007600417,0.00015413303,-0.00081805687
damp,ai_mimicked,4,0.0014904868,0.00031511008,0.0015077408,0.005961947
shadowed,ai_mimicked,5,0.000409965,0.00056053494,0.0003190409,0.002049825
timothy,ai_mimicked,6,0.0068801423,0.005418695,0.0053950073,0.041280854
him,ai_mimicked,21,0.00085680373,0.0011001372,0.0008634735,0.017992878
world,ai_mimicked,11,-0.00024290416,0.0013580325,-4.276047e-05,-0.0026719458
too,ai_mimicked,11,6.8929345e-05,0.00056145625,-6.110246e-05,0.0007582228
vast,ai_mimicked,4,-0.00035734565,0.00067203125,-0.00016552139,-0.0014293826
its,ai_mimicked,29,-0.0017841826,0.003157743,-0.0007881513,-0.051741295
he,ai_mimicked,41,4.331218e-05,0.0011806891,0.00019877312,0.0017757993
sp,ai_mimicked,7,0.0010670584,0.00066636474,0.0009841931,0.0074694087
lad,ai_mimicked,3,-0.0013464354,0.0009276064,-0.0016556625,-0.004039306
seven,ai_mimicked,3,0.0006409429,0.00057864864,0.0008778606,0.0019228286
years,ai_mimicked,9,-0.0005179568,0.00060104276,-0.0005982801,-0.0046616113
age,ai_mimicked,5,0.0014182625,0.0003031606,0.0015719347,0.0070913127
already,ai_mimicked,4,0.00010134926,0.00040783224,0.00023035039,0.00040539703
burden,ai_mimicked,10,0.00020799646,0.0004462449,0.00034341123,0.0020799646
knowledge,ai_mimicked,3,0.0007308696,0.00055152294,0.0009903903,0.0021926088
no,ai_mimicked,20,0.00017997385,0.0010225524,0.0002250892,0.003599477
ought,ai_mimicked,3,-0.0006721783,0.0008789937,-0.00041330757,-0.0020165348
possess,ai_mimicked,6,-0.00026811552,0.0008846147,-0.00040851842,-0.001608693
fear,ai_mimicked,3,0.0018526666,0.0006621787,0.0015543706,0.005558
hollow,ai_mimicked,5,0.0001597899,0.0004539676,-2.46442e-05,0.0007989495
echo,ai_mimicked,3,0.00012677695,0.00024135543,0.00019384458,0.00038033086
mother,ai_mimicked,9,0.0012845356,0.0011417059,0.0012570434,0.011560821
figure,ai_mimicked,3,0.00015898554,0.00033331674,0.0001280467,0.00047695663
bust,ai_mimicked,10,0.00012038789,0.00047709947,3.6357967e-05,0.0012038789
ling,ai_mimicked,14,0.0018791693,0.00084154354,0.001628893,0.026308369
th,ai_mimicked,4,-0.00052352593,0.0006625317,-0.00045411626,-0.0020941037
rong,ai_mimicked,3,0.0007217109,8.529358e-05,0.0007407896,0.0021651327
need,ai_mimicked,4,0.0002205124,0.00069759146,0.0005132472,0.0008820496
word,ai_mimicked,6,0.00045883958,0.0009993422,2.6149883e-05,0.0027530375
merely,ai_mimicked,28,0.0006210903,0.0006767399,0.000618669,0.017390529
being,ai_mimicked,11,0.00046840086,0.00073633104,9.9027864e-05,0.0051524094
hope,ai_mimicked,6,0.001575313,0.0003324526,0.0015024038,0.009451878
clinging,ai_mimicked,3,0.0010026064,0.0006837528,0.0011103043,0.003007819
like,ai_mimicked,3,-1.4729031e-05,0.00014641599,-0.00011043051,-4.4187094e-05
city,ai_mimicked,10,0.0027349473,0.001297618,0.002478595,0.027349472
itself,ai_mimicked,10,6.777018e-05,0.00080495316,-5.539364e-05,0.00067770184
fra,ai_mimicked,5,0.001162621,0.00068119634,0.001025892,0.005813105
gil,ai_mimicked,7,0.002337195,0.00078441575,0.0023658264,0.016360365
ity,ai_mimicked,11,-0.00015001307,0.0010683666,-0.00025728546,-0.0016501439
silent,ai_mimicked,3,-9.787302e-05,5.167944e-05,-7.007577e-05,-0.00029361906
ca,ai_mimicked,3,0.0014073265,0.0010015967,0.0007771664,0.0042219795
co,ai_mimicked,4,0.0008740716,0.00028120296,0.0009359226,0.0034962865
london,ai_mimicked,9,0.0039371816,0.0029025872,0.0034856107,0.035434633
relentless,ai_mimicked,10,0.00070744706,0.00032962012,0.0005913902,0.0070744706
universally,ai_mimicked,6,0.0035710167,0.0010393988,0.0036316619,0.0214261
acknowledged,ai_mimicked,6,0.0003592026,9.032144e-05,0.00034208107,0.0021552155
must,ai_mimicked,10,0.00032963732,0.00052224606,0.00027965364,0.0032963732
want,ai_mimicked,6,0.00049164164,0.0004330301,0.00055192306,0.0029498497
husband,ai_mimicked,10,-0.0004318011,0.0014141214,-0.0002172482,-0.004318011
least,ai_mimicked,3,-0.00045695118,0.0004735694,-0.00012640568,-0.0013708535
mach,ai_mimicked,3,0.0010891898,0.0003485158,0.0008501193,0.0032675695
inations,ai_mimicked,3,0.0019660492,0.0005182411,0.0022094494,0.005898148
believe,ai_mimicked,6,0.00050758285,0.00032363884,0.0005157243,0.0030454972
pursuit,ai_mimicked,13,0.00060845405,0.00071228074,0.00036911463,0.007909902
suitable,ai_mimicked,5,0.0012037784,0.0004741664,0.0014651597,0.006018892
matter,ai_mimicked,10,-9.1863285e-06,0.00042170152,3.9286977e-05,-9.186329e-05
necessity,ai_mimicked,6,0.0011023604,0.0017022003,0.00026088176,0.0066141626
complex,ai_mimicked,4,0.000747576,0.00021295961,0.00066221564,0.002990304
expectations,ai_mimicked,4,-2.3530796e-05,0.0011104479,2.5942601e-05,-9.4123185e-05
personal,ai_mimicked,4,-0.00015074694,0.0006992375,0.00010103735,-0.00060298777
inclination,ai_mimicked,7,-0.00017453721,0.0010058668,-0.00028780915,-0.0012217605
power,ai_mimicked,10,0.00037129223,0.0009094329,0.0005107599,0.0037129223
marriage,ai_mimicked,6,0.0006144519,0.0019112187,0.00055186136,0.0036867112
miss,ai_mimicked,13,0.0018992567,0.0012609694,0.001953948,0.024690337
ain,ai_mimicked,4,0.00045145233,0.00051790004,0.0006842924,0.0018058093
sworth,ai_mimicked,5,0.00084559445,0.0005804318,0.0007305492,0.004227972
possessed,ai_mimicked,12,0.00014862692,0.000838459,0.0002688407,0.001783523
independent,ai_mimicked,5,-0.00071203767,0.0004961577,-0.0005777049,-0.0035601885
gentlemen,ai_mimicked,4,0.0009859275,0.00088191446,0.0009898476,0.00394371
on,ai_mimicked,15,0.0014980893,0.0008253181,0.0015951125,0.022471339
might,ai_mimicked,18,-0.00045337382,0.0009179416,-0.00057680684,-0.008160729
cannot,ai_mimicked,8,-0.0006950631,0.0020066444,-0.00035782237,-0.0055605047
subtle,ai_mimicked,13,0.0007159102,0.0005008952,0.0005475796,0.009306833
under,ai_mimicked,4,0.000789369,0.00087548496,0.00076838874,0.003157476
connections,ai_mimicked,5,0.0007146412,0.00044423193,0.00091554807,0.003573206
where,ai_mimicked,9,-7.0465714e-05,0.0007610753,-0.00022723386,-0.00063419144
fortunate,ai_mimicked,3,0.0010241484,6.6675944e-05,0.0010436344,0.0030724453
pro,ai_mimicked,10,0.001125526,0.00078359124,0.0011306156,0.011255261
unce,ai_mimicked,8,0.0009581324,0.0005236545,0.0007951283,0.007665059
ments,ai_mimicked,9,0.0006427913,0.00033170474,0.00048561103,0.0057851216
subject,ai_mimicked,6,0.00025008313,0.00030210885,0.00026210042,0.0015004987
invariably,ai_mimicked,6,-0.00034102405,0.00027626706,-0.00038112787,-0.0020461443
delivered,ai_mimicked,6,0.0010089454,0.0003663454,0.0009666957,0.006053672
air,ai_mimicked,10,-7.700223e-05,0.0011443703,0.00045785127,-0.0007700223
ens,ai_mimicked,5,0.0012495203,0.00072570366,0.0011377472,0.0062476015
profound,ai_mimicked,15,4.1036865e-06,0.00049614435,-0.00010049665,6.15553e-05
wisdom,ai_mimicked,4,0.0005681106,0.00056095736,0.0005124561,0.0022724424
declared,ai_mimicked,6,-0.00032935347,0.0011971876,9.311673e-05,-0.0019761208
over,ai_mimicked,9,0.00018846862,0.0005638362,0.00024213475,0.0016962176
particularly,ai_mimicked,4,0.0009517,0.00093004724,0.00081407954,0.0038068
enough,ai_mimicked,5,-0.00031973794,0.00068257,-0.00038081434,-0.0015986897
well,ai_mimicked,6,0.00089202233,0.000569298,0.001225976,0.005352134
my,ai_mimicked,6,0.00072985835,0.0006544432,0.0005474868,0.00437915
dear,ai_mimicked,7,-0.0005489301,0.0011545834,-0.00096602534,-0.0038425105
act,ai_mimicked,6,0.0009385385,0.00080339477,0.0007876462,0.0056312312
also,ai_mimicked,4,0.0009590663,0.00076887716,0.0009310424,0.0038362653
held,ai_mimicked,4,0.00044476002,0.00083257514,0.0002577353,0.0017790401
certain,ai_mimicked,3,-0.00028981466,0.00012754017,-0.00035620306,-0.000869444
while,ai_mimicked,4,0.0005805255,0.0013396736,0.0004000556,0.002322102
birth,ai_mimicked,3,0.0007550451,0.0010336238,0.00051377463,0.0022651353
advantage,ai_mimicked,8,-0.00046027463,0.0014855022,-0.00053764775,-0.003682197
did,ai_mimicked,5,0.0002860219,0.0008306911,7.671611e-05,0.0014301096
success,ai_mimicked,4,0.00029782625,0.0005182971,0.000481668,0.001191305
intricate,ai_mimicked,4,0.0007529296,0.00061243976,0.0009260884,0.0030117184
game,ai_mimicked,5,0.0018415326,0.0009568308,0.0018851309,0.009207663
an,ai_mimicked,24,0.00070004235,0.0010122465,0.0009817092,0.016801016
ancient,ai_mimicked,3,0.0004929173,0.00038287134,0.000452052,0.0014787519
son,ai_mimicked,3,1.2162549e-05,0.00069895043,0.0002102061,3.6487647e-05
daughter,ai_mimicked,8,0.00026118034,0.0012895255,0.00042249094,0.0020894427
imp,ai_mimicked,8,0.0008701066,0.0007596753,0.0005641322,0.006960853
attachment,ai_mimicked,3,0.0013405936,0.00067784445,0.001522817,0.0040217806
er,ai_mimicked,5,0.0008966391,0.00067760993,0.0007797177,0.0044831955
generations,ai_mimicked,5,-0.0003690007,0.000761155,-0.00036298556,-0.0018450036
carefully,ai_mimicked,10,0.0013449056,0.000339762,0.0012991754,0.013449056
social,ai_mimicked,20,-0.00060608576,0.0008394584,-0.00086926855,-0.012121716
vi,ai_mimicked,5,0.0007075161,0.0006202001,0.0006298713,0.0035375804
melancholy,ai_mimicked,8,0.0017064977,0.00048848975,0.0015994553,0.013651982
overlooked,ai_mimicked,4,0.00013042783,0.0004717434,8.742684e-05,0.0005217113
commerce,ai_mimicked,5,0.0006561133,0.0014972269,0.0014059247,0.0032805665
respect,ai_mimicked,6,-0.00052858074,0.00083081215,-0.00046549249,-0.0031714845
ability,ai_mimicked,7,0.00026718242,0.00094120175,0.00039202377,0.001870277
care,ai_mimicked,4,0.00089556153,0.0012363163,0.0012420423,0.0035822461
face,ai_mimicked,4,0.0012355275,0.0011928962,0.0014949201,0.00494211
still,ai_mimicked,3,-0.0005991605,0.0009208207,-0.00037291955,-0.0017974814
eyes,ai_mimicked,4,0.00016286652,0.0003765117,0.000107361106,0.0006514661
chill,ai_mimicked,4,0.000573274,0.0002590375,0.0004999429,0.002293096
scrap,ai_mimicked,4,0.0013671138,0.00048721628,0.0013937476,0.005468455
bread,ai_mimicked,3,0.0005279544,0.0016531674,-0.0003663465,0.0015838633
beyond,ai_mimicked,10,-0.0007646263,0.0011589844,-0.0009854988,-0.007646263
navigate,ai_mimicked,3,0.0013797659,0.0010199327,0.0013088747,0.0041392976
designed,ai_mimicked,6,0.0008251175,0.0005494363,0.0007239361,0.004950705
help,ai_mimicked,3,0.0014829974,0.00071652845,0.0018867461,0.004448992
what,ai_mimicked,13,-2.0122003e-05,0.0008190265,2.2159991e-05,-0.00026158604
beneath,ai_mimicked,4,0.0016498538,0.0014012352,0.0014298768,0.006599415
all,ai_mimicked,24,0.00010769713,0.0012282245,0.00023052185,0.0025847312
very,ai_mimicked,27,-5.63824e-05,0.0007330424,7.59533e-05,-0.0015223247
speak,ai_mimicked,8,0.0002050878,0.0007702369,0.000110855806,0.0016407024
sir,ai_mimicked,5,0.0020437348,0.003251049,0.0022137528,0.010218674
spectacle,ai_mimicked,6,0.0001433539,0.000733027,8.074513e-05,0.0008601234
pre,ai_mimicked,8,-0.00028137892,0.00084128306,-0.00023682864,-0.0022510313
car,ai_mimicked,7,0.0012982694,0.001659596,0.0015054817,0.009087886
ious,ai_mimicked,10,0.00035891676,0.0013794154,0.0006133877,0.0035891675
build,ai_mimicked,3,0.0009607359,0.00023394005,0.00086398504,0.0028822077
characteristic,ai_mimicked,3,-7.547679e-05,0.0005757864,0.00017902034,-0.00022643036
po,ai_mimicked,6,2.5742149e-05,0.0007072219,7.028495e-05,0.0001544529
good,ai_mimicked,9,0.00017152654,0.001490382,0.0008136691,0.0015437389
sense,ai_mimicked,7,0.0004915245,0.0003773839,0.0005991983,0.0034406718
advantages,ai_mimicked,4,-0.000570192,0.00055589754,-0.0007795651,-0.002280768
degree,ai_mimicked,8,-0.00036465583,0.0003542145,-0.0002714431,-0.0029172467
himself,ai_mimicked,6,0.00068990095,0.0006387485,0.00062465173,0.0041394057
inner,ai_mimicked,3,0.00030868375,0.0007574264,0.00061327335,0.0009260513
influence,ai_mimicked,6,-0.0008794977,0.0005520373,-0.0009782892,-0.005276986
sc,ai_mimicked,6,0.0017593619,0.00091621303,0.0020231071,0.010556172
ion,ai_mimicked,8,0.00085099414,0.00068633555,0.00078874256,0.006807953
status,ai_mimicked,4,-0.0008073417,0.00044245186,-0.00069751975,-0.0032293668
eligible,ai_mimicked,4,-0.00031927304,0.00045699003,-0.00026615517,-0.0012770921
law,ai_mimicked,4,-0.0007645471,0.0019052357,-0.0008777558,-0.0030581884
wealthy,ai_mimicked,4,-3.6034835e-06,0.00093423,0.00019920467,-1.4413934e-05
fortunes,ai_mimicked,3,0.0006876679,0.00023584404,0.0006127378,0.0020630038
manners,ai_mimicked,3,0.0019360553,0.0004958843,0.0016318554,0.0058081658
understanding,ai_mimicked,6,0.0008600152,0.0004808892,0.0007677968,0.0051600914
prop,ai_mimicked,9,0.0006220227,0.0009998139,0.00070553226,0.0055982047
riety,ai_mimicked,7,0.0009804943,0.0013811039,0.0012188914,0.0068634604
deemed,ai_mimicked,5,0.00044751298,0.00060379074,0.0004225733,0.002237565
def,ai_mimicked,6,0.00057097524,0.00030104464,0.0006716988,0.0034258515
ref,ai_mimicked,3,0.0008139576,0.0002784127,0.00074992893,0.0024418728
ine,ai_mimicked,7,0.00060661987,0.00046517767,0.0007147556,0.004246339
ment,ai_mimicked,9,0.0012495148,0.00056180044,0.0014321436,0.011245633
spent,ai_mimicked,4,0.00061904057,0.00024136752,0.00060812914,0.0024761623
cultivation,ai_mimicked,7,0.00052255846,0.00077770633,0.00036228428,0.003657909
into,ai_mimicked,15,0.00085037353,0.0009869171,0.0009868613,0.012755603
ous,ai_mimicked,16,0.00059874053,0.00084120774,0.0006391802,0.0095798485
own,ai_mimicked,19,-5.3324097e-06,0.0005253273,3.1600386e-05,-0.00010131579
prove,ai_mimicked,5,0.00059642363,0.00041076966,0.00074634544,0.0029821182
ins,ai_mimicked,13,0.0008619368,0.00069802505,0.00089803885,0.011205178
idi,ai_mimicked,6,0.0018435502,0.00068252085,0.001901017,0.011061301
nature,ai_mimicked,3,1.6876971e-05,0.00024255399,-0.00010392938,5.0630915e-05
lies,ai_mimicked,7,0.0010001238,0.0006700979,0.00096534996,0.0070008663
fog,ai_mimicked,7,0.001482642,0.0006430424,0.0013035039,0.010378494
mind,ai_mimicked,6,-0.0021534592,0.0025132785,-0.0008536319,-0.012920755
ob,ai_mimicked,4,0.0016230023,0.00062596105,0.0015023001,0.0064920094
scu,ai_mimicked,3,0.0012575864,0.00041613172,0.001464461,0.0037727593
ring,ai_mimicked,4,0.0010269224,0.0004914365,0.0008352514,0.0041076895
sm,ai_mimicked,3,0.0011339842,0.00057356147,0.0013036111,0.0034019526
st,ai_mimicked,11,0.00056983664,0.0009560056,0.0005178199,0.006268203
many,ai_mimicked,5,3.107764e-05,0.001152206,0.00019099127,0.0001553882
dismiss,ai_mimicked,3,0.0005221826,1.0087324e-05,0.000524252,0.0015665479
displays,ai_mimicked,4,0.0026346333,0.0010052611,0.002243895,0.010538533
mere,ai_mimicked,8,0.000133716,0.00045460506,0.00011828402,0.001069728
another,ai_mimicked,3,-0.00037669146,0.0006655701,-0.00038796623,-0.0011300744
can,ai_mimicked,14,0.0008402572,0.001177546,0.00064315356,0.011763601
art,ai_mimicked,8,0.0010099483,0.0015366122,0.0016388022,0.008079587
ifice,ai_mimicked,5,0.0015610245,0.00048169747,0.001673049,0.007805122
persuasion,ai_mimicked,3,0.001067893,0.0003906912,0.00093142124,0.0032036789
question,ai_mimicked,4,0.0007702866,0.0010567225,0.00022521526,0.0030811464
disc,ai_mimicked,5,0.00021257593,0.00021491885,0.00018428918,0.0010628797
ern,ai_mimicked,5,0.00017141938,0.00091326,-2.0043051e-05,0.0008570969
us,ai_mimicked,12,0.001718029,0.001554499,0.0017507013,0.020616349
object,ai_mimicked,4,0.0006027134,0.0003945233,0.00076306256,0.0024108535
tes,ai_mimicked,3,0.0010018303,0.00062878325,0.0013949119,0.0030054909
exceeding,ai_mimicked,4,-0.00017790304,0.00084351463,-0.00012906079,-0.00071161217
pen,ai_mimicked,6,0.0010394383,0.00063227117,0.0009557667,0.0062366296
rose,ai_mimicked,5,0.0011178969,0.0012118357,0.0013461567,0.0055894842
comfortable,ai_mimicked,7,0.0008114038,0.00044491084,0.0007160688,0.0056798267
else,ai_mimicked,3,0.0012055468,0.00047684438,0.0013166438,0.0036166403
lacked,ai_mimicked,3,-0.00034203753,0.0004694399,-0.00032774894,-0.0010261126
grace,ai_mimicked,5,0.00073893473,0.0007880461,0.0008053108,0.0036946735
conversation,ai_mimicked,7,0.0009269781,0.0003950903,0.000990011,0.0064888466
position,ai_mimicked,3,-0.00076575734,0.00022674004,-0.0009097336,-0.002297272
readily,ai_mimicked,6,0.0002352664,0.00078374264,0.0004765732,0.0014115984
ami,ai_mimicked,4,0.0015518118,0.0004884112,0.0014132181,0.0062072473
able,ai_mimicked,11,0.0004202634,0.00067512837,0.00063341693,0.004622897
reflect,ai_mimicked,3,0.0013132603,0.0011719924,0.00074067194,0.003939781
street,ai_mimicked,5,0.0067472025,0.0018448489,0.0065607144,0.033736013
amidst,ai_mimicked,4,0.0011096513,0.0010921938,0.0014517922,0.004438605
cl,ai_mimicked,5,0.0018247783,0.0012513521,0.0020831244,0.009123892
amo,ai_mimicked,3,0.0013842597,0.00014077294,0.001338883,0.004152779
unseen,ai_mimicked,6,0.000302678,0.00071137515,0.0005431586,0.0018160681
heard,ai_mimicked,3,-1.8954006e-05,0.0003211051,0.00010872001,-5.6862016e-05
grand,ai_mimicked,10,0.0008732316,0.00065937114,0.00078118686,0.008732316
performance,ai_mimicked,4,-0.001730114,0.0012991042,-0.002420059,-0.006920456
ignant,ai_mimicked,3,0.0012689368,6.148028e-05,0.0012922733,0.0038068104
beauty,ai_mimicked,3,0.0006759737,0.0007051337,0.0011247327,0.0020279211
utter,ai_mimicked,7,-8.04067e-05,0.0005438791,-9.010168e-06,-0.0005628469
indifference,ai_mimicked,6,0.0011371797,0.001152357,0.0009700326,0.0068230783
loneliness,ai_mimicked,4,0.0015212926,0.00046800653,0.0016230572,0.0060851704
quiet,ai_mimicked,5,0.00053987524,0.0002814823,0.00035429603,0.002699376
peculiar,ai_mimicked,9,0.0003637567,0.00062040007,9.8974015e-05,0.0032738103
kind,ai_mimicked,5,0.00042161407,0.0015110722,0.00037933027,0.0021080703
monuments,ai_mimicked,3,-0.0008675304,0.0003645123,-0.000703322,-0.0026025912
neglect,ai_mimicked,7,0.0001142767,0.00046308213,4.759447e-05,0.0007999369
living,ai_mimicked,4,-9.206543e-05,0.00087009434,-5.8075588e-05,-0.0003682617
desperate,ai_mimicked,6,0.00073281076,0.00042150967,0.0005924724,0.0043968647
ur,ai_mimicked,3,0.00057539897,0.00041234403,0.00030666764,0.0017261968
ambition,ai_mimicked,6,0.00061259035,0.0005951478,0.0006086272,0.003675542
structure,ai_mimicked,3,0.00042691393,0.0012228539,-0.00026516517,0.0012807418
children,ai_mimicked,5,0.0014051121,0.0016660644,0.0006534581,0.0070255604
admiring,ai_mimicked,3,-9.564691e-05,0.0012665465,-0.00042836345,-0.00028694072
skill,ai_mimicked,5,-0.0001999723,0.00048241328,-0.00022625431,-0.0009998615
attempt,ai_mimicked,3,0.0010526712,6.414059e-05,0.0010623824,0.0031580138
natural,ai_mimicked,3,0.00038867755,0.00023819547,0.0003575836,0.0011660326
time,ai_mimicked,7,0.0005998799,0.0016424113,-9.4228286e-05,0.0041991593
better,ai_mimicked,5,-0.0014546973,0.0016811109,-0.0007830226,-0.007273487
offer,ai_mimicked,8,0.0005505661,0.0008037661,0.00038848224,0.004404529
ve,ai_mimicked,7,0.00075539574,0.00036852964,0.0006860197,0.00528777
ep,ai_mimicked,3,0.0012718285,0.000538207,0.0015215625,0.0038154856
seems,ai_mimicked,5,-0.0015812565,0.0035566473,0.00033418424,-0.007906282
emphasis,ai_mimicked,3,0.000797146,0.0006957574,0.0011972864,0.002391438
has,ai_mimicked,3,0.00012809206,0.00077018474,-0.00033462752,0.00038427615
observes,ai_mimicked,4,0.0006467844,0.0013131998,0.0003531919,0.0025871375
arrangements,ai_mimicked,4,-0.00010077222,0.0011273049,-0.00051367766,-0.00040308887
drawing,ai_mimicked,8,0.000104482635,0.0009748997,5.3643824e-05,0.0008358611
room,ai_mimicked,4,0.0019675964,0.0008028274,0.0016379063,0.007870385
far,ai_mimicked,9,0.00020228652,0.0009242467,0.00035238938,0.0018205787
expected,ai_mimicked,4,0.0012343297,0.0011876201,0.0009662597,0.0049373186
much,ai_mimicked,3,0.0005215307,0.0006731522,4.5787485e-05,0.001564592
cult,ai_mimicked,3,0.0007121949,0.00023225103,0.0006612103,0.0021365846
ation,ai_mimicked,4,0.0003601656,0.000770346,0.00015636835,0.0014406624
others,ai_mimicked,4,0.00027178414,0.00095046445,0.00054740073,0.0010871366
perhaps,ai_mimicked,10,0.00042839866,0.00083167147,0.00019704494,0.0042839865
themselves,ai_mimicked,6,-0.000118438584,0.0006221232,-0.00021248912,-0.0007106315
truly,ai_mimicked,8,0.00073893374,0.0009944921,0.0008351695,0.00591147
tempted,ai_mimicked,5,9.8478704e-05,0.00031107376,-4.8140864e-05,0.0004923935
between,ai_mimicked,7,0.0014504285,0.00094578165,0.0011442961,0.010152999
poor,ai_mimicked,5,0.0003694681,0.0009640384,0.0010180338,0.0018473405
simply,ai_mimicked,4,-3.288925e-05,0.0004427607,0.00016047302,-0.000131557
individual,ai_mimicked,3,-0.000895448,0.0015014433,-0.00018378717,-0.002686344
con,ai_mimicked,13,0.001286417,0.0007917298,0.00095515634,0.01672342
self,ai_mimicked,14,-0.00039807957,0.00062759337,-0.00041524094,-0.005573114
des,ai_mimicked,4,0.0006641707,0.0005129425,0.0006723391,0.0026566829
potential,ai_mimicked,4,0.001188291,0.0004061359,0.0012205335,0.004753164
until,ai_mimicked,5,-0.00047747456,0.0004654339,-0.0004132015,-0.0023873728
acknowledge,ai_mimicked,3,0.00031558253,0.0005532939,0.00054932956,0.0009467476
witness,ai_mimicked,3,0.0020040802,0.00024045976,0.0020842324,0.006012241
tee,ai_mimicked,3,-0.00034869602,0.00066018995,-0.0004944906,-0.0010460881
our,ai_mimicked,14,0.0015200864,0.0014922626,0.0010869722,0.02128121
nation,ai_mimicked,4,-0.003035949,0.0012947187,-0.0034340986,-0.012143796
mankind,ai_mimicked,3,-0.0008542941,0.0011539626,-0.00049294194,-0.0025628824
reveals,ai_mimicked,3,0.0016414219,0.00057460007,0.0015268999,0.0049242657
education,ai_mimicked,5,0.0014625095,0.0008345813,0.0015221783,0.0073125474
foster,ai_mimicked,7,0.00098818,0.0006448308,0.00088822463,0.0069172606
thought,ai_mimicked,6,-0.0006056332,0.0012127386,-0.0005819961,-0.0036337993
obedience,ai_mimicked,3,0.00097316416,0.00040877654,0.0012126392,0.0029194925
station,ai_mimicked,3,0.002666828,0.0020375513,0.0023366523,0.008000484
tem,ai_mimicked,3,0.00078423554,0.00032291125,0.00078252645,0.0023527066
reinforce,ai_mimicked,3,0.0010167597,0.00054516393,0.000772784,0.0030502789
duties,ai_mimicked,3,4.7113583e-05,0.0003157391,0.00010618437,0.00014134074
control,ai_mimicked,5,0.0011329661,0.0011394063,0.0015427193,0.0056648306
means,ai_mimicked,6,0.0002458189,0.0005241428,0.00021345858,0.0014749133
whispered,ai_mimicked,4,0.00088028086,0.0005772814,0.0010614058,0.0035211234
appear,ai_mimicked,3,0.0012756953,0.0011351707,0.0004899728,0.003827086
ri,ai_mimicked,4,0.00076589966,0.0002849159,0.00066967605,0.0030635986
ving,ai_mimicked,4,0.0016013192,0.00083624595,0.001806053,0.0064052767
declares,ai_mimicked,3,6.0147122e-05,0.00058070885,-0.00022650982,0.00018044136
illusion,ai_mimicked,3,0.001940227,0.00052366947,0.0020235316,0.005820681
dance,ai_mimicked,3,0.00073891395,0.0002178335,0.0005975614,0.002216742
played,ai_mimicked,4,-0.00015219476,0.0015482614,6.242214e-05,-0.000608779
out,ai_mimicked,4,0.0011136846,0.00066367077,0.0010612014,0.0044547385
rooms,ai_mimicked,3,0.0013063997,0.0009054343,0.0018503636,0.003919199
reputation,ai_mimicked,5,0.001267715,0.0002826593,0.0012486324,0.006338575
placed,ai_mimicked,7,-8.328974e-05,0.00078469777,0.00019198976,-0.0005830282
display,ai_mimicked,3,0.00222176,0.00081127795,0.0025163959,0.00666528
essence,ai_mimicked,3,0.0012817782,0.0013286845,0.000559268,0.0038453348
stage,ai_mimicked,4,-0.0003284987,0.00097650255,-0.00024891144,-0.0013139948
ala,ai_mimicked,3,0.00084383617,0.0010232263,0.0005809348,0.0025315084
drama,ai_mimicked,3,0.0002611611,0.00038681662,0.00017649433,0.0007834833
ti,ai_mimicked,5,0.002422052,0.002123499,0.0030716336,0.012110259
surrounding,ai_mimicked,4,0.00059408357,0.000767879,0.00043864176,0.0023763343
res,ai_mimicked,3,0.0008151993,0.0002925376,0.0008323137,0.002445598
ence,ai_mimicked,4,0.00041861413,0.00034154762,0.00036401412,0.0016744565
promise,ai_mimicked,4,0.00040553501,0.00082146603,0.0007615771,0.0016221401
extinguished,ai_mimicked,3,0.0007699018,0.0005566104,0.0009594433,0.0023097054
ive,ai_mimicked,4,0.00036110813,0.00040033108,0.00043284523,0.0014444325
dependence,ai_mimicked,3,0.0005132297,0.00083917874,0.0003536182,0.0015396891
dwell,ai_mimicked,5,0.0011348575,0.000396725,0.001090172,0.0056742877
stones,ai_mimicked,4,0.001155564,0.001132591,0.0016679477,0.004622256
unspoken,ai_mimicked,4,0.00048045826,0.00050458225,0.0004594914,0.001921833
sorrow,ai_mimicked,5,0.0014878291,0.00047465076,0.0018340925,0.007439146
greasy,ai_mimicked,3,0.00057523797,9.506631e-05,0.00053421716,0.001725714
yellow,ai_mimicked,3,0.0020948637,8.963738e-05,0.0021416312,0.006284591
clung,ai_mimicked,4,0.0016321697,0.00054965116,0.0017096142,0.006528679
mortal,ai_mimicked,3,0.00074643316,0.000120422155,0.00070273783,0.0022392995
dread,ai_mimicked,3,0.0013306645,0.0005248553,0.0010063613,0.0039919936
ponder,ai_mimicked,3,0.0013871262,0.00070107746,0.0009341048,0.0041613784
observing,ai_mimicked,4,0.00088860764,0.00043074775,0.0010544374,0.0035544306
figures,ai_mimicked,3,0.0009074356,0.0010829496,0.00026633445,0.0027223069
fl,ai_mimicked,4,0.000899275,0.0005781022,0.00058649934,0.0035971
itt,ai_mimicked,3,0.0006201448,0.00066670397,0.0009982417,0.0018604344
whether,ai_mimicked,3,0.0013167806,0.0029260127,-8.757104e-05,0.0039503416
true,ai_mimicked,9,-3.9265337e-06,0.00043519237,-3.6498765e-05,-3.5338802e-05
il,ai_mimicked,4,0.00034520627,0.0010276575,0.00039167702,0.0013808251
soul,ai_mimicked,10,-0.00046629095,0.0011711838,-0.0002718108,-0.0046629095
march,ai_mimicked,3,-0.00051712064,0.00036688906,-0.00032249687,-0.001551362
forgetting,ai_mimicked,4,9.310461e-06,0.00063242513,-0.00026215718,3.7241844e-05
ties,ai_mimicked,6,0.0004059805,0.00048586333,0.0002640937,0.002435883
after,ai_mimicked,5,-0.00013600757,0.00052004535,-0.00039350102,-0.00068003783
erosion,ai_mimicked,4,-0.000390524,0.00035501382,-0.00022754417,-0.001562096
common,ai_mimicked,4,-6.130045e-05,0.0005582032,3.5637713e-06,-0.0002452018
alley,ai_mimicked,5,0.0008460681,0.0010559219,0.00073482114,0.0042303405
echoing,ai_mimicked,3,0.00020265667,0.0003214549,0.00041012513,0.00060797
worth,ai_mimicked,6,0.0003210235,0.0009459563,0.0003862825,0.0019261409
es,ai_mimicked,6,0.0003084905,0.00040533053,0.00017970198,0.0018509431
wn,ai_mimicked,3,0.00039588023,0.00086784497,-5.4814882e-05,0.0011876407
refuse,ai_mimicked,3,0.00028131666,0.00022862219,0.00014227649,0.00084394997
old,ai_mimicked,12,0.0006662596,0.0013295457,0.00068222,0.007995116
sten,ai_mimicked,3,0.00037312647,0.0003342824,0.00040164945,0.0011193794
absence,ai_mimicked,3,0.0001540903,0.00028663452,0.0003498072,0.00046227092
amount,ai_mimicked,3,-3.814018e-06,0.00047036132,-2.9140036e-05,-1.14420545e-05
future,ai_mimicked,5,0.0009225456,0.0004412611,0.0009243048,0.004612728
men,ai_mimicked,3,0.00015156913,0.0010647471,0.00053633,0.00045470736
offers,ai_mimicked,6,-0.0005756355,0.0005906611,-0.0005973722,-0.003453813
ace,ai_mimicked,4,0.00040407362,0.0010394561,0.0006928063,0.0016162945
left,ai_mimicked,3,0.0008055537,0.00074046274,0.0012752612,0.002416661
desire,ai_mimicked,4,6.182475e-05,0.00019410999,9.958312e-06,0.000247299
served,ai_mimicked,6,-0.00043999197,0.0011281528,-0.00052949344,-0.0026399519
once,ai_mimicked,5,0.00019499617,0.0006394895,0.00034985325,0.0009749809
became,ai_mimicked,3,-0.001758962,0.0018143209,-0.0007307558,-0.0052768863
ient,ai_mimicked,3,0.0012534276,0.0005699381,0.00095470063,0.0037602829
past,ai_mimicked,3,-0.00033976475,0.0003750592,-0.0003946787,-0.0010192943
flat,ai_mimicked,4,0.0018979856,0.0012938809,0.0014138906,0.0075919423
surrounded,ai_mimicked,4,0.00015538889,0.00020341101,0.000254436,0.00062155555
emptiness,ai_mimicked,4,0.00068576273,0.0010747946,0.00078821846,0.002743051
ton,ai_mimicked,3,0.00023261028,0.00053604244,0.0005351197,0.00069783087
deception,ai_mimicked,3,0.0017350841,0.0005633683,0.002004538,0.005205252
lady,ai_mimicked,11,0.0030157515,0.0021911461,0.0031024977,0.033173267
ter,ai_mimicked,5,0.0010877084,0.000802464,0.0013088234,0.005438542
manipulation,ai_mimicked,3,0.0009552261,0.0005887825,0.00086289924,0.0028656782
spirit,ai_mimicked,4,0.0021517705,0.0006263542,0.0019183543,0.008607082
neer,ai_mimicked,3,0.00088406104,0.00047287886,0.00079119485,0.0026521832
disco,ai_mimicked,3,3.1329244e-05,0.00037976165,0.00022066315,9.3987735e-05
authority,ai_mimicked,4,-6.233604e-06,0.0011009324,0.00036813185,-2.4934416e-05
ber,ai_mimicked,3,0.0019092053,0.0009353796,0.0020556669,0.005727616
called,ai_mimicked,3,0.0006432051,0.00026068647,0.0006828719,0.0019296152
river,ai_mimicked,10,0.0038066893,0.0029702734,0.0024454906,0.038066894
watch,ai_mimicked,5,0.0011711419,0.0018101234,0.00099927,0.0058557093
thames,ai_mimicked,3,0.009370324,0.0023624566,0.008837484,0.028110974
mis,ai_mimicked,7,0.00081262074,0.0007661921,0.00091321574,0.005688345
une,ai_mimicked,4,0.0015060119,0.00043337236,0.0016567995,0.0060240477
seen,ai_mimicked,4,0.0014006096,0.0012559678,0.0011442015,0.0056024385
fall,ai_mimicked,3,-6.7172055e-05,0.00031665488,0.0001422049,-0.00020151617
reflected,ai_mimicked,3,0.00032609844,0.0001609015,0.00027456065,0.0009782953
mu,ai_mimicked,3,0.0016723238,0.00049106724,0.001407701,0.0050169714
rky,ai_mimicked,3,0.0007196628,0.00014506782,0.00080355536,0.0021589885
waters,ai_mimicked,3,-0.0004958955,0.0006766637,-0.00013965495,-0.0014876865
en,ai_mimicked,3,0.00051348173,0.00049341546,0.00047130094,0.0015404453
cr,ai_mimicked,9,0.002469654,0.00066878827,0.0025297573,0.022226885
belief,ai_mimicked,3,0.0003709804,0.00040687894,0.00030389946,0.0011129412
voice,ai_mimicked,3,-0.0016831928,0.0003130788,-0.0018131031,-0.0050495784
hand,ai_mimicked,3,0.0009226476,0.00080785475,0.0010193308,0.0027679428
limited,ai_mimicked,3,-0.00034469055,0.00025822147,-0.0004327204,-0.0010340717
accomplishments,ai_mimicked,5,-0.00044508325,0.00063168036,-0.000591228,-0.0022254162
securing,ai_mimicked,8,0.00054364384,0.00063741417,0.00026884617,0.0043491507
sol,ai_mimicked,3,0.0002926561,0.0013997442,0.00018564262,0.00087796827
intellectual,ai_mimicked,6,0.00020221809,0.0010116642,0.0003362667,0.0012133085
existence,ai_mimicked,8,0.00013067058,0.000881057,-8.325959e-05,0.0010453647
reduced,ai_mimicked,4,-0.00017967763,9.9921584e-05,-0.00016242433,-0.00071871054
cycle,ai_mimicked,3,-2.6194728e-05,0.0008830733,-0.00017668377,-7.8584184e-05
pri,ai_mimicked,3,-0.0010244775,0.0016372412,-9.656855e-06,-0.0030734327
vation,ai_mimicked,3,-0.00018428823,0.00012993853,-0.00018499134,-0.0005528647
faces,ai_mimicked,4,0.00087274925,0.00032399833,0.00077820895,0.003490997
against,ai_mimicked,5,0.0015579518,0.00064261793,0.0011998692,0.007789759
physical,ai_mimicked,6,0.0009000514,0.00032381306,0.0007927195,0.0054003084
slow,ai_mimicked,3,0.0005178822,0.00030108282,0.000545703,0.0015536465
offered,ai_mimicked,4,0.00016234483,0.0008670574,0.00025988353,0.00064937933
polite,ai_mimicked,6,0.0008873167,0.00064787024,0.00091376563,0.0053239004
shaw,ai_mimicked,4,0.00030574287,0.0010183654,0.0005625317,0.0012229715
lame,ai_mimicked,6,0.00072103884,0.00082913507,0.0007510046,0.004326233
nta,ai_mimicked,4,0.00025005607,0.0004163262,0.0003500004,0.0010002243
qui,ai_mimicked,4,0.0021109022,0.0012057511,0.002229814,0.008443609
ce,ai_mimicked,6,0.0010943132,0.0007352854,0.0009607517,0.006565879
ci,ai_mimicked,3,0.0016450858,0.0005544497,0.001745491,0.004935257
happiness,ai_mimicked,5,0.00089198316,0.0005690341,0.0009795655,0.0044599157
devoid,ai_mimicked,3,7.597895e-05,0.00031396654,0.00010610519,0.00022793685
warmth,ai_mimicked,3,0.0011151732,0.0006388723,0.0010525008,0.0033455198
ways,ai_mimicked,3,-8.3562154e-05,0.00055420765,-0.00030846478,-0.00025068645
nce,ai_mimicked,3,0.001811787,0.00026618244,0.0017012525,0.005435361
built,ai_mimicked,5,0.0009346077,0.0019579942,-0.00013103646,0.0046730386
broken,ai_mimicked,5,0.0010282865,0.00027208254,0.0010917875,0.005141433
doorway,ai_mimicked,3,0.0013483012,0.00073638436,0.0010823396,0.0040449034
cruel,ai_mimicked,5,0.001852527,0.0007110988,0.0014818857,0.009262635
any,ai_mimicked,11,-0.00043323103,0.0010102794,-0.00014914737,-0.0047655413
now,ai_mimicked,4,-0.0002090188,0.000493882,-0.00039729898,-0.0008360752
opportunity,ai_mimicked,3,-0.0006647574,0.0023165117,0.00093176146,-0.0019942722
chance,ai_mimicked,3,0.0007639685,0.00023193528,0.00060515647,0.0022919055
may,ai_mimicked,5,2.0571495e-05,0.0010977087,0.0006202613,0.00010285748
parent,ai_mimicked,6,0.0026890917,0.0005824249,0.002599775,0.01613455
parental,ai_mimicked,3,0.0016022652,0.002090376,0.001367531,0.0048067956
duty,ai_mimicked,6,-0.00018643629,0.00066082703,-1.20385885e-05,-0.0011186177
sh,ai_mimicked,4,0.00018689508,0.0012130719,-9.229578e-05,0.0007475803
dim,ai_mimicked,3,0.00047017145,0.00049119635,0.00021908322,0.0014105143
solely,ai_mimicked,6,-0.00021963654,0.0006884491,-0.00012730557,-0.0013178192
concern,ai_mimicked,3,0.0001447904,0.0003032616,0.00028092923,0.00043437124
character,ai_mimicked,7,-0.00060410704,0.0009580553,-0.00033256906,-0.0042287493
handsome,ai_mimicked,3,0.001125055,0.00073303527,0.0011018009,0.0033751652
instead,ai_mimicked,3,0.00062365463,0.00066835264,0.0006482105,0.0018709638
external,ai_mimicked,3,-0.00010776435,0.0010061025,-0.00023526975,-0.00032329303
possessing,ai_mimicked,3,-0.00020995068,0.0004321227,3.2926037e-05,-0.00062985206
betray,ai_mimicked,3,-8.502424e-05,0.0012869062,0.00010264624,-0.00025507272
xie,ai_mimicked,4,0.0008893019,0.00085437985,0.00094988954,0.0035572075
esteem,ai_mimicked,4,0.00018537932,0.00047677575,0.00017108252,0.0007415173
marital,ai_mimicked,3,-0.00017554284,0.0008646643,-0.0005347529,-0.0005266285
prior,ai_mimicked,4,0.000216471,0.0004372161,0.00039132382,0.000865884
iti,ai_mimicked,4,9.3861265e-05,0.0007756483,0.00037173912,0.00037544506
trust,ai_mimicked,4,0.0017972991,0.00053301983,0.0018733405,0.0071891965
labyrinth,ai_mimicked,4,0.00088926614,0.00022723731,0.0009992732,0.0035570646
parents,ai_mimicked,3,0.0012485101,0.00036803854,0.0014679848,0.0037455303
invisible,ai_mimicked,3,-0.000510192,0.00045995566,-0.00029962428,-0.001530576
cries,ai_mimicked,3,-0.0001960817,0.00025849516,-0.00012039338,-0.0005882451
creature,ai_mimicked,4,0.00012224162,0.00077321444,0.00021813781,0.00048896647
shadows,ai_mimicked,3,0.001964356,0.0006481046,0.0015673845,0.0058930684
remarked,ai_mimicked,3,0.0009953975,0.0004311847,0.0012762761,0.0029861922
them,ai_mimicked,6,-6.980429e-05,0.0008010613,0.00027119892,-0.00041882577
estate,ai_mimicked,5,0.00055141107,0.0015813026,0.00056771573,0.0027570555
back,ai_mimicked,3,0.00016421107,0.00019206743,0.0002748306,0.0004926332
suit,ai_mimicked,3,-7.915078e-06,0.0011398003,0.0003626272,-2.3745233e-05
deficiency,ai_mimicked,3,0.00059781177,0.0004244746,0.0003866169,0.0017934353
boundaries,ai_mimicked,3,-0.00039324127,0.00043542008,-0.00051672116,-0.0011797238
ming,ai_mimicked,3,0.0013764271,0.00077577395,0.001909032,0.0041292813
cast,ai_mimicked,4,7.0431764e-05,0.00053482235,5.285626e-05,0.00028172706
chi,ai_mimicked,3,0.00046167092,0.0004965591,0.00048162966,0.0013850128
cap,ai_mimicked,3,0.0013217892,0.00033816305,0.001541099,0.0039653676
opinions,ai_mimicked,5,0.00013233924,0.0007086753,-0.00018191853,0.0006616962
destined,ai_mimicked,3,0.00080706616,0.0007539867,0.00061182614,0.0024211984
labour,ai_mimicked,4,0.0010107434,0.0011131014,0.0014217966,0.0040429737
contribute,ai_mimicked,4,-0.00025277893,0.0003849815,-0.00025743488,-0.0010111157
visit,ai_mimicked,3,0.0005443684,0.00019177068,0.0004770719,0.0016331052
scrutiny,ai_mimicked,3,0.0009101304,2.9953952e-05,0.00090457627,0.0027303912
ind,ai_mimicked,3,0.0015723966,0.0010204043,0.0022312629,0.00471719
serves,ai_mimicked,3,-0.0010429544,0.0013604991,-0.00029401138,-0.0031288632
possesses,ai_mimicked,3,0.00094259484,0.00047827436,0.00084072334,0.0028277845
seemingly,ai_mimicked,5,0.0019100733,0.0008966771,0.0019937505,0.009550367
spectral,ai_mimicked,3,0.00015983498,0.00053746486,0.0004945694,0.00047950493
grande,ai_mimicked,4,0.0011796525,0.0012783052,0.001838706,0.00471861
when,ai_mimicked,5,-0.00036025388,0.0013796992,-0.0009911901,-0.0018012694
vo,ai_mimicked,3,-0.00017862371,0.00013250671,-0.00021219534,-0.00053587114
deliberate,ai_mimicked,3,0.0011462714,0.0007011486,0.0006507262,0.003438814
measure,ai_mimicked,3,0.00019791217,0.0002934148,0.0003083006,0.00059373653
wit,ai_mimicked,3,0.00016216164,0.00073105027,0.00019474485,0.0004864849
prospects,ai_mimicked,3,0.0013566407,0.0010551718,0.0020069815,0.004069922
fide,ai_mimicked,3,9.375516e-05,0.000970614,0.00043416428,0.00028126547
emotional,ai_mimicked,3,0.0006357497,0.0006506815,0.0005451889,0.0019072492
cease,ai_mimicked,3,0.0007211689,0.0009018658,0.00022368999,0.0021635066
et,ai_mimicked,3,-0.00056599925,0.00056685094,-0.00016873082,-0.0016979977
hem,ai_mimicked,5,0.0026259576,0.0010359538,0.0028412298,0.013129788
lock,ai_mimicked,4,0.0018120497,0.0009800561,0.0020656092,0.0072481986
make,ai_mimicked,3,0.0010235407,0.0007656086,0.0007631742,0.0030706222
louisa,ai_mimicked,3,0.002023364,0.0009930262,0.0016012089,0.006070092
dismissed,ai_mimicked,3,0.00091569196,0.0004940749,0.00057131,0.0027470759
