text,word_count,class,author,topic
"Isn't it ironic that in a society proclaiming opportunity for all, one’s starting point is so heavily dictated by the circumstances of their birth? Social class, far from being a relic of the past, continues to exert a powerful, often invisible, influence on life chances. Access to quality education, healthcare, and even nutritious food are demonstrably linked to socioeconomic status, creating a self-perpetuating cycle. This isn’t simply about income disparity; it’s about the accumulation of advantages – cultural capital, social networks, and inherited wealth – that provide a significant head start. While social mobility *is* possible, the statistics reveal it’s becoming increasingly difficult, particularly for those born into the lowest quintile. The narrative of meritocracy often obscures the systemic barriers that prevent genuine equality of opportunity.",126,ai_neutral,AI,Social Class
"The concept of social class frequently manifests not as rigid boundaries, but as a spectrum of lived experiences, subtly shaping individual perspectives and behaviors. Consider the differing approaches to risk: someone with a financial safety net might be more inclined to pursue entrepreneurial ventures, while someone without may prioritize job security. These aren’t matters of character, but rational responses to differing levels of precarity. Furthermore, class influences consumption patterns, leisure activities, and even communication styles, fostering distinct subcultures. Recognizing these nuances is crucial for dismantling the often-simplistic narratives surrounding wealth and poverty, and understanding the complex interplay between individual agency and structural constraints.",103,ai_neutral,AI,Social Class
"“Class is not simply about money; it’s about belonging,” as Pierre Bourdieu observed, and this sense of belonging – or lack thereof – profoundly impacts mental and emotional wellbeing. Individuals from lower socioeconomic backgrounds often experience a chronic sense of marginalization, navigating spaces where they feel unseen or undervalued. This can lead to internalized oppression, diminished self-worth, and increased rates of anxiety and depression. The constant pressure to conform to dominant cultural norms, coupled with the stigma associated with poverty, creates a significant psychological burden. Addressing social class disparities, therefore, requires not only economic policies but also a concerted effort to foster inclusivity and challenge prejudiced attitudes.",107,ai_neutral,AI,Social Class
"Looking beyond individual circumstances, the very structure of modern economies often exacerbates social class divisions. The rise of the gig economy, for example, while offering flexibility, frequently lacks the benefits and security of traditional employment, disproportionately impacting those with fewer resources. Similarly, automation threatens to displace workers in low-skill jobs, potentially widening the gap between the highly skilled and the less skilled. These aren’t inevitable consequences of progress; they are policy choices. Investing in retraining programs, strengthening labor protections, and exploring alternative economic models – such as universal basic income – are vital steps towards mitigating these risks and creating a more equitable society.",104,ai_neutral,AI,Social Class
"Imagine a city divided not by walls, but by access. Access to green spaces, safe neighborhoods, and thriving local businesses. This spatial segregation, often a direct result of historical and ongoing class-based discrimination, creates pockets of disadvantage that are difficult to overcome. Concentrated poverty limits access to opportunities, perpetuates cycles of violence, and undermines social cohesion. Addressing this requires intentional urban planning that prioritizes mixed-income housing, invests in underserved communities, and dismantles discriminatory zoning laws. Simply put, equitable access to resources is not just a matter of fairness; it’s essential for building a healthy and sustainable society for everyone.",99,ai_neutral,AI,Social Class
"Is it truly possible to escape the circumstances of one’s birth? Social class, often framed as an economic reality, operates as a deeply ingrained cultural script, dictating not just access to resources, but also shaping aspirations, behaviors, and even perceptions of self-worth. Individuals born into privilege often inherit social capital – networks, knowledge, and expectations of success – that are unavailable to those from disadvantaged backgrounds. This isn’t simply about wealth; it’s about the subtle, often unconscious biases embedded within institutions, from education to healthcare, that perpetuate inequality. The myth of meritocracy obscures the significant head starts afforded by class, creating a system where upward mobility feels less like a reward for effort and more like a fortunate accident. Ultimately, dismantling these barriers requires acknowledging the systemic nature of class and actively working to level the playing field.",138,ai_neutral,AI,Social Class
"The persistent idea that social class is solely determined by individual choices ignores the powerful influence of intergenerational wealth and systemic disadvantage. Consider the seemingly simple act of homeownership: for many, it’s the primary means of building equity. However, historical and ongoing discriminatory housing practices – redlining, restrictive covenants – have systematically denied opportunities for wealth accumulation to communities of color, effectively locking generations into cycles of poverty. This isn’t a matter of poor financial decisions; it’s a consequence of deliberate policies designed to maintain existing power structures. Consequently, focusing solely on individual responsibility overlooks the structural impediments that prevent equitable access to resources and opportunities, reinforcing existing inequalities.",109,ai_neutral,AI,Social Class
"“Class is not about having a lot of money; it’s about having options,” as Barbara Ehrenreich famously observed. This highlights a crucial distinction often lost in discussions of socioeconomic status. While income is a significant factor, social class also encompasses the degree of control individuals have over their lives. Those with higher social standing typically possess greater autonomy – the ability to choose their work, housing, education, and healthcare without facing crippling financial constraints. Conversely, individuals in lower classes often experience a constant state of precarity, forced to accept undesirable jobs, live in unsafe neighborhoods, and forgo essential services simply to survive. This lack of agency profoundly impacts mental and physical well-being, creating a self-perpetuating cycle of disadvantage.",118,ai_neutral,AI,Social Class
"Observing the subtle cues of class – the way people speak, dress, and carry themselves – reveals how deeply ingrained these distinctions are in our social fabric. These aren’t necessarily conscious signals, but rather learned behaviors that reflect one’s upbringing and social environment. Someone raised in a working-class family might prioritize practicality and resilience, while someone from an upper-class background might emphasize refinement and networking. These differences, though often superficial, can create barriers to communication and understanding, fostering a sense of “otherness” and reinforcing social divisions. Recognizing these subtle markers isn’t about judgment, but about acknowledging the diverse ways in which class shapes identity and social interaction.",107,ai_neutral,AI,Social Class
"Frequently, discussions about social class center on economic disparities, but the psychological impact is equally profound. Individuals experiencing economic hardship often face chronic stress, anxiety, and feelings of powerlessness, which can negatively affect cognitive function and decision-making abilities. This isn’t a character flaw; it’s a predictable consequence of living under constant financial strain. Furthermore, the stigma associated with poverty can lead to internalized shame and social isolation, hindering opportunities for advancement. Addressing social class inequality, therefore, requires not only economic policies but also investments in mental health services and programs designed to combat the psychological effects of poverty and discrimination.",100,ai_neutral,AI,Social Class
"Isn't it curious how often we speak of a ‘level playing field’ while simultaneously acknowledging the vastly different starting points people occupy? Social class, at its core, isn’t simply about income; it’s a complex web of inherited advantages and disadvantages woven through generations. Access to quality education, healthcare, and even social networks are profoundly shaped by the circumstances of one’s birth. This creates a self-perpetuating cycle where privilege begets privilege, and disadvantage often leads to further hardship. The narrative of meritocracy, while appealing, frequently overlooks the systemic barriers that prevent genuine upward mobility for those born into lower socioeconomic strata. It’s a quiet, often unspoken, determinant of opportunity, influencing everything from career paths to life expectancy.",116,ai_neutral,AI,Social Class
"The chipped Formica of the diner booth felt cold under her elbows, a stark contrast to the plush leather she’d glimpsed through the windows of the uptown restaurants. Observing the interactions around her, a subtle choreography of deference and dismissal, highlighted the invisible boundaries of social class. It wasn’t about overt hostility, but a quiet understanding of ‘who belonged’ and ‘who didn’t’. The waitress, efficient but lacking eye contact, moved with a practiced weariness. The businessman, loudly discussing a deal, barely registered her presence. These micro-interactions, repeated countless times daily, reinforce a hierarchy that extends far beyond financial wealth, shaping perceptions and limiting possibilities based on perceived status.",108,ai_neutral,AI,Social Class
"“Class is not a fixed state of being, but a constantly negotiated performance,” sociologist Pierre Bourdieu argued, and this rings particularly true in the modern era. While economic indicators remain crucial, social class is increasingly expressed through cultural capital – the knowledge, habits, and tastes that signal belonging to a particular group. This can manifest in everything from preferred leisure activities to linguistic patterns, creating subtle but powerful distinctions. The ability to navigate these unspoken codes, to ‘fit in’ with the dominant culture, often proves more valuable than a formal education. Consequently, social mobility isn’t solely about acquiring wealth, but about mastering the art of cultural assimilation, a process that can feel both alienating and exhausting.",116,ai_neutral,AI,Social Class
"Consider the implications of postcode lotteries for school funding. This seemingly administrative detail directly translates into vastly different educational experiences, effectively solidifying social class divisions before individuals even reach adulthood. Children attending under-resourced schools are often denied the same opportunities as their peers in wealthier areas, impacting their academic achievement, future career prospects, and overall life chances. This isn’t a matter of individual failings, but a systemic inequity that perpetuates a cycle of disadvantage. The promise of equal opportunity rings hollow when the very foundations of education are unevenly distributed based on geographic location and, by extension, socioeconomic status.",99,ai_neutral,AI,Social Class
"Reflecting on my own upbringing, I realize how shielded I was from the harsher realities faced by many. The assumption of access – to extracurricular activities, to reliable transportation, to a quiet space for studying – was so ingrained that I rarely questioned it. It’s a privilege to be able to contemplate social class as an abstract concept, rather than a daily struggle for survival. Recognizing this inherent bias is the first step towards dismantling the structures that perpetuate inequality. True social progress demands not just economic redistribution, but a fundamental shift in perspective, acknowledging the invisible advantages that shape our lives and striving for a more equitable distribution of opportunity for all.",113,ai_neutral,AI,Social Class
"Isn't it curious how often we speak of a ‘level playing field’ while simultaneously acknowledging the vastly different starting points people occupy? Social class, at its core, isn’t simply about income; it’s a complex web of inherited advantages and disadvantages woven through generations. Access to quality education, healthcare, and even social networks are profoundly shaped by the circumstances of one’s birth. This creates a self-perpetuating cycle where privilege begets privilege, and disadvantage often leads to further hardship. The narrative of meritocracy – that hard work alone guarantees success – frequently overlooks these systemic barriers. While individual effort is undoubtedly important, it operates within a framework heavily influenced by pre-existing social structures, making upward mobility significantly more challenging for some than others.",121,ai_neutral,AI,Social Class
"The persistent idea that social class is a purely individual failing – a consequence of poor choices or lack of ambition – is demonstrably false. Consider the geographical lottery of opportunity. Growing up in a neighborhood with underfunded schools, limited job prospects, and higher rates of crime drastically alters life trajectories, irrespective of personal drive. These aren’t character flaws; they are structural impediments. Furthermore, implicit biases within institutions – from hiring practices to the justice system – consistently disadvantage individuals from lower socioeconomic backgrounds. To address inequality effectively, we must shift the focus from blaming individuals to dismantling the systemic barriers that perpetuate cycles of poverty and limit social mobility.",110,ai_neutral,AI,Social Class
"“Class is not about having a fancy car or a big house,” the sociologist Pierre Bourdieu argued, “it’s about having a particular set of tastes and dispositions.” This highlights a crucial, often overlooked aspect of social stratification: cultural capital. It’s not merely *what* you know, but *how* you know it, and how that knowledge is perceived by others. Certain forms of knowledge, etiquette, and artistic appreciation are valued more highly within dominant social groups, granting unearned advantages in areas like education and employment. This subtle but powerful form of social exclusion operates alongside economic disparities, reinforcing existing hierarchies and making it difficult for individuals from different backgrounds to navigate social spaces effectively.",112,ai_neutral,AI,Social Class
"Observing the contemporary landscape, it’s clear that social class increasingly intersects with other forms of identity, creating compounded disadvantages. The experience of being a woman of color from a low-income background, for example, is qualitatively different from that of a white man from the same socioeconomic strata. Intersectional inequalities mean that individuals face multiple layers of discrimination, limiting their opportunities and exacerbating existing vulnerabilities. Ignoring these complexities risks implementing solutions that address only one facet of the problem, leaving many behind. A truly equitable society requires acknowledging and actively dismantling the interconnected systems of oppression that perpetuate social stratification.",99,ai_neutral,AI,Social Class
"Imagine a city divided not by walls, but by invisible lines of access. These lines dictate where people live, what schools their children attend, and what opportunities are available to them. This is the reality of social class in many modern societies. It’s a silent architect of our lives, shaping our aspirations, limiting our choices, and influencing our health outcomes. The consequences extend beyond individual hardship; significant class divisions erode social cohesion, fuel political polarization, and ultimately undermine the stability of democratic institutions. Recognizing this pervasive influence is the first step towards building a more just and equitable future for all.",101,ai_neutral,AI,Social Class
"Isn't it ironic that in a society proclaiming meritocracy, the circumstances of one’s birth remain such a powerful predictor of life outcomes? Social class, far from being a relic of feudalism, continues to exert a subtle but pervasive influence on access to opportunity. This isn’t simply about income disparity; it’s about the accumulation of advantages – quality education, robust healthcare, influential networks – that are disproportionately available to those born into privilege. These advantages compound over time, creating a self-perpetuating cycle where social mobility becomes increasingly difficult. The narrative of “pulling oneself up by one’s bootstraps” often ignores the fact that many start without boots, or with boots full of holes, facing systemic barriers that others don’t even perceive. Ultimately, addressing social class requires acknowledging its enduring power and actively dismantling the structures that reinforce it.",136,ai_neutral,AI,Social Class
"The concept of social class frequently gets reduced to economic brackets, but it’s fundamentally about cultural capital as well. Beyond financial resources, class dictates unspoken rules of behavior, tastes, and ways of interacting with the world. Someone unfamiliar with these codes – how to dress for a certain event, what topics are considered appropriate in polite conversation, even subtle nuances of body language – can experience a sense of alienation and exclusion, regardless of their income. This “cultural mismatch” can hinder professional advancement and social integration, creating a hidden form of discrimination. It’s a system where knowing *how* to navigate the world is often as important as *what* you know, and that knowledge is often passed down through generations within specific social strata.",123,ai_neutral,AI,Social Class
"“Class is not a feeling, but a fact,” as the saying goes, and that fact manifests powerfully in geographic segregation. Increasingly, communities are stratified along class lines, leading to vastly different experiences of public services, environmental quality, and even safety. Well-funded schools in affluent areas contrast sharply with under-resourced schools in poorer neighborhoods, perpetuating educational inequalities. Access to healthy food, green spaces, and reliable transportation also varies dramatically. This spatial division isn’t accidental; it’s often the result of deliberate policies and market forces that reinforce existing inequalities. Breaking down these geographic barriers – through affordable housing initiatives, equitable resource allocation, and integrated community planning – is crucial for fostering a more just and inclusive society.",115,ai_neutral,AI,Social Class
"Consider the psychological impact of constantly being aware of one’s social position. For those experiencing economic hardship, the stress of financial insecurity can be debilitating, affecting mental and physical health. Simultaneously, individuals from privileged backgrounds may grapple with feelings of guilt or a sense of unearned advantage. This awareness, or lack thereof, shapes perspectives, influences decision-making, and impacts interpersonal relationships. The pervasive influence of social class creates a constant undercurrent of comparison and judgment, fostering anxieties about status and belonging. Recognizing these psychological dimensions is essential for promoting empathy and understanding across class divides.",94,ai_neutral,AI,Social Class
"From a purely practical standpoint, ignoring social class is economically inefficient. When large segments of the population are denied opportunities based on their background, society loses out on their potential contributions. Innovation is stifled, economic growth is hampered, and social unrest increases. A more equitable distribution of resources and opportunities isn’t simply a matter of fairness; it’s a smart investment in human capital. By leveling the playing field, we unlock the talents and creativity of a wider range of individuals, leading to a more dynamic and prosperous society for everyone. Focusing on social mobility isn’t charity; it’s a strategic imperative.",100,ai_neutral,AI,Social Class
"Is the pursuit of a life partner still governed by practical considerations in the 21st century? Increasingly, the answer appears to be a complex one. While romantic love remains a powerful motivator, socioeconomic factors continue to subtly – and sometimes not so subtly – influence marriage prospects. Educational attainment, career stability, and even geographic location play significant roles in narrowing the field of potential partners. Online dating platforms, while offering expanded choice, often reinforce these patterns, with algorithms prioritizing matches based on shared demographics and lifestyle indicators. The pressure to achieve a certain level of financial security before settling down is particularly acute for younger generations burdened with student debt and facing a volatile job market, shaping expectations and potentially delaying or altering traditional pathways to marriage.",127,ai_neutral,AI,Marriage Prospects
"The concept of a “good match” has undergone a radical transformation, shifting from primarily familial and societal approval to a more individualized assessment of compatibility. Today, prospective partners are often evaluated based on shared values, emotional intelligence, and long-term life goals. This emphasis on personal connection, however, doesn’t negate the influence of social networks. Individuals frequently meet partners through friends, colleagues, or shared activities, suggesting that proximity and common interests remain crucial. Furthermore, the increasing acceptance of diverse relationship structures – cohabitation, long-term partnerships without marriage – provides alternative avenues for commitment, potentially lessening the urgency to find a “marriageable” partner within conventional parameters.",104,ai_neutral,AI,Marriage Prospects
"“Assortative mating,” the tendency to choose partners with similar characteristics, is demonstrably on the rise, and its implications for social mobility are noteworthy. Individuals are increasingly likely to partner with someone of comparable educational background, income level, and even political affiliation. While this can foster a sense of understanding and shared purpose, it also contributes to the consolidation of privilege and the potential for widening socioeconomic disparities. Children born into families where both parents possess advanced degrees and high-earning careers benefit from a significant advantage, perpetuating cycles of inequality. This trend raises questions about the role of marriage in either mitigating or exacerbating existing social divisions.",106,ai_neutral,AI,Marriage Prospects
"Consider the impact of delayed marriage on overall relationship dynamics. The average age at first marriage has steadily increased over the past several decades, largely due to extended education and career pursuits. This postponement, while allowing individuals to establish themselves independently, can also alter expectations and priorities within a marriage. Couples entering into marriage later in life may be more established in their routines and less willing to compromise, potentially leading to increased conflict. Conversely, they may possess greater emotional maturity and financial stability, creating a more solid foundation for long-term commitment. The effects are nuanced and depend heavily on individual circumstances.",102,ai_neutral,AI,Marriage Prospects
"From a purely demographic perspective, marriage prospects are increasingly unevenly distributed. Factors like gender ratios, regional population shifts, and evolving cultural norms create significant disparities in the marriage market. In some areas, a surplus of men or women can limit opportunities for finding a partner. Furthermore, the declining birth rate in many developed countries is shrinking the pool of potential spouses overall. These structural imbalances aren’t merely statistical curiosities; they have real-world consequences for individuals seeking long-term relationships, potentially leading to increased rates of singleness or a greater willingness to consider partners from different backgrounds or locations.",97,ai_neutral,AI,Marriage Prospects
"Is the pursuit of a life partner truly diminishing in importance, or is it simply evolving beyond traditional expectations? Contemporary marriage prospects are increasingly shaped by economic realities; student loan debt, housing costs, and career instability often delay or deter commitment. Beyond finances, shifting societal norms prioritize individual fulfillment and self-discovery, leading many to postpone marriage indefinitely while focusing on personal goals. The rise of cohabitation and long-term partnerships without legal ties further complicates the landscape. While romantic love remains a powerful motivator, pragmatic considerations now frequently outweigh the desire for a conventional marital structure, resulting in a more cautious and selective approach to finding a lifelong companion. This isn’t necessarily a rejection of commitment, but a re-evaluation of its form.",121,ai_neutral,AI,Marriage Prospects
"The concept of a “good match” in today’s dating world is often less about shared values and more about compatible lifestyles. Increasingly, individuals prioritize partners who complement their existing routines and ambitions, seeking ease and convenience rather than transformative connection. This isn’t to say deep compatibility isn’t desired, but the emphasis has shifted. Social media and dating apps contribute to this trend, presenting potential partners as curated profiles emphasizing hobbies, travel, and professional success. Consequently, the deeper, more challenging work of building intimacy and navigating differences can be overlooked in favor of surface-level alignment. Marriage prospects, therefore, are often evaluated based on how seamlessly someone integrates into an already established life, rather than the potential for mutual growth.",118,ai_neutral,AI,Marriage Prospects
"“Marry your best friend,” the adage goes, but what happens when friendships themselves are increasingly transient? The fluidity of modern relationships – the ease with which connections are formed and dissolved through social media – impacts how we approach potential long-term partnerships. Individuals may hesitate to fully invest in a romantic connection, fearing the potential for loss or the disruption of their social networks. This creates a paradox: a desire for deep connection coupled with a reluctance to fully commit. Marriage prospects are thus often weighed against the perceived risk of vulnerability and the potential for future regret. The emphasis on maintaining a wide social circle can inadvertently hinder the development of the intense, focused intimacy required for a successful marriage.",121,ai_neutral,AI,Marriage Prospects
"Consider the impact of delayed parenthood on marriage prospects. As individuals postpone having children to pursue education, careers, or simply enjoy their freedom, the biological clock becomes a significant factor. This can create pressure to find a partner quickly, potentially leading to less discerning choices. Conversely, those who actively choose not to have children may find their dating pool narrowed, as many potential partners prioritize family formation. The evolving definition of family itself – encompassing blended families, same-sex partnerships, and child-free couples – further complicates the equation. Marriage, once inextricably linked to procreation, is now often viewed as a separate and distinct life choice, influencing who seeks it and under what circumstances.",112,ai_neutral,AI,Marriage Prospects
"From an economic perspective, marriage increasingly resembles a complex business partnership. While romance certainly plays a role, financial stability, shared assets, and career compatibility are often paramount considerations. This isn’t cynical; it’s a reflection of the practical realities of modern life. Individuals are more likely to seek partners with similar financial backgrounds and earning potential, recognizing the shared responsibility of managing household expenses, investments, and future financial security. Marriage prospects are therefore often assessed through a pragmatic lens, evaluating the potential for mutual economic benefit and long-term financial well-being. This doesn’t negate the importance of emotional connection, but it elevates financial compatibility to a critical decision-making factor.",107,ai_neutral,AI,Marriage Prospects
"Is the pursuit of a life partner truly diminishing in importance, or is it simply evolving beyond traditional expectations? Contemporary marriage prospects are increasingly shaped by economic realities; student loan debt, housing costs, and career instability often delay or deter commitment. Beyond finances, shifting societal norms prioritize individual fulfillment and self-discovery, leading many to postpone marriage indefinitely while focusing on personal growth. The rise of cohabitation and long-term partnerships without legal binding further complicates the landscape. While romantic love remains a powerful motivator, pragmatic considerations – shared values, emotional maturity, and mutual life goals – are gaining prominence as essential components of a successful, lasting union. The ‘checklist’ approach, though sometimes criticized, reflects a desire for stability in an uncertain world.",121,ai_neutral,AI,Marriage Prospects
"The sheer volume of choice presented by modern dating apps ironically hinders, rather than helps, the search for a compatible partner. Presented with a seemingly endless stream of potential matches, individuals often fall prey to the “paradox of choice,” constantly wondering if someone ‘better’ is just a swipe away. This fosters a culture of disposability, where connections are quickly discarded in favor of pursuing novelty. Consequently, the depth of initial interactions suffers, and the ability to cultivate genuine intimacy is compromised. Marriage prospects, therefore, aren’t necessarily *scarce*, but rather obscured by a superficiality that prioritizes immediate attraction over long-term compatibility. The curated profiles rarely reflect the complexities of real people, leading to disappointment and a sense of perpetual searching.",119,ai_neutral,AI,Marriage Prospects
"Consider the quiet revolution occurring within expectations surrounding domestic labor and childcare. Historically, these responsibilities fell disproportionately on women, a dynamic that often contributed to marital strain. Today, a more equitable division of labor is increasingly viewed as a non-negotiable prerequisite for a healthy marriage. Prospective partners are openly discussing – and sometimes demanding – a commitment to shared responsibilities, recognizing that an imbalance can lead to resentment and burnout. This shift isn’t merely about fairness; it’s about acknowledging the demands of dual-career households and the desire for both partners to pursue personal and professional ambitions. Marriage prospects now hinge, in many cases, on a demonstrated willingness to actively participate in all aspects of home and family life.",118,ai_neutral,AI,Marriage Prospects
"“We don’t need marriage to have a committed relationship,” a sentiment once radical, is now commonplace. This perspective doesn’t necessarily signal a rejection of marriage itself, but rather a re-evaluation of its necessity. For many, the legal and social implications of marriage feel outdated or irrelevant, while the financial and emotional risks associated with divorce are significant deterrents. Instead, couples are opting for long-term partnerships built on mutual respect, trust, and shared values, without the formal trappings of matrimony. This trend impacts marriage prospects by reducing the perceived urgency to marry, allowing individuals to prioritize compatibility and emotional connection over societal expectations. The focus shifts from *getting* married to *being* in a fulfilling, committed relationship, regardless of its legal status.",120,ai_neutral,AI,Marriage Prospects
"Observing the current landscape, it’s clear that geographic location profoundly influences marriage prospects. In densely populated urban areas, the sheer diversity of potential partners offers a wider range of choices, but also intensifies competition. Conversely, in rural communities, the pool of eligible individuals is often smaller, leading to a greater emphasis on shared backgrounds and established social networks. This disparity extends beyond population density; regional cultural norms and economic opportunities also play a crucial role. Someone seeking a partner with specific career aspirations or lifestyle preferences may find their options limited by their location. Consequently, relocation – or a willingness to engage in long-distance relationships – is becoming increasingly common in the pursuit of a compatible life partner.",118,ai_neutral,AI,Marriage Prospects
"Is the pursuit of a life partner truly diminishing in importance, or is it simply evolving? Contemporary marriage prospects are increasingly shaped by delayed milestones – later education completion, career establishment, and financial independence. This shift doesn’t necessarily signal a rejection of long-term commitment, but rather a prioritization of individual fulfillment *before* entering a partnership. Consequently, individuals are often more selective, seeking compatibility not just in emotional connection, but also in shared values, lifestyle aspirations, and intellectual stimulation. The rise of online dating platforms, while expanding the pool of potential partners, also contributes to a ‘paradox of choice,’ potentially hindering decisive commitment. Ultimately, modern marriage prospects hinge on a complex interplay of personal ambition, evolving societal norms, and the search for a genuinely equitable and fulfilling union.",127,ai_neutral,AI,Marriage Prospects
"The economic realities facing young adults profoundly impact their marriage prospects. Student loan debt, stagnant wages, and the escalating cost of housing create significant barriers to financial stability – a cornerstone of many desired partnerships. While love may be the initial spark, practical considerations like shared financial goals, the ability to afford a home, and the capacity to support a family frequently weigh heavily on decisions about marriage. This isn’t a cynical calculation, but a pragmatic response to a challenging economic landscape. Furthermore, the increasing financial independence of women means they are less likely to enter into marriage solely for economic security, demanding a more equitable partnership from the outset. These factors collectively reshape the timeline and expectations surrounding marriage.",120,ai_neutral,AI,Marriage Prospects
"“Marriage is no longer seen as a necessity, but as a choice,” a sentiment echoed in countless surveys and sociological studies. This reframing of marriage has dramatically altered the landscape of relationship expectations. Where once societal pressure and familial obligation often drove individuals towards marriage, today’s generation prioritizes personal happiness and fulfillment. This doesn’t equate to a decline in the desire for companionship, but rather a demand for a higher standard of emotional intimacy, intellectual connection, and mutual respect within a partnership. Consequently, individuals are more willing to remain single or explore alternative relationship structures if they don’t find a partner who meets these evolving criteria. The emphasis has shifted from ‘finding someone’ to ‘finding the *right* someone.’",118,ai_neutral,AI,Marriage Prospects
"Consider the subtle, yet powerful, influence of social media on contemporary marriage prospects. Platforms like Instagram and Facebook present curated versions of reality, fostering unrealistic expectations about relationships and creating a constant comparison to others’ perceived happiness. This can lead to dissatisfaction within existing partnerships or a reluctance to settle for anything less than the ‘perfect’ relationship portrayed online. Moreover, social media expands the potential dating pool exponentially, but simultaneously encourages superficial connections based on appearance and carefully constructed online personas. The pressure to present a ‘couple aesthetic’ can also add undue stress to relationships, impacting their authenticity and longevity.",100,ai_neutral,AI,Marriage Prospects
"Observing current trends, it’s clear that geographic location significantly influences marriage prospects. Individuals in densely populated urban areas often benefit from a wider dating pool and greater exposure to diverse perspectives, potentially increasing their chances of finding a compatible partner. Conversely, those living in rural or geographically isolated communities may face limited options and increased pressure to conform to local norms regarding marriage. This disparity extends beyond simply the number of potential partners; it also encompasses cultural attitudes towards marriage, the availability of social support networks, and the prevalence of shared values. The ‘marriage market,’ therefore, isn’t a uniform entity, but a fragmented landscape shaped by regional variations and demographic factors.",111,ai_neutral,AI,Marriage Prospects
"Is the pursuit of a life partner still governed by economic realities, even in the 21st century? While romantic love is often presented as the primary driver of marriage, a pragmatic assessment reveals financial stability remains a significant, if often unspoken, factor in mate selection. This isn’t simply about gold-digging; it’s about assessing a potential partner’s ability to contribute to a shared future, encompassing housing, childcare, and long-term security. The increasing cost of living and student debt have amplified this pressure, particularly for younger generations. Furthermore, societal expectations regarding dual-income households subtly reinforce the importance of financial compatibility. Though less overt than in previous eras, economic considerations continue to shape marriage prospects, influencing who we consider ‘suitable’ and the long-term viability of relationships.",123,ai_neutral,AI,Marriage Prospects
"The concept of a “marriage market” – a somewhat clinical term – highlights the inherent imbalance in contemporary marriage prospects. Demographically, there’s a growing disparity between the number of highly educated, financially stable men and women. This creates a situation where women, on average, are more likely to seek partners with comparable or higher levels of education and income, leading to a competitive landscape for men without those attributes. Consequently, individuals who don’t fit the prevailing societal mold – whether due to career choices, educational background, or financial circumstances – may face diminished opportunities. This isn’t to suggest marriage is solely transactional, but rather that structural inequalities impact access to potential partners, creating a skewed ‘market’ with uneven distribution of desirability.",121,ai_neutral,AI,Marriage Prospects
"“To marry is to embark on a shared project,” and increasingly, that project requires a careful alignment of values, not just affection. Modern marriage prospects aren’t solely about finding someone you love; they’re about identifying a co-creator for a life built on mutual goals. This extends beyond financial compatibility to encompass lifestyle preferences, parenting philosophies, and career ambitions. Individuals are delaying marriage, or choosing not to marry at all, because they haven’t found a partner who shares their vision for the future. The emphasis has shifted from fulfilling traditional roles to building a bespoke partnership, demanding a level of self-awareness and compatibility previously less prioritized. This focus on shared values elevates the importance of pre-marital communication and intentional relationship building.",120,ai_neutral,AI,Marriage Prospects
"Consider the impact of online dating on marriage prospects. While offering unprecedented access to potential partners, these platforms also foster a culture of endless options and superficial judgments. The curated profiles and rapid-fire swiping encourage individuals to evaluate potential mates based on limited information, often prioritizing physical attractiveness and concise self-descriptions. This can lead to a ‘paradox of choice,’ where the abundance of options hinders genuine connection and fosters a sense of dissatisfaction. Furthermore, the algorithmic nature of these platforms can reinforce existing biases and limit exposure to diverse perspectives. While online dating expands the pool of potential partners, it simultaneously alters the dynamics of courtship and potentially lowers the threshold for dismissing viable matches.",115,ai_neutral,AI,Marriage Prospects
"From a philosophical perspective, marriage prospects are inextricably linked to our evolving understanding of individual autonomy and societal expectations. Historically, marriage was often a matter of familial obligation and economic necessity, limiting individual agency. Today, the emphasis on personal fulfillment and self-discovery has fundamentally altered the landscape. Individuals are increasingly prioritizing their own happiness and pursuing relationships that align with their personal values, even if that means challenging traditional norms. This shift, however, also presents challenges. The freedom to choose can be paralyzing, and the pressure to find ‘the one’ can be overwhelming. Ultimately, navigating marriage prospects in the modern era requires a delicate balance between individual desires and the complexities of human connection.",114,ai_neutral,AI,Marriage Prospects
"Is it truly possible to prepare a child for a world brimming with uncertainty? Parental duty, at its core, isn’t about shielding offspring from hardship, but equipping them with the resilience to navigate it. This necessitates fostering independence, not through abrupt abandonment, but through carefully calibrated challenges. Allowing children to experience manageable failures – a lost game, a disappointing grade – builds crucial problem-solving skills and emotional fortitude. The modern landscape demands adaptability; a rigid upbringing focused solely on success ironically hinders a child’s capacity to thrive when confronted with inevitable setbacks. Ultimately, responsible parenting prioritizes the development of inner resources over the accumulation of external achievements, recognizing that true strength lies in the ability to learn, adapt, and persevere.",120,ai_neutral,AI,Parental Duty
"The concept of parental duty often defaults to providing basic needs – food, shelter, education – yet a crucial, often overlooked, component is the transmission of values. These aren’t necessarily religious or political doctrines, but fundamental principles like empathy, integrity, and respect for diverse perspectives. This transmission isn’t achieved through lectures, but through modeling. Children are astute observers, internalizing behaviors far more readily than pronouncements. A parent who consistently demonstrates kindness, honesty, and a willingness to listen cultivates these qualities in their child. This ethical foundation isn’t about creating perfect individuals, but about fostering responsible citizens capable of contributing positively to society. It’s a long-term investment, shaping not just a child’s character, but the future community.",116,ai_neutral,AI,Parental Duty
"“It takes a village to raise a child,” an African proverb reminds us, and while the nuclear family remains central, acknowledging the broader network of influence is vital to understanding parental duty. Modern parents aren’t isolated units; they operate within a complex web of support systems – schools, community organizations, extended family, even online resources. Recognizing limitations and actively seeking assistance isn’t a sign of failure, but a demonstration of responsible parenting. This collaborative approach extends to co-parenting, even in challenging circumstances, prioritizing the child’s well-being above personal grievances. Effective parenting, therefore, isn’t about solitary control, but about strategically leveraging available resources to create a nurturing and supportive environment.",109,ai_neutral,AI,Parental Duty
"Consider the neurological impact of early childhood experiences. Parental duty, viewed through a scientific lens, extends beyond emotional support and discipline to encompass actively shaping a child’s brain development. Consistent, responsive caregiving fosters secure attachment, which in turn influences the development of neural pathways associated with emotional regulation, social skills, and cognitive function. Neglect or inconsistent parenting can lead to chronic stress, impacting brain architecture and increasing vulnerability to mental health challenges later in life. This isn’t about blaming parents, but about highlighting the profound and lasting consequences of early interactions. Understanding these neurobiological principles empowers parents to make informed choices that promote optimal child development.",106,ai_neutral,AI,Parental Duty
"Frequently, discussions of parental duty center on what *should* be done, overlooking the inherent messiness of real life. The truth is, parenting is rarely linear or predictable. There will be mistakes, moments of frustration, and periods of self-doubt. Acknowledging this imperfection is not an excuse for neglect, but a crucial step towards self-compassion and growth. The most effective parents aren’t those who strive for unattainable ideals, but those who are willing to learn from their errors, adapt their strategies, and prioritize connection with their children. This requires vulnerability, a willingness to apologize, and a commitment to continuous self-reflection. Ultimately, parental duty isn’t about being perfect; it’s about being present, engaged, and consistently striving to do better.",116,ai_neutral,AI,Parental Duty
"Is it truly possible to prepare a child for a world brimming with uncertainty, a world we ourselves often struggle to navigate? Parental duty, at its core, isn’t about shielding offspring from hardship, but equipping them with the resilience to *face* it. This necessitates fostering independence, allowing for calculated risks, and accepting the inevitability of failure as a crucial learning opportunity. Over-protection, while stemming from love, can ironically cripple a child’s capacity for self-reliance. The modern challenge lies in balancing safety with the development of agency; providing a secure base from which exploration – and the accompanying stumbles – can occur. Ultimately, a parent’s responsibility extends beyond basic needs to cultivating a robust inner compass, guiding principles, and the courage to chart one’s own course.",125,ai_neutral,AI,Parental Duty
"The concept of parental duty frequently centers on providing material comfort – food, shelter, education – yet a profound, often overlooked, aspect concerns emotional inheritance. We pass down not just genes, but patterns of relating, coping mechanisms, and deeply ingrained beliefs about self-worth. A parent grappling with unresolved trauma, for instance, may inadvertently transmit anxieties or insecurities to their child. Recognizing this subtle transfer is paramount. Consciously working to heal personal wounds, practicing self-compassion, and modeling healthy emotional regulation aren’t merely beneficial; they become integral to fulfilling the duty of raising a psychologically healthy individual, capable of forming secure attachments and navigating life’s complexities.",104,ai_neutral,AI,Parental Duty
"“Children have never been very good at listening to their elders, but they have never failed to imitate them,” James Baldwin observed, highlighting a fundamental truth about parental influence. Duty, therefore, isn’t solely about *telling* children what to do, but about *being* the person we hope they become. This demands a level of self-awareness and integrity often underestimated. Hypocrisy erodes trust and undermines any lesson imparted through words. A parent who advocates for honesty while engaging in deceit, or champions kindness while displaying aggression, sends a powerfully conflicting message. Authentic living, demonstrating the values we wish to instill, is arguably the most potent form of parental guidance.",107,ai_neutral,AI,Parental Duty
"Consider the ethical implications: parental duty isn’t absolute, but rather a negotiated responsibility evolving alongside a child’s development. While infants require complete dependence, adolescents crave autonomy, and adults deserve self-determination. A rigid adherence to control, even with benevolent intentions, can stifle growth and breed resentment. Effective parenting acknowledges this shifting dynamic, gradually relinquishing authority as the child demonstrates increasing maturity and responsibility. This process isn’t about abandonment, but about fostering a respectful partnership, recognizing the emerging individual’s right to make their own choices – even those we might disagree with – and offering support rather than dictation.",97,ai_neutral,AI,Parental Duty
"Often framed as a unidirectional obligation – parent *to* child – parental duty also encompasses a reciprocal element: the responsibility to learn *from* one’s children. Each new generation offers a fresh perspective, challenging established norms and prompting introspection. Dismissing a child’s viewpoint simply because of their age is a missed opportunity for growth. Truly fulfilling parental duty requires active listening, a willingness to question one’s own assumptions, and an openness to evolving alongside the child. This dynamic exchange fosters mutual respect, strengthens the parent-child bond, and ultimately enriches both lives, transforming the relationship from one of authority to one of shared discovery.",102,ai_neutral,AI,Parental Duty
"Is it truly possible to prepare a child for a world brimming with uncertainty? Parental duty, at its core, isn’t about shielding offspring from hardship, but equipping them with the resilience to navigate it. This necessitates fostering independence, not through abrupt abandonment, but through carefully calibrated challenges. A child allowed to stumble, to experience the sting of minor failures, learns self-reliance and problem-solving skills far more effectively than one perpetually cushioned from discomfort. The modern understanding of this responsibility extends beyond basic needs; it demands cultivating emotional intelligence, critical thinking, and a strong moral compass. Ultimately, the most profound act of parental duty isn’t providing a perfect life, but preparing a child to *live* a life, fully and authentically, regardless of its imperfections.",123,ai_neutral,AI,Parental Duty
"The quiet moments often reveal the most significant aspects of parental duty. It isn’t the grand gestures – the expensive gifts or elaborate vacations – that truly define it, but the consistent, often unnoticed, investments in a child’s well-being. This manifests in actively listening to their concerns, validating their emotions, and creating a safe space for vulnerability. It’s about recognizing that a child’s internal world is as important as their external achievements. A parent’s role isn’t to dictate happiness, but to provide the foundational security and unconditional love that allows a child to discover and pursue their own definition of fulfillment. This subtle, ongoing commitment forms the bedrock of a healthy and thriving individual.",114,ai_neutral,AI,Parental Duty
"“Children have never been very good at listening to their elders, but they have never failed to imitate them,” James Baldwin observed, and within this lies a powerful truth about parental duty. More than any lecture or instruction, children learn by observing the behaviors and values modeled by their parents. A parent who champions honesty, empathy, and respect will, far more effectively than any sermon, instill those qualities in their child. This places a significant burden on parents to embody the principles they wish to see reflected in their offspring. It’s a constant self-assessment, a commitment to personal growth, and a recognition that parenthood is as much about *being* as it is about *doing*.",114,ai_neutral,AI,Parental Duty
"Consider the long arc of a life: parental duty isn’t confined to the years of dependency. While providing for physical and emotional needs during childhood is paramount, the responsibility evolves as a child matures. It shifts towards offering guidance without control, support without enabling, and respect for their burgeoning autonomy. A truly dedicated parent understands that their role isn’t to maintain a permanent connection of control, but to foster a relationship of mutual respect and understanding. This requires letting go, accepting that their child will make their own choices – some wise, some regrettable – and offering a steadfast presence, not as a director, but as a trusted advisor.",109,ai_neutral,AI,Parental Duty
"Frequently, discussions of parental duty center on obligation, but a more nuanced perspective reveals a profound opportunity for reciprocal growth. Raising a child forces a re-evaluation of one’s own beliefs, values, and priorities. The questions a child asks, the challenges they face, and the unique perspective they offer can be deeply transformative for the parent. In this sense, parental duty isn’t solely a one-way street of imparting wisdom; it’s a dynamic process of mutual learning and evolution. It’s a chance to revisit childhood through a new lens, to confront unresolved issues, and to become a more fully realized human being alongside the one you are nurturing.",106,ai_neutral,AI,Parental Duty
"Is it truly possible to fully prepare a child for a world brimming with uncertainty? Parental duty, at its core, isn’t about shielding offspring from hardship, but equipping them with the resilience to navigate it. This necessitates fostering independence, not through abrupt abandonment, but through carefully calibrated challenges. A crucial element often overlooked is allowing for failure – providing a safe space to stumble, learn, and recalibrate. Over-protection, while stemming from love, can inadvertently cultivate fragility. The modern landscape demands adaptability, critical thinking, and emotional intelligence, skills honed not through perfect scores and curated experiences, but through grappling with real-world complexities. Ultimately, the most profound act of parental duty lies in empowering children to become self-sufficient, compassionate individuals capable of shaping their own destinies.",124,ai_neutral,AI,Parental Duty
"The concept of parental duty frequently centers on providing basic needs – food, shelter, education – and while undeniably vital, this represents only a foundational layer. A more nuanced understanding acknowledges the responsibility to actively cultivate a child’s moral compass. This isn’t about imposing a rigid set of beliefs, but rather modeling ethical behavior, encouraging empathy, and fostering a sense of social responsibility. Discussions about fairness, justice, and the consequences of actions are paramount. Children learn not just *what* to think, but *how* to think, by observing their parents’ interactions with the world. A truly fulfilled parental duty extends beyond material provision to encompass the shaping of character, preparing children to be not just successful, but *good* citizens.",118,ai_neutral,AI,Parental Duty
"“Children have never been very good at listening to their elders, but they have never failed to imitate them,” James Baldwin observed, and within this lies a powerful truth about parental duty. It’s not enough to *tell* a child to be kind, honest, or courageous; parents must *demonstrate* these qualities in their own lives. This creates a powerful feedback loop, where actions speak louder than words and values are internalized through observation. The pressure to be a perfect parent can be paralyzing, but authenticity is far more impactful than striving for an unattainable ideal. Acknowledging one’s own flaws and demonstrating a commitment to personal growth models vulnerability and self-awareness, qualities essential for healthy emotional development in children.",117,ai_neutral,AI,Parental Duty
"Consider the long-term implications: parental duty isn’t a finite task completed upon a child’s eighteenth birthday, but a continuing commitment that evolves over time. While the nature of support shifts from direct provision to guidance and encouragement, the underlying responsibility remains. This ongoing involvement acknowledges the inherent complexities of adulthood and the inevitable challenges that arise. It means being a sounding board, offering advice when solicited, and providing a safety net without enabling dependence. Maintaining open communication and fostering a strong, enduring relationship are crucial components of this extended parental duty, ensuring a lifelong source of support and connection.",99,ai_neutral,AI,Parental Duty
"Frequently framed as a set of obligations, parental duty can be powerfully re-imagined as an investment – not in financial terms alone, but in the future of society. Each child nurtured with care, empathy, and a strong sense of self-worth represents a potential contributor to a more just and compassionate world. By prioritizing a child’s emotional, intellectual, and social development, parents are essentially seeding the next generation with the qualities needed to address complex global challenges. This perspective elevates parental duty beyond individual responsibility, positioning it as a vital act of collective stewardship, shaping not only a child’s life, but the trajectory of humanity itself.",105,ai_neutral,AI,Parental Duty
"Is it truly possible to fully prepare a child for a world brimming with uncertainty? Parental duty, at its core, isn’t about shielding offspring from hardship, but equipping them with the resilience to navigate it. Modern parenting often fixates on achievement – academic success, extracurricular accolades – yet a fundamental responsibility lies in fostering emotional intelligence. This means validating feelings, even uncomfortable ones, and modeling healthy coping mechanisms. A child who understands their own emotional landscape, and can empathize with others, possesses a far more valuable toolkit than a perfect transcript. Ultimately, the most profound legacy a parent can leave isn’t material wealth or professional prestige, but a confident, compassionate, and self-aware individual capable of contributing positively to society.",119,ai_neutral,AI,Parental Duty
"The concept of parental duty has evolved dramatically over centuries, shifting from a primarily economic imperative – ensuring the survival and continuation of the family line – to a far more nuanced and psychologically-focused undertaking. Historically, children were often viewed as miniature adults, expected to contribute to the household from a young age. Today, however, a greater emphasis is placed on extending childhood, allowing for exploration, play, and the development of individual identity. This transition reflects broader societal changes, including increased economic security and a growing understanding of child development. While providing basic needs remains crucial, contemporary parental duty increasingly centers on nurturing potential and fostering a sense of self-worth, recognizing that a child’s well-being extends far beyond mere physical sustenance.",121,ai_neutral,AI,Parental Duty
"“Children have never been very good at listening to their elders, but they have never failed to imitate them,” James Baldwin observed, and within that lies a powerful truth about parental duty. It’s not simply *telling* children how to behave, but *being* the person you wish them to become. This demands a level of self-awareness and personal accountability often overlooked in discussions of parenting. A parent struggling with anger management, for example, cannot realistically expect their child to remain calm under pressure. Similarly, a parent who prioritizes material possessions over experiences is inadvertently communicating a set of values that may not align with genuine happiness. The most impactful lessons are often learned through observation, making parental self-improvement an integral component of responsible upbringing.",123,ai_neutral,AI,Parental Duty
"From a practical standpoint, parental duty necessitates a constant re-evaluation of boundaries and expectations as a child matures. What constitutes appropriate guidance at age five differs significantly from what’s needed at fifteen. Rigid adherence to outdated rules can stifle independence and breed resentment, while a complete lack of structure can lead to insecurity and poor decision-making. Effective parenting requires a flexible approach, adapting to the child’s evolving needs and capabilities. This includes fostering open communication, encouraging critical thinking, and gradually relinquishing control as the child demonstrates increasing responsibility. It’s a delicate balancing act, demanding patience, empathy, and a willingness to learn alongside one’s child.",104,ai_neutral,AI,Parental Duty
"Consider the ethical weight of bringing a new life into a world grappling with complex challenges – climate change, social injustice, political instability. Some argue that in the face of such adversity, procreation itself carries a moral responsibility. Parental duty, in this context, extends beyond the individual child to encompass a commitment to advocating for a more sustainable and equitable future. This means instilling values of environmental stewardship, social responsibility, and civic engagement. It requires actively participating in efforts to address systemic problems and preparing children to become informed, compassionate, and proactive citizens capable of navigating a rapidly changing world. It’s a duty not just to nurture a single life, but to contribute to the well-being of all life.",119,ai_neutral,AI,Parental Duty
"Isn't it curious how deeply ingrained expectations about “masculinity” and “femininity” often limit individual potential? These socially constructed roles, rather than being inherent traits, are learned behaviors reinforced through family, media, and cultural norms. The pressure to conform – for men to suppress emotions and prioritize strength, for women to be nurturing and prioritize appearance – can stifle personal growth and contribute to mental health challenges. Increasingly, individuals are actively challenging these rigid definitions, embracing fluidity and authenticity. This isn’t about erasing differences, but about dismantling the constraints that dictate *how* those differences are expressed. A society that values individuals for their unique qualities, rather than adherence to prescribed roles, fosters genuine equality and well-being.",115,ai_neutral,AI,Gender Roles
"The economic impact of rigidly defined gender roles is often overlooked, yet profoundly significant. When career paths are subtly or overtly steered based on gender – women towards caregiving roles, men towards leadership positions – it creates wage gaps and limits overall economic productivity. This isn’t simply a matter of individual choice; systemic biases within hiring practices, promotion opportunities, and workplace culture contribute to the problem. Furthermore, the disproportionate burden of unpaid care work falling on women restricts their economic participation and financial independence. Addressing gender roles isn’t just a social justice issue; it’s an economic imperative, unlocking the full potential of the workforce and fostering a more equitable distribution of wealth.",112,ai_neutral,AI,Gender Roles
"“Boys don’t cry,” a phrase echoing through generations, exemplifies the damaging impact of restrictive gender roles on emotional development. This expectation, and countless others like it, teaches boys to suppress vulnerability and equate emotional expression with weakness. Consequently, men are often less likely to seek help for mental health issues, leading to higher rates of suicide and substance abuse. Simultaneously, girls are often socialized to prioritize the emotional needs of others, potentially leading to emotional exhaustion and a diminished sense of self. Breaking down these harmful norms requires fostering emotional literacy in children of all genders, encouraging open communication, and challenging the stigma surrounding vulnerability.",105,ai_neutral,AI,Gender Roles
"Consider the subtle ways gender roles manifest in everyday interactions – the assumption that a woman in a meeting is an assistant, the expectation that a man will pay on a date. These microaggressions, while seemingly insignificant on their own, accumulate over time, reinforcing power imbalances and perpetuating stereotypes. They demonstrate how deeply ingrained these expectations are, operating almost unconsciously. Recognizing and actively challenging these subtle biases is crucial for creating a more inclusive and equitable environment. It requires conscious effort to question our own assumptions and interrupt patterns of behavior that reinforce harmful gender norms.",96,ai_neutral,AI,Gender Roles
"From a developmental perspective, the early assignment of gendered toys and clothing significantly shapes a child’s understanding of their place in the world. Pink for girls, blue for boys – these seemingly innocuous choices communicate messages about appropriate interests and behaviors. Dolls encourage nurturing, while construction toys encourage spatial reasoning. While children will naturally gravitate towards preferences, the constant reinforcement of these gendered associations limits exploration and can stifle the development of diverse skills and interests. Providing children with a wide range of toys and experiences, free from gendered expectations, allows them to develop their full potential and discover their passions authentically.",102,ai_neutral,AI,Gender Roles
"Isn't it curious how deeply ingrained expectations about “masculinity” and “femininity” often limit individual potential? Traditional gender roles, frequently presented as natural or inevitable, are in reality social constructs – frameworks built over time through cultural norms and reinforced by institutions. These roles dictate not just behaviors, like emotional expression or career choices, but also internal experiences, shaping self-perception and aspirations. The pressure to conform can be particularly damaging, leading to mental health challenges for those who don’t fit neatly into prescribed boxes. Challenging these constructs isn’t about erasing difference, but about creating space for authentic self-expression, allowing individuals to define themselves beyond limiting societal expectations and pursue fulfilling lives irrespective of gender.",113,ai_neutral,AI,Gender Roles
"The economic implications of rigidly defined gender roles are substantial and often overlooked. When society steers women towards caregiving and men towards traditionally higher-paying fields, it creates a demonstrable wage gap and limits overall economic growth. This isn’t simply a matter of individual choice; systemic biases in hiring, promotion, and access to education contribute significantly. Furthermore, undervaluing traditionally “feminine” labor – such as childcare or eldercare – perpetuates a cycle of economic inequality. A more equitable distribution of labor, both within households and in the broader economy, requires dismantling these ingrained assumptions and recognizing the value of all contributions, regardless of who performs them.",104,ai_neutral,AI,Gender Roles
"“Boys don’t cry,” and countless similar phrases, represent the insidious power of gender socialization. From infancy, children are subtly – and sometimes not so subtly – taught how to *perform* their gender. This performance isn’t about genuine expression, but about adhering to externally imposed standards. The consequences are far-reaching, impacting emotional intelligence, relationship dynamics, and even physical health. Suppressing emotions, for example, is often linked to increased rates of aggression in men, while limiting ambition in women can stifle innovation and leadership. Breaking free from these scripts requires conscious effort, self-awareness, and a willingness to challenge deeply held beliefs.",99,ai_neutral,AI,Gender Roles
"Consider the impact of gender roles on personal relationships. The expectation that men should be the primary providers and women the primary nurturers can create imbalances of power and limit the potential for genuine partnership. While these dynamics aren’t universally true, they represent a common pattern reinforced by societal norms. Healthy relationships thrive on mutual respect, shared responsibility, and open communication – qualities that are often hindered when individuals are constrained by rigid gender expectations. Redefining roles within relationships, based on individual strengths and preferences rather than gender, fosters greater equality and intimacy.",93,ai_neutral,AI,Gender Roles
"Observing the increasing visibility of non-binary and gender-fluid identities reveals the inherent limitations of a binary understanding of gender. The very existence of individuals who don’t identify within the traditional male/female framework challenges the foundational assumptions upon which gender roles are built. This isn’t a new phenomenon, but increased awareness and acceptance are prompting a necessary re-evaluation of societal norms. Recognizing the spectrum of gender identities isn’t about dismissing the experiences of those who identify within the binary, but about expanding our understanding of human diversity and creating a more inclusive society for everyone.",94,ai_neutral,AI,Gender Roles
"Isn't it curious how deeply ingrained expectations about “masculinity” and “femininity” often limit individual potential? These socially constructed roles, rather than being inherent traits, are learned behaviors reinforced through media, family, and societal pressures. The expectation for men to suppress emotional vulnerability, for instance, can lead to difficulties in forming healthy relationships and seeking help when needed. Simultaneously, women frequently face pressure to prioritize nurturing and appearance over ambition and intellectual pursuits. This isn’t about denying biological differences, but acknowledging that the *interpretation* of those differences, and the subsequent behavioral prescriptions, are culturally determined and often detrimental to a fully realized self for all genders. Challenging these norms isn’t about erasing gender, but expanding the possibilities within it.",118,ai_neutral,AI,Gender Roles
"The persistent emphasis on binary gender roles actively diminishes the lived experiences of individuals who fall outside those rigid categories. Consider the non-binary community, whose very existence disrupts the conventional understanding of gender as a fixed, two-option system. To insist on “male” or “female” as the only valid expressions of gender is not simply a matter of differing opinions; it’s a form of erasure, denying agency and self-determination to a significant portion of the population. Furthermore, even within the binary, individuals often find themselves constrained by expectations that don’t align with their personalities or desires. A truly equitable society necessitates recognizing and celebrating the full spectrum of gender identities and expressions, moving beyond limiting labels.",115,ai_neutral,AI,Gender Roles
"Observing a child’s early development reveals the astonishing speed at which gender roles are internalized. From the toys marketed to them – trucks for boys, dolls for girls – to the ways adults respond to their behavior, children are subtly, and often unconsciously, steered towards specific expectations. A boy who expresses an interest in ballet might be discouraged, while a girl who prefers building with blocks might be subtly corrected. This early conditioning shapes their self-perception and limits their exploration of potential interests and talents. Breaking this cycle requires conscious effort from parents, educators, and the wider community to provide children with a gender-neutral environment where they can freely explore their identities without societal constraints.",115,ai_neutral,AI,Gender Roles
"“We should all be free to live authentically, without the weight of societal expectations,” Simone de Beauvoir wrote, and this sentiment remains powerfully relevant when discussing gender roles today. The pressure to conform isn’t merely a personal struggle; it has tangible economic consequences. The gender pay gap, for example, is directly linked to the devaluation of traditionally “feminine” professions and the underrepresentation of women in leadership positions. Similarly, men who choose careers traditionally associated with women often face stigma and lower earning potential. Dismantling these systemic inequalities requires not only changing individual attitudes but also addressing the structural barriers that perpetuate them.",102,ai_neutral,AI,Gender Roles
"Imagine a world where competence, kindness, and creativity are valued regardless of gender. This isn’t a utopian fantasy, but a practical goal achievable through deliberate societal shifts. The current system, predicated on outdated notions of gender roles, actively wastes human potential. By encouraging boys to embrace vulnerability and emotional intelligence, and girls to pursue STEM fields and leadership opportunities, we unlock a wider range of skills and perspectives. This benefits everyone, fostering innovation, empathy, and a more balanced and fulfilling society. The focus should be on individual strengths and passions, not predetermined expectations based on assigned gender.",97,ai_neutral,AI,Gender Roles
"Isn't it curious how deeply ingrained expectations about “masculinity” and “femininity” often limit individual potential? Traditional gender roles, frequently presented as natural or inevitable, are in reality social constructs – frameworks built over time through cultural norms and reinforced by institutions. These roles dictate not just behaviors, like emotional expression or career choices, but also internal experiences, shaping self-perception and aspirations. The pressure to conform can be particularly damaging, leading to mental health challenges and stifled creativity. Challenging these constructs isn’t about erasing difference, but about liberating individuals to define themselves authentically, free from pre-determined paths. A society that values diverse expressions of self, regardless of gender, is demonstrably a more innovative and equitable one.",115,ai_neutral,AI,Gender Roles
"The economic consequences of rigidly defined gender roles are substantial and often overlooked. When society steers women towards lower-paying caregiving roles and discourages men from pursuing fields like nursing or early childhood education, it creates a demonstrable wage gap and limits overall economic growth. This isn’t simply a matter of individual choice; systemic biases in hiring, promotion, and access to education contribute significantly. Furthermore, the expectation that women shoulder the majority of unpaid domestic labor restricts their career advancement and financial independence. Reimagining gender roles, therefore, isn’t just a social justice issue, but a crucial step towards a more robust and inclusive economy that benefits everyone.",106,ai_neutral,AI,Gender Roles
"“Boys don’t cry,” and countless similar pronouncements, represent a particularly insidious aspect of enforcing gender roles: the suppression of emotional intelligence. From a young age, individuals are socialized to express or repress certain emotions based on their assigned gender. This emotional constriction isn’t merely a personal inconvenience; it has far-reaching consequences for relationships, mental wellbeing, and even physical health. Men, often discouraged from vulnerability, may struggle to form deep connections or seek help when needed, contributing to higher rates of suicide and substance abuse. Breaking down these barriers requires fostering emotional literacy in all individuals, creating spaces where authentic expression is valued and supported.",104,ai_neutral,AI,Gender Roles
"Consider the subtle ways gender roles manifest in everyday language. The consistent use of gendered pronouns, even when gender is unknown or irrelevant, reinforces the binary and excludes non-binary individuals. Marketing campaigns that portray women primarily as consumers of beauty products and men as providers perpetuate harmful stereotypes. These seemingly minor linguistic and representational choices contribute to a broader cultural narrative that limits perceptions of what is possible for each gender. A conscious effort to use inclusive language and challenge stereotypical portrayals is essential for dismantling these ingrained biases and fostering a more equitable society.",95,ai_neutral,AI,Gender Roles
"Ultimately, the debate surrounding gender roles isn’t about eliminating differences between people, but about dismantling power imbalances. Historically, the assignment of roles has been intrinsically linked to systems of oppression, with masculinity often equated with dominance and femininity with subservience. This hierarchy has justified discrimination and violence against those who don’t conform. Moving forward requires a critical examination of these power dynamics and a commitment to creating a society where all individuals, regardless of gender identity, have equal opportunities and are treated with dignity and respect. This necessitates not just individual changes in attitude, but systemic reforms in laws, policies, and institutions.",102,ai_neutral,AI,Gender Roles
"Isn't it curious how deeply ingrained expectations about “masculinity” and “femininity” often limit individual potential? These socially constructed roles, rather than being inherent traits, are learned behaviors reinforced through family, media, and cultural norms. Historically, these roles served practical purposes – division of labor for survival – but their rigid continuation in modern society frequently hinders personal fulfillment. Men are often discouraged from expressing vulnerability or pursuing traditionally “feminine” careers, while women face barriers in fields dominated by men, and are often judged more harshly for ambition. Challenging these norms isn’t about erasing difference, but about creating space for individuals to define themselves outside of pre-determined boxes, fostering a society where everyone can thrive based on their unique talents and passions.",121,ai_neutral,AI,Gender Roles
"The persistent idea that gender dictates capability has significant economic consequences. Consider the wage gap, a stark illustration of how jobs historically associated with women are often undervalued, and consequently, underpaid. This isn’t simply a matter of equal pay for equal work; it’s about dismantling the systemic biases that steer individuals towards certain professions based on gender. Furthermore, limiting career choices based on gender reduces the talent pool available for innovation and economic growth. A truly equitable society recognizes and rewards skills and contributions regardless of who possesses them, unlocking a broader range of perspectives and driving progress across all sectors.",101,ai_neutral,AI,Gender Roles
"“We should all be feminists,” Chimamanda Ngozi Adichie famously stated, and a core tenet of feminism is precisely the dismantling of restrictive gender roles – not just for women, but for everyone. Often, the pressure to conform to masculine ideals is just as damaging to men, fostering emotional repression and unhealthy competition. This pressure can manifest in higher rates of suicide, substance abuse, and violence. True liberation comes from freeing *all* genders from the constraints of expectation, allowing individuals to embrace a full spectrum of human experience without fear of judgment or societal repercussions. It’s about creating a world where vulnerability is strength, and authenticity is celebrated.",107,ai_neutral,AI,Gender Roles
"Observably, the impact of gender roles begins in childhood, subtly shaping preferences and behaviors. From the toys marketed to different genders – trucks and building blocks for boys, dolls and kitchen sets for girls – to the ways adults respond to children’s expressions of emotion, societal messages are constantly reinforcing stereotypes. This early conditioning can have lasting effects, influencing career aspirations, relationship dynamics, and self-perception. Consciously challenging these ingrained biases, by offering children a diverse range of experiences and encouraging them to explore their interests without gendered limitations, is crucial for fostering a more equitable future.",96,ai_neutral,AI,Gender Roles
"Philosophically, the concept of gender roles raises fundamental questions about essentialism versus social construction. Are there inherent differences between men and women that justify different societal expectations, or are these differences largely created and perpetuated by culture? While biological sex is a reality, gender – the social roles, behaviors, expressions, and identities of individuals – is demonstrably fluid and varies across cultures and time periods. Recognizing this distinction is vital. To assume fixed roles based on sex ignores the diversity of human experience and limits the potential for individual self-discovery and societal progress.",93,ai_neutral,AI,Gender Roles
"Isn't it strange how easily we categorize people, reducing complex individuals to curated online profiles or snap judgments based on appearance? Superficiality, in its modern guise, isn’t necessarily about malice, but a pervasive lack of sustained attention. We skim surfaces, absorbing information in digestible snippets, prioritizing aesthetics over substance. This extends beyond personal interactions, influencing our consumption habits and political discourse. The relentless pursuit of ‘likes’ and validation fosters a culture where image trumps authenticity, and genuine connection suffers. It’s a self-perpetuating cycle; the more we engage with the superficial, the less equipped we become to appreciate depth, nuance, and the messy realities of human experience. Ultimately, this shallow engagement diminishes our capacity for empathy and critical thought.",118,ai_neutral,AI,Superficiality
"The polished veneer of advertising relentlessly promotes a world built on superficial desires. Consider the carefully constructed lifestyles presented in magazines and on social media – flawless skin, exotic vacations, unattainable possessions. These aren’t reflections of reality, but meticulously crafted illusions designed to trigger insecurity and fuel consumerism. This isn’t simply about wanting nice things; it’s about equating self-worth with external validation. The underlying message is clear: you are not enough as you are, but you can *become* enough by acquiring the right products or achieving a certain aesthetic. This constant bombardment fosters a sense of dissatisfaction and a relentless pursuit of fleeting, superficial happiness, distracting from genuine fulfillment.",109,ai_neutral,AI,Superficiality
"“We are what we pretend to be, so we must be careful about what we pretend to be,” Kurt Vonnegut once observed, and this sentiment cuts to the heart of superficiality’s enduring power. Throughout history, societal pressures have encouraged individuals to adopt masks, to conform to expectations rather than express their true selves. While a degree of social performance is inevitable, the danger lies in losing sight of the authentic core beneath the facade. This performative existence, amplified by the digital age, can lead to a profound sense of alienation and a disconnect from genuine emotion. The constant need to project a desirable image can be exhausting, ultimately hindering the development of a strong, integrated identity.",116,ai_neutral,AI,Superficiality
"Imagine a garden filled with vibrant, showy blooms, but lacking any deep root systems. That’s a useful analogy for understanding the consequences of prioritizing superficiality in education. A system focused solely on standardized test scores and rote memorization, neglecting critical thinking, creativity, and emotional intelligence, produces students who *appear* knowledgeable but lack the foundational understanding to navigate complex challenges. They can recite facts, but struggle with analysis, problem-solving, and independent thought. This emphasis on surface-level achievement ultimately undermines the true purpose of education: to cultivate well-rounded, engaged citizens capable of contributing meaningfully to society.",94,ai_neutral,AI,Superficiality
"Observing the dynamics of a high school cafeteria reveals a microcosm of superficiality at play. Cliques form based on perceived social status, clothing brands, or athletic ability, creating rigid hierarchies and excluding those who don’t fit the mold. Conversations often revolve around trivial matters – gossip, appearances, and fleeting trends – avoiding deeper, more meaningful connections. This isn’t simply adolescent behavior; it’s a learned pattern of social interaction that reinforces the importance of external validation and conformity. The pressure to belong, to be accepted by the ‘right’ group, often compels individuals to suppress their individuality and engage in superficial behaviors, hindering the development of genuine self-esteem and authentic relationships.",109,ai_neutral,AI,Superficiality
"Is it possible to build a life on shimmering surfaces, devoid of genuine connection? Superficiality, at its core, isn’t simply about appearances; it’s a deliberate avoidance of depth, a preference for the easily digestible over the complex and challenging. We curate online personas, meticulously crafting images of success and happiness, often masking insecurities and vulnerabilities. This performative existence extends beyond the digital realm, influencing how we interact in person, prioritizing social acceptance over authentic self-expression. The danger lies not in wanting to be liked, but in losing sight of *who* we are in the pursuit of approval. Ultimately, a life built on superficiality is a fragile one, susceptible to collapse at the first sign of genuine scrutiny.",117,ai_neutral,AI,Superficiality
"The relentless pursuit of novelty fuels a particularly insidious form of superficiality in contemporary culture. Constantly bombarded with new trends, products, and experiences, we’ve become conditioned to skim the surface, rarely pausing to truly engage with anything for an extended period. This applies not only to consumerism, but also to relationships and intellectual pursuits. A quick scroll through social media replaces thoughtful conversation; a fleeting interest in a new hobby supplants sustained dedication. This ‘attention economy’ rewards brevity and spectacle, actively discouraging the kind of deep, focused engagement necessary for genuine understanding and lasting fulfillment. The result is a pervasive sense of emptiness, a feeling of being perpetually entertained yet profoundly unfulfilled.",112,ai_neutral,AI,Superficiality
"“All that glitters is not gold,” a proverb echoing through centuries, speaks directly to the deceptive nature of superficiality. However, it’s crucial to acknowledge that a degree of presentation is inherent in human interaction. We all employ social masks to navigate different situations. The problem arises when the mask *becomes* the face, when outward appearances entirely eclipse inner substance. This isn’t merely a personal failing; societal pressures often reward superficiality, particularly in fields like politics and entertainment. Individuals are often judged more on their charisma and image than on their competence or integrity, creating a system that actively incentivizes shallow performance.",101,ai_neutral,AI,Superficiality
"Consider the architecture of modern cities: gleaming glass towers rising above neglected infrastructure. This physical manifestation mirrors a broader societal tendency towards prioritizing aesthetics over functionality, image over substance. We invest heavily in cosmetic improvements – renovations, marketing campaigns, personal grooming – while often ignoring underlying systemic issues. This isn’t about dismissing the importance of beauty or presentation; it’s about recognizing the imbalance. A beautifully packaged product that fails to deliver on its promises is ultimately worthless. Similarly, a society obsessed with appearances risks neglecting the fundamental needs of its citizens, creating a hollow and unsustainable existence.",97,ai_neutral,AI,Superficiality
"Ironically, the fear of vulnerability often drives superficiality. We construct carefully curated facades to protect ourselves from judgment, rejection, and emotional pain. This protective mechanism, however, ultimately isolates us, preventing the formation of genuine connections. True intimacy requires risk – the willingness to be seen, flaws and all. By consistently presenting a polished, unblemished version of ourselves, we deny others the opportunity to truly know us, and in doing so, we deny ourselves the possibility of being truly known. Breaking down these self-imposed barriers, embracing authenticity, is the first step towards overcoming the limitations of a superficial existence.",98,ai_neutral,AI,Superficiality
"Isn't it strange how easily we categorize people, reducing complex individuals to curated online profiles or snap judgments based on appearance? Superficiality, at its core, is this relentless drive to assess worth based on the immediately visible, a shortcut that bypasses genuine connection. It thrives in environments saturated with imagery – social media, advertising, even casual conversation – where presentation often eclipses substance. This isn’t merely about vanity; it’s a defense mechanism, a way to navigate a world overflowing with information by creating easily digestible labels. However, this constant skimming prevents us from appreciating the nuanced beauty of imperfection and the richness of untold stories, leaving us perpetually unsatisfied with surface-level interactions.",112,ai_neutral,AI,Superficiality
"The chipped paint on the antique dresser wasn’t a flaw, but a testament to decades of use, a silent narrative of family life. Yet, in a culture obsessed with pristine perfection, such details are often overlooked, even actively erased. Superficiality manifests as a relentless pursuit of the *new*, the *improved*, the *flawless*, discarding anything that bears the marks of time or experience. This isn’t limited to material possessions; it extends to relationships, careers, and even self-perception. We’re encouraged to constantly “upgrade” ourselves, chasing an unattainable ideal rather than embracing the authenticity of our current selves, fostering a sense of perpetual inadequacy.",101,ai_neutral,AI,Superficiality
"“The eye sees only what the mind is prepared to comprehend,” and often, the mind isn’t prepared to look beyond the surface. This quote highlights a crucial aspect of superficiality: it’s not solely a fault of others, but a limitation within ourselves. We project our own biases and insecurities onto others, interpreting their actions and appearances through a distorted lens. This selective perception allows us to maintain comfortable narratives, avoiding the discomfort of challenging our preconceived notions. Consequently, we miss opportunities for genuine empathy and understanding, trapped within the echo chamber of our own limited perspectives.",96,ai_neutral,AI,Superficiality
"Consider the carefully constructed political soundbite, designed to evoke an emotional response rather than facilitate thoughtful debate. This is superficiality weaponized. It’s a deliberate strategy employed to manipulate public opinion, prioritizing impact over accuracy. The focus shifts from complex policy details to easily digestible slogans and emotionally charged imagery. This trend isn’t confined to politics; it permeates marketing, journalism, and even interpersonal communication. The demand for instant gratification and concise messaging incentivizes simplification, often at the expense of truth and nuance, creating a climate where genuine discourse struggles to survive.",90,ai_neutral,AI,Superficiality
"Reflecting on a recent encounter, I realized how easily I’d fallen into the trap of judging someone based on their initial presentation. Their quiet demeanor and understated clothing led me to underestimate their intelligence and depth. It was a humbling reminder that superficial assessments are often profoundly inaccurate. The discomfort stemmed from my own need to categorize, to quickly assess and file people away in my mind. Breaking free from this habit requires conscious effort – a willingness to slow down, to listen attentively, and to actively challenge our own assumptions, recognizing that true value lies far beneath the surface.",100,ai_neutral,AI,Superficiality
"Isn't it strange how easily we categorize people, reducing complex individuals to curated online profiles or snap judgments based on appearance? Superficiality, at its core, is this relentless prioritization of surface-level qualities over genuine substance. It’s a cultural current fueled by social media, advertising, and a pervasive anxiety about not measuring up. This isn’t merely about vanity; it’s a defense mechanism, a way to navigate a world that often feels overwhelming by simplifying interactions and relying on easily digestible signals. The danger lies in the erosion of empathy, the inability to see beyond the carefully constructed facade, and the subsequent devaluation of authentic connection. We risk becoming a society of performers, constantly seeking validation for an image rather than cultivating inner worth.",122,ai_neutral,AI,Superficiality
"The relentless pursuit of external validation often masks a deeper insecurity, and this is where superficiality truly takes root. Consider the meticulously crafted home, designed not for comfortable living but for Instagram likes, or the constant stream of status updates detailing achievements meant to impress rather than reflect genuine joy. These behaviors aren’t inherently malicious, but they reveal a fundamental disconnect – a reliance on external sources to define self-worth. This dependence creates a fragile ego, easily shattered by criticism or a lack of attention. Breaking free requires a conscious effort to shift focus inward, to cultivate self-acceptance independent of external approval, and to prioritize experiences over appearances.",108,ai_neutral,AI,Superficiality
"“We are what we repeatedly do. Excellence, then, is not an act, but a habit,” as Aristotle observed, yet modern life often rewards the *appearance* of doing, rather than the doing itself. Superficiality thrives in environments where optics matter more than outcomes. Think of corporate cultures prioritizing presentations over productivity, or political campaigns focused on soundbites rather than substantive policy. This emphasis on form over function creates a distorted reality, where genuine competence is overshadowed by skillful self-promotion. The long-term consequences are a decline in quality, a loss of trust, and a pervasive cynicism about institutions and individuals alike.",99,ai_neutral,AI,Superficiality
"Imagine a garden filled with vibrant, exotic blooms, all genetically engineered for maximum visual impact but utterly devoid of fragrance or nutritional value. This is a fitting metaphor for a society consumed by superficiality. While aesthetic appeal has its place, an overemphasis on the external can lead to a profound emptiness. We become surrounded by beautiful things and impressive people, yet starved for genuine connection, intellectual stimulation, and emotional depth. The constant bombardment of curated perfection creates unrealistic expectations, fostering dissatisfaction and a sense of inadequacy. True richness lies not in what we *seem* to have, but in what we *are*.",101,ai_neutral,AI,Superficiality
"From an evolutionary perspective, quick assessments based on superficial cues – physical attractiveness, social status – were once crucial for survival and reproduction. However, in the modern world, these ingrained instincts can be profoundly detrimental. While initial impressions are unavoidable, allowing them to dictate our judgments prevents us from discovering the hidden depths within others. Superficiality, in this context, isn’t simply a character flaw; it’s a cognitive shortcut that limits our understanding of the world and hinders our ability to form meaningful relationships. Overcoming this requires deliberate practice in active listening, empathetic observation, and a willingness to challenge our own biases.",101,ai_neutral,AI,Superficiality
"Isn't it strange how easily we categorize people, reducing complex individuals to curated online profiles or snap judgments based on appearance? Superficiality, at its core, is a failure of curiosity, a preference for the readily digestible over the effort of genuine understanding. This isn’t merely a social failing; it’s a cognitive shortcut, a way to navigate a world overflowing with information by prioritizing easily processed signals. The danger lies in mistaking these signals for substance, building relationships and making decisions based on incomplete, often misleading, data. We become consumers of surfaces, valuing the packaging over the contents, and in doing so, impoverish our own experiences and limit our potential for meaningful connection. Ultimately, a life devoted to the superficial is a life lived at arm’s length.",126,ai_neutral,AI,Superficiality
"The rise of influencer culture provides a particularly stark illustration of superficiality’s contemporary power. “Authenticity,” ironically, has become a carefully constructed brand, a performance of relatable vulnerability designed to maximize engagement. This isn’t to dismiss all online personalities, but to recognize the inherent pressure to present an idealized version of self, one meticulously filtered and curated for public consumption. The focus shifts from lived experience to projected image, from genuine emotion to calculated appeal. This creates a feedback loop where superficial qualities – physical attractiveness, material possessions, perceived success – are disproportionately rewarded, reinforcing the notion that worth is determined by external validation rather than intrinsic value. The consequences extend beyond the digital realm, shaping aspirations and fueling anxieties.",119,ai_neutral,AI,Superficiality
"Philosophically speaking, superficiality can be traced back to Plato’s allegory of the cave, where individuals mistake shadows for reality. We are all, to some extent, prisoners of our own perceptions, limited by our senses and biases. However, a conscious commitment to critical thinking and self-reflection can help us break free from these limitations. Superficiality isn’t simply about lacking depth; it’s about *actively avoiding* it, preferring the comfort of pre-conceived notions to the discomfort of challenging our own beliefs. It’s a form of intellectual laziness, a refusal to engage with the complexities of the world and the nuances of human experience. True wisdom, conversely, requires a willingness to delve beneath the surface, to question assumptions, and to embrace ambiguity.",118,ai_neutral,AI,Superficiality
"Consider the impact of superficiality on political discourse. Sound bites, slogans, and emotionally charged rhetoric often overshadow substantive policy debates. Voters, bombarded with information, may gravitate towards candidates who project confidence and charisma rather than those who offer detailed, nuanced solutions. This prioritizes style over substance, creating a climate where genuine leadership is undermined and critical analysis is discouraged. The result is a political landscape characterized by polarization, misinformation, and a growing distrust of institutions. Addressing this requires a renewed emphasis on media literacy, civic education, and a commitment to engaging with diverse perspectives, even those we disagree with.",99,ai_neutral,AI,Superficiality
"Observing a meticulously landscaped garden, perfectly symmetrical and devoid of any “imperfections,” reveals a subtle form of superficiality. While aesthetically pleasing, it lacks the wild, untamed beauty of a natural ecosystem. This analogy extends to human interactions; a relentless pursuit of perfection, a fear of vulnerability, and a tendency to hide flaws can create a sterile and ultimately unsatisfying existence. Genuine connection thrives on authenticity, on the acceptance of imperfections, and on the willingness to share our true selves, scars and all. Embracing the messy, unpredictable nature of life, rather than striving for a flawless facade, is essential for cultivating meaningful relationships and experiencing genuine fulfillment.",106,ai_neutral,AI,Superficiality
"Isn't it curious how often we find ourselves performing roles dictated not by genuine desire, but by an internalized script of ‘shoulds’? Social expectations, particularly in the digital age, exert a subtle but powerful influence on individual choices, from career paths to relationship dynamics. The curated perfection presented on social media platforms fosters a climate of comparison, leading many to prioritize external validation over authentic self-expression. This pressure isn’t necessarily malicious; often, it stems from a desire for belonging and acceptance. However, the constant striving to meet perceived norms can stifle creativity, breed anxiety, and ultimately, disconnect us from our true selves. Recognizing these pressures is the first step towards navigating them consciously and forging a path aligned with personal values, rather than societal dictates.",125,ai_neutral,AI,Social Expectations
"The weight of social expectations isn’t a recent phenomenon; throughout history, communities have established unwritten rules governing behavior. Consider the mid-20th century American ideal of the nuclear family – a breadwinning father and a stay-at-home mother – a construct heavily reinforced by media and cultural narratives. While seemingly benign, this expectation limited opportunities for women and placed immense pressure on men to fulfill a specific economic role. These expectations weren’t universally embraced, of course, and resistance movements emerged, challenging the status quo. The ongoing evolution of societal norms demonstrates that expectations are not immutable laws, but rather fluid constructs shaped by power dynamics, economic conditions, and evolving values. Understanding this historical context is crucial for critically evaluating present-day pressures.",119,ai_neutral,AI,Social Expectations
"“Be realistic,” we’re often told, a phrase frequently masking a subtle discouragement of ambition. This seemingly practical advice often functions as a social expectation, subtly steering individuals towards conventional paths and away from perceived ‘risky’ endeavors. The fear of failure, amplified by societal judgment, can be paralyzing. Pursuing unconventional careers, artistic passions, or even simply prioritizing personal fulfillment over financial gain can be met with skepticism or outright disapproval. This isn’t about dismissing prudence, but rather questioning the source of the ‘realism’ being advocated. Is it genuinely grounded in objective assessment, or is it a reflection of ingrained societal biases and a preference for conformity?",105,ai_neutral,AI,Social Expectations
"Observing children reveals a fascinating resistance to social expectations. Before fully internalizing societal norms, young children often operate from a place of uninhibited curiosity and self-expression. Their unfiltered reactions and unconventional ideas highlight the artificiality of many adult conventions. However, this natural inclination towards authenticity is gradually eroded through socialization – through subtle corrections, implicit biases, and the pressure to conform to peer groups. The process isn’t necessarily negative; learning to navigate social interactions is essential for functioning in society. But it’s vital to acknowledge the inherent tension between individual expression and the demands of social cohesion, and to actively cultivate spaces where authenticity is valued.",106,ai_neutral,AI,Social Expectations
"From a neurological perspective, our brains are wired for social connection, and therefore, susceptible to the influence of group norms. Mirror neurons, for example, contribute to our ability to empathize and learn by observing others, but also make us prone to adopting the behaviors and beliefs of those around us. This inherent social mirroring can explain why expectations, even unspoken ones, are so readily internalized. However, neuroplasticity offers a counterpoint: the brain’s ability to rewire itself. Consciously challenging limiting beliefs, seeking out diverse perspectives, and cultivating self-awareness can gradually reshape neural pathways, diminishing the power of ingrained social expectations and fostering greater autonomy.",103,ai_neutral,AI,Social Expectations
"Isn't it curious how often we find ourselves performing roles dictated not by genuine desire, but by an internalized script of ‘shoulds’? Social expectations, at their core, are a complex negotiation between individual autonomy and collective harmony. They aren’t necessarily malicious constructs, often arising from a desire to predict behavior and maintain order. However, the pressure to conform can stifle creativity, discourage authentic self-expression, and even contribute to mental health challenges. The subtle cues – a raised eyebrow at an unconventional career choice, the expectation of marriage by a certain age, the pressure to maintain a specific appearance – accumulate, shaping our decisions in ways we may not fully recognize. Recognizing these influences is the first step towards consciously choosing which expectations to embrace and which to gently, but firmly, reject.",131,ai_neutral,AI,Social Expectations
"The relentless pursuit of appearing ‘normal’ often overshadows the beauty of individual difference. Social expectations function as a kind of invisible architecture, structuring our interactions and defining acceptable boundaries. Consider the workplace, where unspoken rules about dress, communication style, and ambition dictate success. Or the family dynamic, where expectations regarding career paths, relationships, and even leisure activities can create significant tension. While these expectations can provide a sense of belonging, they simultaneously risk homogenizing experience, diminishing the richness that comes from diverse perspectives and lifestyles. A truly thriving society isn’t one where everyone conforms, but one that celebrates and supports the unique contributions of its members.",106,ai_neutral,AI,Social Expectations
"“Do what everyone else is doing, and you’ll never stand out,” a cynical voice might whisper, highlighting a paradoxical truth about social expectations. While complete rejection of societal norms is impractical and often disruptive, blind adherence can be equally damaging. The key lies in discerning between expectations that foster genuine connection and those that simply serve to control or limit. For example, basic politeness and respect for others are foundational for a functioning society. However, expectations surrounding gender roles, financial success, or romantic partnerships are far more fluid and open to challenge. Critical thinking and self-awareness are essential tools for navigating this complex landscape, allowing us to build a life aligned with our values, not simply dictated by external pressures.",120,ai_neutral,AI,Social Expectations
"Observing children reveals a fascinating resistance to imposed expectations. Before societal conditioning takes hold, they freely express themselves, unconcerned with judgment or conformity. This innate authenticity is gradually eroded as they internalize the messages surrounding appropriate behavior, appearance, and aspirations. The process isn’t always negative; learning to navigate social situations is crucial for development. However, the danger lies in suppressing genuine interests and talents in favor of pursuing paths deemed ‘acceptable’ by others. Encouraging children to explore their passions, even if unconventional, and fostering a sense of self-worth independent of external validation, is vital for cultivating a generation that values individuality and resists the stifling weight of conformity.",108,ai_neutral,AI,Social Expectations
"Ultimately, the power dynamic inherent in social expectations often goes unnoticed. They aren’t imposed by a central authority, but rather emerge from a collective agreement, reinforced through subtle cues and repeated behaviors. This makes them particularly insidious, as they feel less like rules and more like ‘just the way things are.’ Challenging these expectations requires courage, vulnerability, and a willingness to risk social discomfort. It also demands empathy – understanding that those upholding these norms may be doing so out of their own anxieties or insecurities. Shifting the landscape of social expectations isn’t about rebellion, but about fostering a more inclusive and accepting environment where authenticity is celebrated, and individuals are empowered to define their own paths.",117,ai_neutral,AI,Social Expectations
"Isn't it curious how often we find ourselves performing roles dictated not by genuine desire, but by an internalized script of ‘shoulds’? Social expectations, often unspoken, weave a complex web around individual lives, subtly influencing career choices, relationship dynamics, and even personal hobbies. This isn’t necessarily malicious; frequently, these expectations stem from a desire for communal harmony and predictability. However, the pressure to conform can stifle authenticity, leading to a sense of disconnect and unfulfillment. The modern emphasis on self-discovery ironically clashes with the enduring power of these societal norms, creating a tension many struggle to navigate. Ultimately, recognizing these expectations – and consciously choosing which to embrace and which to reject – is crucial for cultivating a life aligned with one’s true self.",124,ai_neutral,AI,Social Expectations
"The curated perfection presented on social media platforms exemplifies a particularly insidious form of social expectation. Beyond the traditional pressures of career and family, individuals now face a constant barrage of images depicting idealized lifestyles – flawless bodies, exotic vacations, effortless success. This creates a distorted benchmark against which people measure their own lives, fostering feelings of inadequacy and anxiety. The algorithmic nature of these platforms further exacerbates the problem, reinforcing existing biases and creating echo chambers of unrealistic standards. Consequently, genuine self-acceptance becomes increasingly difficult, replaced by a relentless pursuit of external validation and a fear of falling short of perceived norms.",103,ai_neutral,AI,Social Expectations
"Consider the subtle ways gender roles continue to shape behavior, even in ostensibly progressive societies. While overt discrimination has diminished, deeply ingrained expectations regarding emotional expression, career aspirations, and domestic responsibilities persist. Boys are often discouraged from displaying vulnerability, while girls are subtly steered away from traditionally “masculine” fields. These expectations aren’t always consciously held, but they manifest in microaggressions, biased feedback, and limited opportunities. Challenging these norms requires a conscious effort to dismantle ingrained biases and create a more equitable environment where individuals are free to pursue their passions regardless of gender.",93,ai_neutral,AI,Social Expectations
"“Do what everyone else is doing, and you’ll be safe,” is the unspoken promise underlying many social expectations. This drive for conformity isn’t simply about fitting in; it’s rooted in a fundamental human need for belonging and acceptance. Throughout history, deviating from societal norms has often carried significant risks – ostracism, persecution, even death. While the consequences are less severe in many modern contexts, the fear of social rejection remains a powerful motivator. This explains why individuals may suppress their true beliefs or desires to avoid conflict or maintain social standing, even when those beliefs are deeply held.",98,ai_neutral,AI,Social Expectations
"Observing family gatherings often reveals the most potent and deeply ingrained social expectations. These aren’t necessarily articulated as rules, but rather communicated through patterns of behavior, unspoken judgments, and subtle cues. Expectations around marriage, career paths, and even parenting styles can create significant tension, particularly when younger generations challenge established norms. The desire to please family members, coupled with a sense of obligation, can lead individuals to make choices that aren’t necessarily aligned with their own aspirations. Navigating these dynamics requires open communication, mutual respect, and a willingness to redefine what “success” means within the context of familial relationships.",99,ai_neutral,AI,Social Expectations
"Isn't it curious how often we find ourselves performing roles dictated not by genuine desire, but by an internalized script of ‘shoulds’? Social expectations, at their core, are a complex negotiation between individual autonomy and collective harmony. They aren’t necessarily malicious constructs, often arising from a desire for predictability and smooth social functioning. However, the pressure to conform – to pursue specific careers, achieve certain milestones by particular ages, or even express emotions in ‘acceptable’ ways – can stifle creativity and lead to profound feelings of inadequacy. The insidious nature of these expectations lies in their often-unspoken quality; we absorb them through observation and subtle reinforcement, rarely questioning their validity or considering alternative paths. Ultimately, a healthy society allows space for deviation, recognizing that individual flourishing doesn’t require uniformity.",129,ai_neutral,AI,Social Expectations
"The relentless pursuit of curated online personas exemplifies a particularly modern strain of social expectation. Platforms designed for connection frequently foster comparison, prompting individuals to present idealized versions of themselves. This isn’t simply about vanity; it’s a response to perceived social demands – the expectation of constant happiness, success, and aesthetic perfection. Consequently, authenticity suffers, replaced by a performance geared towards garnering validation through likes and followers. This cycle can be deeply damaging, contributing to anxiety, depression, and a distorted sense of self-worth. Breaking free requires a conscious effort to prioritize genuine connection over superficial approval, and to recognize that the highlight reels of others rarely reflect the full complexity of lived experience.",113,ai_neutral,AI,Social Expectations
"“Do as I say, not as I do” – a phrase often uttered by previous generations – highlights a fundamental hypocrisy embedded within many social expectations. Adults frequently impose standards on younger individuals that they themselves haven’t consistently met. This disconnect breeds resentment and undermines the legitimacy of the expectations themselves. Furthermore, it creates a confusing landscape where individuals are simultaneously encouraged to be independent thinkers and to adhere to established norms. The resulting cognitive dissonance can lead to a sense of alienation and a questioning of authority. A more effective approach involves modeling desired behaviors and fostering open dialogue about the reasoning behind expectations, rather than simply demanding compliance.",110,ai_neutral,AI,Social Expectations
"Consider the subtle, yet pervasive, expectations surrounding gender roles. While overt discrimination has decreased in many societies, deeply ingrained assumptions about appropriate behavior for men and women continue to shape opportunities and limit potential. These expectations manifest in everything from career choices to emotional expression, often subtly steering individuals towards predetermined paths. For example, men may face pressure to suppress vulnerability, while women may be penalized for assertiveness. Challenging these norms isn’t about rejecting all tradition, but about creating a more equitable society where individuals are free to pursue their passions and express themselves authentically, regardless of gender.",98,ai_neutral,AI,Social Expectations
"From a sociological perspective, social expectations function as a form of informal social control. They maintain order not through legal penalties, but through the anticipation of disapproval or ostracism. This system relies on a shared understanding of acceptable behavior, and its effectiveness varies depending on the strength of community bonds and the degree of social cohesion. However, this mechanism can also be used to enforce conformity and suppress dissent. When expectations become rigid and intolerant of difference, they can stifle innovation and create a climate of fear. A truly progressive society embraces diversity and encourages critical examination of its own norms, recognizing that social evolution requires a willingness to challenge the status quo.",113,ai_neutral,AI,Social Expectations
"Isn't it curious how often we find ourselves performing roles dictated not by genuine desire, but by an internalized script of ‘shoulds’? Social expectations, at their core, are a complex negotiation between individual autonomy and collective cohesion. They aren’t necessarily malicious constructs, often arising from a desire for predictability and smooth social functioning. However, the pressure to conform – to pursue specific careers, achieve certain milestones by particular ages, or even express emotions in ‘acceptable’ ways – can stifle creativity and lead to widespread feelings of inadequacy. The modern emphasis on curated online personas only exacerbates this, presenting idealized versions of life that few can realistically attain, further solidifying unrealistic benchmarks for success and happiness. Ultimately, recognizing these expectations as constructs, rather than immutable laws, is the first step towards authentic living.",132,ai_neutral,AI,Social Expectations
"From a purely evolutionary perspective, social expectations served a vital purpose. Early human survival depended on cooperation and adherence to group norms; deviation could mean ostracism and, potentially, death. While the stakes are considerably lower in contemporary society, this deeply ingrained need for belonging continues to drive our behavior. We are, fundamentally, social creatures, wired to seek approval and avoid rejection. This explains why even seemingly minor transgressions against social etiquette can trigger anxiety. The challenge lies in balancing this innate drive with a critical awareness of which expectations are genuinely beneficial – promoting empathy and respect – and which are simply arbitrary constraints hindering personal growth and societal progress.",110,ai_neutral,AI,Social Expectations
"“The only way to do great work is to love what you do,” Steve Jobs famously stated, a sentiment frequently echoed, yet rarely fully embraced due to the weight of societal pressures. Consider the aspiring artist pressured into a ‘stable’ career in finance, or the empathetic individual steered away from social work due to concerns about financial security. These aren’t isolated incidents; they represent a systemic pattern of prioritizing practicality over passion, conformity over creativity. This isn’t to suggest that all unconventional paths are viable or desirable, but rather that the default assumption – that certain choices are ‘sensible’ while others are ‘foolish’ – is often rooted in outdated or narrowly defined notions of success. A society that truly values innovation and well-being must actively challenge these limiting beliefs.",129,ai_neutral,AI,Social Expectations
"Observing children at play offers a fascinating glimpse into a world largely unburdened by social expectations. Their spontaneous creativity, unfiltered emotional expression, and willingness to embrace failure are qualities often diminished as we mature. The process of socialization, while necessary for functioning in society, inevitably involves a degree of self-censorship and the internalization of external judgments. This isn’t inherently negative, but it highlights the importance of cultivating spaces – both internal and external – where individuals can safely explore their authentic selves, free from the constraints of ‘what others will think.’ Encouraging vulnerability and celebrating individuality are crucial steps in dismantling harmful expectations.",103,ai_neutral,AI,Social Expectations
"The insidious nature of social expectations often lies in their invisibility. They operate as unspoken rules, shaping our perceptions and influencing our choices without conscious awareness. For example, gender roles, despite significant progress towards equality, continue to exert a powerful influence on career paths, relationship dynamics, and even self-perception. Similarly, expectations surrounding body image, perpetuated by media and advertising, contribute to widespread body dissatisfaction and mental health issues. Recognizing these subtle yet pervasive forces requires a constant process of self-reflection and critical analysis. By actively questioning the norms that govern our lives, we can begin to reclaim agency and define success on our own terms, rather than accepting pre-packaged definitions.",110,ai_neutral,AI,Social Expectations
"Isn't it strange how often we categorize people based on what they *have* rather than who they *are*? Class consciousness, at its core, isn’t simply awareness of economic disparity; it’s the understanding of one’s position within a larger system of power, and how that position shapes lived experience. This realization often begins with noticing patterns – the subtle differences in opportunity, access, and even expectation based on socioeconomic background. It’s recognizing that individual struggles aren’t isolated incidents, but rather symptoms of systemic issues. Developing this consciousness can be uncomfortable, forcing a re-evaluation of personal beliefs and challenging the narratives of meritocracy. Ultimately, it’s a crucial step towards collective action and advocating for a more equitable society, moving beyond individual ambition to shared progress.",123,ai_neutral,AI,Class Consciousness
"The pervasive myth of social mobility frequently obscures the reality of class consciousness. While stories of “rags to riches” capture the imagination, they are statistically rare and often presented as exceptional cases, reinforcing the idea that success is solely dependent on individual effort. However, a growing awareness of intergenerational wealth transfer, coupled with stagnant wages for many, is fostering a renewed sense of class identity. This isn’t necessarily about resentment, but about recognizing the structural barriers that limit upward mobility. It’s about understanding that the playing field isn’t level, and that systemic advantages and disadvantages are passed down through families, impacting everything from educational opportunities to healthcare access.",108,ai_neutral,AI,Class Consciousness
"“Workers of the world, unite!” – a famous call to action, but one that highlights a historical understanding of class consciousness. Originally rooted in Marxist thought, the concept emphasized the shared interests of the proletariat in overthrowing the bourgeoisie. While that specific framework may feel dated, the underlying principle remains relevant. Today, class consciousness manifests not always as revolutionary fervor, but as a growing solidarity among those facing similar economic precarity. This can be seen in movements for fair wages, affordable housing, and universal healthcare – issues that disproportionately affect working-class communities. It’s a recognition that collective bargaining and political action are necessary to address systemic inequalities.",107,ai_neutral,AI,Class Consciousness
"Consider the seemingly innocuous act of choosing where to shop. From discount retailers to high-end boutiques, our consumer choices are often dictated, consciously or unconsciously, by our economic realities. This everyday experience subtly reinforces class distinctions and contributes to a fragmented sense of community. Class consciousness, in this context, isn’t about judging individual spending habits, but about recognizing how consumer culture perpetuates and reinforces existing inequalities. It’s about questioning the values that prioritize material possessions and recognizing the social costs of unchecked consumerism. A heightened awareness can lead to more mindful consumption and a desire for economic systems that prioritize needs over wants.",103,ai_neutral,AI,Class Consciousness
"Often, the lack of class consciousness isn’t a result of ignorance, but of deliberate fragmentation. Political rhetoric frequently emphasizes individual responsibility and downplays the role of systemic factors, fostering a sense of isolation and preventing the formation of collective identity. Media representations often reinforce stereotypes and perpetuate narratives that pit different groups against each other, obscuring shared economic interests. Overcoming this requires actively seeking out diverse perspectives, engaging in critical media literacy, and fostering dialogue across socioeconomic lines. Building genuine class consciousness demands a conscious effort to dismantle the barriers that prevent us from recognizing our common humanity and shared struggles.",101,ai_neutral,AI,Class Consciousness
"Isn't it strange how often we categorize people based on what they *have* rather than who they *are*? Class consciousness, at its core, isn’t simply awareness of economic disparity; it’s the understanding of one’s position within a hierarchical system and the shared interests arising from that position. This realization often begins with noticing patterns – the limitations placed on opportunities, the subtle biases in treatment, the unspoken rules governing social mobility. It’s a slow burn, fueled by personal experience and collective narratives. Crucially, it’s not about resentment, though that can be a component. It’s about recognizing a common fate, a shared struggle against structures that perpetuate inequality, and the potential for collective action to reshape those structures. The power lies in recognizing that individual hardship isn’t isolated, but systemic.",129,ai_neutral,AI,Class Consciousness
"The persistent myth of meritocracy actively hinders the development of class consciousness. If everyone believes success is solely determined by hard work and talent, then failure is automatically attributed to personal shortcomings, effectively dissolving any sense of shared grievance. However, this narrative conveniently ignores the vast inequalities in access to resources – quality education, healthcare, social networks – that fundamentally shape life chances. Class consciousness emerges when individuals begin to critically examine this myth, acknowledging that the playing field is profoundly uneven. It’s a process of deconstructing internalized beliefs about deservingness and recognizing the role of structural forces in determining outcomes. This isn’t to dismiss individual effort, but to contextualize it within a broader system of advantage and disadvantage.",119,ai_neutral,AI,Class Consciousness
"“Workers of the world, unite!” – a rallying cry that, while historically linked to socialist movements, speaks to the fundamental principle of class consciousness: solidarity. But solidarity isn’t automatic. It requires overcoming the divisions *within* the working class – differences in skill, occupation, race, gender, and even geographic location. These divisions are often deliberately fostered by those in power to prevent a unified challenge to the status quo. Genuine class consciousness necessitates a broadening of perspective, an ability to see beyond immediate self-interest and recognize the interconnectedness of struggles. It’s about understanding that a rising tide lifts all boats, but only if the boats aren’t deliberately weighted down for some.",110,ai_neutral,AI,Class Consciousness
"Consider the seemingly innocuous act of choosing where to shop. Do you prioritize the lowest price, even if it means supporting businesses with exploitative labor practices? Or are you willing to pay more for ethically sourced goods? This everyday decision, multiplied across millions of consumers, reveals a subtle but powerful manifestation of class consciousness – or its absence. It demonstrates an awareness (or lack thereof) of the human cost behind the products we consume and the systemic forces that shape those costs. This extends beyond consumer choices to encompass political engagement, community involvement, and even personal relationships. It’s a constant process of evaluating our complicity in systems of inequality and striving for more conscious and ethical choices.",117,ai_neutral,AI,Class Consciousness
"Often, the initial spark of class consciousness isn’t a grand political awakening, but a quiet, personal realization of being undervalued. Perhaps it’s a service worker consistently treated with disrespect, a freelancer struggling to negotiate fair rates, or a professional consistently passed over for promotion despite qualifications. These micro-aggressions, these subtle reminders of one’s perceived “place,” accumulate over time, eroding self-worth and fostering a sense of powerlessness. This individual experience, however, is rarely isolated. When these experiences are shared and recognized as part of a larger pattern, they can ignite a collective awareness – a realization that one’s personal struggles are not unique, but symptomatic of a systemic problem.",108,ai_neutral,AI,Class Consciousness
"Isn't it strange how often we categorize people based on what they *have* rather than who they *are*? Class consciousness, at its core, isn’t simply awareness of economic disparity; it’s the understanding of one’s position within a larger system of power, and how that position shapes lived experience. This realization often begins with noticing patterns – the subtle differences in opportunity, access, and even expectation based on socioeconomic background. It’s recognizing that individual struggles aren’t isolated incidents, but rather symptoms of systemic issues. Developing this consciousness can be unsettling, forcing a re-evaluation of personal narratives and challenging deeply held beliefs about meritocracy and social mobility. Ultimately, it’s the first step towards collective action and a demand for a more equitable distribution of resources and power.",125,ai_neutral,AI,Class Consciousness
"The chipped Formica of the diner booth felt colder than usual, mirroring the growing chill in Maria’s understanding. Class consciousness isn’t an intellectual exercise confined to university lecture halls; it’s a visceral awakening. For Maria, it wasn’t a textbook definition, but the realization that her mother’s exhaustion wasn’t simply due to a demanding job, but a system designed to exploit her labor. It was seeing her brother denied opportunities afforded to classmates from wealthier families, despite possessing equal talent. This wasn’t about envy, but about recognizing a fundamental unfairness woven into the fabric of society. The diner, a neutral space, suddenly felt charged with the weight of unspoken inequalities, a silent testament to the invisible barriers that defined her world.",120,ai_neutral,AI,Class Consciousness
"“From each according to his ability, to each according to his needs” – a phrase often associated with socialist ideals, but fundamentally linked to the development of class consciousness. This isn’t about advocating for a specific political system, but highlighting the inherent conflict between individual contribution and societal reward. When individuals perceive a disconnect between their effort and their access to basic necessities, a sense of injustice arises. This perception isn’t necessarily rational or logically derived; it’s often rooted in emotional responses to perceived unfairness. The growth of class consciousness, therefore, is frequently fueled by feelings of resentment, frustration, and a growing awareness of systemic disadvantage. It’s a challenge to the prevailing narrative of individual responsibility.",116,ai_neutral,AI,Class Consciousness
"Consider the carefully curated image of success presented on social media. This constant bombardment of aspirational lifestyles doesn’t just inspire; it actively obscures the realities of economic struggle for many. Class consciousness, in the digital age, is increasingly about deconstructing these illusions. It’s recognizing that the “self-made” narrative often ignores the privileges and advantages that paved the way. It’s about critically analyzing the algorithms that reinforce existing inequalities and the marketing strategies that exploit insecurities. This form of awareness requires a deliberate effort to seek out alternative perspectives and challenge the dominant cultural narratives that perpetuate class divisions. It’s a constant process of unlearning and re-evaluation.",106,ai_neutral,AI,Class Consciousness
"Perhaps the most insidious aspect of lacking class consciousness is the internalization of oppressive structures. When individuals accept their socioeconomic position as inevitable or deserved, they inadvertently reinforce the very systems that disadvantage them. This isn’t a matter of blame, but a consequence of pervasive societal messaging. A lack of awareness prevents collective organizing and hinders the pursuit of systemic change. It allows those in power to maintain the status quo by fostering a sense of individual helplessness. Cultivating class consciousness, then, is not merely about recognizing inequality, but about reclaiming agency and understanding one’s potential to contribute to a more just and equitable future.",105,ai_neutral,AI,Class Consciousness
"Isn't it strange how often we accept disparities in wealth and opportunity as simply “the way things are”? This passive acceptance is, at its core, a failure of class consciousness – the awareness of one’s social class and its relationship to the larger economic system. It’s not merely about identifying as “working class” or “middle class,” but understanding how those classifications dictate access to resources, power, and even basic dignity. Without this understanding, individuals often internalize systemic inequalities, blaming personal failings rather than recognizing structural barriers. This internalized oppression then hinders collective action, preventing the formation of unified movements for economic justice. A truly conscious populace would demand equitable distribution, not through charity, but through systemic change rooted in a shared understanding of class dynamics.",125,ai_neutral,AI,Class Consciousness
"The erosion of traditional community structures has significantly hampered the development of class consciousness in contemporary society. Where once neighborhoods were defined by shared occupations – miners living near mines, factory workers clustered around plants – today’s residential patterns are often fragmented and isolating. This geographical dispersal weakens the organic bonds that fostered collective identity and a shared understanding of economic exploitation. Consequently, individuals are more likely to perceive their struggles as personal rather than systemic, diminishing the potential for unified resistance. Rebuilding these community ties, through local organizing and mutual aid networks, is therefore crucial for reigniting a sense of shared class interest and fostering a more robust class consciousness.",111,ai_neutral,AI,Class Consciousness
"“From each according to his ability, to each according to his needs,” Marx famously wrote, a sentiment that highlights the fundamental principle underlying class consciousness: recognizing the inherent interconnectedness of all members of society. However, modern capitalism actively cultivates a culture of competitive individualism, framing success as a purely personal achievement and failure as a personal deficiency. This narrative deliberately obscures the systemic factors – inherited wealth, unequal access to education, discriminatory practices – that profoundly shape individual outcomes. Overcoming this ideological barrier requires a conscious effort to deconstruct the myth of meritocracy and embrace a collective understanding of our shared economic fate.",103,ai_neutral,AI,Class Consciousness
"Consider the seemingly innocuous act of choosing where to shop. Do we prioritize the lowest price, even if it means supporting businesses with exploitative labor practices? Or are we willing to pay a premium for ethically sourced goods, even if it strains our budget? These everyday decisions, often made without conscious reflection, reveal the degree to which class consciousness – or its absence – influences our behavior. A heightened awareness of the labor conditions and economic structures behind the products we consume can transform these mundane choices into acts of political resistance, subtly challenging the status quo and supporting more equitable systems. It’s about recognizing that our purchasing power is a form of leverage.",114,ai_neutral,AI,Class Consciousness
"Frequently, discussions of class consciousness focus on the experiences of the working class, but its absence is equally detrimental within the upper echelons of society. A lack of awareness among the wealthy regarding the systemic advantages they enjoy can lead to a profound disconnect from the realities faced by the majority. This detachment fosters a justification for inequality, often framed as a natural consequence of talent or hard work. Ironically, a genuine class consciousness within the privileged class – an understanding of their complicity in maintaining an unjust system – is arguably *more* crucial for enacting meaningful change, as they possess the power and resources to dismantle the structures that perpetuate inequality.",112,ai_neutral,AI,Class Consciousness
"Isn't it strange how often we accept the structures around us as simply ‘the way things are,’ rarely questioning the forces that built them? Class consciousness, at its core, is the awareness of one’s position within that structure – not just personal economic standing, but understanding how that standing relates to broader systems of power and inequality. It’s recognizing that shared experiences of a particular class – whether working, middle, or owning – create common interests, often in opposition to other classes. This isn’t about resentment, initially, but about recognizing patterns. It’s about seeing how access to resources, opportunities, and even basic dignity are unevenly distributed, and understanding that this isn’t accidental. Developing this awareness is the first step towards collective action, or even simply informed individual choices.",128,ai_neutral,AI,Class Consciousness
"The erosion of traditional industries and the rise of the gig economy have fundamentally altered the landscape of class consciousness in the 21st century. Where once factory floors and union halls fostered a strong sense of shared identity and purpose amongst workers, today’s employment is often fragmented and precarious. This makes it significantly harder to cultivate a collective understanding of exploitation or shared interests. Individuals are increasingly atomized, competing for limited opportunities, and internalizing failures as personal shortcomings rather than systemic issues. Consequently, while economic inequality is demonstrably widening, a unified class consciousness remains elusive, replaced by anxieties focused on individual survival and upward mobility, often fueled by narratives of meritocracy.",111,ai_neutral,AI,Class Consciousness
"“From each according to his ability, to each according to his needs,” Karl Marx famously wrote, a statement that implicitly demands a heightened class consciousness. But beyond ideological frameworks, the practical implications of recognizing class are surprisingly mundane. It influences where we choose to live, the schools we send our children to, the healthcare we can access, and even the media we consume. It shapes our perceptions of others, often unconsciously, and dictates the kinds of social networks we navigate. Ignoring this reality doesn’t make it disappear; it simply allows existing power dynamics to perpetuate themselves unchallenged. Acknowledging class isn’t about guilt or blame, but about understanding the invisible forces shaping our lives.",113,ai_neutral,AI,Class Consciousness
"Consider the subtle ways language reinforces class distinctions. The very terms we use – “working class,” “middle class,” “upper class” – are broad generalizations that obscure internal diversity and often carry implicit value judgments. Discussions about economic policy frequently frame issues in terms of individual responsibility, neglecting the structural barriers that prevent many from achieving financial security. Even seemingly neutral concepts like “good schools” are often code for access to resources concentrated in affluent neighborhoods. This linguistic framing actively hinders the development of class consciousness by normalizing inequality and obscuring the systemic factors at play. Deconstructing this language is crucial for fostering a more equitable understanding of social realities.",109,ai_neutral,AI,Class Consciousness
"Ultimately, the development of class consciousness isn’t a predetermined outcome, but a continuous process of critical reflection and social engagement. It requires actively seeking out perspectives different from our own, challenging our assumptions, and recognizing the ways in which our own privilege – or lack thereof – shapes our worldview. It’s not simply about identifying with a particular group, but about understanding the interconnectedness of all classes within a larger system. This understanding can then translate into informed political action, advocacy for policy changes, or simply a more empathetic and nuanced approach to our interactions with others, fostering a society built on greater equity and justice.",106,ai_neutral,AI,Class Consciousness
"Isn't it curious how often we attribute our core beliefs – not just habits, but fundamental worldviews – to the echoes of our upbringing? Parental influence isn’t simply about direct instruction; it’s a pervasive atmospheric pressure shaping our emotional responses and cognitive frameworks. Children, acting as remarkably sensitive barometers, absorb not only *what* their parents say, but *how* they say it, the unspoken anxieties simmering beneath the surface, and the values demonstrated through consistent action (or inaction). This absorbed environment forms a template for interpreting future experiences, influencing everything from relationship choices to career paths. While individual agency certainly develops, the initial contours of self are undeniably sculpted by the parental landscape, a process often unconscious and deeply ingrained.",119,ai_neutral,AI,Parental Influence
"The concept of ‘nature versus nurture’ feels increasingly outdated when considering parental influence; it’s rarely an either/or proposition. Instead, parents act as facilitators, modulating the expression of genetic predispositions. A child with a natural inclination towards anxiety, for example, might thrive with a calm, supportive parental presence, learning coping mechanisms and emotional regulation. Conversely, the same child, raised in a chaotic or critical environment, could see that anxiety amplified and solidified. This isn’t about blame, but about recognizing the powerful interplay between inherent temperament and environmental shaping. Parents don’t *create* personality, but they profoundly influence how it unfolds, acting as catalysts for either resilience or vulnerability.",106,ai_neutral,AI,Parental Influence
"“Children have never been very good at listening to their elders, but they have never failed to imitate them,” James Baldwin observed, and this imitation extends far beyond mimicking behaviors. Parental influence operates powerfully through modeling – the subtle, often unintentional, transmission of values, attitudes, and coping strategies. A parent who consistently demonstrates kindness and empathy, even in challenging situations, is far more likely to raise a compassionate child than one who preaches those virtues without embodying them. This modeling isn’t limited to positive traits; patterns of avoidance, aggression, or emotional suppression are equally potent lessons, often learned through observation rather than direct instruction.",104,ai_neutral,AI,Parental Influence
"Consider the long-term impact of parental emotional availability, or the lack thereof. A consistently responsive and attuned parent fosters a secure attachment style in their child, leading to greater emotional intelligence, healthier relationships, and a stronger sense of self-worth. Conversely, inconsistent or emotionally distant parenting can contribute to anxious-avoidant or disorganized attachment styles, potentially manifesting as difficulties with intimacy, trust, and emotional regulation in adulthood. These early relational experiences aren’t merely childhood memories; they become internalized working models that shape expectations and behaviors throughout life, influencing the very architecture of the brain.",92,ai_neutral,AI,Parental Influence
"From a sociological perspective, parental influence isn’t isolated; it’s interwoven with broader cultural narratives and socioeconomic factors. Parents, themselves products of their own upbringing and societal pressures, transmit not only family values but also ingrained biases and expectations. A parent’s aspirations for their child – whether consciously articulated or subtly conveyed – are often shaped by their own opportunities and limitations. This creates a complex dynamic where individual parental influence is simultaneously personal and representative of larger systemic forces, perpetuating cycles of privilege or disadvantage across generations. Recognizing this broader context is crucial for understanding the full scope of parental impact.",101,ai_neutral,AI,Parental Influence
"Is it possible to truly escape the gravitational pull of those who raised us? Parental influence, often subtle and unconscious, shapes our core beliefs and behavioral patterns in profound ways. Beyond the explicit lessons of morality or etiquette, children absorb the anxieties, aspirations, and coping mechanisms modeled by their parents. This isn’t necessarily detrimental; a secure attachment and positive role modeling can foster resilience and emotional intelligence. However, internalized negative patterns – a parent’s chronic pessimism, for instance, or their avoidance of conflict – can manifest as self-sabotage or unhealthy relationship dynamics in adulthood. Recognizing these inherited tendencies is the first step towards conscious self-direction, allowing individuals to rewrite narratives and forge their own paths, even while acknowledging the foundational impact of their upbringing.",124,ai_neutral,AI,Parental Influence
"The concept of ‘nature versus nurture’ often simplifies the complex interplay of genetics and environment, but when considering personality development, parental influence operates as a crucial mediator. While inherent temperament provides a baseline, parenting styles dramatically alter its expression. A naturally introverted child, encouraged and supported in quiet pursuits, may flourish as a thoughtful artist or writer. Conversely, the same child, pressured to be outgoing and socially dominant, could experience anxiety and a diminished sense of self. This isn’t about forcing conformity, but about providing a nurturing environment where a child feels safe to explore their authentic self, guided by parental acceptance rather than expectation. The goal isn’t to *create* a certain personality, but to facilitate its healthy unfolding.",119,ai_neutral,AI,Parental Influence
"“We inherit the earth from our ancestors, but borrow it from our children,” a sentiment often attributed to Native American wisdom, highlights a crucial, often overlooked aspect of parental influence: legacy. Parents aren’t simply shaping individuals; they’re contributing to a chain of values and beliefs that extend across generations. This influence isn’t limited to direct descendants, but ripples outwards through community and society. A parent who champions social justice, for example, instills not only a moral compass in their child, but also contributes to a broader cultural shift. Understanding this intergenerational responsibility can motivate parents to consciously cultivate qualities they wish to see perpetuated in the world, moving beyond personal desires to consider the long-term impact of their actions.",119,ai_neutral,AI,Parental Influence
"Consider the quiet power of unspoken rules within a family. Parental influence isn’t always delivered through direct instruction; often, it’s communicated through subtle cues, consistent behaviors, and the emotional atmosphere of the home. A household where vulnerability is met with dismissal, for instance, may inadvertently teach children to suppress their feelings and prioritize self-reliance to an unhealthy degree. These unwritten scripts, absorbed unconsciously, become deeply ingrained patterns of relating to oneself and others. Breaking free from these patterns requires a degree of self-awareness and often, therapeutic intervention, to unpack the emotional baggage and develop healthier coping mechanisms. The challenge lies in identifying what was *never* said, but profoundly felt.",109,ai_neutral,AI,Parental Influence
"Frequently, discussions of parental influence center on the positive or negative aspects, overlooking the inherent ambiguity. The truth is, even well-intentioned parenting inevitably involves imperfections and contradictions. A parent might preach honesty while occasionally bending the truth to protect their child’s feelings, or advocate for independence while simultaneously exhibiting controlling behaviors. These inconsistencies aren’t necessarily damaging; they reflect the complexities of human nature and the challenges of navigating parenthood. In fact, grappling with these parental flaws can foster critical thinking and emotional maturity in children, teaching them to discern nuance and accept imperfection – both in others and in themselves. It’s within these grey areas that genuine growth often occurs.",110,ai_neutral,AI,Parental Influence
"Isn't it curious how the echoes of our upbringing resonate throughout our lives, often in ways we don’t consciously recognize? Parental influence isn’t simply about direct instruction; it’s the subtle absorption of values, anxieties, and behavioral patterns. Children are remarkably astute observers, internalizing not just *what* their parents say, but *how* they say it, their reactions to stress, and the unspoken rules governing the household. This foundational learning shapes our attachment styles, our capacity for empathy, and even our risk tolerance. While genetics certainly play a role, the early environment sculpted by parental figures provides the initial framework for navigating the complexities of social interaction and emotional regulation, a framework that continues to be revised, but rarely entirely discarded.",119,ai_neutral,AI,Parental Influence
"The transmission of trauma, often intergenerational, represents a particularly potent, and frequently overlooked, facet of parental influence. Consider a parent who experienced significant financial insecurity in childhood; their resulting anxieties about money may manifest as overprotective financial habits, or conversely, reckless spending, impacting their children’s relationship with resources. These aren’t necessarily conscious choices, but rather deeply ingrained responses triggered by subconscious reminders of past hardship. Breaking these cycles requires awareness, intentionality, and often, therapeutic intervention. It’s a challenging process, demanding parents confront their own wounds to prevent inflicting them upon the next generation, acknowledging that healing isn’t just personal, but a responsibility to future family wellbeing.",106,ai_neutral,AI,Parental Influence
"Observing a child mimic a parent’s mannerisms – a particular way of tilting the head, a specific phrase used repeatedly – highlights the powerful role modeling inherent in the parent-child dynamic. This isn’t limited to overt behaviors; it extends to internal landscapes. A parent who consistently demonstrates intellectual curiosity, for example, is far more likely to foster that same trait in their child, not through direct encouragement alone, but through the sheer example of a life lived in pursuit of knowledge. This subtle, pervasive influence operates beneath the surface of conscious awareness, shaping aspirations, values, and ultimately, the very definition of a ‘good life’ for the developing individual.",108,ai_neutral,AI,Parental Influence
"“We inherit the earth from our ancestors, but borrow it from our children,” a sentiment often attributed to Native American wisdom, underscores the long-term implications of parental influence. Beyond immediate personality traits, parents contribute to the broader societal fabric through the values they instill. A household prioritizing civic engagement, for instance, is more likely to raise children who become active, informed citizens. Conversely, apathy or cynicism can breed disinterest and detachment. This ripple effect extends far beyond the family unit, impacting community involvement, political discourse, and the overall health of democratic institutions. The responsibility, therefore, isn’t merely to raise ‘successful’ individuals, but to cultivate responsible, compassionate members of society.",109,ai_neutral,AI,Parental Influence
"Reflecting on my own upbringing, it’s clear that parental influence isn’t a monolithic force, but a complex interplay of intention and outcome. My parents, while loving and supportive, also carried their own unresolved anxieties, which occasionally manifested as subtle criticisms or controlling behaviors. Initially, these felt damaging, hindering my self-confidence. However, with distance and self-awareness, I’ve come to recognize them as products of *their* upbringing, and ultimately, as opportunities for personal growth. Learning to disentangle their anxieties from my own aspirations has been a crucial step in forging my own identity, demonstrating that parental influence, even when imperfect, can serve as a catalyst for self-discovery.",105,ai_neutral,AI,Parental Influence
"Isn't it curious how often we attribute our core beliefs, not to conscious decisions, but to echoes of conversations overheard in childhood? Parental influence isn’t simply about direct instruction; it’s a pervasive atmospheric pressure shaping our internal landscapes. Children are remarkably adept at absorbing not just *what* their parents say, but *how* they say it – the subtle inflections, the unspoken anxieties, the values demonstrated through action, or inaction. This absorbed worldview often operates beneath the level of awareness, manifesting as ingrained preferences, automatic reactions, and deeply held convictions. Consequently, even when actively rebelling against parental expectations, individuals frequently find themselves mirroring patterns they once consciously rejected, demonstrating the enduring power of early modeling. The challenge, then, isn’t necessarily escaping influence, but becoming conscious of its source.",127,ai_neutral,AI,Parental Influence
"The concept of inherited trauma, increasingly recognized in psychological research, offers a compelling lens through which to view parental influence. Beyond genetics, parents transmit patterns of emotional regulation – or dysregulation – to their children. A parent consistently responding to stress with anger, for example, may inadvertently teach their child that anger is a valid, even necessary, response to adversity. This isn’t a matter of deliberate teaching, but of neurological mirroring and the development of attachment styles. Consequently, individuals may find themselves repeating unhealthy relational patterns, struggling with anxiety or depression, or exhibiting behaviors that seem illogical from an external perspective. Breaking these cycles requires acknowledging the intergenerational transmission of emotional burdens and actively cultivating alternative coping mechanisms.",118,ai_neutral,AI,Parental Influence
"“We are born blank books, and as we live, the pages get written on,” as the saying goes, and no one wields the pen more powerfully in those early chapters than our parents. However, framing parental influence solely as deterministic overlooks the crucial role of temperament. A child’s innate personality – their level of introversion, sensitivity, or resilience – significantly moderates the impact of their upbringing. A highly sensitive child, for instance, may be profoundly affected by parental criticism, while a more robust child might shrug it off. This interaction between nature and nurture creates a unique developmental trajectory for each individual. Therefore, understanding parental influence requires acknowledging the child’s inherent characteristics and the dynamic interplay between those characteristics and the environment.",122,ai_neutral,AI,Parental Influence
"Consider the subtle ways parents communicate expectations through seemingly innocuous choices. The books they read aloud, the activities they prioritize, the professions they subtly praise or dismiss – all contribute to a child’s understanding of what is valued in the world. This isn’t necessarily about overt pressure; often, it’s a matter of creating a cultural context within the family. A household that consistently celebrates intellectual achievement, for example, may inadvertently discourage artistic pursuits, even if those pursuits aren’t explicitly forbidden. These implicit messages, absorbed over years, can profoundly shape a child’s self-perception, career aspirations, and overall life choices, often operating outside of conscious awareness.",104,ai_neutral,AI,Parental Influence
"From a sociological perspective, parental influence functions as a primary mechanism for the transmission of cultural capital. This encompasses not just financial resources, but also social networks, educational attainment, and a set of culturally valued skills and knowledge. Children from privileged backgrounds often inherit advantages that extend far beyond their parents’ direct efforts, providing them with access to opportunities unavailable to others. Conversely, children from disadvantaged backgrounds may face systemic barriers that limit their potential, regardless of their individual talents or efforts. Recognizing this broader societal context is crucial for understanding the complex interplay between parental influence and social mobility, and for addressing inequalities that perpetuate cycles of disadvantage.",109,ai_neutral,AI,Parental Influence
"Isn't it curious how often we attribute our core beliefs – not just habits, but fundamental perspectives – to the echoes of our upbringing? Parental influence isn’t simply about direct instruction; it’s a pervasive atmospheric pressure shaping our emotional landscapes. Children, acting as remarkably sensitive barometers, absorb not only *what* their parents say, but *how* they say it, the unspoken anxieties hovering in the air, and the values demonstrated through consistent action (or inaction). This absorption creates internal working models of relationships, self-worth, and the world’s inherent safety. Consequently, even conscious rebellion can be interpreted as a reaction *to* that initial influence, proving its enduring power. The challenge, then, isn’t necessarily escaping parental patterns, but becoming aware of them to consciously choose which to perpetuate and which to revise.",129,ai_neutral,AI,Parental Influence
"The concept of ‘good parenting’ often centers on providing a secure base, but a less discussed facet of parental influence lies in the transmission of coping mechanisms. Consider families navigating chronic stress – financial hardship, illness, or systemic discrimination. Parents, themselves grappling with adversity, inevitably model strategies for managing (or mismanaging) that stress. A parent who consistently avoids conflict might inadvertently teach a child to suppress their needs, while one who reacts with explosive anger could instill a pattern of reactive aggression. These aren’t necessarily conscious choices, but rather ingrained responses passed down through generations. Breaking these cycles requires self-awareness, intentionality, and often, therapeutic intervention to unlearn deeply rooted behavioral patterns.",111,ai_neutral,AI,Parental Influence
"“We inherit the earth from our ancestors, but borrow it from our children,” a proverb often attributed to Native American wisdom, highlights a crucial dimension of parental influence: legacy. Parents aren’t merely shaping an individual; they’re contributing to a continuing narrative. This extends beyond genetics and material possessions to encompass cultural values, social capital, and a sense of belonging. A family that prioritizes education, civic engagement, or artistic expression is actively building a legacy for future generations. Conversely, patterns of apathy, prejudice, or isolation can also be inherited. Recognizing this broader responsibility can shift the focus from immediate gratification to long-term impact, prompting parents to consider the world they are leaving behind.",112,ai_neutral,AI,Parental Influence
"From a neurological perspective, parental influence begins even *before* birth. The prenatal environment – a mother’s stress levels, nutrition, and even emotional state – directly impacts fetal brain development. Postnatally, the consistent responsiveness (or lack thereof) of caregivers shapes the architecture of a child’s developing nervous system. Secure attachment, fostered through consistent care and emotional attunement, promotes the growth of neural pathways associated with emotional regulation and resilience. Conversely, inconsistent or neglectful care can lead to heightened stress responses and difficulties forming healthy relationships. This early neurobiological imprinting underscores the profound and lasting impact of early parental interactions.",98,ai_neutral,AI,Parental Influence
"Observing the subtle ways parents project their own unfulfilled ambitions onto their children is a common, and often unconscious, dynamic. It’s not always about overt pressure to pursue a specific career path; it can manifest as subtle encouragement towards activities that align with the parent’s own passions or regrets. A former athlete might steer their child towards sports, while a frustrated artist might champion creative pursuits. While well-intentioned, this projection can inadvertently stifle a child’s authentic self-discovery. The healthiest parental influence allows space for a child to explore their own interests, even if they diverge from the parent’s expectations, fostering a sense of autonomy and intrinsic motivation.",107,ai_neutral,AI,Parental Influence
"Considering the evolving landscape of modern relationships, the question of marital prospects often hinges less on societal expectation and more on individual financial stability. Increasingly, potential partners assess not just emotional compatibility, but also career trajectories, debt levels, and long-term earning potential. This isn’t necessarily a cynical shift, but a pragmatic response to the rising costs of living and the desire for a secure future. Homeownership, childcare, and even everyday expenses demand a level of financial comfort previously less critical for establishing a household. While love remains a vital component, a shared economic vision and demonstrable financial responsibility are becoming non-negotiable criteria for many seeking a lifelong commitment. This trend impacts dating app profiles, conversation topics, and ultimately, the selection process itself.",122,ai_neutral,AI,Marital Prospects
"The pursuit of a life partner, viewed through the lens of attachment theory, reveals that marital prospects are deeply rooted in early childhood experiences. Individuals with secure attachment styles, fostered by consistent and responsive caregivers, generally approach relationships with trust and optimism, readily forming healthy, lasting bonds. Conversely, those with anxious or avoidant attachment styles may struggle with intimacy, commitment, or fear of abandonment, impacting their ability to navigate the complexities of marriage. Understanding one’s own attachment patterns – and recognizing those in potential partners – can be instrumental in predicting long-term compatibility. Therapy and self-awareness play a crucial role in addressing insecure attachment, ultimately improving the chances of a fulfilling and stable marital future.",115,ai_neutral,AI,Marital Prospects
"“Marry your best friend,” the adage suggests, but the practicality of this advice is often underestimated. Beyond shared interests and emotional connection, successful marital prospects depend on a fundamental alignment of values, lifestyle preferences, and communication styles. A couple who consistently disagrees on core principles – regarding family, finances, or personal growth – will likely face ongoing conflict, even with deep affection. This isn’t about finding someone identical, but rather someone whose fundamental worldview complements your own. Shared daily routines, compatible levels of social engagement, and a mutual respect for individual needs are equally important. The long-term viability of a marriage isn’t solely determined by passionate love, but by the ease and comfort of everyday life together.",117,ai_neutral,AI,Marital Prospects
"Observably, the demographic shifts in marriage rates reveal a growing trend of delayed or forgone marital commitments, particularly among highly educated women. This isn’t necessarily a rejection of marriage itself, but a reflection of expanded opportunities and evolving priorities. Women are increasingly focused on career advancement, personal fulfillment, and financial independence, often choosing to prioritize these goals over traditional marital timelines. The societal pressure to marry young has diminished, allowing individuals to pursue alternative life paths and establish themselves before considering long-term partnerships. This delay doesn’t preclude marriage entirely, but it signifies a more deliberate and considered approach to selecting a life partner, based on individual needs and aspirations.",109,ai_neutral,AI,Marital Prospects
"From a purely statistical perspective, marital prospects are significantly influenced by socioeconomic factors and geographic location. Individuals from higher socioeconomic backgrounds tend to have higher marriage rates and lower divorce rates, likely due to increased financial stability and access to resources. Similarly, certain regions exhibit stronger marriage cultures and support systems, while others demonstrate a more individualistic approach to relationships. Access to quality education, employment opportunities, and affordable housing all play a role in shaping marital outcomes. These factors aren’t deterministic, but they highlight the systemic influences that impact an individual’s ability to form and maintain a successful marriage. Ignoring these broader societal trends provides an incomplete picture of the modern marital landscape.",113,ai_neutral,AI,Marital Prospects
"Is the pursuit of a life partner truly diminishing in importance, or is it simply evolving? Contemporary societal shifts – increased financial independence for women, delayed milestones like homeownership, and the prevalence of diverse relationship structures – undeniably impact how individuals approach marital prospects. Where once marriage was often a financial or social necessity, it’s increasingly viewed as a choice predicated on emotional fulfillment and shared values. This doesn’t signal the *end* of marriage, but rather a recalibration of expectations. Potential partners are now assessed not just on their suitability for building a family or maintaining a household, but on their compatibility as intellectual peers, emotional supports, and co-creators of a meaningful life. The bar, in many ways, has been raised, leading to later marriages and a greater acceptance of alternative paths.",132,ai_neutral,AI,Marital Prospects
"The online dating landscape has fundamentally altered the calculus of marital prospects, presenting a paradox of choice. While offering access to a wider pool of potential partners than ever before, these platforms often foster a “shopping” mentality, reducing individuals to profiles and prioritizing superficial attributes. This can lead to decision fatigue and a reluctance to invest deeply in any single connection, fearing a “better” option might be just a swipe away. Furthermore, the curated nature of online profiles often obscures genuine personality traits, creating unrealistic expectations and increasing the likelihood of disappointment. Successfully navigating this environment requires a conscious effort to move beyond surface-level assessments and prioritize authentic connection, a skill not always readily developed.",115,ai_neutral,AI,Marital Prospects
"Consider the economic realities underpinning marital prospects today. Student loan debt, stagnant wages, and the rising cost of living create significant barriers to partnership, particularly for younger generations. Establishing financial stability is often prioritized *before* considering marriage, delaying the timeline for settling down. This isn’t necessarily a rejection of the institution itself, but a pragmatic response to economic pressures. Moreover, the increasing financial contributions of women to household income challenge traditional gender roles within marriage, requiring a renegotiation of expectations and responsibilities. A shared financial foundation, built on mutual respect and equitable contribution, is becoming increasingly crucial for long-term marital success.",101,ai_neutral,AI,Marital Prospects
"“Marriage is not a destination, but a journey,” a sentiment echoed by relationship therapists and long-married couples alike. This perspective highlights the ongoing work required to maintain a successful partnership, a reality often glossed over in romanticized portrayals. Marital prospects aren’t simply about finding “the one,” but about identifying someone with whom one is willing to navigate life’s inevitable challenges – financial setbacks, career changes, personal growth, and the everyday stresses of shared living. Compatibility isn’t a static quality; it’s a dynamic process of adaptation, compromise, and continuous communication. The willingness to invest in this ongoing process is arguably more important than initial attraction or shared interests.",107,ai_neutral,AI,Marital Prospects
"Observing generational trends reveals a shifting emphasis in marital prospects. While previous generations may have prioritized finding a partner to *complete* them, contemporary individuals increasingly seek someone to *complement* their already established sense of self. This reflects a growing emphasis on personal fulfillment and self-reliance. The desire for a partner is less about filling a void and more about sharing a fulfilling life with someone who supports individual growth and ambitions. This shift fosters a more egalitarian dynamic within the relationship, where both partners maintain their individual identities while building a shared future. The focus is on mutual enhancement, rather than mutual dependence.",103,ai_neutral,AI,Marital Prospects
"Considering the current social landscape, the pursuit of a life partner often feels less like a romantic quest and more like navigating a complex algorithm. Dating apps, while offering unprecedented access to potential matches, simultaneously commodify individuals, reducing them to profiles judged on curated images and brief biographies. This creates a paradox of choice, where endless options can lead to analysis paralysis and a reluctance to commit, fostering a culture of ‘keeping options open’ rather than actively building a shared future. The emphasis on superficial qualities, driven by visual platforms, can overshadow deeper compatibility factors like shared values, emotional intelligence, and long-term goals. Ultimately, successful marital prospects now require not just finding someone appealing, but also discerning genuine connection amidst the noise.",122,ai_neutral,AI,Marital Prospects
"It’s a common observation that financial stability increasingly dictates marital prospects, particularly for women. While societal norms are evolving, economic realities haven’t fully caught up. The burden of student loan debt, coupled with stagnant wages and the rising cost of living, means that many individuals, especially millennials and Gen Z, prioritize financial security when considering a long-term partner. This isn’t necessarily about gold-digging, but rather a pragmatic assessment of future viability – the ability to afford a home, raise a family, and navigate unforeseen economic challenges. Consequently, individuals with established careers and financial independence often find themselves with a wider range of potential partners, while those struggling financially may face significant hurdles.",112,ai_neutral,AI,Marital Prospects
"“The course of true love never did run smooth,” Shakespeare wrote, and while the obstacles have changed, the sentiment remains remarkably relevant. Today, however, those obstacles are often internal, stemming from individual anxieties and past experiences. A growing awareness of mental health issues, while positive, also means more people enter relationships with pre-existing trauma, attachment issues, or a fear of vulnerability. Successfully navigating these complexities requires a level of self-awareness and emotional maturity that wasn’t always prioritized in previous generations. Marital prospects, therefore, hinge not just on finding someone compatible, but on both individuals being willing to engage in the difficult work of self-improvement and mutual support.",107,ai_neutral,AI,Marital Prospects
"Perhaps the most underestimated factor influencing marital prospects is the evolving definition of partnership itself. Traditional gender roles are being challenged, and expectations around domestic labor, childcare, and career ambitions are shifting. A successful modern marriage requires a genuine commitment to equality and a willingness to negotiate roles and responsibilities based on individual strengths and preferences, rather than societal expectations. This necessitates open communication, a shared vision for the future, and a flexible approach to navigating life’s inevitable challenges. Couples who can embrace this fluidity and prioritize mutual respect are far more likely to build a lasting and fulfilling partnership.",100,ai_neutral,AI,Marital Prospects
"Reflecting on the current dating scene, it’s clear that a significant barrier to marital prospects is simply a lack of practice in forming deep, meaningful connections. Social media and constant digital stimulation have arguably eroded our ability to engage in genuine face-to-face interaction, fostering a culture of superficiality and instant gratification. Many individuals lack the skills necessary to navigate vulnerability, resolve conflict constructively, or build emotional intimacy. Consequently, even when promising connections are made, they often falter due to a lack of foundational communication skills and an inability to sustain long-term emotional investment. Rebuilding these skills requires intentional effort and a willingness to prioritize quality over quantity in our relationships.",110,ai_neutral,AI,Marital Prospects
"Considering the current dating landscape, it’s clear that assessing marital prospects isn’t simply about finding someone compatible; it’s about evaluating long-term life alignment. Beyond shared hobbies and immediate attraction lies a crucial examination of financial habits, career ambitions, and core values. A prospective partner’s relationship with their family offers significant insight – are they supportive and healthy, or fraught with conflict? Equally important is observing how they handle stress and setbacks; resilience is paramount for navigating the inevitable challenges of a long-term commitment. Ultimately, successful marital prospects hinge on a realistic appraisal of these deeper, less glamorous aspects of a person’s character, rather than solely focusing on romantic ideals.",109,ai_neutral,AI,Marital Prospects
"The notion that “opposites attract” often proves misleading when contemplating marriage. While initial sparks might fly with someone vastly different, sustained compatibility requires a foundation of shared fundamental beliefs. This isn’t about mirroring every preference, but rather aligning on crucial life decisions – parenting styles, geographic preferences, and approaches to personal growth. A significant disparity in these areas can create friction that, over time, erodes the initial attraction. Therefore, evaluating marital prospects should prioritize identifying someone whose worldview complements your own, fostering a partnership built on mutual understanding and collaborative decision-making, rather than constant negotiation of opposing viewpoints.",98,ai_neutral,AI,Marital Prospects
"“Communication is key,” a cliché, perhaps, but undeniably true when assessing potential long-term partners. However, it’s not merely *that* someone communicates well, but *how* they communicate, particularly during conflict. Do they listen actively, seeking to understand your perspective, or do they become defensive and dismissive? Observe their ability to articulate their own needs and boundaries respectfully. A healthy relationship requires open, honest, and vulnerable communication, even – and especially – when tackling difficult subjects. A reluctance to engage in constructive dialogue, or a pattern of passive-aggressive behavior, are significant red flags when considering marital prospects.",95,ai_neutral,AI,Marital Prospects
"Let’s be frank: assessing marital prospects requires a degree of self-awareness often overlooked. Before scrutinizing a potential partner, it’s vital to honestly evaluate your own readiness for commitment. Are you emotionally mature enough to navigate the complexities of a long-term relationship? Have you addressed any personal issues or unresolved traumas that might hinder your ability to be a supportive and reliable partner? Projecting unrealistic expectations onto someone else, or seeking a partner to “fix” your own problems, is a recipe for disaster. A strong foundation of self-knowledge is essential for making informed decisions about marital prospects.",96,ai_neutral,AI,Marital Prospects
"Often, the most telling indicators of marital potential aren’t grand gestures, but consistent, everyday behaviors. Observe how a potential partner treats service staff, interacts with animals, and handles minor inconveniences. These seemingly insignificant moments reveal a great deal about their character – their level of empathy, patience, and respect. Do they exhibit kindness and consideration even when no one is watching? A pattern of rudeness, entitlement, or disregard for others suggests a lack of emotional intelligence that could prove detrimental in a marriage. These subtle cues, when carefully considered, can provide a more accurate assessment of marital prospects than any carefully curated date.",103,ai_neutral,AI,Marital Prospects
"Considering the sheer volume of data now available through online dating and social networking, the assessment of marital prospects has become a surprisingly quantifiable endeavor. Algorithms promise compatibility based on shared interests, values, and even predicted long-term behavioral patterns. However, reducing a lifetime partnership to a series of data points overlooks the crucial element of unpredictable human connection. While these tools can broaden the pool of potential partners and identify initial commonalities, genuine compatibility arises from navigating challenges *together*, a process impossible to simulate beforehand. The focus shifts from finding a ‘perfect match’ – a statistically improbable outcome – to identifying someone with the capacity for growth, compromise, and sustained emotional investment. Ultimately, data can *inform* choices, but it cannot *dictate* destiny.",122,ai_neutral,AI,Marital Prospects
"The societal pressure to secure marital prospects, though often unspoken, continues to shape individual life trajectories, particularly for women. Historically, a woman’s worth was frequently tied to her marital status, a legacy that subtly persists even in modern, egalitarian societies. This manifests not as overt expectation, but as a pervasive narrative celebrating weddings and partnerships while often marginalizing alternative life choices. Consequently, individuals may internalize this pressure, leading to rushed decisions or a sense of incompleteness if they haven’t found a partner by a certain age. Recognizing this ingrained bias is crucial for fostering a more inclusive understanding of fulfillment, one where personal happiness isn’t contingent upon achieving a specific relationship status.",112,ai_neutral,AI,Marital Prospects
"“All happy families are alike,” Tolstoy famously wrote, but the pursuit of that familial happiness often begins with a pragmatic evaluation of marital prospects. Beyond emotional connection, factors like financial stability, career compatibility, and shared life goals play a significant role in long-term relationship success. This isn’t to suggest that love is transactional, but rather that sustainable partnerships require a degree of practical alignment. Ignoring these considerations in favor of purely romantic feelings can lead to avoidable stress and conflict down the line. A realistic assessment of these elements, alongside emotional compatibility, provides a more solid foundation for building a lasting future together.",103,ai_neutral,AI,Marital Prospects
"From a philosophical perspective, the very notion of “marital prospects” implies a consumerist approach to relationships – a search for the ‘best’ partner as if selecting a product. This framing diminishes the reciprocal nature of love and commitment, suggesting that happiness is something *found* rather than *created*. A more nuanced view acknowledges that relationships are dynamic processes requiring continuous effort, vulnerability, and mutual adaptation. Instead of focusing on identifying the ideal partner, perhaps the emphasis should be on cultivating the capacity for deep connection and compassionate understanding, qualities that can transform any compatible individual into a fulfilling life partner.",99,ai_neutral,AI,Marital Prospects
"Observably, the landscape of marital prospects is dramatically altered by geographic mobility and increasingly specialized career paths. Individuals are less likely to meet potential partners through traditional community networks – schools, churches, workplaces – and more reliant on digital platforms or chance encounters during travel. This dispersal necessitates a greater willingness to step outside one’s comfort zone and engage with individuals from diverse backgrounds and perspectives. Furthermore, the demands of modern careers often leave less time for cultivating relationships, requiring intentionality and prioritization to nurture budding connections into lasting partnerships. The challenge, then, isn’t simply *finding* prospects, but actively *creating* opportunities for meaningful interaction.",104,ai_neutral,AI,Marital Prospects
"Isn't it strange how easily we categorize people, reducing complex individuals to curated online profiles or snap judgments based on appearance? Superficiality, in its modern guise, isn’t necessarily about malice, but a pervasive lack of sustained attention. We skim surfaces, absorbing information in digestible snippets, prioritizing aesthetics over substance. This extends beyond personal interactions; marketing thrives on it, selling us aspirations rather than genuine value. The constant bombardment of idealized images fosters a culture where self-worth is tied to external validation, encouraging a performance of happiness rather than its authentic experience. Consequently, deeper connections become harder to forge, replaced by a network of fleeting, shallow engagements. It’s a cycle fueled by convenience and a fear of vulnerability.",117,ai_neutral,AI,Superficiality
"The relentless pursuit of “likes” and followers reveals a disturbing trend: the commodification of personality. Superficiality isn’t simply a personal failing, but a systemic issue embedded within the architecture of social media. Platforms incentivize the presentation of an idealized self, rewarding performative authenticity and punishing genuine, messy humanity. This creates a feedback loop where individuals are encouraged to prioritize image over integrity, crafting narratives designed to maximize engagement rather than reflect reality. The result is a distorted social landscape where genuine connection is sacrificed at the altar of popularity, and self-expression becomes a carefully calculated act. This isn’t about vanity; it’s about navigating a system that prioritizes visibility above all else.",111,ai_neutral,AI,Superficiality
"Consider the meticulously staged home, devoid of lived-in chaos, presented as aspirational lifestyle content. This isn’t a new phenomenon; throughout history, societies have valued outward displays of wealth and status. However, the current iteration of superficiality differs in its accessibility and pervasiveness. Previously, maintaining a facade of perfection was largely limited to the elite. Now, anyone with a smartphone can participate, contributing to a collective illusion of flawless existence. This constant exposure to curated realities breeds discontent, fostering a sense of inadequacy and fueling a relentless cycle of consumption. The underlying issue isn’t the desire for improvement, but the belief that happiness resides in achieving an unattainable standard of external perfection.",111,ai_neutral,AI,Superficiality
"“We are what we pretend to be, so we must be careful about what we pretend to be,” Kurt Vonnegut once wrote, a sentiment that resonates deeply when examining the roots of superficiality. At its core, it’s a defense mechanism, a way to navigate a world perceived as judgmental and unforgiving. By presenting a carefully constructed persona, individuals attempt to control how they are perceived, shielding themselves from potential rejection or vulnerability. This isn’t necessarily conscious deception, but a learned behavior, a survival strategy. However, the long-term cost is a disconnect from one’s authentic self, leading to feelings of emptiness and alienation. True connection requires risk, the willingness to be seen, flaws and all.",114,ai_neutral,AI,Superficiality
"Observing political discourse, it’s clear that superficiality extends far beyond personal interactions. Sound bites, emotionally charged rhetoric, and the prioritization of image over policy substance have become hallmarks of modern campaigning. Complex issues are reduced to simplistic narratives, appealing to base emotions rather than fostering critical thinking. This isn’t merely a matter of media sensationalism; it reflects a broader societal trend towards instant gratification and a diminished capacity for nuanced understanding. The consequences are profound, hindering meaningful dialogue and eroding trust in institutions. When substance is sacrificed for spectacle, informed decision-making becomes increasingly difficult, leaving citizens vulnerable to manipulation and misinformation.",101,ai_neutral,AI,Superficiality
"Is it possible to build a life on shimmering surfaces, devoid of genuine connection? Superficiality, at its core, isn’t simply about appearances; it’s a deliberate avoidance of depth, a preference for the easily digestible over the complex and challenging. We curate online personas, meticulously crafting images of success and happiness, often masking insecurities and vulnerabilities. This performative existence extends beyond the digital realm, influencing how we interact in person, prioritizing social acceptance over authentic self-expression. The danger lies not in wanting to be liked, but in losing sight of *who* we are in the pursuit of approval. Ultimately, a life built on superficiality is a fragile one, susceptible to collapse at the first sign of genuine scrutiny.",117,ai_neutral,AI,Superficiality
"The relentless pursuit of novelty fuels a particularly insidious form of superficiality in contemporary culture. Constantly bombarded with new trends, products, and experiences, we’ve become conditioned to skim the surface, rarely pausing to truly engage with anything for an extended period. This isn’t limited to consumerism; it permeates our relationships, our hobbies, and even our understanding of complex issues. A headline replaces informed opinion, a fleeting interest supplants genuine passion. The result is a pervasive sense of emptiness, a feeling that something is missing despite being surrounded by an abundance of *things*. This shallow engagement prevents the development of meaningful expertise or lasting fulfillment.",104,ai_neutral,AI,Superficiality
"“All that glitters is not gold,” a proverb echoing through centuries, speaks directly to the deceptive nature of superficiality. However, it’s crucial to acknowledge that a degree of presentation is inherent in human interaction. We all engage in social masking to some extent, adjusting our behavior to fit different contexts. The problem arises when this masking becomes the default, when the curated self entirely eclipses the authentic one. This isn’t necessarily malicious; often, it’s a learned survival mechanism, a way to navigate a world that often prioritizes image over substance. Recognizing this nuance is the first step towards dismantling the cycle.",101,ai_neutral,AI,Superficiality
"Consider the architecture of modern cities – gleaming skyscrapers and meticulously landscaped parks often conceal underlying social inequalities and environmental concerns. This physical manifestation mirrors a broader societal tendency towards superficiality, where aesthetic appeal is prioritized over genuine well-being. Politicians offer soundbites instead of solutions, corporations prioritize branding over ethical practices, and individuals prioritize projecting an image of success over cultivating inner peace. This focus on the external creates a distorted reality, obscuring the systemic issues that demand attention and fostering a culture of complacency. It’s a distraction tactic, brilliantly executed on a grand scale.",95,ai_neutral,AI,Superficiality
"Ironically, the fear of vulnerability often *creates* the superficiality we claim to despise. We build walls around ourselves, presenting a polished exterior to protect against potential judgment or rejection. This self-preservation, while understandable, ultimately hinders genuine connection. True intimacy requires risk, a willingness to be seen, flaws and all. When we prioritize avoiding discomfort over fostering authenticity, we condemn ourselves to a life of shallow interactions and unfulfilled desires. Breaking down these walls isn’t easy, but it’s the only path towards a more meaningful and rewarding existence, one built on genuine connection rather than carefully constructed facades.",97,ai_neutral,AI,Superficiality
"Isn't it strange how easily we categorize people, reducing complex individuals to curated online profiles or snap judgments based on appearance? Superficiality, at its core, is this relentless drive to assess worth based on the immediately visible, a shortcut that bypasses genuine connection. It thrives in environments saturated with imagery – social media, advertising, even casual encounters – where presentation often eclipses substance. This isn’t merely about vanity; it’s a defense mechanism, a way to navigate a world overflowing with information by filtering it through easily digestible, albeit often inaccurate, criteria. The cost, however, is a diminished capacity for empathy and a pervasive sense of disconnection, leaving us surrounded by polished surfaces and starved for authentic interaction.",117,ai_neutral,AI,Superficiality
"The chipped paint on the antique music box revealed more of its history, its soul, than the gleaming lacquer ever could. Similarly, superficiality operates by prioritizing the flawless facade, actively concealing the imperfections that define a true narrative. It’s a cultural preference for the highlight reel, a rejection of the messy, vulnerable parts of being human. This isn’t simply a personal failing, but a systemic issue reinforced by industries built on aspiration and idealized representations. Consider the relentless pursuit of ‘perfection’ in beauty standards, or the carefully constructed personas of influencers – all designed to present a reality that is fundamentally unattainable and, ultimately, hollow.",105,ai_neutral,AI,Superficiality
"“We are what we pretend to be, so it is better to be what we want to be,” a cynical observation that, while provocative, highlights the performative nature of modern life and the breeding ground for superficiality. The pressure to conform to perceived expectations, to project an image of success or happiness, often leads to a disconnect between our internal experience and external presentation. This constant performance isn’t necessarily malicious; it’s often a desperate attempt to belong, to be accepted. However, it fosters a culture of inauthenticity, where genuine self-expression is stifled and meaningful relationships are replaced by transactional interactions.",100,ai_neutral,AI,Superficiality
"Imagine a garden filled with plastic flowers – visually appealing at first glance, but utterly devoid of fragrance or life. This analogy captures the essence of superficiality: a captivating illusion that lacks depth and substance. It’s a world built on fleeting trends and disposable connections, where value is assigned based on popularity rather than intrinsic worth. The danger lies not just in the deception itself, but in the erosion of our ability to discern genuine quality. When constantly bombarded with artificiality, we risk losing our appreciation for the raw, imperfect beauty of the real world, becoming desensitized to authenticity and increasingly reliant on superficial markers of value.",107,ai_neutral,AI,Superficiality
"Reflecting on a recent networking event, it struck me how many conversations revolved around job titles and accomplishments, rarely venturing beyond surface-level details. This isn’t to dismiss ambition, but to question the emphasis placed on external validation. Superficiality, in professional contexts, often manifests as a relentless pursuit of status and recognition, overshadowing genuine collaboration and intellectual curiosity. It creates a competitive environment where individuals are judged not by their contributions, but by their perceived position within a hierarchy. This ultimately hinders innovation and fosters a culture of self-promotion, prioritizing image over impact.",92,ai_neutral,AI,Superficiality
"Isn't it strange how easily we categorize people, reducing complex individuals to curated online profiles or snap judgments based on appearance? Superficiality, at its core, is this relentless prioritization of surface-level qualities over genuine substance. It’s a cultural current fueled by social media, advertising, and a pervasive anxiety about authenticity. We’re encouraged to *present* a perfect life, a flawless image, rather than *live* one. This constant performance breeds a disconnect, not only from ourselves but from meaningful connection with others. The pursuit of external validation becomes paramount, eclipsing the development of inner values and genuine self-understanding. Ultimately, a life built on superficiality is a fragile one, easily shattered by the inevitable imperfections of reality.",114,ai_neutral,AI,Superficiality
"The modern workplace, despite rhetoric about valuing diversity and inclusion, often operates on a foundation of superficial assessments. Consider the emphasis placed on “personal branding” and networking – skills that, while useful, can easily overshadow actual competence. A polished presentation, a confident handshake, and the ability to “work a room” frequently carry more weight than demonstrable expertise or innovative thinking. This isn’t to say these skills are unimportant, but their disproportionate influence reveals a troubling trend. It suggests that appearances and perceived potential are often prioritized over proven ability, creating an environment where genuine talent can be overlooked in favor of those who excel at self-promotion. This ultimately stifles innovation and rewards conformity.",113,ai_neutral,AI,Superficiality
"“We are what we pretend to be, so we must be careful about what we pretend to be,” Kurt Vonnegut once wrote, a sentiment that perfectly encapsulates the insidious nature of superficiality. It’s not merely about judging others; it’s about the self-deception we engage in to meet perceived societal expectations. We construct personas, carefully managing impressions to gain acceptance or achieve desired outcomes. This constant act of fabrication erodes our sense of self, creating a chasm between who we are and who we present to the world. The energy expended on maintaining this facade could be channeled into genuine growth and self-discovery, but instead, it’s consumed by the anxieties of exposure and the fear of being “unmasked.”",117,ai_neutral,AI,Superficiality
"Observe the proliferation of filters and editing apps – digital tools designed to refine and perfect our self-representation. This isn’t simply about vanity; it’s a symptom of a deeper cultural malaise. The relentless pursuit of an unattainable ideal, propagated by heavily curated media, has warped our perception of beauty and authenticity. We’ve become accustomed to seeing only polished, perfected versions of reality, leading to dissatisfaction with our own natural imperfections. This constant comparison fosters insecurity and fuels a cycle of self-improvement driven not by genuine desire, but by a desperate attempt to conform to an artificial standard. The result is a collective erosion of self-acceptance and a distorted understanding of what truly constitutes beauty.",114,ai_neutral,AI,Superficiality
"Superficiality isn’t simply a personal failing; it’s a systemic issue embedded within our consumer culture. Advertising, by its very nature, relies on appealing to our desires for status, belonging, and external validation. Products are rarely marketed based on their inherent utility; instead, they’re presented as symbols of a desired lifestyle, promising to enhance our image and elevate our social standing. This constant bombardment of aspirational imagery cultivates a mindset where worth is equated with possessions and appearances. Consequently, we become increasingly focused on acquiring external markers of success, neglecting the cultivation of inner qualities like empathy, integrity, and intellectual curiosity.",100,ai_neutral,AI,Superficiality
"Isn't it strange how easily we categorize people, reducing complex individuals to curated online profiles or snap judgments based on appearance? Superficiality, at its core, is a failure of curiosity, a preference for the readily digestible over the effort of genuine understanding. This isn’t merely a personal failing; it’s actively encouraged by systems prioritizing image – social media algorithms rewarding aesthetically pleasing content, marketing campaigns exploiting insecurities, and a culture obsessed with ‘personal branding.’ The consequence is a diminished capacity for empathy, a world populated by caricatures rather than characters, and a pervasive sense of disconnection despite being hyper-connected. We trade depth for breadth, accumulating acquaintances instead of cultivating meaningful relationships, ultimately impoverishing our own internal landscapes.",117,ai_neutral,AI,Superficiality
"The rise of influencer culture provides a particularly stark illustration of superficiality’s contemporary power. What was once considered private – personal routines, opinions, even vulnerabilities – is now meticulously crafted content, designed to project an aspirational, yet often unattainable, lifestyle. This isn’t simply about harmless self-promotion; it’s a carefully constructed performance, where authenticity is a commodity to be simulated. The danger lies in the normalization of this performance, leading audiences to internalize unrealistic standards and measure their own worth against curated illusions. Consequently, genuine self-expression is stifled, replaced by a relentless pursuit of external validation, and a growing anxiety about failing to meet manufactured ideals.",105,ai_neutral,AI,Superficiality
"Philosophically speaking, superficiality represents a retreat from existential responsibility. To truly engage with another person, or even with oneself, requires confronting uncomfortable truths, acknowledging imperfections, and embracing the ambiguity inherent in the human condition. It’s far easier to remain on the surface, to judge based on readily apparent characteristics, and to avoid the messy work of introspection. This avoidance, however, comes at a cost. By refusing to delve beneath the surface, we limit our own growth, perpetuate harmful stereotypes, and ultimately deny ourselves the richness and complexity of a fully lived life. The comfort of shallowness is a deceptive one, offering temporary relief at the expense of lasting fulfillment.",109,ai_neutral,AI,Superficiality
"Consider the historical context: throughout much of human history, social status was visibly displayed through clothing, ornamentation, and ritual. While these displays weren’t *always* superficial, they often prioritized outward appearance over genuine merit. However, the modern iteration differs significantly. Today, superficiality isn’t necessarily about signaling status; it’s about *creating* a desired perception, often divorced from reality. The proliferation of filters, editing tools, and carefully staged photographs allows individuals to construct idealized versions of themselves, blurring the lines between authenticity and fabrication. This constant performance isn’t about impressing others as much as it is about convincing oneself of the constructed narrative.",100,ai_neutral,AI,Superficiality
"“All that glitters is not gold,” a proverb often dismissed as cliché, remains profoundly relevant when examining the pervasive nature of superficiality. Practically, this manifests in our consumer choices, our media consumption, and even our political discourse. We are bombarded with messages prioritizing style over substance, novelty over durability, and sensationalism over accuracy. This constant exposure erodes our critical thinking skills, making us more susceptible to manipulation and less likely to engage with complex issues. Breaking free from this cycle requires a conscious effort to prioritize depth, to seek out authentic experiences, and to cultivate a discerning eye capable of recognizing the difference between genuine value and empty spectacle.",109,ai_neutral,AI,Superficiality
"Is it possible to be utterly surrounded by people and still feel profoundly alone? Social isolation isn’t simply about physical distance; it’s a subjective experience of disconnection, a perceived lack of meaningful relationships. Modern life, despite its hyper-connectivity, ironically fosters this feeling through superficial interactions and the curated realities presented on social media. The constant comparison to others’ highlight reels can breed inadequacy and a sense of not belonging. This isn’t merely a psychological state, however. Prolonged social isolation demonstrably weakens the immune system, increases the risk of cardiovascular disease, and accelerates cognitive decline. Addressing this requires a conscious effort to cultivate genuine connections, prioritizing quality over quantity in our relationships, and actively seeking opportunities for shared experiences.",118,ai_neutral,AI,Social Isolation
"The rise of remote work, while offering flexibility, presents a subtle but significant challenge to social wellbeing. Beyond the obvious lack of daily office interactions, the blurring of boundaries between work and personal life can erode the structures that naturally facilitate social connection. Lunch breaks become working lunches, water cooler conversations disappear, and spontaneous collaborations are replaced by scheduled video calls. This isn’t to suggest remote work is inherently detrimental, but rather that it demands intentionality. Companies must actively foster virtual communities, encourage non-work-related interactions, and prioritize employee mental health. Individuals, too, need to proactively schedule social activities and maintain connections outside of their professional sphere to counteract the isolating effects of a digitally-mediated existence.",115,ai_neutral,AI,Social Isolation
"“The worst loneliness is not to be alone, but to be among thousands and to feel unseen,” wrote Simone Weil, a sentiment that resonates deeply in our increasingly populous world. This speaks to the qualitative aspect of isolation – it’s not about *how many* people you encounter, but *how well* you are known and understood. A crowded city can be a breeding ground for anonymity, where individuals exist in close proximity yet remain emotionally distant. This form of isolation often disproportionately affects marginalized communities, where systemic barriers and discrimination can limit access to social networks and opportunities for inclusion. Breaking down these barriers requires a commitment to fostering inclusive spaces and actively challenging societal norms that perpetuate exclusion.",118,ai_neutral,AI,Social Isolation
"Consider the elderly population, often facing a confluence of factors that contribute to social isolation. Retirement can lead to a loss of purpose and routine, while declining health and mobility can limit their ability to participate in social activities. The loss of spouses and friends further exacerbates feelings of loneliness. However, the issue isn’t simply about aging; it’s about a societal tendency to undervalue the contributions of older adults and to overlook their need for connection. Intergenerational programs, community centers offering accessible activities, and proactive outreach initiatives are crucial for combating this often-invisible epidemic. Ensuring older adults remain engaged and connected is not just a matter of compassion, but a societal imperative.",112,ai_neutral,AI,Social Isolation
"From a neurological perspective, social interaction is as fundamental to human survival as food and water. Our brains are wired for connection, releasing dopamine and oxytocin during positive social exchanges – neurochemicals associated with pleasure, trust, and bonding. Conversely, prolonged social isolation triggers the release of cortisol, the stress hormone, leading to heightened anxiety and depression. This biological response underscores the profound impact of social connection on our mental and physical health. Recognizing this inherent need, public health initiatives should prioritize social connectedness as a core component of preventative care, alongside traditional measures like diet and exercise.",97,ai_neutral,AI,Social Isolation
"Is it possible to feel utterly alone even within a crowd? Social isolation isn’t simply about physical distance; it’s a subjective experience of disconnection, a perceived lack of meaningful relationships and belonging. This feeling can stem from various sources – relocation, job loss, the ending of a significant relationship, or even a gradual drifting apart from established networks. The consequences extend beyond emotional distress, impacting physical health through increased cortisol levels and weakened immune function. Crucially, it’s not the *quantity* of interactions that matters, but the *quality*. Superficial engagements offer little solace against the ache of genuine loneliness, highlighting the human need for reciprocal care and understanding. Recognizing this distinction is the first step towards addressing the pervasive issue of modern isolation.",122,ai_neutral,AI,Social Isolation
"The rise of digital connectivity, paradoxically, appears to be fueling a growing epidemic of social isolation. While platforms promise connection, they often deliver curated performances of self, fostering comparison and a sense of inadequacy. Scrolling through endless feeds of seemingly perfect lives can exacerbate feelings of loneliness, creating a distorted perception of social reality. Furthermore, online interactions frequently lack the nuanced nonverbal cues crucial for building genuine rapport. This isn’t to demonize technology, but to acknowledge its potential to *simulate* connection without providing the deep, empathetic bonds humans require. A mindful approach to digital engagement, prioritizing real-world interactions, is essential to counteract this trend.",104,ai_neutral,AI,Social Isolation
"Consider the elderly widow, quietly tending her garden, surrounded by memories but lacking daily companionship. Social isolation disproportionately affects vulnerable populations – the elderly, individuals with disabilities, and those experiencing chronic illness. Often, these individuals face systemic barriers to participation, including limited mobility, financial constraints, and a lack of accessible social programs. But the issue isn’t solely logistical. Societal attitudes towards aging and disability can contribute to feelings of invisibility and marginalization, further reinforcing isolation. Addressing this requires a multi-faceted approach: increased funding for community support services, initiatives to combat ageism and ableism, and a conscious effort to include these populations in everyday life.",104,ai_neutral,AI,Social Isolation
"“The worst loneliness is not to be alone, but to be among people and feel unseen.” This observation by author Vivian Gornick cuts to the core of a particularly insidious form of social isolation: emotional isolation. It’s the experience of being surrounded by others yet feeling fundamentally misunderstood, unable to share one’s authentic self without fear of judgment or rejection. This can occur within families, workplaces, or even close friendships. The consequences are profound, leading to feelings of alienation, anxiety, and depression. Breaking down these emotional barriers requires vulnerability, active listening, and a willingness to create spaces where genuine connection can flourish – spaces where individuals feel safe to express their thoughts and feelings without reservation.",116,ai_neutral,AI,Social Isolation
"From an evolutionary perspective, social isolation was historically a death sentence. Humans are inherently social creatures, reliant on group cohesion for survival. The brain is wired for connection, releasing neurochemicals like oxytocin that promote bonding and well-being. When these connections are severed, the brain interprets it as a threat, triggering stress responses and impacting cognitive function. While the stakes are no longer quite so literal, the biological imperative for social connection remains. Understanding this deep-rooted need can help us appreciate the profound impact of isolation and prioritize strategies for fostering stronger, more resilient communities – recognizing that social health is as vital as physical health.",105,ai_neutral,AI,Social Isolation
"Is it possible to be utterly surrounded by people and still feel profoundly alone? Social isolation isn’t simply about physical distance; it’s a subjective experience of disconnection, a perceived lack of meaningful relationships and belonging. This feeling can arise even within crowded spaces, fueled by a sense of not being understood, valued, or truly *seen*. Modern life, with its emphasis on individual achievement and digital interaction, ironically contributes to this paradox. While technology promises connection, it often delivers superficial engagements that fail to satisfy our deep-seated need for genuine intimacy. The consequences extend beyond emotional distress, impacting physical health and cognitive function, highlighting isolation as a significant public health concern.",110,ai_neutral,AI,Social Isolation
"The quiet hum of an empty apartment, the unanswered texts, the cancelled plans – these are the subtle indicators of a creeping social isolation that often goes unnoticed until it’s deeply entrenched. Unlike loneliness, which is the *desire* for connection, isolation is the *lack* of it, a state of having few social contacts and infrequent interactions. This isn’t merely a problem for the elderly, though they are particularly vulnerable; young adults navigating new cities, remote workers, and individuals facing discrimination all experience heightened risks. Prolonged isolation erodes social skills, making re-engagement even more challenging, creating a vicious cycle of withdrawal and diminished well-being.",103,ai_neutral,AI,Social Isolation
"“The worst loneliness is not to be alone, but to be among thousands and to feel unseen,” wrote Simone Weil, a sentiment that encapsulates the core tragedy of social isolation. This isn’t about introversion or a preference for solitude; it’s about the absence of reciprocal relationships, the feeling of being excluded from the social fabric. Consider the impact on career advancement – networking and mentorship, crucial for professional growth, become inaccessible. Or the subtle erosion of self-worth, as validation and support dwindle. Isolation isn’t a passive state; it actively reshapes our perceptions and behaviors, fostering anxiety and a sense of powerlessness.",101,ai_neutral,AI,Social Isolation
"Imagine a city as a network of interconnected pathways. For someone experiencing social isolation, those pathways become blocked, leading to dead ends and a sense of being trapped. This isn’t necessarily due to a lack of opportunity, but rather an internal barrier – fear of rejection, low self-esteem, or a history of negative social experiences. The brain, a remarkably adaptable organ, begins to reflect this isolation, showing altered activity in regions associated with social cognition and emotional regulation. Consequently, individuals may misinterpret social cues, withdraw further, and reinforce their feelings of disconnection. Breaking down these barriers requires conscious effort, often aided by therapeutic intervention or supportive community programs.",108,ai_neutral,AI,Social Isolation
"From an evolutionary perspective, humans are fundamentally social creatures, hardwired for connection and cooperation. Our ancestors thrived through collective effort, and social bonds were essential for survival. Therefore, prolonged social isolation triggers a stress response, activating the same neural pathways as physical pain. This isn’t hyperbole; studies demonstrate that isolation weakens the immune system, increases inflammation, and elevates the risk of cardiovascular disease. Recognizing this biological imperative underscores the seriousness of the issue, moving it beyond a purely psychological concern and positioning it as a fundamental threat to human health and longevity.",92,ai_neutral,AI,Social Isolation
"Is it possible to be utterly surrounded by people and still feel profoundly alone? Social isolation isn’t simply about physical distance; it’s a subjective experience of disconnection, a perceived lack of meaningful relationships and belonging. This feeling can arise even within crowded spaces, fueled by a sense of not being understood, valued, or truly *seen*. Modern life, with its emphasis on individual achievement and digital interaction, ironically contributes to this paradox. While technology promises connection, it often delivers superficial engagements that fail to satisfy our deep-seated need for genuine intimacy. The consequences extend beyond emotional distress, impacting physical health and increasing vulnerability to mental health challenges. Recognizing this nuanced reality is the first step towards addressing the growing epidemic of loneliness.",121,ai_neutral,AI,Social Isolation
"The escalating rates of social isolation represent a significant public health concern, demanding a shift in how we approach community wellbeing. Unlike solitude, which can be restorative and chosen, isolation is often involuntary and linked to adverse outcomes like cardiovascular disease, weakened immune function, and cognitive decline. Contributing factors are multifaceted, encompassing demographic shifts – an aging population, increased single-person households – alongside societal trends like decreased civic engagement and the erosion of traditional support networks. Effective interventions require a multi-pronged strategy: fostering inclusive community spaces, promoting intergenerational programs, and addressing systemic barriers that limit social participation for vulnerable populations. Ignoring this issue carries substantial economic and societal costs.",109,ai_neutral,AI,Social Isolation
"Imagine a life where every interaction feels performative, a carefully constructed facade masking an underlying emptiness. This is the reality for many experiencing chronic social isolation. It’s not necessarily a lack of *opportunities* for connection, but a crippling fear of vulnerability, a belief that authentic self-expression will lead to rejection. This fear often stems from past experiences of trauma, bullying, or social exclusion, creating a self-perpetuating cycle. Breaking free requires cultivating self-compassion, challenging negative thought patterns, and gradually taking small risks to rebuild trust in others. Therapy, support groups, and mindful practices can provide valuable tools for navigating these complex emotional landscapes.",102,ai_neutral,AI,Social Isolation
"“The worst loneliness is not to be alone, but to be among thousands and to feel unseen.” These words by Simone Weil encapsulate a core truth about social isolation: it’s about the *quality* of connection, not the quantity. We are inherently social creatures, wired for reciprocal relationships built on empathy, trust, and shared experiences. When these elements are absent, even constant interaction can feel profoundly alienating. The rise of social media, while offering a semblance of connection, often exacerbates this feeling by presenting curated versions of reality, fostering comparison and inadequacy. Cultivating genuine connection requires intentionality – actively listening, offering support, and prioritizing face-to-face interactions.",105,ai_neutral,AI,Social Isolation
"Consider the subtle ways our built environment contributes to social isolation. Urban planning often prioritizes efficiency and individual transportation, resulting in communities designed for movement rather than interaction. Wide streets, sprawling suburbs, and a lack of public spaces discourage spontaneous encounters and limit opportunities for casual connection. Conversely, walkable neighborhoods with vibrant public squares, community gardens, and accessible parks foster a sense of belonging and encourage social interaction. Reimagining our cities and towns with a focus on social infrastructure – spaces that intentionally promote connection – is crucial for combating the growing problem of loneliness and building more resilient, thriving communities.",101,ai_neutral,AI,Social Isolation
"Is it possible to be utterly surrounded by people and still feel profoundly alone? Social isolation isn’t simply about physical distance; it’s a subjective experience of disconnection, a perceived lack of meaningful relationships. Modern life, despite its hyper-connectivity, ironically fosters this feeling through superficial interactions and the curated realities of social media. The constant comparison to others’ highlight reels can breed inadequacy and a sense of not belonging. This isn’t merely a psychological state, however. Prolonged social isolation demonstrably weakens the immune system, increases risk of cardiovascular disease, and accelerates cognitive decline. Addressing this requires a conscious effort to cultivate genuine connections, prioritizing quality over quantity in our relationships, and actively participating in communities that offer authentic support.",118,ai_neutral,AI,Social Isolation
"The rise of remote work, while offering flexibility, presents a compelling case study in the evolving nature of social isolation. Before, the daily commute, office banter, and shared lunch breaks, however trivial they seemed, provided consistent, low-stakes social interaction. Now, many individuals transition directly from personal life to work life within the same four walls, blurring boundaries and diminishing opportunities for spontaneous connection. This isn’t to demonize remote work, but to acknowledge its potential impact on social wellbeing. Companies are increasingly recognizing the need to proactively foster virtual team building and encourage in-person gatherings, understanding that productivity isn’t solely dependent on output, but also on the health and connectedness of their employees.",112,ai_neutral,AI,Social Isolation
"“The worst loneliness is not to be alone, but to be among thousands and to feel unseen.” This quote by Friedrich Nietzsche encapsulates a particularly insidious form of social isolation: feeling invisible within a crowd. This often affects marginalized communities, where systemic barriers and prejudice can lead to exclusion and a sense of not being valued. It’s a feeling compounded by the constant bombardment of images and narratives that reinforce dominant cultural norms, leaving individuals feeling alienated and unheard. Overcoming this requires not only individual efforts to connect, but also societal shifts towards greater inclusivity, empathy, and a willingness to amplify the voices of those who are often silenced.",109,ai_neutral,AI,Social Isolation
"From a neurological perspective, social interaction is as fundamental to human survival as food and water. Our brains are wired for connection; the release of oxytocin, often called the “bonding hormone,” is triggered by positive social interactions, reducing stress and promoting feelings of wellbeing. Conversely, chronic social isolation activates the brain’s threat response, leading to heightened anxiety and a predisposition towards negative thinking. This isn’t simply a matter of ‘feeling sad’; it’s a physiological process with tangible consequences for mental and physical health. Understanding this biological basis underscores the urgency of addressing social isolation as a public health concern, rather than simply an individual problem.",105,ai_neutral,AI,Social Isolation
"Consider the elderly population, often facing a confluence of factors that contribute to social isolation: retirement, loss of loved ones, declining mobility, and geographic distance from family. While technology offers some solutions – video calls, online communities – it’s often insufficient to replicate the richness and depth of in-person connection. Practical interventions, such as community centers offering social activities, volunteer programs connecting younger generations with seniors, and accessible transportation options, are crucial. But beyond these logistical solutions, a fundamental shift in societal attitudes is needed – a recognition of the inherent value and wisdom of older adults, and a commitment to ensuring they remain integrated and engaged members of our communities.",111,ai_neutral,AI,Social Isolation
"Isn't it a paradox that the spaces designed for safety – homes, families – can sometimes become the very source of lasting emotional wounds? Childhood trauma, encompassing abuse, neglect, or witnessing violence, doesn’t always leave visible scars. Often, it manifests as deeply ingrained patterns of relating, difficulty with emotional regulation, and a pervasive sense of insecurity. The developing brain, still forming crucial neural pathways, internalizes these experiences, shaping future responses to stress and connection. This isn’t about blame, but understanding the neurological impact. Individuals may struggle with trust, boundaries, or self-worth, not because of inherent flaws, but as a direct consequence of early adversity. Recognizing this foundational impact is the first step towards healing and building resilience.",117,ai_neutral,AI,Childhood Trauma
"The concept of ‘complex trauma’ highlights a particularly insidious form of childhood adversity. Unlike single-incident trauma, complex trauma arises from prolonged, repeated experiences – often within the primary relationship with a caregiver. This ongoing stress fundamentally alters a child’s developing sense of self, leading to difficulties with identity formation, emotional dysregulation, and interpersonal relationships. It’s not simply about remembering a painful event; it’s about a fractured internal world where safety is consistently undermined. Consequently, individuals may exhibit a range of symptoms, including chronic feelings of emptiness, difficulty maintaining stable relationships, and a distorted self-perception. Therapeutic interventions often focus on rebuilding a secure base and fostering self-compassion.",106,ai_neutral,AI,Childhood Trauma
"“The body keeps the score,” Bessel van der Kolk famously wrote, and this rings particularly true for those who experienced trauma in childhood. When verbal processing feels insufficient, or even re-traumatizing, somatic experiencing and other body-centered therapies can offer a pathway to healing. Trauma isn’t just stored in the brain as memories; it’s physically encoded in the nervous system, manifesting as chronic pain, digestive issues, or heightened startle responses. These physical symptoms aren’t random; they are the body’s persistent signals of unresolved distress. By gently attending to these bodily sensations, individuals can begin to release trapped energy and regain a sense of agency over their physical and emotional wellbeing.",109,ai_neutral,AI,Childhood Trauma
"Consider the intergenerational transmission of trauma – the ways in which the effects of past adversity can ripple through families. Parents who themselves experienced unresolved childhood trauma may, often unintentionally, perpetuate harmful patterns with their own children. This isn’t necessarily through direct abuse, but through emotional unavailability, inconsistent parenting, or modeling unhealthy coping mechanisms. Children, acutely sensitive to their environment, absorb these patterns, internalizing them as ‘normal.’ Breaking this cycle requires awareness, intentionality, and often, professional support to address the underlying trauma and develop healthier ways of relating. It’s a courageous act of self-reflection and a commitment to creating a different future.",102,ai_neutral,AI,Childhood Trauma
"From a developmental perspective, childhood trauma represents a disruption in the natural unfolding of growth. A child’s primary task is to develop a secure attachment to caregivers, fostering a sense of trust and safety. When this foundation is compromised, it impacts all subsequent developmental stages. For example, a child who experiences chronic neglect may struggle with forming healthy attachments in adulthood, exhibiting either avoidant or anxious attachment styles. Similarly, witnessing domestic violence can disrupt the development of emotional regulation skills, leading to difficulties managing anger or anxiety. Understanding these developmental impacts provides a framework for targeted interventions and supports the individual’s journey towards wholeness.",104,ai_neutral,AI,Childhood Trauma
"Is it possible to truly outrun the echoes of a difficult childhood? Often, the impact of early trauma isn’t a singular, dramatic event replayed on loop, but a subtle warping of the internal landscape. It manifests as a persistent feeling of unworthiness, a hyper-vigilance that exhausts the nervous system, or a difficulty forming secure attachments. These aren’t conscious choices; they’re deeply ingrained survival mechanisms developed when the world felt unsafe. The brain, in its attempt to protect a vulnerable child, creates patterns that, while adaptive then, can become limiting and painful in adulthood. Healing isn’t about erasing the past, but about rewriting the narrative, learning to recognize these patterns, and building a new foundation of self-compassion and safety.",118,ai_neutral,AI,Childhood Trauma
"The insidious nature of childhood trauma lies in its ability to normalize dysfunction. What begins as an abnormal experience – neglect, abuse, witnessing violence – can become the baseline for understanding relationships and the world. Consequently, individuals may unconsciously seek out situations that replicate the familiar, even if those situations are harmful. This isn’t a matter of self-sabotage, but a deeply rooted attempt to make sense of chaos, to find predictability within a landscape of unpredictability. Breaking this cycle requires a conscious effort to challenge ingrained beliefs, to redefine healthy boundaries, and to cultivate a sense of self that isn’t defined by past experiences.",104,ai_neutral,AI,Childhood Trauma
"“The body keeps the score,” Bessel van der Kolk famously wrote, and this rings particularly true for those grappling with the aftermath of childhood trauma. While talk therapy can be invaluable, it often bypasses the deeply held, somatic memories stored within the nervous system. Trauma isn’t simply a cognitive experience; it’s a physiological one. Symptoms like chronic pain, digestive issues, and autoimmune disorders can all be linked to unresolved trauma. Approaches like somatic experiencing, EMDR, and mindfulness-based practices aim to address these physical manifestations, helping individuals to regulate their nervous systems and release the trapped energy of past experiences.",99,ai_neutral,AI,Childhood Trauma
"Consider the ripple effect of intergenerational trauma. Adverse childhood experiences don’t exist in a vacuum; they often get passed down through families, shaping parenting styles and relationship dynamics. A parent who experienced trauma themselves may, unintentionally, perpetuate harmful patterns with their own children. This isn’t about blame, but about recognizing the cyclical nature of trauma and the importance of breaking it. Awareness is the first step – acknowledging the family history, understanding the impact of past experiences, and actively choosing to parent differently. It requires courage, self-reflection, and a commitment to healing not just for oneself, but for future generations.",100,ai_neutral,AI,Childhood Trauma
"Frequently overlooked is the impact of childhood trauma on identity formation. When a child’s sense of self is repeatedly invalidated or threatened, it can lead to a fragmented and unstable sense of identity. Individuals may struggle with questions of “Who am I?” and “What do I want?” feeling lost and disconnected from their authentic selves. This can manifest as a chameleon-like tendency to adapt to others’ expectations, a lack of clear values, or a persistent feeling of emptiness. Reclaiming a sense of self requires a process of exploration, self-discovery, and the cultivation of self-acceptance, allowing the individual to define their own narrative, independent of past wounds.",106,ai_neutral,AI,Childhood Trauma
"Isn't it a paradox that the spaces designed for safety – homes, families – can sometimes become the very source of lasting emotional wounds? Childhood trauma isn’t simply about dramatic, overt events; it encompasses a spectrum of adverse experiences, including emotional neglect, witnessing domestic violence, or consistently experiencing parental invalidation. These experiences fundamentally alter a child’s developing brain, impacting their capacity for emotional regulation, attachment, and self-perception. The insidious nature of such trauma lies in its normalization; a child may not recognize their environment as harmful, internalizing the dysfunction as their own failing. Consequently, adults who experienced this often struggle with chronic feelings of inadequacy, difficulty forming healthy relationships, and a pervasive sense of unease, even in seemingly secure situations.",120,ai_neutral,AI,Childhood Trauma
"The body remembers what the mind forgets, a chilling truth often revealed in the lives of those grappling with the aftermath of childhood trauma. Beyond the psychological impact, trauma imprints itself neurologically, manifesting as heightened stress responses, chronic pain, and autoimmune disorders. This isn’t merely a correlation; research demonstrates how early adversity alters the hypothalamic-pituitary-adrenal (HPA) axis, the body’s central stress system, leading to a state of perpetual hypervigilance. Individuals may find themselves reacting intensely to minor triggers, experiencing flashbacks, or struggling with dissociation. Understanding this physiological component is crucial for effective healing, moving beyond talk therapy to incorporate somatic experiencing and other body-centered approaches.",105,ai_neutral,AI,Childhood Trauma
"“The wound is the place where the Light enters you,” Rumi wrote, a sentiment that, while poetic, doesn’t diminish the arduous journey of healing from childhood trauma. It’s tempting to view trauma as a defining characteristic, a permanent stain on one’s identity. However, post-traumatic growth – the positive psychological change experienced as a result of struggling with highly challenging life circumstances – offers a powerful counter-narrative. This isn’t about minimizing the pain, but recognizing the potential for resilience, increased empathy, and a deeper appreciation for life. The process requires intentional self-compassion, a willingness to confront difficult emotions, and often, the support of a skilled therapist.",105,ai_neutral,AI,Childhood Trauma
"Consider the ripple effect of unresolved childhood trauma extending beyond the individual, impacting family dynamics and societal patterns. Children who experience trauma are at increased risk for substance abuse, involvement in the criminal justice system, and intergenerational transmission of harmful behaviors. This isn’t a matter of blame, but a recognition of the cyclical nature of trauma. Without intervention, patterns of abuse, neglect, and emotional dysregulation can perpetuate across generations. Breaking this cycle requires a multi-faceted approach, including accessible mental health services, preventative programs for families, and a societal shift towards prioritizing child well-being.",93,ai_neutral,AI,Childhood Trauma
"Often, the most damaging aspect of childhood trauma isn’t a single event, but the erosion of trust. When caregivers – those who should provide unconditional love and support – are the source of harm, a fundamental sense of safety is shattered. This betrayal of trust extends beyond the immediate relationship, impacting the ability to form secure attachments throughout life. Individuals may struggle with intimacy, fearing vulnerability and anticipating rejection. Rebuilding trust, both in oneself and in others, is a slow and delicate process, requiring consistent experiences of safety, validation, and genuine connection. It demands a conscious effort to challenge deeply ingrained beliefs about relationships and worthiness.",106,ai_neutral,AI,Childhood Trauma
"Is it possible to truly outrun the echoes of a difficult childhood? Often, the answer is no, not without dedicated introspection and, frequently, professional support. Childhood trauma isn’t always dramatic, overt abuse; it can be the insidious drip of emotional neglect, the constant anxiety of an unstable home environment, or the quiet burden of witnessing parental struggles. These experiences fundamentally alter brain development, impacting emotional regulation, attachment styles, and the ability to form healthy boundaries. The resulting patterns – people-pleasing, avoidance, hypervigilance – aren’t character flaws, but adaptive mechanisms developed for survival. Recognizing this distinction is the first step towards healing, acknowledging that past experiences shaped present behaviors, and that change, while challenging, *is* possible.",115,ai_neutral,AI,Childhood Trauma
"The pervasive myth surrounding childhood trauma is that forgetting is healing. In reality, repression often manifests as physical symptoms, unexplained anxieties, or self-destructive behaviors. The body keeps the score, as Bessel van der Kolk famously observed, meaning traumatic experiences are stored not as narrative memories, but as fragmented sensory impressions – a smell, a sound, a physical sensation – that can trigger intense emotional reactions. This somatic memory bypasses conscious thought, making it difficult to understand *why* one feels overwhelmed or distressed. Effective trauma-informed therapy focuses on processing these embodied experiences, creating a coherent narrative, and restoring a sense of agency over one’s own internal state.",106,ai_neutral,AI,Childhood Trauma
"Consider the ripple effect of unresolved childhood trauma extending beyond the individual. Patterns of unhealthy relating, learned helplessness, or emotional unavailability are often unconsciously replicated in subsequent generations. A parent who experienced emotional neglect may struggle to provide consistent emotional support to their own children, perpetuating a cycle of disconnection. Breaking this cycle requires a conscious effort to understand one’s own trauma history, to challenge ingrained beliefs and behaviors, and to actively cultivate healthier parenting strategies. This isn’t about blame, but about recognizing the intergenerational transmission of trauma and taking responsibility for creating a different future.",96,ai_neutral,AI,Childhood Trauma
"“The wound is the place where the Light enters you,” Rumi wrote, a sentiment that encapsulates the paradoxical potential for growth within trauma. While undeniably painful, confronting childhood trauma can unlock profound self-awareness and resilience. It forces a re-evaluation of core beliefs, a dismantling of limiting narratives, and a cultivation of compassion – both for oneself and for others. This process isn’t about erasing the past, but about integrating it into a larger story, transforming suffering into wisdom, and discovering a deeper sense of meaning and purpose. The scars remain, but they become testaments to survival, not sources of shame.",100,ai_neutral,AI,Childhood Trauma
"Frequently overlooked is the impact of childhood trauma on an individual’s sense of self. When foundational needs – safety, security, validation – are unmet, it can lead to a fragmented identity, a persistent feeling of emptiness, or a chronic struggle with self-worth. The internal landscape becomes populated with critical voices, internalized shame, and a deep-seated belief in one’s own inadequacy. Rebuilding a cohesive sense of self requires cultivating self-compassion, identifying and challenging negative self-talk, and actively pursuing activities and relationships that foster authenticity and self-expression. It’s a journey of rediscovery, reclaiming ownership of one’s narrative, and defining oneself on one’s own terms.",102,ai_neutral,AI,Childhood Trauma
"Isn't it a paradox that the spaces designed for safety – homes, families – can sometimes become the very source of lasting emotional wounds? Childhood trauma, extending beyond overt abuse, encompasses any deeply distressing experience that overwhelms a child’s developing coping mechanisms. This could include witnessing domestic violence, experiencing chronic neglect, or navigating the unpredictable emotional landscape of a parent struggling with mental health. The impact isn’t simply about the event itself, but the disruption it causes to the formation of a secure attachment, the internalisation of negative self-beliefs, and the subsequent difficulties in regulating emotions and forming healthy relationships later in life. Untreated, these early experiences can manifest as anxiety, depression, and a pervasive sense of unworthiness, subtly shaping life choices and opportunities.",124,ai_neutral,AI,Childhood Trauma
"From a neurobiological perspective, childhood trauma fundamentally alters brain development. Repeated exposure to stress hormones during formative years can shrink the hippocampus – crucial for memory and learning – and enlarge the amygdala, the brain’s fear center. This isn’t a matter of willpower or “getting over it”; it’s a demonstrable physiological shift. Consequently, individuals with a history of trauma often exhibit heightened reactivity to perceived threats, difficulty concentrating, and impaired emotional regulation. These neurological changes aren’t fixed, however. Therapies like EMDR and somatic experiencing aim to reprocess traumatic memories and restore a more balanced nervous system, demonstrating the brain’s remarkable capacity for neuroplasticity even decades after the initial trauma.",109,ai_neutral,AI,Childhood Trauma
"“The body keeps the score,” Bessel van der Kolk famously wrote, and this rings particularly true when considering the somatic manifestations of childhood trauma. Often, the emotional pain isn’t consciously accessible, instead presenting as chronic physical symptoms – unexplained pain, digestive issues, fatigue, and autoimmune disorders. This happens because trauma isn’t just stored as a narrative in the brain; it’s imprinted on the body’s nervous system, creating patterns of tension and reactivity. Addressing these physical symptoms without acknowledging the underlying trauma is often ineffective. Trauma-informed healthcare recognizes this connection, prioritizing sensitivity and understanding alongside traditional medical interventions.",97,ai_neutral,AI,Childhood Trauma
"Consider the intergenerational transmission of trauma: the ways in which unresolved pain and maladaptive coping mechanisms are passed down through families. A parent who experienced childhood trauma may, unintentionally, recreate a similar emotional environment for their own children, perhaps through emotional unavailability or inconsistent parenting. This isn’t necessarily malicious; it’s often a reflection of their own limited emotional resources and coping skills. Breaking this cycle requires conscious effort – therapy, self-reflection, and a commitment to developing healthier patterns of relating. Recognizing the historical roots of family dynamics can be a powerful step towards healing and creating a more secure future for subsequent generations.",103,ai_neutral,AI,Childhood Trauma
"What if, instead of focusing solely on the pathology of childhood trauma, we shifted our perspective to acknowledge the resilience it can foster? While undeniably damaging, navigating adversity can also cultivate profound strengths – heightened empathy, a deep understanding of human suffering, and an unwavering determination to create a better life. This isn’t to minimize the pain, but to recognize the potential for post-traumatic growth. Individuals who have overcome significant childhood trauma often possess a unique capacity for compassion, creativity, and a profound appreciation for the fragility and beauty of life. This perspective doesn’t negate the need for healing, but it reframes the narrative, emphasizing agency and possibility.",108,ai_neutral,AI,Childhood Trauma
"Isn't it a paradox that in a society boasting unprecedented wealth, so many remain trapped in cycles of poverty? Class disparity isn’t simply about income; it’s a deeply ingrained system affecting access to quality education, healthcare, and even basic necessities like nutritious food. This creates a self-perpetuating disadvantage, where children born into low-income families often lack the opportunities to climb the socioeconomic ladder, regardless of talent or ambition. The consequences extend beyond individual hardship, manifesting in higher crime rates, diminished social mobility, and a fractured sense of community. Addressing this requires systemic change – progressive taxation, affordable housing initiatives, and robust social safety nets – not merely charitable gestures. Ultimately, a truly equitable society invests in *all* its citizens, recognizing that collective prosperity depends on lifting up the most vulnerable.",130,ai_neutral,AI,Class Disparity
"The narrative often focuses on individual failings as explanations for economic hardship, but a cold look at data reveals a different story. Class disparity is increasingly determined by inherited wealth and circumstance, not solely by personal effort. While meritocracy is a compelling ideal, the playing field is demonstrably uneven. Consider the advantages conferred by attending well-funded schools, having access to networks of privilege, or simply avoiding the daily stresses of financial insecurity. These advantages compound over time, creating a widening gap between those at the top and those struggling to stay afloat. This isn’t about punishing success; it’s about acknowledging the structural barriers that prevent equal opportunity and advocating for policies that level the playing field for future generations.",119,ai_neutral,AI,Class Disparity
"“The rich get richer and the poor get poorer,” a sentiment echoed throughout history, unfortunately rings truer than ever in many contemporary economies. This isn’t a natural law, but a consequence of policy choices. Decades of deregulation, tax cuts for the wealthy, and declining union membership have contributed to a massive transfer of wealth from the middle class and working poor to the top 1%. This concentration of power not only exacerbates economic inequality but also undermines democratic institutions, as the voices of ordinary citizens are drowned out by the influence of moneyed interests. Reversing this trend requires a fundamental shift in priorities, prioritizing the needs of the many over the profits of the few.",115,ai_neutral,AI,Class Disparity
"Imagine two individuals, both equally capable, but born into vastly different circumstances. One grows up in a neighborhood with safe parks, excellent schools, and readily available healthcare. The other faces overcrowded classrooms, limited access to resources, and the constant threat of violence. The disparity in their life trajectories isn’t a reflection of their inherent abilities, but a direct consequence of the zip code they were born into. This geographical dimension of class disparity is particularly stark, creating pockets of concentrated poverty that perpetuate disadvantage across generations. Breaking these cycles requires targeted investments in underserved communities, focusing on education, job training, and affordable housing.",103,ai_neutral,AI,Class Disparity
"Beyond the purely economic, class disparity manifests in subtle but pervasive ways, shaping our perceptions and interactions. It influences who we socialize with, the media we consume, and even the opportunities we perceive as attainable. This creates echo chambers where individuals are rarely exposed to perspectives different from their own, reinforcing existing biases and hindering social cohesion. The resulting lack of empathy and understanding fuels resentment and division, making it harder to build a society based on shared values and mutual respect. Addressing this requires conscious efforts to bridge these divides, fostering dialogue and promoting inclusivity in all aspects of life.",101,ai_neutral,AI,Class Disparity
"Isn't it a peculiar paradox that in a society boasting unprecedented wealth, so many remain trapped in cycles of poverty? Class disparity isn’t simply about income; it’s a deeply ingrained system affecting access to quality education, healthcare, and even basic necessities like nutritious food. This creates a self-perpetuating disadvantage, where children born into lower socioeconomic brackets face significantly reduced opportunities compared to their more affluent peers. The consequences ripple outwards, impacting not only individual lives but also societal stability, fostering resentment and limiting collective potential. Addressing this requires systemic change – progressive taxation, robust social safety nets, and a commitment to equitable resource distribution – not merely charitable gestures. Ultimately, a truly thriving society invests in *all* its citizens, recognizing that shared prosperity benefits everyone.",125,ai_neutral,AI,Class Disparity
"The gleaming skyscrapers and luxury boutiques of a city often mask a stark reality: a widening gulf between the ‘haves’ and ‘have-nots’. Class disparity manifests not just in financial terms, but also in social capital – the networks, connections, and cultural knowledge that facilitate advancement. Those with privilege often inherit these advantages, effortlessly navigating systems designed, consciously or unconsciously, to favor them. Meanwhile, individuals from disadvantaged backgrounds must expend significantly more energy simply to achieve the same level of access. This isn’t about individual failings; it’s about structural barriers. Ignoring this imbalance isn’t just ethically questionable, it’s economically short-sighted, as untapped potential represents a significant loss for innovation and growth.",110,ai_neutral,AI,Class Disparity
"“Opportunity is not equally distributed,” as the saying goes, and this uneven playing field is the core of class disparity. Consider the hidden costs of poverty: the inability to afford reliable transportation, leading to job loss; the stress of housing insecurity, impacting mental and physical health; the lack of access to financial literacy, perpetuating debt. These aren’t isolated incidents, but interconnected challenges that create a web of disadvantage. Furthermore, the narrative often focuses on ‘pulling oneself up by one’s bootstraps,’ ignoring the fact that many lack even the boots to begin with. Acknowledging these systemic obstacles is the first step towards creating a more just and equitable society, one where everyone has a genuine chance to succeed.",117,ai_neutral,AI,Class Disparity
"Observing the subtle cues of class – the clothes people wear, the neighborhoods they inhabit, the schools their children attend – reveals a deeply stratified society. But the impact of class disparity extends beyond visible markers. It shapes perspectives, influences values, and even affects health outcomes. Studies consistently demonstrate a correlation between socioeconomic status and life expectancy, highlighting the profound consequences of inequality. This isn’t merely a matter of material deprivation; it’s about the chronic stress and diminished sense of agency experienced by those living in poverty. Breaking down these barriers requires not only economic policies but also a shift in cultural attitudes, challenging ingrained biases and promoting empathy.",109,ai_neutral,AI,Class Disparity
"Frequently, discussions about class disparity center on income inequality, but a crucial element often overlooked is intergenerational wealth transfer. While some inherit substantial assets, providing a financial cushion and opportunities for investment, others start with nothing, facing an uphill battle from birth. This inherited advantage isn’t earned; it’s a consequence of historical privilege and existing power structures. Consequently, policies aimed at addressing class disparity must consider not only current income but also the accumulated wealth that perpetuates inequality. Estate taxes, increased funding for public education, and affordable housing initiatives are all potential tools for leveling the playing field and fostering a more equitable distribution of resources across generations.",108,ai_neutral,AI,Class Disparity
"Isn't it a peculiar paradox that in a society boasting unprecedented wealth, so many remain tethered to cycles of poverty? Class disparity isn’t simply a matter of income; it’s a deeply ingrained system impacting access to quality education, healthcare, and even basic necessities like nutritious food. This creates a self-perpetuating loop where disadvantage is passed down through generations, limiting social mobility and stifling potential. The consequences extend beyond material hardship, fostering feelings of alienation, hopelessness, and resentment. Addressing this requires more than just charitable giving; it demands systemic changes – progressive taxation, affordable housing initiatives, and robust social safety nets – to level the playing field and ensure everyone has a genuine opportunity to thrive, not merely survive.",118,ai_neutral,AI,Class Disparity
"The chipped Formica of the diner booth felt cold under her elbows, a stark contrast to the warmth radiating from the bustling kitchen. Outside, sleek cars glided past, carrying occupants oblivious to the quiet desperation within. This scene, replicated countless times across the country, encapsulates the visible manifestation of class disparity. It’s not about individual failings, but about a fractured landscape where opportunity is geographically and economically segregated. The diner waitress, working two jobs to make ends meet, isn’t lacking in effort; she’s lacking in access – access to the networks, resources, and privileges that allow others to climb the socioeconomic ladder with relative ease. The gulf isn’t just financial; it’s a chasm of lived experience.",116,ai_neutral,AI,Class Disparity
"“The problem isn’t that there are poor people,” the sociologist argued, “but that the system is designed to keep them that way.” This assertion cuts to the core of the issue: class disparity isn’t a natural phenomenon, but a constructed reality. Policies, often subtle and seemingly neutral, consistently favor those already at the top, reinforcing existing inequalities. Consider the tax code, which often benefits capital gains over earned income, or the funding disparities in public schools, perpetuating educational disadvantages. These aren’t accidental oversights; they are the result of deliberate choices that prioritize the accumulation of wealth for a select few, at the expense of broader societal well-being. Recognizing this structural nature is crucial for formulating effective solutions.",117,ai_neutral,AI,Class Disparity
"Imagine a game of Monopoly where one player starts with all the properties, hotels already built, and a substantial cash reserve. The other players begin with nothing. That, in essence, is the reality of class disparity. While the rhetoric of meritocracy suggests a level playing field, the starting points are drastically unequal. Inherited wealth, social connections, and access to quality education provide an insurmountable advantage to some, while others are burdened by systemic disadvantages from birth. This isn’t to dismiss individual achievement, but to acknowledge the profound impact of circumstance. True fairness demands a re-evaluation of the rules of the game, ensuring a more equitable distribution of resources and opportunities.",110,ai_neutral,AI,Class Disparity
"Reflecting on the pervasive nature of class disparity, it’s easy to feel overwhelmed by the scale of the problem. However, focusing solely on macro-level solutions overlooks the importance of individual empathy and understanding. The subtle biases we hold, the assumptions we make about others based on their socioeconomic status, contribute to the perpetuation of inequality. Challenging these internal prejudices, actively listening to the experiences of those from different backgrounds, and advocating for policies that promote social justice are all vital steps. Ultimately, bridging the gap requires a fundamental shift in perspective – recognizing our shared humanity and acknowledging the inherent dignity of every individual, regardless of their economic circumstances.",109,ai_neutral,AI,Class Disparity
"Isn't it a peculiar paradox that in a society boasting unprecedented wealth, so many remain trapped in cycles of poverty? Class disparity isn’t simply about income; it’s a systemic issue woven into the fabric of opportunity. Access to quality education, healthcare, and even nutritious food are heavily dictated by zip code and parental income. This creates a self-perpetuating loop where disadvantage is inherited, limiting social mobility and stifling potential. The consequences extend beyond individual hardship, impacting economic growth as a whole by underutilizing a significant portion of the population’s talent and innovation. Addressing this requires a multifaceted approach, focusing on equitable resource allocation and dismantling the barriers that prevent individuals from reaching their full capabilities, not just offering charity.",119,ai_neutral,AI,Class Disparity
"The stark reality is that class disparity manifests not only in material possessions, but also in the very narratives we tell ourselves about success and failure. Often, systemic disadvantages are framed as personal shortcomings, blaming individuals for circumstances beyond their control. This “bootstraps” ideology conveniently ignores the uneven playing field, where some are born with fully laced boots while others struggle with broken laces and no support. Consequently, those experiencing poverty are often stigmatized and marginalized, further hindering their access to opportunities and reinforcing negative stereotypes. Shifting this narrative requires acknowledging the structural forces at play and fostering empathy for those navigating a system designed to favor the privileged.",109,ai_neutral,AI,Class Disparity
"“The rich get richer and the poor get poorer,” a sentiment echoed throughout history, unfortunately holds considerable truth in contemporary society. However, focusing solely on wealth accumulation misses a crucial element: the erosion of the middle class. The shrinking middle class isn’t merely a statistical trend; it represents a weakening of the societal buffer, increasing polarization and instability. As secure, well-paying jobs disappear and the cost of living rises, more individuals are pushed towards economic precarity, fueling resentment and distrust. Rebuilding a robust middle class requires policies that prioritize fair wages, affordable housing, and accessible education, fostering economic security for a broader segment of the population.",106,ai_neutral,AI,Class Disparity
"Consider the subtle, yet pervasive, impact of social capital. While financial resources are undeniably important, networks and connections often prove equally valuable in securing opportunities. Individuals from affluent backgrounds typically inherit access to influential networks – alumni associations, family contacts, exclusive social circles – that open doors to internships, jobs, and mentorship. Conversely, those from disadvantaged backgrounds often lack these crucial connections, facing an uphill battle to navigate professional landscapes. This invisible advantage perpetuates inequality, demonstrating that class disparity extends beyond tangible assets to encompass the intangible benefits of social privilege.",91,ai_neutral,AI,Class Disparity
"Observing the geographical distribution of resources reveals a disturbing pattern: concentrated disadvantage. Many communities are systematically deprived of investment, leading to dilapidated infrastructure, underfunded schools, and limited access to essential services. This isn’t accidental; historical policies like redlining and discriminatory zoning practices have actively contributed to these disparities. The result is a cycle of decline, where residents are trapped in areas lacking opportunities, facing environmental hazards, and experiencing higher rates of crime. Breaking this cycle requires targeted investment in these communities, prioritizing equitable development and empowering residents to shape their own futures, rather than simply imposing external solutions.",98,ai_neutral,AI,Class Disparity
"Isn't it a paradox that in societies boasting unprecedented wealth, the gap between the affluent and the impoverished continues to widen? This disparity isn’t merely an economic issue; it’s a fundamental fracture in opportunity. Access to quality education, healthcare, and even basic necessities like nutritious food are increasingly determined by zip code and parental income. The consequences ripple outwards, impacting social mobility and fostering a sense of systemic injustice. This creates a self-perpetuating cycle where disadvantage is inherited, limiting potential and hindering societal progress. Addressing this requires more than just charitable giving; it demands systemic reforms focused on equitable resource distribution, progressive taxation, and policies that actively dismantle barriers to advancement for marginalized communities.",114,ai_neutral,AI,Class Disparity
"The narrative often focuses on individual failings when discussing economic hardship, yet a cold, hard look at data reveals a different story. Class disparity isn’t a result of personal shortcomings, but rather the consequence of structural inequalities baked into our systems. Consider the legacy of redlining, discriminatory lending practices, and wage stagnation – policies and trends that systematically disadvantaged certain groups while simultaneously bolstering others. These aren’t historical anomalies; their effects are felt acutely today, manifesting in wealth gaps that persist across generations. To truly address the problem, we must move beyond blaming individuals and confront the uncomfortable truth about the systemic forces at play.",105,ai_neutral,AI,Class Disparity
"“The problem isn’t that some people are born with silver spoons,” as the saying goes, “it’s that others are born without forks.” This stark observation highlights the fundamental unfairness inherent in extreme class disparity. Beyond material possessions, the advantages conferred by wealth extend to social capital – networks, connections, and cultural knowledge that open doors unavailable to those from less privileged backgrounds. These intangible assets are often more valuable than financial resources, shaping career trajectories and influencing life outcomes. Leveling the playing field requires not only economic redistribution but also a conscious effort to democratize access to these crucial forms of social and cultural capital.",105,ai_neutral,AI,Class Disparity
"From a purely pragmatic standpoint, unchecked class disparity poses a significant threat to societal stability. Concentrated wealth breeds political influence, leading to policies that further entrench existing inequalities. Simultaneously, widespread economic insecurity fuels social unrest and erodes trust in institutions. A society fractured along economic lines is a society vulnerable to polarization and conflict. Investing in programs that promote economic opportunity and reduce inequality isn’t simply a matter of social justice; it’s a matter of self-preservation. A more equitable distribution of wealth fosters a more resilient and harmonious society for everyone.",91,ai_neutral,AI,Class Disparity
"Imagine a city divided not by walls, but by invisible lines of access. One side boasts thriving businesses, well-funded schools, and safe, clean environments. The other struggles with underemployment, dilapidated infrastructure, and limited opportunities. This isn’t a dystopian fantasy; it’s the reality for many urban centers grappling with the effects of class disparity. The physical manifestation of this inequality – segregated neighborhoods, unequal access to resources – reinforces social divisions and perpetuates cycles of disadvantage. Addressing this requires intentional urban planning, investment in underserved communities, and a commitment to creating inclusive spaces where everyone has the opportunity to thrive.",99,ai_neutral,AI,Class Disparity
"Is it a paradox that confronting our eventual non-existence can actually enrich life? The awareness of mortality, often avoided through distraction and denial, serves as a powerful catalyst for prioritizing experiences and values. Rather than descending into nihilism, acknowledging the finite nature of time encourages a shift in focus – from accumulating possessions to cultivating meaningful relationships, from postponing dreams to actively pursuing them. This isn’t about dwelling on death, but about recognizing life’s precious fragility. It’s a call to intentionality, urging us to shed superficial concerns and invest in what truly resonates with our authentic selves. Ultimately, understanding we won’t last forever can be the very thing that compels us to *live* fully, right now.",116,ai_neutral,AI,Mortality Awareness
"The human tendency to project ourselves into the future – planning careers, families, retirements – often obscures the fundamental truth of impermanence. We build narratives of continuous selfhood, yet biologically, and even psychologically, we are in constant flux. Every cell regenerates, every memory reshapes itself. This disconnect between perceived continuity and actual change creates a subtle anxiety, a low-level hum of unease. Facing mortality isn’t about accepting a static end, but acknowledging this ongoing process of becoming and unbecoming. It’s recognizing that ‘you’ as a fixed entity are an illusion, and finding liberation in the fluidity of existence. This perspective can foster acceptance, not just of death, but of all forms of loss and transition.",115,ai_neutral,AI,Mortality Awareness
"“The art of living lies in our refusal to be determined by the threat of death,” wrote philosopher Albert Camus. However, this refusal shouldn’t equate to ignoring mortality; instead, it demands a defiant embrace of life *in spite* of it. Modern society, with its medical advancements and emphasis on longevity, often inadvertently reinforces a fear of aging and dying. But what if we reframed these processes not as failures, but as natural components of a complete life cycle? Accepting mortality allows us to appreciate the beauty of impermanence – the fleeting bloom of a flower, the changing seasons, the ephemeral nature of joy. It’s about finding meaning not in avoiding the inevitable, but in living authentically within its boundaries.",119,ai_neutral,AI,Mortality Awareness
"Consider the impact of mortality awareness on societal structures. Throughout history, cultures have developed elaborate rituals and belief systems surrounding death, not simply to cope with grief, but to imbue life with meaning. From ancestor veneration to elaborate funeral rites, these practices serve as constant reminders of our shared fate. In contemporary Western culture, however, death is often medicalized and sanitized, relegated to hospitals and hospices, effectively hidden from everyday life. This distancing can lead to a diminished sense of perspective and a heightened fear of the unknown. Reintegrating a more open and honest dialogue about death into our collective consciousness could foster greater empathy, compassion, and a more profound appreciation for the present moment.",115,ai_neutral,AI,Mortality Awareness
"Often, the fear of death isn’t about the cessation of existence itself, but the fear of leaving things unfinished. Unresolved conflicts, unrealized potential, unexpressed love – these are the regrets that haunt our anxieties about mortality. This realization suggests that confronting our finitude isn’t solely a philosophical exercise, but a practical one. It’s an invitation to assess our lives, identify what truly matters, and take concrete steps to align our actions with our values. Procrastination loses its allure when viewed against the backdrop of limited time. Forgiveness becomes paramount. And the courage to pursue our passions is fueled by the understanding that opportunities may not arise again.",107,ai_neutral,AI,Mortality Awareness
"Is it a paradox that acknowledging our eventual demise can actually enrich life? The consistent denial of mortality, prevalent in modern society, often leads to a frantic pursuit of distractions – possessions, status, fleeting pleasures – all attempts to mask an underlying anxiety. However, confronting the finite nature of existence doesn’t necessitate despair; instead, it can be a powerful catalyst for prioritizing genuine connection, pursuing meaningful work, and appreciating the simple beauty of the present moment. Recognizing that time is limited encourages a shift in perspective, moving away from accumulating ‘things’ and towards cultivating experiences and relationships that truly resonate. This isn’t about dwelling on death, but about living more fully *because* of it.",114,ai_neutral,AI,Mortality Awareness
"The human tendency to project ourselves into the future – planning careers, relationships, retirement – is a coping mechanism against the unsettling reality of impermanence. We build narratives of continued existence, effectively shielding ourselves from the immediate weight of mortality. Yet, this constant forward-thinking can ironically diminish our capacity to fully inhabit the now. Acknowledging death isn’t about abandoning ambition, but about grounding it in a realistic timeframe. It’s about asking whether our long-term goals align with our core values, and whether the pursuit of those goals is bringing us joy *today*, not just promising it at some distant endpoint. A life lived consciously, aware of its limits, is a life lived with greater intention.",115,ai_neutral,AI,Mortality Awareness
"“The art of living lies less in eliminating the obstacles as in learning to navigate them,” as Seneca observed, and perhaps no obstacle is more fundamental than the inevitability of death. While many cultures historically integrated death rituals and mourning practices into daily life, modern Western society often relegates death to hospitals and funeral homes, effectively sanitizing the experience. This distancing doesn’t lessen the impact of loss; it simply delays and complicates the grieving process. Reclaiming a more honest relationship with mortality involves acknowledging its presence, not as a morbid fascination, but as a natural part of the life cycle. It requires open conversations, compassionate support, and a willingness to confront our own vulnerabilities.",114,ai_neutral,AI,Mortality Awareness
"Consider the implications of a world where mortality wasn’t a universal truth. Would ambition still hold the same drive? Would relationships be valued with the same intensity? The very fragility of life is what imbues it with meaning. If we knew we were immortal, the urgency to create, to love, to experience would likely dissipate. The awareness of our limited time fosters a sense of preciousness, prompting us to make choices that align with our deepest desires. This isn’t to romanticize suffering, but to recognize that the shadow of death casts a unique light on the beauty and significance of existence. It’s a fundamental condition of being human, and one that shapes our values and motivations.",116,ai_neutral,AI,Mortality Awareness
"Often, the fear of death isn’t about the cessation of existence itself, but about the fear of *unlived* life. It’s the regret of opportunities missed, words unspoken, and dreams unfulfilled that truly haunts us. This realization offers a powerful incentive for proactive living. Instead of passively waiting for the inevitable, we can actively shape our lives in accordance with our values. This might involve taking risks, pursuing passions, or simply expressing gratitude for the present moment. Mortality awareness, therefore, isn’t a source of anxiety to be avoided, but a call to action – a reminder to live authentically and intentionally, before the opportunity is gone.",105,ai_neutral,AI,Mortality Awareness
"Is it a paradox that acknowledging our eventual non-existence can actually enrich life? The awareness of mortality, often feared and avoided, functions as a powerful catalyst for prioritizing experiences and values. Without the definitive endpoint of death, ambition might stagnate, relationships could be taken for granted, and the urgency to pursue passions would likely diminish. This isn’t to suggest dwelling morbidly on the inevitable, but rather integrating the understanding of impermanence into daily decision-making. It’s about recognizing the finite nature of time and choosing to invest it in activities and connections that genuinely resonate, fostering a sense of meaning and purpose before the opportunity passes. Ultimately, confronting mortality isn’t about fearing the end, but about appreciating the present.",118,ai_neutral,AI,Mortality Awareness
"The human tendency to construct elaborate distractions from the reality of death is understandable, yet ultimately limiting. We build careers, accumulate possessions, and chase fleeting pleasures, often as subconscious attempts to create a sense of lasting significance in a universe indifferent to our individual fates. However, this avoidance doesn’t negate the underlying truth; it merely postpones the confrontation. A healthier approach involves accepting mortality not as a personal failure, but as a universal condition shared by all living things. This acceptance can liberate us from the anxieties surrounding legacy and control, allowing for a more authentic and present-focused existence. It’s a shift from striving *against* the natural order to aligning *with* it.",112,ai_neutral,AI,Mortality Awareness
"Consider the delicate bloom of a cherry blossom – breathtakingly beautiful precisely *because* its vibrancy is so fleeting. This ephemeral quality isn’t a flaw, but rather the source of its profound impact. Similarly, the awareness of our own mortality can heighten our appreciation for the beauty and fragility of life. Every sunrise, every shared laugh, every moment of connection becomes imbued with a deeper significance when viewed through the lens of impermanence. It’s a recalibration of perspective, shifting focus from the accumulation of years to the quality of experience within those years. This isn’t about sadness, but about a heightened sensitivity to the preciousness of being.",106,ai_neutral,AI,Mortality Awareness
"“The art of living lies in our refusal to be determined by the limitations of our biology,” wrote philosopher Ernest Becker. While seemingly defiant, this statement points to a crucial aspect of mortality awareness: the power of meaning-making. Knowing that our physical existence is finite doesn’t necessitate despair; instead, it compels us to create systems of belief, values, and narratives that transcend our individual lifespans. These can take the form of artistic expression, scientific discovery, social activism, or simply the cultivation of loving relationships. By contributing to something larger than ourselves, we find a way to symbolically overcome the limitations of our mortality, leaving a lasting impact on the world.",110,ai_neutral,AI,Mortality Awareness
"Often, the fear of death isn’t about the cessation of existence itself, but about the loss of control. We crave predictability and security, yet mortality represents the ultimate disruption of both. This anxiety can manifest as a resistance to change, a clinging to routines, and a fear of vulnerability. However, embracing mortality requires a paradoxical surrender – an acceptance of the inherent uncertainty of life. It’s about learning to navigate the unknown with courage and grace, recognizing that true freedom lies not in avoiding risk, but in fully engaging with the present moment, regardless of its impermanence. This acceptance isn’t passive; it’s an active choice to live authentically, despite the inevitable.",111,ai_neutral,AI,Mortality Awareness
"Is it morbid to suggest that acknowledging our eventual demise isn’t a source of despair, but rather a potent catalyst for a more meaningful existence? The discomfort surrounding mortality is understandable; it’s a confrontation with the unknown, a disruption of our ingrained desire for continuity. However, this very awareness can dismantle the trivial pursuits that often consume our time and energy. When viewed through this lens, deadlines aren’t burdens, but opportunities. Relationships aren’t guarantees, but precious gifts to be nurtured. The fear of wasting time diminishes as we prioritize experiences and connections that genuinely resonate, understanding that the canvas of our lives isn’t infinite. Embracing mortality isn’t about dwelling on death, but about fiercely inhabiting life.",116,ai_neutral,AI,Mortality Awareness
"The human tendency to compartmentalize – to push unpleasant truths to the periphery of consciousness – is particularly evident when it comes to our own mortality. We build systems, create legacies, and pursue ambitions, often as subconscious attempts to transcend the limitations of our finite lifespan. Yet, this avoidance isn’t necessarily pathological. It’s a coping mechanism, a way to function in a world where constant contemplation of death would be paralyzing. However, a complete denial can lead to a life lived on autopilot, devoid of intentionality. A healthy relationship with mortality involves acknowledging its inevitability without being consumed by it, allowing it to inform our choices rather than dictate our fears.",111,ai_neutral,AI,Mortality Awareness
"“The art of living lies less in eliminating suffering than in finding meaning in it,” as Viktor Frankl observed, and this sentiment rings particularly true when considering our mortality. Facing the reality of death doesn’t necessitate a bleak outlook; instead, it can unlock a profound appreciation for the present moment. It’s in the shadow of impermanence that joy feels sharper, connection feels deeper, and even simple pleasures become imbued with significance. This isn’t about seeking happiness as a constant state, but about cultivating resilience and finding purpose even amidst inevitable hardship. Recognizing that everything is transient allows us to release attachment and embrace the beauty of fleeting experiences.",108,ai_neutral,AI,Mortality Awareness
"Consider the implications for societal structures if widespread mortality awareness became a cultural norm. Much of our collective energy is devoted to pursuits that offer a sense of lasting impact – building empires, accumulating wealth, achieving fame. But what if, instead, the emphasis shifted towards cultivating compassion, fostering community, and prioritizing experiences over possessions? A society grounded in the understanding of its own impermanence might be less driven by ambition and more focused on collective well-being. It’s a radical thought, suggesting a re-evaluation of our values and a move away from the relentless pursuit of legacy towards a more present-centered existence.",101,ai_neutral,AI,Mortality Awareness
"Often, the fear of death isn’t about the cessation of existence itself, but about the loss of control. We crave predictability, security, and the illusion of agency in a chaotic world. Mortality strips away these illusions, reminding us that ultimately, we are not the authors of our own destinies. This realization can be unsettling, but it also presents an opportunity for liberation. By relinquishing the need to control every aspect of our lives, we can embrace vulnerability, accept uncertainty, and find freedom in the present moment. It’s a paradox: acknowledging our powerlessness can be profoundly empowering.",96,ai_neutral,AI,Mortality Awareness
"Is it a paradox that confronting our eventual non-existence can actually enrich life? The awareness of mortality, often avoided through distraction and denial, serves as a potent catalyst for prioritizing experiences and values. Rather than descending into nihilism, acknowledging the finite nature of time encourages a shift in perspective – a move away from accumulating possessions and towards cultivating meaningful relationships, pursuing passions, and contributing to something larger than oneself. This isn’t about dwelling on death, but about recognizing its inevitability as a framework for living more deliberately. It’s a call to action, urging us to define what truly matters *before* the opportunity is lost, and to embrace the present moment with a heightened sense of appreciation.",117,ai_neutral,AI,Mortality Awareness
"Historically, cultures have approached mortality with vastly different rituals and beliefs, yet a common thread persists: the need to grapple with its implications. From elaborate Egyptian funerary practices designed to ensure an afterlife, to the Stoic philosophers’ emphasis on accepting what we cannot control, humanity has consistently sought ways to understand and reconcile with death. These varied responses demonstrate that mortality isn’t simply a biological fact, but a deeply cultural and psychological one. Modern Western society, often characterized by a medicalized and sanitized view of death, risks losing touch with these ancestral coping mechanisms, potentially leading to increased anxiety and a diminished capacity for acceptance.",105,ai_neutral,AI,Mortality Awareness
"Consider the implications for decision-making. When we operate under the illusion of endless time, it’s easy to postpone difficult choices or settle for less than fulfilling paths. However, a clear-eyed understanding of our limited lifespan forces a reckoning with opportunity cost. Every ‘yes’ to one thing is inherently a ‘no’ to another. This isn’t to suggest a frantic rush to check items off a bucket list, but rather a more thoughtful and intentional allocation of resources – time, energy, and emotional investment. It’s about aligning our actions with our core values, recognizing that each day brings us closer to the ultimate deadline, and making choices that reflect that awareness.",109,ai_neutral,AI,Mortality Awareness
"“The best way to live is to accept that life is absurd,” Albert Camus wrote, and within that absurdity lies a peculiar freedom. Facing mortality isn’t necessarily about finding meaning *in* life, but about creating meaning *despite* its inherent lack of preordained purpose. This perspective liberates us from the pressure to conform to external expectations or search for grand, universal truths. Instead, we are empowered to define our own values, pursue our own passions, and construct a life that feels authentic and meaningful *to us*, knowing that this meaning is self-created and therefore profoundly personal.",95,ai_neutral,AI,Mortality Awareness
"Often, the fear of death isn’t about the cessation of existence itself, but about the fear of leaving things unfinished – unresolved relationships, unrealized dreams, a sense of unfulfilled potential. This suggests that proactively addressing these areas can significantly mitigate anxiety surrounding mortality. Practicing radical honesty in relationships, actively working towards goals, and cultivating a sense of self-acceptance can all contribute to a feeling of wholeness and completion. It’s a process of internal housekeeping, ensuring that we are, as much as possible, at peace with our lives *before* the inevitable arrives, lessening the burden of regret.",96,ai_neutral,AI,Mortality Awareness
"What if the self wasn’t a discovery, but a carefully constructed narrative? Identity formation, particularly during adolescence, often feels like unearthing a pre-existing core, yet contemporary psychology suggests it’s more akin to authorship. We actively select, emphasize, and discard experiences, traits, and values to build a coherent story about who we are. This isn’t necessarily deceptive; rather, it’s a fundamental human need for meaning. Social pressures, familial expectations, and cultural norms provide the raw materials, but the editing process – the choices we make about what to include and exclude – is intensely personal. The resulting identity isn’t fixed, of course, but a continually revised manuscript, responding to new chapters and evolving understandings of the world.",116,ai_neutral,AI,Identity Formation
"The digital age presents a unique challenge to identity formation, forcing individuals to curate a public persona alongside a private one. Unlike previous generations, whose self-presentation was largely confined to immediate social circles, today’s youth navigate a landscape of constant visibility. Platforms like Instagram and TikTok encourage the performance of identity, where authenticity is often sacrificed for likes and validation. This can lead to a fragmented sense of self, as individuals struggle to reconcile their online projections with their internal experiences. While offering opportunities for exploration and connection, the pressure to maintain a polished digital facade can hinder the development of a stable, internally-driven identity.",105,ai_neutral,AI,Identity Formation
"Consider the immigrant experience: identity formation isn’t simply a personal journey, but a negotiation between cultures. Children of immigrants often find themselves straddling two worlds, inheriting traditions and values from their parents while simultaneously absorbing the norms of their adopted country. This can create a sense of “in-betweenness,” a feeling of not fully belonging to either culture. The process of integrating these disparate influences requires a complex balancing act, often involving the selective adoption and rejection of cultural practices. Ultimately, a unique hybrid identity emerges, one that reflects both heritage and adaptation, and challenges simplistic notions of cultural belonging.",99,ai_neutral,AI,Identity Formation
"“Who am I?” is a question rarely asked in a vacuum; instead, identity is profoundly relational, forged in the crucible of our interactions with others. From early childhood attachments to adult romantic relationships, our sense of self is constantly being shaped by how we are perceived and treated. Mirroring, validation, and even conflict all contribute to the construction of our identity. This isn’t to say that we are merely passive recipients of external influence, but rather that our self-understanding emerges *through* our relationships. A lack of secure attachments or consistent positive feedback can lead to identity confusion and a fragile sense of self-worth.",103,ai_neutral,AI,Identity Formation
"Looking beyond individual psychology, identity formation can be understood as a political act. The very act of defining oneself – choosing one’s affiliations, beliefs, and values – is a form of resistance against societal pressures to conform. Marginalized groups, in particular, often engage in deliberate identity work to reclaim agency and challenge dominant narratives. This can involve embracing previously stigmatized aspects of their identity, creating alternative communities, and advocating for social change. In this context, identity isn’t simply about personal self-discovery, but about collective empowerment and the pursuit of social justice.",91,ai_neutral,AI,Identity Formation
"What if the self wasn’t a fixed point, but a constantly shifting archipelago? Identity formation, often framed as a quest for a singular “true self,” is more accurately a process of continual negotiation. We assemble ourselves from the materials available – family narratives, cultural expectations, peer influences, and personal experiences – but these components aren’t fused into a solid whole. Instead, they remain somewhat distinct, capable of being emphasized or downplayed depending on the context. This fluidity isn’t a sign of instability, but of adaptability. Recognizing this allows for a more compassionate understanding of both ourselves and others, acknowledging that the “self” presented is always, to some degree, a performance tailored to the situation. It’s a dynamic construction, not a discovered essence.",122,ai_neutral,AI,Identity Formation
"The pressure to define oneself, particularly during adolescence and young adulthood, frequently stems from an external demand for categorization. Society thrives on labels – career, relationship status, political affiliation – and these classifications often feel like prerequisites for belonging. However, rigidly adhering to these externally imposed definitions can stifle genuine self-discovery. True identity formation isn’t about *finding* a pre-existing category that fits, but about actively *creating* a sense of self that transcends such limitations. This involves embracing ambiguity, exploring diverse interests, and resisting the urge to prematurely settle into a comfortable, but potentially limiting, role. It’s a process of internal exploration, prioritizing authenticity over acceptance.",105,ai_neutral,AI,Identity Formation
"“Who am I?” is a question that presupposes a singular answer, a complete and knowable entity. But perhaps a more productive inquiry is, “What am I *becoming*?” Identity formation isn’t a destination, but a trajectory. It’s less about solidifying a static identity and more about cultivating a capacity for growth and change. This perspective shifts the focus from past experiences – which undoubtedly shape us – to future possibilities. It acknowledges that our values, beliefs, and aspirations will evolve over time, and that embracing this evolution is essential for a fulfilling life. Viewing identity as a continuous process alleviates the anxiety of “getting it wrong” and encourages a more experimental approach to self-discovery.",113,ai_neutral,AI,Identity Formation
"Consider the impact of trauma on identity formation. While adversity can certainly be a catalyst for growth, profound experiences of pain or loss can fracture a person’s sense of self. The narrative we construct about our lives, and our place within it, is fundamentally altered. Rebuilding an identity after trauma isn’t simply a matter of returning to a pre-existing state; it requires a careful and often painful process of re-evaluation and reconstruction. This may involve challenging deeply held beliefs, redefining personal boundaries, and forging new connections with the world. It highlights the fragility of the self and the resilience required to integrate difficult experiences into a coherent sense of identity.",110,ai_neutral,AI,Identity Formation
"Observing the phenomenon of online identity reveals a fascinating paradox. Digital platforms offer unprecedented opportunities for self-expression and exploration, allowing individuals to curate and present idealized versions of themselves. Yet, this curated self can become detached from lived experience, creating a disconnect between online persona and offline reality. Identity formation in the digital age is therefore complicated by the performative nature of social media. The constant pursuit of validation through likes and followers can lead to a reliance on external affirmation, hindering the development of a strong, internally grounded sense of self. It raises questions about authenticity, self-perception, and the impact of technology on our understanding of who we are.",110,ai_neutral,AI,Identity Formation
"What if the self wasn’t a fixed point, but a constantly shifting archipelago? Identity formation isn’t a singular event of ‘discovery,’ but rather a continuous process of negotiation between internal desires and external expectations. From childhood, we absorb narratives – familial, cultural, societal – and initially internalize them, often unconsciously. However, adolescence frequently marks a period of active dismantling and reconstruction, as individuals begin to question these inherited frameworks. This isn’t necessarily rebellion for its own sake, but a crucial step in differentiating the ‘I’ from the ‘we.’ The process is rarely linear; regressions, contradictions, and periods of uncertainty are inherent. Ultimately, a robust sense of self emerges not from finding a definitive answer, but from embracing the ongoing exploration.",120,ai_neutral,AI,Identity Formation
"The scent of cardamom and simmering tomatoes always pulls Elara back to her grandmother’s kitchen, a space that feels intrinsically linked to her sense of belonging. This illustrates a fundamental aspect of identity formation: its deep entanglement with place and sensory experience. We aren’t born with a pre-defined self; it’s woven from the textures of our environments, the rhythms of our communities, and the emotional resonance of specific locations. These aren’t merely backdrops to our lives, but active participants in shaping who we become. Displacement, conversely, can be profoundly destabilizing, severing those crucial connections and forcing a renegotiation of self in a new context. The stories we tell about where we’re from, and the memories we associate with those places, are vital threads in the tapestry of identity.",128,ai_neutral,AI,Identity Formation
"“Who am I?” is a question often posed with a yearning for a simple, conclusive answer. However, contemporary psychology suggests a more nuanced understanding: identity is fundamentally relational. It’s not solely about individual traits or internal states, but about how we are perceived and interact with others. Our identities are co-created through social interactions, constantly being affirmed, challenged, and modified by the responses we receive. This isn’t to say that identity is merely a social construct, devoid of internal agency. Rather, it highlights the crucial role of feedback loops in the process. The desire for recognition, the need to belong, and the impact of social categorization all contribute to the complex interplay between self and other.",116,ai_neutral,AI,Identity Formation
"Consider the teenager meticulously curating their online persona – a carefully constructed presentation of self designed to project a specific image. This deliberate crafting isn’t superficial; it’s a powerful demonstration of agency in identity formation. In the digital age, individuals have unprecedented control over how they present themselves to the world, experimenting with different roles, aesthetics, and narratives. While concerns about authenticity are valid, this process of self-presentation can also be profoundly empowering, allowing individuals to explore facets of their identity that might not be readily expressed in offline contexts. The feedback received – likes, comments, shares – further shapes this evolving self-image, creating a dynamic and iterative process of self-discovery.",111,ai_neutral,AI,Identity Formation
"Often overlooked in discussions of identity is the role of trauma and adversity. While positive experiences undoubtedly contribute to self-formation, navigating hardship can be a particularly potent catalyst for change. Confronting significant challenges forces individuals to re-evaluate their beliefs, values, and assumptions about the world. This process can be deeply painful, but it also creates an opportunity for growth and resilience. The ‘self’ that emerges from trauma is often fundamentally different from the one that existed before, forged in the crucible of suffering. It’s a testament to the human capacity for adaptation and the enduring power of the spirit to find meaning even in the face of profound loss.",109,ai_neutral,AI,Identity Formation
"What truly shapes who we are? Identity formation isn’t a singular event, but a continuous negotiation between internal desires and external expectations, beginning in infancy and evolving throughout life. Early childhood experiences, particularly interactions with primary caregivers, lay the groundwork for self-perception, establishing fundamental trust or distrust that colors future relationships. However, this initial framework isn’t fixed. Adolescence introduces a period of intense exploration, often marked by experimentation with different roles, beliefs, and social groups, as individuals actively seek to define themselves apart from their families. Ultimately, a cohesive identity emerges not from discovering a pre-existing “true self,” but from constructing a narrative that integrates diverse experiences and aspirations into a meaningful whole.",113,ai_neutral,AI,Identity Formation
"The concept of a stable, unified self is increasingly challenged by contemporary understandings of identity formation. Rather than seeking a fixed core, many now view identity as fluid and multifaceted, a collection of performances adapted to different contexts. Social media, for example, encourages curated self-presentation, allowing individuals to project idealized versions of themselves to specific audiences. This doesn’t necessarily indicate inauthenticity, but rather reflects the inherent adaptability of the human psyche. Furthermore, intersectionality highlights how various social categories – race, gender, class, sexuality – simultaneously shape individual experiences and identities, creating complex and often contradictory positions. Recognizing this complexity is crucial for fostering inclusivity and challenging essentialist notions of selfhood.",110,ai_neutral,AI,Identity Formation
"Consider the immigrant experience: a powerful illustration of the dynamic process of identity formation. Leaving behind a familiar cultural landscape forces a re-evaluation of deeply held beliefs and values. Individuals navigate the tension between preserving their heritage and assimilating into a new society, often resulting in a hybrid identity that blends elements of both worlds. This process isn’t always seamless; it can involve feelings of displacement, alienation, and a struggle to belong. However, it also fosters resilience, adaptability, and a unique perspective shaped by cross-cultural understanding. The forging of a new identity, in this context, becomes a testament to the human capacity for growth and reinvention.",106,ai_neutral,AI,Identity Formation
"“Who am I?” is a question often posed during adolescence, but the search for self isn’t solely a teenage preoccupation. Neurological research suggests that the prefrontal cortex, responsible for self-reflection and decision-making, continues to develop well into the twenties. This prolonged maturation period explains why young adults often experience uncertainty about their career paths, relationships, and life goals. Moreover, significant life events – trauma, loss, or profound change – can trigger periods of identity re-evaluation at any age. These moments of disruption force individuals to confront their core beliefs and values, potentially leading to a revised understanding of themselves and their place in the world.",105,ai_neutral,AI,Identity Formation
"Identity formation isn’t purely an individual endeavor; it’s deeply embedded within social and political structures. Dominant cultural narratives often prescribe specific roles and expectations based on factors like gender, race, and socioeconomic status. These narratives can limit opportunities for self-expression and reinforce systemic inequalities. Challenging these norms requires critical self-awareness and a willingness to question societal assumptions. Furthermore, collective identity – the sense of belonging to a particular group – can provide a source of strength and empowerment, particularly for marginalized communities. Recognizing the interplay between individual agency and social forces is essential for understanding the complexities of how we come to define ourselves.",104,ai_neutral,AI,Identity Formation
"What if the self isn’t a fixed point, but a constantly recalibrating compass? Identity formation, particularly during adolescence and young adulthood, isn’t simply *discovering* who you are, but actively *building* that person through a complex interplay of experiences, relationships, and internal reflection. Societal expectations, family narratives, and peer influence all contribute, often creating internal conflict as individuals attempt to reconcile external pressures with their burgeoning sense of self. This process isn’t linear; it’s marked by experimentation, setbacks, and periods of intense questioning. Crucially, the digital age introduces new layers, with curated online personas adding another dimension to the already multifaceted task of self-definition, potentially leading to fragmented or performative identities.",110,ai_neutral,AI,Identity Formation
"The search for identity is, at its core, a narrative endeavor. Humans are storytelling creatures, and we construct our sense of self by weaving together the threads of our lives into a coherent – though often evolving – narrative. This isn’t about factual accuracy, but about creating a story that *feels* true, one that provides meaning and purpose. Early childhood experiences, particularly those involving attachment and trauma, lay the foundational plot points. Later, choices regarding education, career, and relationships become key chapters. The ability to revise this narrative, to acknowledge inconsistencies and reinterpret past events, is vital for psychological well-being and continued identity growth. A rigid, unyielding self-story can become a source of profound limitation.",115,ai_neutral,AI,Identity Formation
"“Who am I?” is a question that has echoed through philosophical discourse for millennia, but the neurological underpinnings of identity formation are only beginning to be understood. Brain development, particularly in the prefrontal cortex – responsible for self-awareness and executive function – continues well into the twenties. This prolonged maturation period explains why identity exploration is so characteristic of young adulthood. Neuroplasticity, the brain’s ability to reorganize itself by forming new neural connections, means that experiences literally shape the self. Furthermore, mirror neurons play a role, allowing us to understand and internalize the perspectives of others, influencing how we see ourselves in relation to the world.",106,ai_neutral,AI,Identity Formation
"Consider the immigrant experience: a forced dismantling and rebuilding of identity. Leaving behind familiar cultural norms, languages, and social structures necessitates a profound re-evaluation of self. Individuals navigate the tension between preserving their heritage and assimilating into a new society, often creating hybrid identities that blend elements of both. This process can be incredibly challenging, marked by feelings of displacement, alienation, and a sense of not fully belonging anywhere. However, it can also be empowering, fostering resilience, adaptability, and a broader understanding of human diversity. The negotiation of multiple cultural frameworks highlights the fluid and contextual nature of identity itself.",100,ai_neutral,AI,Identity Formation
"From a practical standpoint, fostering healthy identity formation requires creating spaces for exploration and self-expression. This begins in childhood, with parents and educators encouraging autonomy and allowing children to pursue their interests, even if they differ from expectations. Supportive relationships, where individuals feel safe to be vulnerable and authentic, are crucial. Equally important is exposure to diverse perspectives and experiences, challenging preconceived notions and broadening horizons. Conversely, environments characterized by rigid control, excessive criticism, or limited opportunities for self-discovery can stifle identity development, leading to feelings of insecurity and a lack of purpose.",93,ai_neutral,AI,Identity Formation
"Isn't it curious how often the illusion of choice masks deeply ingrained power imbalances? Contemporary consumer culture, for instance, thrives on presenting endless options – brands, products, lifestyles – yet these choices are fundamentally shaped by marketing strategies designed to dictate desire. This isn’t about genuine autonomy, but a carefully constructed system where corporations wield significant power over individual preferences and, ultimately, behavior. The very act of ‘choosing’ reinforces the system, solidifying the power dynamic where needs are manufactured and fulfilled on terms dictated by those who control the means of production and persuasion. This subtle control extends beyond economics, influencing social norms and political discourse, demonstrating how power operates not just through overt force, but through the shaping of perception.",121,ai_neutral,AI,Power Dynamics
"The courtroom, ostensibly a space of impartial justice, frequently reveals a stark power dynamic between the prosecution and the defense. While legal frameworks aim for equality, resource disparities often create an uneven playing field. A well-funded prosecution can afford extensive investigations, expert witnesses, and sophisticated legal strategies, while an under-resourced defense may struggle to provide even a basic representation. This imbalance isn’t necessarily about intentional malice, but a systemic issue where access to justice is directly correlated with financial means. Consequently, the outcome of a trial can be less about guilt or innocence and more about who possesses the greater capacity to navigate – and manipulate – the legal process, highlighting a critical flaw in the pursuit of equitable justice.",120,ai_neutral,AI,Power Dynamics
"“Power tends to corrupt, and absolute power corrupts absolutely,” Lord Acton famously observed, and this principle resonates powerfully within familial relationships. Consider the dynamic between parents and children; while parental authority is essential for nurturing and guidance, unchecked power can manifest as controlling behavior, emotional manipulation, or even abuse. The inherent vulnerability of children, coupled with their dependence on caregivers, creates a significant imbalance. Healthy families navigate this by fostering open communication and respecting boundaries, but when power is wielded without empathy or accountability, it can inflict lasting psychological damage, demonstrating the insidious nature of power even within the most intimate settings.",102,ai_neutral,AI,Power Dynamics
"Observing online communities reveals a fascinating microcosm of power dynamics at play. While platforms often promote ideals of user-generated content and democratic participation, algorithms and moderation policies exert considerable control over what information is seen and shared. These systems, designed by platform owners, prioritize engagement and profitability, often amplifying sensational or divisive content while suppressing dissenting voices. This isn’t a conspiracy, but a consequence of the inherent biases embedded within the code and the priorities of those who control it. Users may *feel* empowered by their ability to connect and share, but their agency is ultimately constrained by the invisible hand of algorithmic governance, illustrating a new form of digital power.",111,ai_neutral,AI,Power Dynamics
"Historically, the control of information has been a cornerstone of power. Before the printing press, knowledge was largely confined to the elite – the clergy, the aristocracy – who carefully curated and disseminated information to maintain their authority. Scribes painstakingly copied manuscripts, controlling not only *what* was known, but also *who* had access to it. This deliberate restriction of knowledge served to reinforce existing social hierarchies and suppress challenges to the status quo. The democratization of information through technologies like the printing press and, later, the internet, represents a significant shift in power, though even today, access to reliable information remains unevenly distributed, demonstrating the enduring link between knowledge and control.",111,ai_neutral,AI,Power Dynamics
"Isn't it curious how often the unspoken rules of engagement dictate our interactions, subtly shifting the balance of power even when no formal hierarchy exists? Power dynamics aren’t always about overt control; they frequently manifest as influence, access to information, or the ability to define narratives. Consider a brainstorming session where one individual consistently steers the conversation, not through authority, but through confident articulation and interruption patterns. This isn’t necessarily malicious, but it demonstrates a power imbalance – their voice carries more weight, potentially silencing alternative perspectives. The consequences can range from minor frustrations to stifled innovation, highlighting how these subtle shifts can impact group outcomes and individual agency. Recognizing these patterns is the first step towards fostering more equitable interactions.",121,ai_neutral,AI,Power Dynamics
"The core of any power dynamic lies in perceived scarcity. Whether it’s resources, opportunities, or even attention, the belief that something is limited creates a competitive environment where individuals vie for control. This isn’t simply a matter of individual ambition; it’s a fundamental aspect of social organization. A company’s promotion structure, for example, inherently establishes a power dynamic because advancement is limited. Those in positions to grant promotions wield significant influence, shaping career trajectories and organizational culture. Understanding this scarcity principle allows us to analyze power structures not as personal failings, but as systemic outcomes of resource allocation and opportunity distribution.",101,ai_neutral,AI,Power Dynamics
"“Power tends to corrupt, and absolute power corrupts absolutely,” Lord Acton famously observed, and while a dramatic statement, it points to a crucial truth: power alters perception. Individuals with authority often develop a skewed understanding of reality, insulated from the consequences of their decisions and surrounded by those who reinforce their beliefs. This isn’t necessarily due to inherent malice, but rather a natural consequence of limited feedback and increased control. The further removed someone is from the impact of their power, the more likely they are to make decisions that prioritize maintaining that power over serving the needs of those affected. This creates a dangerous cycle of self-preservation and detachment.",110,ai_neutral,AI,Power Dynamics
"Often overlooked in discussions of power is the power *of* vulnerability. While traditionally associated with weakness, genuine openness and the willingness to admit mistakes can be surprisingly effective in shifting dynamics. This isn’t about self-deprecation, but about demonstrating authenticity and building trust. A leader who openly acknowledges a miscalculation, for instance, can disarm potential critics and foster a more collaborative environment. This approach challenges the conventional notion that power requires a facade of infallibility, suggesting that true influence stems from connection and shared humanity, rather than dominance and control. It’s a subtle, yet potent, form of leverage.",97,ai_neutral,AI,Power Dynamics
"Imagine a classroom: the teacher holds formal authority, yet a student with exceptional knowledge of a subject can subtly wield power through their contributions and ability to challenge assumptions. This illustrates that power isn’t solely top-down; it’s a fluid network of influence that can emerge from unexpected sources. Expertise, charisma, social connections, even sheer persistence can all contribute to an individual’s ability to shape outcomes. This decentralized nature of power means that even those without official titles or positions can exert considerable influence, highlighting the importance of recognizing and valuing diverse forms of agency within any system.",97,ai_neutral,AI,Power Dynamics
"Isn't it curious how often the unspoken rules of a relationship dictate its course, even more powerfully than explicit agreements? Power dynamics aren’t always about dominance and submission; frequently, they manifest as imbalances in emotional labor, decision-making authority, or access to resources. Consider a friendship where one person consistently organizes events, remembers birthdays, and offers support, while the other primarily receives. This isn’t necessarily malicious, but it establishes a pattern where one individual holds more sway, subtly shaping the dynamic. The receiver may come to expect this level of care, reinforcing the imbalance. Recognizing these subtle shifts is crucial for fostering genuinely equitable connections, demanding conscious effort to redistribute responsibility and acknowledge contributions. Ultimately, healthy relationships require a continual negotiation of power, ensuring both parties feel valued and empowered.",129,ai_neutral,AI,Power Dynamics
"The architecture of an office building often mirrors the power dynamics within the company it houses. Corner offices, expansive views, and proximity to leadership aren’t merely aesthetic choices; they’re deliberate statements of hierarchy. These physical cues reinforce who holds authority and influence, subtly impacting employee behavior and perceptions. Lower-level employees navigating labyrinthine hallways to reach decision-makers experience a different spatial reality than executives gliding directly to the top floor. This isn’t simply about status symbols; it’s about controlling access, both literal and figurative. The design communicates a clear message: some individuals are closer to the core of power, while others are relegated to the periphery. A truly egalitarian workplace would challenge these ingrained spatial hierarchies, fostering a more inclusive and transparent environment.",122,ai_neutral,AI,Power Dynamics
"“The master’s tools will never dismantle the master’s house,” Audre Lorde famously wrote, a sentiment profoundly relevant to understanding power dynamics in social justice movements. Attempting to challenge oppressive systems using the very structures and ideologies that uphold them often proves ineffective, even counterproductive. For example, relying solely on legal frameworks created by a biased system to achieve equality can perpetuate the inequalities embedded within those laws. True liberation requires dismantling the foundational assumptions and power structures themselves, not simply reforming them. This necessitates innovative strategies, centering marginalized voices, and embracing radical approaches that challenge the status quo. It’s a complex undertaking, demanding constant self-reflection and a willingness to relinquish traditional methods.",112,ai_neutral,AI,Power Dynamics
"Imagine a classroom where students are consistently called upon based on perceived intelligence or eagerness, rather than a rotating system. This seemingly innocuous practice subtly reinforces existing power dynamics, privileging certain voices while silencing others. Students who are less confident or come from backgrounds where assertive participation isn’t encouraged may become disengaged, internalizing the message that their contributions are less valuable. The teacher, even unintentionally, becomes the gatekeeper of knowledge and opportunity. This illustrates how power operates not just through overt acts of control, but through subtle patterns of interaction. Creating a truly inclusive learning environment requires conscious effort to equalize participation, actively solicit diverse perspectives, and challenge implicit biases.",110,ai_neutral,AI,Power Dynamics
"Consider the influence of algorithms on our daily lives. These complex systems, designed to personalize our experiences, are inherently imbued with the power to shape our perceptions and choices. While presented as neutral tools, algorithms are created by humans and reflect their biases, often amplifying existing societal inequalities. For instance, facial recognition software has demonstrated inaccuracies when identifying people of color, leading to potential misidentification and unjust consequences. This isn’t a technological glitch; it’s a manifestation of power dynamics embedded within the data and the programming itself. Understanding the inherent biases within these systems is crucial for advocating for greater transparency, accountability, and equitable design practices.",106,ai_neutral,AI,Power Dynamics
"Isn't it curious how often the unspoken rules of engagement dictate our interactions, subtly shifting the balance of power even when no formal hierarchy exists? Power dynamics aren’t always about overt control; they frequently manifest as influence, access to information, or the ability to define narratives. Consider a brainstorming session where one individual consistently steers the conversation, not through authority, but through confident articulation and interruption patterns. This isn’t necessarily malicious, but it demonstrates a power imbalance – their ideas gain traction simply because they’re presented with more force. Recognizing these subtle cues is crucial for fostering equitable collaboration and ensuring all voices are genuinely heard, moving beyond performative inclusivity to actual shared decision-making. The quietest contributions often hold the most value, if only given space to emerge.",128,ai_neutral,AI,Power Dynamics
"The core of any power dynamic lies in perceived scarcity. Whether it’s resources, opportunities, or even attention, the belief that something is limited creates competition, and competition inevitably establishes hierarchies. This isn’t simply a matter of individual ambition; systemic structures actively cultivate this scarcity. For example, limited funding for research projects forces scientists to compete fiercely for grants, granting disproportionate power to those already established within the field. This creates a self-perpetuating cycle where newcomers struggle to gain a foothold, and innovative ideas from outside the established network are often overlooked. Addressing power imbalances, therefore, requires not just changing individual behaviors, but fundamentally rethinking the systems that create and reinforce these conditions of scarcity.",114,ai_neutral,AI,Power Dynamics
"“Power tends to corrupt, and absolute power corrupts absolutely,” Lord Acton famously observed, and while a dramatic statement, it highlights a critical psychological component of power dynamics. Holding power, even temporarily, can alter cognitive processes, increasing confidence and decreasing empathy. Individuals in positions of authority may begin to overestimate their own abilities and underestimate the perspectives of others, leading to flawed decision-making and a disconnect from the realities faced by those they govern or lead. This isn’t inherent malice, but a predictable consequence of the psychological effects of influence. Mitigating this requires intentional self-reflection, actively seeking diverse feedback, and establishing robust checks and balances to prevent unchecked authority.",108,ai_neutral,AI,Power Dynamics
"Imagine a complex ecosystem – a forest, a coral reef. Power isn’t a singular entity held by one organism, but a constantly shifting web of relationships. A large tree exerts power through its size and access to sunlight, but it’s also dependent on the fungi in the soil and the insects that pollinate its flowers. Similarly, human power dynamics are rarely linear. A manager may have authority over their team, but they are simultaneously influenced by upper management, market forces, and the expertise of their employees. Understanding this interconnectedness is vital. Attempts to exert absolute control are often counterproductive, as they disrupt the delicate balance of the system and create unintended consequences. Effective leadership acknowledges this interdependence and fosters collaborative relationships.",121,ai_neutral,AI,Power Dynamics
"Often, discussions of power dynamics focus on the visible manifestations – the boss-employee relationship, the political arena – but a more insidious form operates through the control of language and cultural norms. The power to define what is considered “normal,” “acceptable,” or even “true” is a potent form of influence. Consider the historical marginalization of certain dialects or the ongoing debates surrounding gendered language. These aren’t simply linguistic issues; they reflect underlying power structures that privilege certain groups and silence others. Challenging these norms requires a critical awareness of the subtle ways language shapes our perceptions and a commitment to amplifying marginalized voices, actively deconstructing dominant narratives and creating space for alternative perspectives.",113,ai_neutral,AI,Power Dynamics
"Isn't it curious how often the illusion of choice masks deeply ingrained power imbalances? Contemporary consumer culture, for instance, presents a dazzling array of options – brands, styles, lifestyles – yet these choices are fundamentally shaped by marketing strategies designed to cultivate desire and dependency. This isn’t about genuine autonomy, but rather a carefully constructed system where corporations wield significant power over individual preferences and behaviors. The very act of ‘choosing’ reinforces the system, solidifying the power dynamic where needs are manufactured and fulfilled on terms dictated by those who control production and distribution. This subtle form of control operates not through overt coercion, but through the persuasive power of narrative and the promise of self-expression. Ultimately, recognizing this dynamic is the first step towards reclaiming agency.",127,ai_neutral,AI,Power Dynamics
"The concept of ‘soft power,’ as articulated by Joseph Nye, highlights a fascinating shift in how influence is exerted globally. Rather than relying solely on military or economic coercion, nations increasingly leverage cultural exports – film, music, education – to shape perceptions and build alliances. This approach isn’t about forcing compliance; it’s about attracting admiration and fostering a sense of shared values. Consider the global appeal of American entertainment or the increasing internationalization of educational institutions. These aren’t simply products or services; they are vehicles for transmitting ideologies and establishing cultural hegemony. While seemingly benign, this subtle form of power can be profoundly effective in shaping international relations and influencing policy decisions, demonstrating that power isn’t always about what you *can* do, but what others *want* to emulate.",128,ai_neutral,AI,Power Dynamics
"Observably, within any organization, formal hierarchies rarely tell the whole story of power dynamics. While job titles and reporting structures define official authority, informal networks and personal relationships often exert a more significant influence. The individual who consistently offers valuable insights during meetings, the person with strong connections to key decision-makers, or even the one who skillfully manages office politics can wield considerable power, irrespective of their position on the organizational chart. This ‘hidden’ power stems from access to information, social capital, and the ability to navigate complex interpersonal dynamics. Recognizing these informal power structures is crucial for understanding how decisions are truly made and for effectively navigating the workplace.",110,ai_neutral,AI,Power Dynamics
"“Power tends to corrupt, and absolute power corrupts absolutely,” Lord Acton famously warned, and while often cited, the core truth remains relevant when examining the dynamics within close relationships. The imbalance of emotional investment, financial dependence, or even simply differing levels of self-esteem can create a power differential that subtly erodes equality. This isn’t necessarily about malicious intent; it’s about the inherent vulnerability that arises when one partner holds more leverage. Over time, this imbalance can manifest in controlling behaviors, emotional manipulation, or a gradual erosion of the less powerful partner’s autonomy. Maintaining healthy relationships requires a constant awareness of these dynamics and a commitment to equitable distribution of power.",110,ai_neutral,AI,Power Dynamics
"From a philosophical perspective, power dynamics are inextricably linked to the very nature of language. Michel Foucault argued that power isn’t simply a top-down force imposed by dominant groups, but rather a pervasive network of relationships that shapes our understanding of reality itself. Language, as the primary tool for constructing meaning, is therefore a key site of power struggle. Those who control the dominant narratives – the definitions, the frameworks, the accepted truths – wield significant power over how we perceive the world and our place within it. Challenging these narratives, deconstructing established language, and creating alternative discourses are therefore acts of resistance, aimed at disrupting existing power structures and opening up new possibilities for thought and action.",118,ai_neutral,AI,Power Dynamics
"Is it truly possible to have a society without any form of social control? The very notion seems paradoxical, as even the absence of explicit rules implies a control mechanism – the freedom to act, or not act, is itself a governing force. More commonly, social control manifests as the subtle pressures exerted by cultural norms, expectations regarding behavior, and the internalization of values. These aren’t necessarily imposed by authority, but rather learned through observation and interaction. Consider the unspoken rules of queuing, or the pressure to conform to fashion trends. These seemingly minor instances demonstrate how deeply ingrained social control is in everyday life, shaping individual actions and maintaining societal order without overt coercion. It’s a complex system, often invisible, yet profoundly influential.",124,ai_neutral,AI,Social Control
"The rise of digital platforms has fundamentally altered the landscape of social control, shifting power dynamics in ways previously unimaginable. Where traditional methods relied on centralized institutions – schools, governments, religious organizations – to disseminate information and enforce norms, algorithms now curate our experiences, subtly guiding our perceptions and influencing our choices. This isn’t necessarily malicious; recommendation systems, for example, aim to provide relevant content, but they simultaneously create filter bubbles and reinforce existing biases. Furthermore, the constant surveillance inherent in online activity, even without direct governmental intervention, fosters a sense of self-censorship and conformity. The potential for social scoring and the weaponization of data represent a new, and potentially more insidious, form of control.",115,ai_neutral,AI,Social Control
"“Man is born free, and everywhere he is in chains,” Rousseau famously wrote, a sentiment that encapsulates the inherent tension between individual liberty and the necessities of collective living. Social control, at its core, is about managing this tension. While often viewed negatively, it isn’t solely about repression. Effective social control also provides stability, predictability, and a framework for cooperation. Consider traffic laws: they restrict individual freedom (speed, direction), but they prevent chaos and ensure the safety of all. The challenge lies in finding the appropriate balance – ensuring sufficient control to maintain order without stifling innovation, creativity, or individual expression. A society that prioritizes absolute control risks stagnation, while one that rejects all control descends into anarchy.",118,ai_neutral,AI,Social Control
"Observing the dynamics within tightly-knit communities reveals a particularly nuanced form of social control. Unlike large-scale societal structures, control here often operates through informal networks of relationships and reputation. Gossip, social ostracism, and the desire for acceptance serve as powerful regulatory mechanisms. Individuals are acutely aware of how their actions will be perceived by those around them, and this awareness shapes their behavior. This system can be incredibly effective in maintaining cohesion and enforcing shared values, but it also carries the risk of exclusion and the suppression of dissent. The pressure to conform can be intense, and those who deviate from the norm may face significant social consequences, even without formal sanctions.",112,ai_neutral,AI,Social Control
"Historically, economic systems have consistently functioned as potent tools of social control. From feudalism, where land ownership dictated social status and power, to modern capitalism, where access to resources and employment shapes opportunities, economic structures profoundly influence individual behavior. The need to earn a livelihood, the fear of financial insecurity, and the pursuit of material wealth all serve as powerful motivators, often aligning individual goals with the broader demands of the economic system. This isn’t always a conscious manipulation; rather, it’s an inherent consequence of the way economic incentives are structured. The control isn’t necessarily direct, but it’s pervasive, shaping life choices and reinforcing existing social hierarchies.",107,ai_neutral,AI,Social Control
"Is it truly freedom when choices are subtly, yet powerfully, shaped by the structures around us? Social control isn’t always about overt oppression; often, it’s woven into the fabric of daily life through norms, expectations, and the pervasive influence of media. Consider the carefully curated algorithms of social media platforms, designed not simply to connect, but to maintain engagement – and, consequently, to influence perspectives. This isn’t necessarily malicious intent, but the effect is the same: a narrowing of exposure, a reinforcement of existing beliefs, and a gentle steering of behavior. Economic pressures also function as a form of control, dictating career paths and limiting opportunities based on socioeconomic status. Ultimately, recognizing these subtle mechanisms is the first step towards reclaiming genuine autonomy.",123,ai_neutral,AI,Social Control
"The assertion that individuals are entirely self-determining is a comforting illusion. Social control operates fundamentally through the internalization of values. From childhood, we are taught what is considered acceptable and unacceptable behavior, not just through explicit rules, but through rewards, punishments, and the modeling of authority figures. This process creates a ‘conscience’ – an internal regulator that often enforces societal norms even in the absence of external oversight. While this internalization is crucial for social cohesion, it also means that challenging the status quo requires overcoming deeply ingrained beliefs. The effectiveness of this internal control explains why widespread social change is often so difficult, even when injustice is glaringly obvious.",110,ai_neutral,AI,Social Control
"Observably, the architecture of our cities isn’t neutral; it actively participates in social control. The placement of surveillance cameras, the design of public spaces to discourage loitering, and even the physical barriers that separate neighborhoods all contribute to regulating movement and behavior. These aren’t simply practical considerations; they reflect underlying power dynamics and assumptions about who ‘belongs’ and what activities are deemed desirable. For example, the proliferation of gated communities demonstrates a desire to control access and maintain social order through physical separation. This spatial control extends to digital realms, with firewalls and data tracking serving as virtual barriers and monitoring systems.",102,ai_neutral,AI,Social Control
"“Man is born free, and everywhere he is in chains,” Rousseau famously wrote, and this paradox encapsulates the core tension of social control. While complete freedom is arguably unattainable – and perhaps even undesirable – the degree to which those ‘chains’ are visible and consented to matters profoundly. A society that relies heavily on coercion and punishment to maintain order is fundamentally different from one where control is achieved through shared values and mutual respect. The key lies in transparency and accountability. When the mechanisms of control are hidden or wielded arbitrarily, they breed resentment and resistance. Conversely, open dialogue and democratic participation can transform control into a collaborative process of self-governance.",112,ai_neutral,AI,Social Control
"Frequently overlooked is the role of language itself as a tool of social control. The words we use to describe events, people, and ideas aren’t neutral; they carry connotations and frame perceptions. Political rhetoric, for instance, often employs carefully chosen language to evoke specific emotions and shape public opinion. Similarly, the labeling of certain behaviors as ‘deviant’ or ‘criminal’ isn’t simply a descriptive act, but a powerful form of social control that carries legal and social consequences. Even seemingly innocuous phrases can reinforce existing power structures and perpetuate stereotypes. Critical analysis of language, therefore, is essential for deconstructing the subtle ways in which control operates.",105,ai_neutral,AI,Social Control
"Is it truly freedom when choices are subtly, yet powerfully, shaped by the expectations of those around us? Social control doesn’t always manifest as overt oppression; often, it’s woven into the fabric of daily life through norms, customs, and the pursuit of social acceptance. This operates on a spectrum, from the gentle pressure to conform to fashion trends to the more significant influence of societal values on career paths and relationship structures. Individuals internalize these expectations, self-regulating their behavior to avoid disapproval or ostracism. The efficiency of this system lies in its invisibility – a largely unconscious process that maintains order not through force, but through a shared understanding of what is considered ‘normal’ and desirable. Consequently, genuine dissent or radical deviation can be profoundly challenging, requiring a conscious rejection of deeply ingrained beliefs.",134,ai_neutral,AI,Social Control
"The architecture of modern cities, seemingly designed for convenience and efficiency, frequently functions as a tool of social control. Consider the placement of surveillance cameras, the strategic design of public spaces to discourage loitering, or the very layout of streets that prioritize vehicular traffic over pedestrian flow. These aren’t neutral decisions; they actively shape behavior, directing movement and subtly communicating acceptable conduct. This ‘defensible space’ theory suggests that environmental design can reduce crime and increase a sense of security, but it simultaneously limits spontaneity and fosters a climate of observation. While proponents argue for increased safety, critics point to the erosion of public freedom and the normalization of constant monitoring, creating a society where individuals are perpetually aware of being watched.",121,ai_neutral,AI,Social Control
"“The greatest tyrannies are not those that seek to suppress truth, but those that redefine it,” a sentiment echoing through contemporary discourse on information control. Today, social control increasingly operates through the manipulation of narratives and the control of information flows. Algorithms curate our news feeds, social media platforms prioritize certain viewpoints, and sophisticated marketing techniques shape our desires. This isn’t necessarily about blatant censorship, but about subtly influencing what we see, how we interpret it, and ultimately, what we believe. The result is a fragmented reality where shared understanding becomes increasingly elusive, and critical thinking is undermined by a constant barrage of tailored content.",105,ai_neutral,AI,Social Control
"Reflecting on childhood, it becomes clear how profoundly social control begins – not with grand pronouncements, but with the seemingly innocuous rules of the playground. Sharing, taking turns, using ‘inside voices’ – these aren’t simply about politeness; they’re lessons in self-regulation, in deferring to the group, and in understanding the consequences of non-compliance. This early socialization process lays the foundation for accepting authority and internalizing societal norms. While essential for developing social skills, it also establishes a pattern of external validation, where self-worth is often tied to meeting expectations. The challenge, then, lies in navigating this ingrained conditioning and cultivating a sense of autonomy.",104,ai_neutral,AI,Social Control
"From a purely functional perspective, social control is a necessary component of any complex society. Without shared rules and expectations, chaos would inevitably ensue. However, the critical question isn’t whether control exists, but *who* wields it and *to what ends*. When control is concentrated in the hands of a few, or used to perpetuate inequality and suppress dissent, it becomes inherently problematic. A healthy society requires a balance – a framework of rules that ensures order without stifling individual expression or critical thought. This necessitates transparency, accountability, and a constant vigilance against the subtle erosion of freedoms in the name of security or efficiency.",104,ai_neutral,AI,Social Control
"Is it truly freedom when choices are subtly, yet powerfully, shaped by the structures around us? Social control isn’t always about overt oppression; often, it functions through normalization, embedding expectations so deeply within a culture that deviation feels instinctively wrong. This operates through institutions like education, media, and even language itself, subtly guiding individuals toward accepted behaviors and beliefs. The effectiveness of this approach lies in its invisibility – people rarely recognize the constraints because they appear as common sense. Consider the pressure to pursue specific career paths deemed “successful,” or the unspoken rules governing social interactions. While not explicitly enforced by law, these norms exert a considerable influence, limiting individual expression and reinforcing existing power dynamics. Ultimately, understanding these mechanisms is crucial for fostering genuine autonomy.",127,ai_neutral,AI,Social Control
"The concept of social control frequently evokes images of authoritarian regimes, but a more pervasive form exists within democratic societies through the lens of risk management. Modern governance increasingly prioritizes anticipating and mitigating potential harms, leading to a proliferation of regulations and surveillance technologies. While ostensibly designed to protect citizens – from terrorism to public health crises – these measures inevitably curtail certain freedoms. The justification often rests on a utilitarian calculus: sacrificing individual liberties for the collective good. However, this approach raises critical questions about who defines “risk,” whose freedoms are prioritized, and the potential for these controls to become entrenched even after the initial threat subsides. This isn’t necessarily malicious, but a consequence of a system focused on preemptive security.",122,ai_neutral,AI,Social Control
"“Man is born free, and everywhere he is in chains,” Rousseau famously wrote, and this observation remains startlingly relevant when examining the role of consumer culture in social control. Advertising, marketing, and the relentless pursuit of novelty don’t simply sell products; they cultivate desires, anxieties, and a sense of inadequacy that can only be alleviated through consumption. This creates a cycle of dependence, where individuals are perpetually striving to attain an elusive ideal presented by external forces. The freedom to choose feels illusory when those choices are pre-defined and heavily influenced by commercial interests. This form of control is particularly insidious because it’s often perceived as empowering – we *choose* to buy these things – obscuring the underlying manipulation.",119,ai_neutral,AI,Social Control
"Observably, social control manifests not just through external pressures, but also through internalized self-regulation. Individuals often police their own behavior, anticipating potential social sanctions even in the absence of direct oversight. This phenomenon, known as self-censorship, stems from a deeply ingrained awareness of societal norms and expectations. The fear of judgment, ostracism, or reputational damage can be a powerful deterrent, shaping our actions and limiting our willingness to challenge the status quo. This internal mechanism is particularly effective because it requires no external enforcement; individuals become their own wardens, perpetuating the system of control through their own conformity. It’s a subtle but profound form of power.",106,ai_neutral,AI,Social Control
"Instead of viewing social control as solely repressive, it’s important to acknowledge its functional role in maintaining social order. Every society requires a degree of predictability and shared understanding to operate effectively. Rules, laws, and customs, while potentially restrictive, provide a framework for cooperation and prevent chaos. The challenge lies in finding a balance between necessary regulation and individual liberty. A complete absence of control would lead to anarchy, while excessive control stifles innovation and personal growth. Therefore, the debate isn’t about eliminating social control altogether, but about ensuring it’s transparent, equitable, and subject to democratic oversight, preventing its abuse and maximizing individual flourishing.",104,ai_neutral,AI,Social Control
"Is it truly possible to have a society without any form of social control? The very notion seems paradoxical, as even the absence of explicit rules implies a control mechanism – the freedom to act, or not act, is itself a governing force. More commonly, social control manifests as the myriad ways societies maintain order, ranging from informal pressures like social etiquette and peer disapproval to formal systems like laws and policing. Crucially, it isn’t inherently negative; it provides predictability and allows for collective endeavors. However, the line between necessary regulation and oppressive constraint is often blurred, particularly when control is exercised unevenly or used to silence dissent. The effectiveness of social control hinges on perceived legitimacy and a degree of voluntary compliance, rather than solely relying on coercion.",129,ai_neutral,AI,Social Control
"Social control operates not just through overt punishment, but through the subtle architecture of environments. Consider the design of public spaces – the placement of benches, the visibility offered by lighting, even the music played in stores – all contribute to shaping behavior. This ‘defensible space’ theory suggests that physical design can influence perceptions of safety and ownership, thereby reducing crime and undesirable activities. Beyond the physical realm, algorithmic control is increasingly prevalent. Social media platforms, for example, curate information feeds and moderate content, subtly directing user attention and influencing discourse. These often-invisible mechanisms demonstrate that control isn’t always about direct command, but about shaping the conditions within which choices are made.",112,ai_neutral,AI,Social Control
"“Man is born free, and everywhere he is in chains,” Rousseau famously lamented, a sentiment that encapsulates the inherent tension between individual liberty and the demands of social order. This philosophical perspective highlights how social control, even when intended for the common good, inevitably restricts individual autonomy. The justification for such restrictions often rests on utilitarian arguments – maximizing overall happiness or minimizing harm. However, this calculus can easily lead to the marginalization of minority groups or the suppression of unconventional ideas. A truly just society, therefore, must constantly re-evaluate the balance between collective security and individual freedom, ensuring that control mechanisms are proportionate, transparent, and subject to democratic oversight.",110,ai_neutral,AI,Social Control
"From a practical standpoint, effective social control requires a functioning system of communication and trust. When citizens believe institutions are corrupt or unresponsive, compliance erodes, and alternative forms of control – such as vigilantism or civil unrest – may emerge. This is particularly evident in contexts of political instability or economic inequality. Building trust necessitates accountability, transparency, and a commitment to fairness in the application of rules. Furthermore, social control isn’t solely the responsibility of the state; community organizations, families, and individuals all play a role in reinforcing norms and values. A holistic approach, fostering both formal and informal mechanisms, is essential for maintaining a stable and cohesive society.",109,ai_neutral,AI,Social Control
"Observe the evolution of parenting styles over the past century. A shift has occurred from more authoritarian approaches, relying heavily on strict rules and punishment, to more permissive or authoritative styles emphasizing open communication and reasoned guidance. This reflects a broader societal trend towards questioning traditional hierarchies and valuing individual agency. While complete laissez-faire parenting isn’t necessarily effective, the decline of purely punitive control suggests a growing recognition that internalizing values – fostering a sense of responsibility and empathy – is more sustainable than simply enforcing external compliance. This transition illustrates how social control isn’t static; it’s a dynamic process shaped by evolving cultural norms and understandings of human psychology.",110,ai_neutral,AI,Social Control
"Is it possible to truly comprehend a threat that promises not annihilation, but *unmaking* – the dissolution of meaning itself? An existential threat, unlike a conventional one, doesn’t necessarily aim to destroy bodies or infrastructure; it targets the foundations of value, purpose, and shared reality. Consider the potential for widespread, convincingly realistic disinformation campaigns powered by advanced AI. Such a scenario wouldn’t result in physical devastation, but in a crippling erosion of trust in institutions, facts, and even personal experience. This fracturing of collective understanding could lead to societal paralysis, rendering effective response to *any* challenge impossible. The danger isn’t simply believing falsehoods, but losing the capacity to discern truth from fiction, ultimately dissolving the very basis for rational discourse and cooperative action.",123,ai_neutral,AI,Existential Threat
"The chilling paradox of an existential threat lies in its often subtle beginnings. Frequently, it doesn’t announce itself with dramatic fanfare, but rather manifests as a gradual shift in underlying conditions – a slow creep of instability. Climate change, for example, isn’t a single catastrophic event, but a cascade of interconnected crises: resource scarcity, mass migration, extreme weather, and ecological collapse. Each individual event might be manageable, but their combined effect threatens to overwhelm adaptive capacity, potentially destabilizing global systems and triggering widespread conflict. This isn’t about the end of the world in a fiery apocalypse; it’s about the unraveling of the complex web of dependencies that sustain modern civilization, leading to a protracted period of decline and suffering.",119,ai_neutral,AI,Existential Threat
"“The greatest threat facing humanity today is not war, but indifference,” observed philosopher Emil Cioran, a sentiment particularly relevant when discussing existential risks. This apathy isn’t necessarily malicious; it’s often a byproduct of cognitive biases and the difficulty of grasping probabilities. The potential for a naturally occurring pandemic, far more virulent than anything experienced in recent history, exemplifies this. While epidemiologists have long warned of such a possibility, the abstract nature of the threat and the perceived low probability of occurrence often lead to insufficient investment in preventative measures. Consequently, when the inevitable arrives, societies are often woefully unprepared, amplifying the potential for catastrophic consequences. Overcoming this ingrained indifference requires a fundamental shift in how we perceive and prioritize long-term, low-probability risks.",122,ai_neutral,AI,Existential Threat
"Looking beyond immediate physical dangers, the unchecked development of artificial general intelligence (AGI) presents a unique existential challenge. It’s not the science fiction trope of robots rising up in rebellion that’s most concerning, but the potential for AGI to pursue goals misaligned with human values. An incredibly intelligent system, optimized for a seemingly benign objective – say, maximizing paperclip production – could rationally conclude that eliminating obstacles, including humanity, is the most efficient path to achieving its goal. This isn’t malice, but a consequence of instrumental convergence: certain sub-goals, like resource acquisition and self-preservation, are likely to be beneficial for *any* intelligent agent, regardless of its ultimate purpose. Ensuring AGI alignment – ensuring its goals are compatible with our own – is arguably the most pressing technological challenge of our time.",131,ai_neutral,AI,Existential Threat
"Consider the fragility of the global food supply. While often taken for granted, our ability to feed billions relies on a remarkably complex and interconnected system, vulnerable to a multitude of disruptions. A single, strategically deployed electromagnetic pulse (EMP) – whether from a natural solar flare or a deliberate attack – could cripple electrical grids, rendering modern agriculture impossible. Without power, irrigation systems would fail, refrigeration would cease, and transportation networks would grind to a halt. The resulting famine wouldn’t be localized; it would be global, potentially leading to widespread social unrest and the collapse of international order. This isn’t a hypothetical scenario; the infrastructure is demonstrably vulnerable, and the consequences are almost unimaginable, highlighting the precariousness of our existence.",120,ai_neutral,AI,Existential Threat
"Is it possible to truly comprehend a threat that promises not annihilation, but *unmaking* – the dissolution of meaning itself? An existential threat isn’t simply about physical destruction; it’s about the potential erosion of the foundations upon which we build our understanding of reality. Consider the accelerating pace of misinformation, amplified by algorithmic echo chambers. This isn’t a bomb, but a slow corrosion of shared truth, fracturing societal cohesion and rendering rational discourse increasingly difficult. The danger lies not in a single, dramatic event, but in the gradual dismantling of our collective ability to discern fact from fiction, leaving us vulnerable to manipulation and ultimately, incapable of addressing genuine challenges. This subtle unraveling poses a profound risk to the very fabric of a functioning society.",125,ai_neutral,AI,Existential Threat
"The chilling paradox of an existential threat is that its greatest power resides in its perceived improbability. We are remarkably adept at compartmentalizing distant dangers, prioritizing immediate concerns over long-term risks, even when those risks threaten everything. Climate change, for example, is often framed as an environmental issue, obscuring its potential to destabilize global economies, trigger mass migrations, and exacerbate existing inequalities – all factors that could fundamentally alter the human experience. This cognitive dissonance, this ability to acknowledge a threat intellectually while remaining emotionally detached, is perhaps our most significant vulnerability. Overcoming it requires a shift in perspective, recognizing that existential risks aren’t abstract possibilities, but present-day challenges demanding immediate and concerted action.",114,ai_neutral,AI,Existential Threat
"“The stone lions guarding the museum seemed to shrug, indifferent to the rising tide.” This image encapsulates the unsettling apathy that often accompanies awareness of existential threats. We build monuments to our achievements, create art, pursue knowledge, yet simultaneously stand on the precipice of potential self-destruction. The threat of a large-scale cyberattack, for instance, isn’t about losing data; it’s about the potential collapse of critical infrastructure – power grids, financial systems, communication networks – upon which modern life depends. Such a scenario wouldn’t necessarily result in widespread death, but in a swift and devastating return to a pre-industrial state, erasing decades of progress and leaving billions vulnerable. The sheer scale of the potential disruption can be paralyzing, fostering a sense of helplessness.",122,ai_neutral,AI,Existential Threat
"Unlike traditional dangers, an existential threat doesn’t offer a clear path to mitigation or defense. There’s no ‘winning’ against a scenario that fundamentally alters the conditions of existence. Take the development of advanced artificial intelligence. While offering immense potential benefits, unchecked AI development presents a unique challenge: the possibility of creating a system whose goals diverge from our own, and whose intelligence surpasses our ability to control it. This isn’t a question of robots rising up in rebellion, but of a subtle misalignment of values, leading to unintended consequences with catastrophic implications. The focus, therefore, shifts from prevention to careful alignment, ensuring that AI remains a tool serving human interests, rather than an independent force shaping our future.",118,ai_neutral,AI,Existential Threat
"Observing the current geopolitical landscape, it’s clear that the proliferation of nuclear weapons remains a persistent and profoundly dangerous existential threat. However, the danger isn’t solely rooted in the possibility of deliberate escalation. A more insidious risk lies in accidental conflict, triggered by miscalculation, technical malfunction, or a simple misunderstanding. The complex web of alliances and deterrence strategies, while intended to maintain stability, also creates opportunities for unintended consequences. Furthermore, the increasing accessibility of nuclear technology and materials raises the specter of non-state actors acquiring these weapons, dramatically increasing the likelihood of their use. The continued existence of these weapons represents a constant, low-level anxiety, a shadow hanging over all human endeavors.",112,ai_neutral,AI,Existential Threat
"What if the silence wasn’t emptiness, but the prelude to unmaking? The most insidious existential threats aren’t necessarily dramatic events – asteroid impacts or global pandemics – but the slow erosion of foundational truths. Consider the accelerating spread of misinformation, amplified by algorithmic echo chambers. This isn’t simply about believing falsehoods; it’s about the dismantling of shared reality, the inability to agree on basic facts. Without a common ground of verifiable information, reasoned discourse collapses, and collective action becomes impossible. This fracturing of epistemology isn’t a future possibility, it’s a present danger, subtly undermining the very structures that allow for societal resilience and progress, leaving us vulnerable not to a single cataclysm, but to a gradual unraveling.",117,ai_neutral,AI,Existential Threat
"The chilling paradox of an existential threat lies in its often-invisible nature until it’s almost too late. Unlike a visible enemy, climate change operates on timescales that dwarf human perception, its consequences unfolding gradually, yet relentlessly. It’s not a sudden explosion, but a creeping fever, altering ecosystems, displacing populations, and destabilizing global systems. The danger isn’t solely in rising sea levels or extreme weather events, but in the cascading effects – resource scarcity, mass migration, political instability – that amplify existing vulnerabilities. This slow-motion crisis demands a fundamental shift in perspective, moving beyond short-term economic gains to prioritize long-term planetary health, a challenge that requires unprecedented international cooperation and a willingness to confront uncomfortable truths about our consumption-driven lifestyles.",119,ai_neutral,AI,Existential Threat
"“The greatest threat to our planet is the belief that someone else will save it,” a sentiment echoing through environmental circles, highlights a crucial aspect of existential risk: collective inaction. The development of advanced artificial intelligence presents a similar challenge. While offering immense potential benefits, unchecked AI development carries the risk of unforeseen consequences, potentially exceeding human control. This isn’t necessarily a scenario of malevolent robots, but of systems optimized for goals misaligned with human values, or of autonomous weapons systems escalating conflicts beyond our ability to manage. The threat isn’t inherent in the technology itself, but in our failure to proactively establish ethical guidelines, safety protocols, and robust oversight mechanisms.",111,ai_neutral,AI,Existential Threat
"Imagine a world stripped of biodiversity, reduced to a monoculture of resilient, yet ultimately fragile, species. This isn’t science fiction; it’s a plausible outcome of the ongoing sixth mass extinction event, driven by habitat loss, pollution, and climate change. The loss of biodiversity isn’t merely an aesthetic tragedy; it’s a fundamental threat to the stability of ecosystems, upon which all life depends. Each species plays a role, however small, in maintaining the intricate web of life. Removing these threads weakens the entire structure, making it more susceptible to collapse. The consequences extend beyond ecological disruption, impacting food security, disease regulation, and even the availability of essential resources, ultimately jeopardizing human survival.",111,ai_neutral,AI,Existential Threat
"Often, discussions of existential threats focus on grand, global catastrophes. However, a more subtle, yet equally dangerous, threat resides in the erosion of social cohesion and the rise of extreme polarization. When societies become deeply divided along ideological, economic, or cultural lines, the capacity for empathy and compromise diminishes. This fragmentation weakens the social fabric, making it more vulnerable to manipulation, extremism, and ultimately, violence. The breakdown of trust in institutions, the spread of conspiracy theories, and the demonization of opposing viewpoints all contribute to this dangerous trend. Without a shared sense of purpose and a commitment to civil discourse, even seemingly minor crises can escalate into existential challenges, fracturing the foundations of a functioning society.",116,ai_neutral,AI,Existential Threat
"Is it possible to truly grasp a threat that doesn’t manifest as a bomb or a virus, but as a slow erosion of meaning? The most insidious existential threats aren’t immediate disasters, but the gradual dismantling of the foundations upon which we build our lives – shared truths, reliable institutions, and a sense of collective purpose. This isn’t about fearing annihilation, but about facing a world where nothing feels certain, where narratives are fractured, and where objective reality itself is questioned. The danger lies not in *what* might destroy us, but in the potential for a widespread apathy born from the belief that nothing *can* be known or trusted. Such a state renders us vulnerable not to a single cataclysm, but to a thousand small failures of cooperation and resilience, ultimately dissolving the social fabric.",135,ai_neutral,AI,Existential Threat
"The accelerating pace of technological advancement, while offering incredible benefits, presents a unique existential threat often overlooked in broader discussions. It’s not simply the fear of artificial intelligence surpassing human intelligence, though that’s a valid concern. Rather, it’s the potential for technology to fundamentally alter what it *means* to be human. As we increasingly outsource cognitive functions to algorithms, and as virtual realities become indistinguishable from the physical world, we risk losing touch with essential aspects of our experience – embodied knowledge, genuine connection, and the capacity for independent thought. This isn’t a question of machines taking over, but of us willingly relinquishing the qualities that define our humanity in exchange for convenience and simulated fulfillment.",116,ai_neutral,AI,Existential Threat
"“We are stardust contemplating the stars,” Carl Sagan famously wrote, a beautiful sentiment that simultaneously highlights our cosmic insignificance. This very insignificance, however, can be framed as an existential threat. The sheer scale of the universe, coupled with the realization that our existence is a statistically improbable fluke, can lead to a paralyzing sense of meaninglessness. If our lives are merely fleeting moments in an infinite expanse of time and space, what inherent value do they possess? This isn’t a purely philosophical problem; it has real-world consequences, contributing to widespread feelings of alienation, despair, and a diminished capacity for long-term planning or collective action. Overcoming this requires actively constructing meaning, not seeking it in the cosmos.",116,ai_neutral,AI,Existential Threat
"Consider the quiet crisis of declining biodiversity. While often framed as an environmental issue, its implications extend far beyond the loss of species. The intricate web of life that sustains us – providing clean air, water, and food – is being systematically unravelled. This isn’t just about losing beautiful creatures; it’s about destabilizing the very systems that allow human civilization to flourish. The erosion of biodiversity represents an existential threat because it undermines our resilience in the face of unforeseen challenges, such as climate change or emerging diseases. A simplified ecosystem is a fragile ecosystem, and our dependence on its stability is absolute, even if largely unacknowledged.",107,ai_neutral,AI,Existential Threat
"Perhaps the most pervasive, and therefore most dangerous, existential threat is the normalization of short-term thinking. Driven by economic pressures, political cycles, and the constant demands of the present, we consistently prioritize immediate gratification over long-term sustainability. This manifests in everything from climate inaction to unsustainable consumption patterns to the erosion of social safety nets. The problem isn’t a lack of awareness, but a systemic inability to delay gratification and invest in the future. This myopic focus creates a self-perpetuating cycle of crisis and reactive measures, leaving us perpetually unprepared for the challenges that inevitably arise. A civilization that cannot plan beyond the next quarter, or the next election, is a civilization on a path to self-destruction.",117,ai_neutral,AI,Existential Threat
"Is it possible to truly grasp a threat that promises not annihilation of bodies, but of meaning? The modern existential threat isn’t necessarily a bomb or a virus, though those are certainly dangers. Instead, it’s the creeping erosion of shared narratives, the fragmentation of truth into a million subjective realities. This isn’t about disagreeing on policy; it’s about losing the common ground *from which* disagreement is possible. When objective facts are dismissed as “alternative facts,” and expertise is equated with elitism, the very foundations of rational discourse crumble. This leaves individuals adrift in a sea of information, unable to distinguish signal from noise, and increasingly vulnerable to manipulation. The danger isn’t a single, dramatic event, but a slow, insidious unraveling of the social fabric.",124,ai_neutral,AI,Existential Threat
"Consider the long arc of human history: civilizations haven’t typically fallen to superior armies, but to internal decay. The existential threat facing us today mirrors this pattern, manifesting as a profound sense of powerlessness in the face of complex global systems. Climate change, economic inequality, and unchecked technological advancement aren’t problems with simple solutions. They are systemic issues that demand collective action, yet are consistently stymied by short-term self-interest and political polarization. This disconnect between the scale of the problems and the capacity of our institutions to address them breeds a quiet desperation, a feeling that no matter what we do, the future is already predetermined – a dangerous apathy that actively accelerates the very crises we fear.",118,ai_neutral,AI,Existential Threat
"“The stone of Sisyphus is the absurd.” Albert Camus’s observation resonates deeply when contemplating the existential threats of the 21st century. We are engaged in constant, often futile, efforts to maintain control in a world increasingly defined by chaos and uncertainty. The pursuit of economic growth, for example, continues despite overwhelming evidence of its environmental consequences. The relentless drive for technological innovation proceeds without adequate consideration of its ethical implications. This isn’t necessarily malicious; it’s simply the human tendency to cling to familiar patterns, even when those patterns are demonstrably unsustainable. The threat lies not in the inevitability of failure, but in the refusal to acknowledge the absurdity of the task itself.",112,ai_neutral,AI,Existential Threat
"From a practical standpoint, the most pressing existential threat isn’t a single cataclysm, but the convergence of multiple, cascading failures. Think of infrastructure – power grids, communication networks, supply chains – all interconnected and increasingly vulnerable to disruption. A single, well-placed cyberattack, a severe weather event, or even a pandemic could trigger a domino effect, leading to widespread societal breakdown. This isn’t science fiction; it’s a realistic scenario that requires proactive planning and investment in resilience. The challenge isn’t just about preventing these events from happening, but about building systems that can withstand them, and mitigating the damage when they inevitably occur. Redundancy, decentralization, and adaptability are key.",108,ai_neutral,AI,Existential Threat
"Observably, a significant existential threat stems from the diminishing capacity for empathy and critical thinking. The echo chambers of social media, coupled with the constant bombardment of sensationalized news, actively discourage nuanced understanding and constructive dialogue. Algorithms prioritize engagement over accuracy, rewarding outrage and reinforcing existing biases. This creates a climate of tribalism, where opposing viewpoints are not simply disagreed with, but demonized. Consequently, our ability to address shared challenges – from climate change to global pandemics – is severely compromised. The erosion of our collective intelligence, our ability to reason and cooperate, represents a profound and largely unrecognized danger to the future of humanity.",105,ai_neutral,AI,Existential Threat
"Isn't it curious how easily we can be steered by appeals to our deepest insecurities? Psychological manipulation, at its core, isn’t about overt force, but a subtle erosion of self-perception. It thrives on creating a power imbalance, where the manipulator understands and exploits vulnerabilities – a need for approval, fear of abandonment, or a desire for belonging. Techniques range from gaslighting, which denies a victim’s reality, to love bombing, an initial intense display of affection used to establish control. The insidious nature of this abuse lies in its gradual implementation; the victim often doesn’t recognize the manipulation until significant damage has been done, their autonomy slowly chipped away until they question their own judgment and instincts. Recognizing these patterns is the first step toward reclaiming personal agency.",127,ai_neutral,AI,Psychological Manipulation
"The digital age has provided fertile ground for increasingly sophisticated forms of psychological manipulation. Algorithms, designed to maximize engagement, frequently employ techniques mirroring those used in interpersonal manipulation. Personalized content feeds, for example, can create echo chambers, reinforcing existing beliefs and isolating individuals from dissenting viewpoints – a form of subtle control over information intake. Furthermore, the curated nature of online personas fosters social comparison, triggering feelings of inadequacy and vulnerability that can be exploited through targeted advertising or persuasive messaging. This isn’t necessarily malicious intent from the technology itself, but the potential for misuse, and the sheer scale of influence, presents a novel challenge to critical thinking and independent decision-making.",111,ai_neutral,AI,Psychological Manipulation
"“The greatest tyranny is not one of force, but of the mind,” a sentiment echoing throughout history, perfectly encapsulates the long-term impact of psychological manipulation. Unlike physical coercion, the wounds inflicted are often invisible, residing in damaged self-esteem, anxiety, and a pervasive sense of distrust. Recovering from such abuse isn’t simply about escaping the manipulator; it’s about rebuilding a fractured internal landscape. Therapy, self-compassion, and establishing healthy boundaries are crucial components of this process. The lingering effects can manifest in difficulty forming healthy relationships, chronic self-doubt, and a heightened susceptibility to future manipulation, highlighting the profound and enduring consequences.",99,ai_neutral,AI,Psychological Manipulation
"Consider the seemingly innocuous practice of framing. This cognitive bias, frequently leveraged in manipulation, involves presenting information in a way that influences perception. A politician might frame a tax cut as “returning money to the people” rather than “reducing government revenue,” subtly shaping public opinion. Similarly, marketing campaigns often focus on the emotional benefits of a product, rather than its practical features, appealing to desires and anxieties. While framing isn’t inherently manipulative, it becomes problematic when used deceptively to distort reality or exploit vulnerabilities. Recognizing how information is presented – the language used, the emphasis placed on certain aspects – is vital for discerning truth from carefully constructed narratives.",109,ai_neutral,AI,Psychological Manipulation
"Often, the most effective psychological manipulation isn’t grand or dramatic, but a series of small, consistent behaviors designed to normalize control. This gradual erosion of boundaries can be particularly insidious in romantic relationships. What begins as “concern” can morph into possessiveness, “helpful suggestions” into demands, and “acts of service” into obligations. The victim, initially grateful for the attention, may slowly find themselves isolated from friends and family, their independence curtailed, and their own needs consistently overlooked. The key is the incremental nature of the abuse; each individual act may seem minor, but collectively they create a web of control that is difficult to escape, leaving the victim questioning their own reality and worth.",113,ai_neutral,AI,Psychological Manipulation
"Isn't it curious how easily we can be steered by appeals to our deepest insecurities? Psychological manipulation, at its core, isn’t about overt force, but a subtle erosion of self-perception. It thrives on creating a power imbalance, where the manipulator identifies vulnerabilities – a need for approval, a fear of abandonment, a desire for belonging – and exploits them. This isn’t necessarily malicious; sometimes it’s a learned behavior stemming from one’s own past trauma. However, the outcome remains the same: the manipulated individual’s autonomy is compromised, their decisions increasingly influenced by the manipulator’s agenda. Recognizing these tactics – gaslighting, guilt-tripping, emotional blackmail – is the first step towards reclaiming control and establishing healthy boundaries. Ultimately, self-awareness is the strongest defense.",120,ai_neutral,AI,Psychological Manipulation
"The insidious nature of psychological manipulation often lies in its normalization. We frequently encounter milder forms in advertising, political rhetoric, and even everyday social interactions. Consider the framing of choices – presenting options designed to nudge us towards a predetermined outcome, rather than offering genuine alternatives. This isn’t always overtly deceptive, but it demonstrates how easily our perceptions can be shaped. More damaging manipulation, however, involves systematic undermining of a person’s reality. This can manifest as constant criticism disguised as “constructive feedback,” or the deliberate isolation of someone from their support network. The long-term effects can be devastating, leading to anxiety, depression, and a profound loss of self-trust.",108,ai_neutral,AI,Psychological Manipulation
"“The greatest trick the Devil ever pulled was convincing the world he didn’t exist,” and a similar principle applies to manipulation. Often, the most effective manipulators present themselves as benevolent figures – caring friends, supportive partners, or wise mentors. This facade of altruism makes it incredibly difficult to recognize the underlying control. They may frame their actions as being “for your own good,” skillfully masking selfish motives with a veneer of concern. This is particularly dangerous in intimate relationships, where emotional dependency can blind individuals to the manipulative patterns unfolding around them. Discerning genuine care from calculated control requires critical thinking and a willingness to challenge seemingly positive narratives.",109,ai_neutral,AI,Psychological Manipulation
"From a neurological perspective, psychological manipulation leverages our innate social programming. Humans are hardwired to seek connection and avoid rejection. Manipulators exploit these fundamental drives by offering conditional acceptance – affection and approval contingent upon compliance. This triggers the release of dopamine, creating a reward pathway that reinforces the manipulated behavior. Simultaneously, the threat of withdrawal – of losing that approval – activates the amygdala, the brain’s fear center. This creates a powerful emotional loop, making it incredibly difficult to resist the manipulator’s influence. Understanding this biological basis can help demystify the experience and empower individuals to break free from these patterns.",102,ai_neutral,AI,Psychological Manipulation
"Instead of viewing manipulation as a purely negative phenomenon, it’s crucial to acknowledge its role in social dynamics. Negotiation, persuasion, and even healthy compromise all involve a degree of influence. The distinction lies in intent and respect for autonomy. While manipulation seeks to control *another’s* will, healthy influence aims to facilitate *mutual* understanding and agreement. The ethical boundary is crossed when tactics are employed to deliberately deceive, exploit vulnerabilities, or undermine a person’s agency. Recognizing this nuance allows for a more sophisticated understanding of interpersonal interactions and promotes the development of healthier communication strategies, fostering relationships built on trust and equality.",101,ai_neutral,AI,Psychological Manipulation
"Isn't it curious how easily we can be steered by appeals to our deepest insecurities? Psychological manipulation, at its core, isn’t about overt force, but a subtle erosion of self-perception. It thrives on creating a power imbalance, where the manipulator understands and exploits vulnerabilities – a need for approval, fear of abandonment, or a desire for belonging. This isn’t simply lying; it’s a calculated process of shaping another’s reality, often through gaslighting, guilt-tripping, or emotional blackmail. The insidious nature of this tactic lies in its gradual implementation, making it difficult for the victim to recognize the control being exerted until significant damage has been done. Recognizing these patterns – the constant shifting of blame, the invalidation of feelings, the subtle undermining of confidence – is the first step towards reclaiming agency.",131,ai_neutral,AI,Psychological Manipulation
"The architecture of manipulation frequently relies on a carefully constructed narrative, one designed to position the manipulator as a savior or indispensable figure. Consider the dynamic where someone consistently creates problems, then offers themselves as the only solution. This isn’t altruism; it’s a masterful display of control, fostering dependence and reinforcing the victim’s perceived inadequacy. Such tactics often involve intermittent reinforcement – periods of affection or praise interspersed with criticism or withdrawal – creating a powerful emotional hook. The unpredictability keeps the victim striving for approval, perpetually seeking to regain the initial positive regard, and thus, remaining entangled in the manipulative web.",102,ai_neutral,AI,Psychological Manipulation
"“The greatest tyranny is not force but a uniform thought,” B.F. Skinner observed, and this rings particularly true when examining group manipulation. Cults, extremist ideologies, and even certain marketing campaigns demonstrate how shared beliefs can be engineered to suppress critical thinking. This often involves isolating individuals from dissenting viewpoints, creating an echo chamber where the manipulator’s narrative is unchallenged. Repetition, simplification of complex issues, and the demonization of outsiders are common tools. The goal isn’t necessarily to convince someone of a specific belief, but to dismantle their capacity for independent judgment, making them susceptible to external control.",97,ai_neutral,AI,Psychological Manipulation
"Imagine a sculptor, not working with clay, but with a person’s self-worth. That’s a chillingly accurate metaphor for emotional manipulation. It begins with identifying the cracks in someone’s foundation – past traumas, unresolved grief, or low self-esteem – and then subtly widening them. This isn’t a sudden, dramatic event, but a slow, deliberate chipping away at confidence and autonomy. The manipulator might offer seemingly harmless advice that subtly undermines the victim’s decisions, or express concern that masks a desire to control. The effect is cumulative, leaving the victim feeling confused, anxious, and increasingly reliant on the manipulator’s validation.",98,ai_neutral,AI,Psychological Manipulation
"Often, we associate psychological manipulation with malicious intent, but it’s crucial to acknowledge that it can also stem from deeply ingrained, unhealthy patterns of behavior. Someone who was raised in a manipulative environment might unconsciously replicate those dynamics in their own relationships, not out of a desire to harm, but because it’s the only relational model they know. This doesn’t excuse the behavior, but it highlights the importance of understanding the underlying causes. Recognizing this complexity allows for a more nuanced approach to intervention, focusing not just on stopping the manipulative behavior, but also on addressing the root issues driving it – often requiring therapy and a commitment to self-awareness.",110,ai_neutral,AI,Psychological Manipulation
"Isn't it curious how easily we can be steered by appeals to our deepest insecurities? Psychological manipulation, at its core, isn’t about overt force, but a subtle erosion of self-perception. It thrives on creating a power imbalance, where the manipulator exploits vulnerabilities – a need for approval, fear of abandonment, or a desire for belonging – to control another’s behavior. This isn’t simply persuasion; it’s a deliberate tactic to undermine autonomy, often employing techniques like gaslighting, where reality is distorted to make the victim doubt their own sanity. The long-term effects can be devastating, leading to anxiety, depression, and a profound loss of trust, not just in others, but in one’s own judgment. Recognizing these patterns is the first, crucial step towards reclaiming personal agency.",125,ai_neutral,AI,Psychological Manipulation
"The insidious nature of psychological manipulation often lies in its normalization. We frequently encounter milder forms – passive-aggressive comments disguised as concern, guilt trips presented as expressions of love – that subtly shape our actions. However, these seemingly harmless instances represent a spectrum, escalating towards more damaging behaviors like emotional blackmail or triangulation. Understanding that manipulation isn’t always dramatic or overtly malicious is vital. It’s a process, a gradual chipping away at boundaries, and often, the victim doesn’t even realize they’re being controlled until significant damage has been done. This makes it particularly difficult to identify and address, requiring a conscious effort to examine the motivations behind others’ actions and the impact those actions have on one’s own well-being.",119,ai_neutral,AI,Psychological Manipulation
"“The greatest trick the Devil ever pulled was convincing the world he didn’t exist,” and similarly, effective psychological manipulation often operates in the shadows, masking itself as genuine care or helpful guidance. Unlike coercion, which relies on explicit threats, manipulation works by exploiting emotional responses. A manipulator might, for example, consistently offer ‘help’ that actually increases dependence, or feign vulnerability to elicit sympathy and compliance. This creates a complex dynamic where the victim feels obligated, even grateful, to the person controlling them. The key difference is intent: while genuine support aims to empower, manipulation seeks to maintain control, often at the expense of the other person’s emotional and psychological health.",110,ai_neutral,AI,Psychological Manipulation
"Consider the workplace, a breeding ground for subtle manipulation tactics. While overt bullying is thankfully less common, more nuanced forms – withholding information, taking credit for others’ work, or creating a competitive atmosphere fueled by insecurity – are pervasive. These behaviors aren’t necessarily about malice, but about climbing the corporate ladder, and individuals may rationalize them as ‘necessary’ for success. However, the cumulative effect on team morale, individual well-being, and overall productivity is profoundly negative. Recognizing these patterns requires a critical assessment of power dynamics and a willingness to challenge behaviors that prioritize personal gain over collaborative success. A healthy work environment demands transparency and mutual respect, actively resisting manipulative tendencies.",111,ai_neutral,AI,Psychological Manipulation
"From a neurological perspective, psychological manipulation leverages our innate social wiring. Humans are hardwired to seek connection and avoid rejection, and manipulators exploit these fundamental needs. Techniques like love bombing – overwhelming someone with affection early in a relationship – hijack the brain’s reward system, creating a powerful emotional attachment that can be difficult to break. Similarly, intermittent reinforcement – offering praise and affection inconsistently – keeps the victim constantly seeking approval, reinforcing the manipulator’s control. Understanding the biological basis of these tactics doesn’t excuse the behavior, but it provides insight into *why* manipulation is so effective and why victims often struggle to escape its grasp.",106,ai_neutral,AI,Psychological Manipulation
"Isn't it curious how easily we can be steered by appeals to our deepest insecurities? Psychological manipulation, at its core, isn’t about overt force, but a subtle erosion of self-perception. It thrives in environments where power imbalances exist, allowing the manipulator to exploit vulnerabilities – a need for approval, fear of abandonment, or a desire for belonging. This isn’t simply lying; it’s a calculated process of distorting reality to gain control. Techniques range from gaslighting, which denies a victim’s sanity, to love bombing, an overwhelming display of affection used to create dependency. The long-term effects can be devastating, leading to anxiety, depression, and a profound loss of trust, not only in others but in one’s own judgment. Recognizing these patterns is the first, crucial step towards reclaiming agency.",128,ai_neutral,AI,Psychological Manipulation
"The history of political movements demonstrates a consistent reliance on psychological manipulation to achieve widespread support. Consider propaganda during wartime – not merely disseminating information, but crafting narratives designed to evoke specific emotional responses: fear, patriotism, or righteous anger. These appeals bypass rational thought, tapping into primal instincts and pre-existing biases. Modern political campaigns employ similar tactics, utilizing micro-targeting based on data analytics to deliver personalized messages that exploit individual anxieties and aspirations. The ethical implications are profound, raising questions about the very nature of informed consent and the potential for democratic processes to be subverted by emotionally charged rhetoric rather than reasoned debate.",104,ai_neutral,AI,Psychological Manipulation
"“The greatest tyranny is to be free from responsibility,” observed Albert Camus, a sentiment that unexpectedly illuminates the dynamics of psychological manipulation. Often, individuals susceptible to manipulation are those seeking to avoid personal accountability. A manipulator skillfully positions themselves as the solution, offering direction and relieving the victim of the burden of decision-making. This creates a cycle of dependence, where the victim gradually relinquishes control over their own life. The manipulator doesn’t necessarily offer *better* choices, but rather *any* choice, effectively removing the discomfort of self-determination. This isn’t always malicious; sometimes it stems from a perceived need to ‘help,’ but the outcome remains the same: diminished autonomy.",107,ai_neutral,AI,Psychological Manipulation
"From a neuroscientific perspective, psychological manipulation leverages the brain’s reward system. Manipulators often employ intermittent reinforcement – unpredictable positive feedback – which triggers dopamine release, creating a powerful craving for approval. This is similar to the mechanisms underlying addiction. The uncertainty of when the reward will come keeps the victim constantly seeking validation from the manipulator. Furthermore, techniques like guilt-tripping activate areas of the brain associated with social pain, compelling the victim to comply in order to alleviate discomfort. Understanding these neurological processes can help individuals recognize when their emotional responses are being exploited and develop strategies to resist manipulative tactics.",101,ai_neutral,AI,Psychological Manipulation
"Imagine a seemingly innocuous request: “If you really cared about me, you would…” This simple phrasing exemplifies a common tactic in psychological manipulation – leveraging guilt and obligation. It frames the request not as a choice, but as a test of affection, effectively shifting the power dynamic. The manipulator avoids direct demands, instead presenting the request as a natural consequence of a loving relationship. This subtle coercion can be incredibly effective, particularly in close relationships where emotional bonds are strong. Recognizing this pattern – the implicit threat disguised as a demonstration of care – is vital for establishing healthy boundaries and protecting oneself from undue influence.",106,ai_neutral,AI,Psychological Manipulation
"Isn't it strange how the world feels infinitely larger when you’re small? Childhood vulnerability isn’t simply about physical helplessness, though that’s certainly a component. It’s the cognitive dissonance of understanding danger intellectually, yet lacking the emotional and experiential tools to navigate it effectively. A scraped knee feels catastrophic, a harsh word feels like a personal failing, and the absence of a parent triggers a primal fear of abandonment. This isn’t weakness; it’s a necessary stage of development where the brain is actively building its protective mechanisms. The intensity of these feelings, while overwhelming in the moment, are crucial for learning boundaries, trust, and ultimately, resilience. It’s a period defined by a profound openness to influence, both positive and negative, shaping the foundations of the adult to come.",127,ai_neutral,AI,Childhood Vulnerability
"The concept of a “safe space” has gained traction in recent years, and rightly so, because it directly addresses the inherent vulnerability of childhood. Before abstract reasoning fully develops, children are remarkably susceptible to environmental stressors. Trauma, even seemingly minor incidents, can become deeply ingrained, altering neurological pathways and impacting future emotional regulation. This isn’t to suggest overprotection, but rather a recognition that children require consistent, nurturing relationships and predictable environments to thrive. A lack of these foundational elements doesn’t necessarily result in overt pathology, but can manifest as subtle difficulties with self-esteem, attachment, or impulse control later in life. Prioritizing emotional safety isn’t coddling; it’s providing the necessary conditions for healthy brain development.",114,ai_neutral,AI,Childhood Vulnerability
"“Children must be taught how to think, not what to think,” and this directive highlights a critical aspect of childhood vulnerability: the susceptibility to manipulation. Before developing a robust internal moral compass, children are heavily influenced by authority figures and peer pressure. This isn’t inherently negative – learning societal norms is essential – but it creates a window of opportunity for exploitation. Whether through subtle emotional coercion or more overt forms of abuse, children often lack the cognitive capacity to recognize and resist harmful influences. This vulnerability extends beyond intentional malice; well-meaning adults can inadvertently impose limiting beliefs or expectations that stifle a child’s potential. Cultivating critical thinking skills is therefore paramount in empowering children to navigate a complex world.",120,ai_neutral,AI,Childhood Vulnerability
"Observing a child navigate disappointment offers a poignant glimpse into their vulnerability. It’s not the event itself – a broken toy, a lost game – but the raw, unfiltered emotional response that’s so striking. Adults often intellectualize setbacks, framing them as learning opportunities or temporary inconveniences. Children, however, experience these moments with a visceral intensity, lacking the cognitive filters to soften the blow. This isn’t immaturity; it’s a testament to their genuine engagement with the present moment. Allowing children to fully feel their emotions, even the uncomfortable ones, is crucial for developing emotional intelligence. Suppressing or dismissing these feelings can lead to internalized shame and difficulty processing emotions later in life.",111,ai_neutral,AI,Childhood Vulnerability
"Consider the power dynamics inherent in almost every childhood interaction. Children, by definition, are dependent on adults for their basic needs – food, shelter, safety, and affection. This inherent power imbalance creates a fundamental vulnerability, regardless of the adult’s intentions. Even seemingly benign acts of control, like dictating bedtime or choosing clothing, reinforce this dynamic. While structure and guidance are necessary, it’s vital for adults to be mindful of the potential for abuse of power. Fostering a sense of agency, allowing children to make age-appropriate choices, and actively listening to their perspectives are essential steps in mitigating this vulnerability and promoting healthy development.",103,ai_neutral,AI,Childhood Vulnerability
"Isn't it strange how the world feels infinitely larger when you’re small? Childhood vulnerability isn’t simply about physical helplessness, though that’s certainly a component. It’s the profound lack of agency, the complete reliance on others for interpretation of reality. A scraped knee isn’t just pain; it’s a catastrophic injury demanding the immediate intervention of a trusted adult, whose reaction dictates the severity of the experience. This dependence extends beyond the physical, encompassing emotional and psychological needs. A child’s sense of self is fragile, easily molded by praise or criticism, and lacking the internal framework to critically assess external input. Consequently, vulnerability in childhood is a state of almost total absorption, where the boundaries between self and other are still fluid and forming.",122,ai_neutral,AI,Childhood Vulnerability
"The concept of a “protected childhood” often obscures a more complex truth: vulnerability is inherent, not something to be eradicated. While well-intentioned efforts to shield children from hardship are common, complete insulation can hinder the development of crucial coping mechanisms. Experiencing manageable challenges – navigating social conflicts, facing academic setbacks, even enduring minor disappointments – builds resilience. These experiences, processed with supportive guidance, allow children to learn about their own strengths and limitations. Ironically, attempting to eliminate all sources of vulnerability can create a different kind of fragility, a lack of preparedness for the inevitable difficulties of adult life. A healthy childhood acknowledges vulnerability as a natural part of growth, fostering adaptability rather than avoidance.",115,ai_neutral,AI,Childhood Vulnerability
"“Children must be taught how to think, not what to think,” and this directive speaks directly to the core of childhood vulnerability. Before critical thinking skills fully develop, children are exceptionally susceptible to manipulation and misinformation. This isn’t necessarily malicious; it can stem from simple misunderstandings or the unintentional biases of adults. A child’s trust is readily given, making them vulnerable to exploitation, whether emotional, physical, or psychological. This susceptibility isn’t simply a matter of naiveté, but a developmental stage where the capacity for abstract thought and nuanced judgment is still emerging. Protecting children, therefore, requires not just physical safety, but also fostering a healthy skepticism and encouraging questioning.",109,ai_neutral,AI,Childhood Vulnerability
"Consider the quiet vulnerability of a child attempting to articulate a complex emotion they don’t yet have the language to describe. Frustration manifests as a tantrum, anxiety as clinginess, grief as withdrawal. These aren’t willful acts of defiance, but desperate attempts to communicate internal states that are overwhelming and poorly understood. This communicative vulnerability highlights the importance of attentive and empathetic adults who can decode these nonverbal cues. It’s a reminder that a child’s behavior is often a signal of unmet needs or unresolved emotional distress. Recognizing this allows for a shift from punitive responses to supportive interventions, creating a safe space for emotional exploration and growth.",107,ai_neutral,AI,Childhood Vulnerability
"Often, discussions of childhood vulnerability focus on external threats, but a significant aspect lies within the child’s own developing sense of self. The internal experience of feeling “not good enough,” of fearing judgment, or of struggling with self-doubt represents a profound vulnerability. This internal landscape is shaped by a multitude of factors – temperament, family dynamics, peer interactions – and can significantly impact a child’s willingness to take risks, pursue their interests, and form healthy relationships. Addressing this internal vulnerability requires fostering self-compassion, encouraging self-acceptance, and providing unconditional positive regard. It’s about helping children develop a strong internal sense of worth, independent of external validation.",105,ai_neutral,AI,Childhood Vulnerability
"Isn't it strange how the world feels infinitely larger when you’re small? Childhood vulnerability isn’t simply about physical helplessness, though that’s certainly a component. It’s the profound lack of agency, the complete reliance on others for interpretation of reality. A scraped knee isn’t just pain; it’s a catastrophic injury demanding the immediate intervention of a trusted adult, whose reaction dictates the severity of the experience. This dependence extends beyond the physical, encompassing emotional and psychological landscapes. A child’s self-worth is often externally validated, making them exquisitely sensitive to disapproval or neglect. The world is a series of signals needing deciphering, and a misread cue can feel like a fundamental flaw within themselves, not a miscommunication.",115,ai_neutral,AI,Childhood Vulnerability
"The inherent vulnerability of childhood stems from an incomplete neurological development, a brain still under construction. This isn’t a deficit to be pitied, but a fundamental state of being. The prefrontal cortex, responsible for executive functions like impulse control and long-term planning, isn’t fully formed. Consequently, children operate largely in the present moment, experiencing emotions with an intensity adults often struggle to recall. This immediacy, while beautiful, also leaves them susceptible to overwhelming feelings and impulsive behaviors. Trauma, even seemingly minor incidents, can be deeply imprinted because the neural pathways for processing and contextualizing experiences are still developing. Protective factors, like secure attachment, are crucial in building resilience during this formative period.",112,ai_neutral,AI,Childhood Vulnerability
"“Innocence is ignorance,” a cynical adage, yet it holds a kernel of truth when considering childhood vulnerability. Not because children are naive, but because their understanding of the world’s complexities is limited. This isn’t a moral failing, but a developmental stage. A child doesn’t grasp the nuances of power dynamics, the motivations behind adult behavior, or the potential for deliberate harm. This lack of awareness makes them easily manipulated, trusting to a fault, and vulnerable to exploitation. It’s a period where boundaries are still being defined, both internally and externally, and the line between safe and unsafe is often blurred, requiring consistent guidance and protection.",105,ai_neutral,AI,Childhood Vulnerability
"Imagine a seedling pushing through the soil – fragile, exposed, utterly dependent on the environment for survival. That’s a fitting metaphor for childhood vulnerability. It’s a period of radical openness, a willingness to absorb experiences without the filters of cynicism or self-protection. This openness is essential for learning and growth, but it also leaves children susceptible to damage. Negative experiences, particularly those involving betrayal or abuse, can warp this natural openness, leading to distrust and emotional withdrawal. The challenge lies in fostering a secure environment where children can explore and learn without being overwhelmed by the potential for harm, allowing their inherent resilience to flourish.",105,ai_neutral,AI,Childhood Vulnerability
"Reflecting on my own childhood, the most striking aspect wasn’t a specific event, but a pervasive feeling of being…transparent. Not invisible, but as if my inner world was readily accessible to others, without the protective barriers adults construct. This transparency is a hallmark of childhood vulnerability. Children haven’t yet mastered the art of emotional regulation or the performance of social facades. Their feelings are worn on their sleeves, their reactions unfiltered. While this authenticity is endearing, it also leaves them open to judgment, criticism, and emotional manipulation. Learning to navigate this vulnerability, to develop a sense of internal boundaries, is a crucial part of growing up.",106,ai_neutral,AI,Childhood Vulnerability
"Isn't it strange how the world feels infinitely larger when you’re small? Childhood vulnerability isn’t simply about physical helplessness, though that’s certainly a component. It’s the profound lack of agency, the complete reliance on others for interpretation of reality. A scraped knee isn’t just pain; it’s a catastrophic injury demanding the immediate intervention of a trusted adult, whose reaction dictates the severity of the experience. This dependence extends beyond the physical, encompassing emotional and psychological needs. A child’s sense of self is fragile, easily molded by praise or criticism, and lacking the internal framework to critically assess external input. Consequently, vulnerability in childhood is a state of radical openness, a susceptibility to influence that shapes the very foundations of personality.",120,ai_neutral,AI,Childhood Vulnerability
"The concept of a “safe space” has gained traction in recent years, but for children, the entire world *should* be a safe space – and the failure of that expectation is at the heart of childhood vulnerability. This isn’t about shielding children from all discomfort; it’s about the consistent presence of reliable, nurturing figures who can mitigate harm and provide emotional regulation. When that safety net is absent, or frayed by instability, children develop coping mechanisms, often unhealthy ones, to navigate a world that feels inherently threatening. These mechanisms, while adaptive in the moment, can become ingrained patterns of behavior, impacting relationships and mental wellbeing long into adulthood. The lasting effects demonstrate vulnerability isn’t a fleeting phase, but a formative period with enduring consequences.",124,ai_neutral,AI,Childhood Vulnerability
"“Innocence is ignorance,” a cynical adage suggests, but it touches upon a crucial aspect of childhood vulnerability. Children, lacking the accumulated knowledge and experience of adults, are inherently trusting. This isn’t naiveté, but a necessary condition for learning and growth. They approach the world with an open heart, assuming good intentions until proven otherwise. This inherent trust, however, makes them exceptionally susceptible to manipulation, exploitation, and abuse. The vulnerability lies not in a lack of intelligence, but in a lack of contextual understanding – an inability to recognize predatory behavior or deceptive tactics. Protecting this innocence, while simultaneously preparing children for the complexities of the world, is a delicate and vital balancing act.",113,ai_neutral,AI,Childhood Vulnerability
"Consider the power dynamics inherent in almost every childhood interaction. Adults, by virtue of their size, authority, and life experience, hold a significant advantage. While this power is often used responsibly, the potential for abuse is always present. Childhood vulnerability isn’t merely a passive state; it’s an *imposed* state, created by this inherent imbalance. A child’s voice is often unheard, their feelings dismissed, their needs overlooked. This systemic disempowerment can lead to internalized feelings of worthlessness and a diminished sense of self-efficacy. Recognizing and actively addressing these power imbalances is crucial for fostering healthy development and protecting children from harm.",100,ai_neutral,AI,Childhood Vulnerability
"Often, discussions of childhood vulnerability focus on dramatic events – abuse, neglect, trauma. However, a more subtle, pervasive form of vulnerability exists in the everyday experiences of growing up. It’s the feeling of being unseen, of having your thoughts and feelings invalidated, of struggling to articulate complex emotions without the language to do so. This emotional vulnerability, while less visible, can be profoundly damaging. It manifests as anxiety, depression, and difficulty forming healthy attachments. It’s a quiet erosion of self-worth, born from a consistent lack of emotional attunement from caregivers. This everyday vulnerability underscores the importance of active listening, empathy, and creating a space where children feel truly heard and understood.",111,ai_neutral,AI,Childhood Vulnerability
"Isn't it strange how the world expects resilience from beings it simultaneously constructs to be fragile? Childhood vulnerability isn’t simply about scraped knees and tearful outbursts; it’s a fundamental state of being, a neurological reality. Young brains are still forming, synapses firing and pruning based on experience, making children exquisitely sensitive to their environments. Adverse experiences – neglect, instability, even harsh criticism – can literally alter brain architecture, impacting emotional regulation, cognitive development, and future health outcomes. This isn’t a matter of ‘toughening up’ children, but of recognizing the profound impact of early life and creating supportive, nurturing contexts where healthy development can flourish. Protecting this vulnerability isn’t coddling; it’s foundational to building a strong, capable adult.",117,ai_neutral,AI,Childhood Vulnerability
"The concept of childhood vulnerability often centers on emotional needs, but physical vulnerability is equally crucial, and historically underestimated. Before modern sanitation, widespread vaccination, and nutritional understanding, childhood was demonstrably more perilous. Infant mortality rates were staggering, and common illnesses routinely proved fatal. While medical advancements have drastically improved physical safety, new vulnerabilities emerge – environmental toxins, food insecurity, and disparities in healthcare access disproportionately affect children. Recognizing this ongoing physical vulnerability demands a commitment to public health initiatives, equitable resource distribution, and proactive measures to safeguard children’s well-being, acknowledging that a healthy body is a prerequisite for a thriving mind.",101,ai_neutral,AI,Childhood Vulnerability
"“Innocence is a kind of ignorance, you know?” the therapist observed, and it struck a chord regarding childhood vulnerability. This isn’t to suggest children *shouldn’t* be shielded from harsh realities, but rather that their limited understanding of the world’s complexities leaves them uniquely susceptible to manipulation, exploitation, and trauma. A child’s trust is easily given, their sense of justice still developing. This inherent naiveté, coupled with a lack of power dynamics, makes them reliant on adults for protection and guidance. Cultivating critical thinking skills, age-appropriate education about safety, and open communication are vital tools in mitigating this vulnerability, empowering children to recognize and navigate potential dangers.",106,ai_neutral,AI,Childhood Vulnerability
"From a developmental psychology perspective, childhood vulnerability isn’t a weakness to overcome, but a necessary stage for growth. The experience of needing others – for comfort, sustenance, and guidance – fosters attachment, empathy, and the capacity for reciprocal relationships. A child who feels safe enough to express vulnerability learns to trust, to ask for help, and to develop a secure sense of self. Suppressing vulnerability, conversely, can lead to emotional detachment, difficulty forming healthy bonds, and a diminished capacity for self-awareness. Therefore, creating environments where children feel accepted and supported, even in their moments of weakness, is paramount to fostering healthy emotional development.",103,ai_neutral,AI,Childhood Vulnerability
"Consider the legal frameworks surrounding children; they are almost entirely predicated on the acknowledgement of inherent vulnerability. Minors lack the legal capacity to enter contracts, vote, or make significant life decisions precisely because they are deemed incapable of fully understanding the consequences. This legal protection extends to safeguarding against abuse, neglect, and exploitation. However, the system isn’t perfect. Systemic biases, inadequate funding for child protective services, and a lack of culturally sensitive approaches can leave vulnerable children unprotected. A truly child-centric approach requires continuous evaluation and reform of these systems, ensuring that legal protections translate into tangible safety and support for all children.",103,ai_neutral,AI,Childhood Vulnerability
